stock_code,corp_name,size_class,is_holding,wave_group_reviewed,induty_code,kisa_name,kisa_type_used,it_year,it_spend,rev_same_year,it_ratio,rev_band,group,A_scenario,support,A_cost,it_increase,A_share_newproj_15%(Deloitte 2020),A_share_newproj_21%(Deloitte 2023)
200880,(주)서연이화,중견,False,2차 후보(확인 필요),303,(주)서연이화,의무,2025,6447246571.0,1925420295816.0,0.003348487904178674,1조~5조,중견-2차 후보,소형·업무시간,지원비 상시,43110960.0,0.006686724251235404,0.044578161674902694,0.031841544053501925
200880,(주)서연이화,중견,False,2차 후보(확인 필요),303,(주)서연이화,의무,2025,6447246571.0,1925420295816.0,0.003348487904178674,1조~5조,중견-2차 후보,소형·업무시간,지원비 가동시간만,18031200.0,0.0027967287742809675,0.01864485849520645,0.013317756068004609
200880,(주)서연이화,중견,False,2차 후보(확인 필요),303,(주)서연이화,의무,2025,6447246571.0,1925420295816.0,0.003348487904178674,1조~5조,중견-2차 후보,소형·상시,지원비 상시,59830800.0,0.009280054569205028,0.06186703046136686,0.04419073604383347
200880,(주)서연이화,중견,False,2차 후보(확인 필요),303,(주)서연이화,의무,2025,6447246571.0,1925420295816.0,0.003348487904178674,1조~5조,중견-2차 후보,소형·상시,지원비 가동시간만,59830800.0,0.009280054569205028,0.06186703046136686,0.04419073604383347
200880,(주)서연이화,중견,False,2차 후보(확인 필요),303,(주)서연이화,의무,2025,6447246571.0,1925420295816.0,0.003348487904178674,1조~5조,중견-2차 후보,중형·업무시간,지원비 상시,76288368.0,0.011832705195912384,0.07888470130608256,0.056346215218630404
200880,(주)서연이화,중견,False,2차 후보(확인 필요),303,(주)서연이화,의무,2025,6447246571.0,1925420295816.0,0.003348487904178674,1조~5조,중견-2차 후보,중형·업무시간,지원비 가동시간만,51208608.0,0.007942709718957948,0.052951398126386315,0.03782242723313309
200880,(주)서연이화,중견,False,2차 후보(확인 필요),303,(주)서연이화,의무,2025,6447246571.0,1925420295816.0,0.003348487904178674,1조~5조,중견-2차 후보,중형·상시,지원비 상시,169919472.0,0.02635535497654228,0.17570236651028187,0.12550169036448705
200880,(주)서연이화,중견,False,2차 후보(확인 필요),303,(주)서연이화,의무,2025,6447246571.0,1925420295816.0,0.003348487904178674,1조~5조,중견-2차 후보,중형·상시,지원비 가동시간만,169919472.0,0.02635535497654228,0.17570236651028187,0.12550169036448705
200880,(주)서연이화,중견,False,2차 후보(확인 필요),303,(주)서연이화,의무,2025,6447246571.0,1925420295816.0,0.003348487904178674,1조~5조,중견-2차 후보,대형·상시,지원비 상시,270435216.0,0.04194584665280673,0.2796389776853782,0.1997421269181273
200880,(주)서연이화,중견,False,2차 후보(확인 필요),303,(주)서연이화,의무,2025,6447246571.0,1925420295816.0,0.003348487904178674,1조~5조,중견-2차 후보,대형·상시,지원비 가동시간만,270435216.0,0.04194584665280673,0.2796389776853782,0.1997421269181273
014530,극동유화(주),중견,False,비대상,19221,극동유화(주),의무,2025,534770745.0,1005967706802.0,0.0005315983220774068,1조~5조,중견-비대상,소형·업무시간,지원비 상시,43110960.0,0.08061577863613313,0.5374385242408876,0.3838846601720625
014530,극동유화(주),중견,False,비대상,19221,극동유화(주),의무,2025,534770745.0,1005967706802.0,0.0005315983220774068,1조~5조,중견-비대상,소형·업무시간,지원비 가동시간만,18031200.0,0.03371762604553097,0.2247841736368731,0.16056012402633793
014530,극동유화(주),중견,False,비대상,19221,극동유화(주),의무,2025,534770745.0,1005967706802.0,0.0005315983220774068,1조~5조,중견-비대상,소형·상시,지원비 상시,59830800.0,0.11188121369653457,0.7458747579768972,0.5327676842692123
014530,극동유화(주),중견,False,비대상,19221,극동유화(주),의무,2025,534770745.0,1005967706802.0,0.0005315983220774068,1조~5조,중견-비대상,소형·상시,지원비 가동시간만,59830800.0,0.11188121369653457,0.7458747579768972,0.5327676842692123
014530,극동유화(주),중견,False,비대상,19221,극동유화(주),의무,2025,534770745.0,1005967706802.0,0.0005315983220774068,1조~5조,중견-비대상,중형·업무시간,지원비 상시,76288368.0,0.14265621055991012,0.9510414037327342,0.6793152883805244
014530,극동유화(주),중견,False,비대상,19221,극동유화(주),의무,2025,534770745.0,1005967706802.0,0.0005315983220774068,1조~5조,중견-비대상,중형·업무시간,지원비 가동시간만,51208608.0,0.09575805796930795,0.6383870531287197,0.45599075223479973
014530,극동유화(주),중견,False,비대상,19221,극동유화(주),의무,2025,534770745.0,1005967706802.0,0.0005315983220774068,1조~5조,중견-비대상,중형·상시,지원비 상시,169919472.0,0.3177426468981582,2.118284312654388,1.513060223324563
014530,극동유화(주),중견,False,비대상,19221,극동유화(주),의무,2025,534770745.0,1005967706802.0,0.0005315983220774068,1조~5조,중견-비대상,중형·상시,지원비 가동시간만,169919472.0,0.3177426468981582,2.118284312654388,1.513060223324563
014530,극동유화(주),중견,False,비대상,19221,극동유화(주),의무,2025,534770745.0,1005967706802.0,0.0005315983220774068,1조~5조,중견-비대상,대형·상시,지원비 상시,270435216.0,0.5057030859083362,3.371353906055575,2.4081099328968394
014530,극동유화(주),중견,False,비대상,19221,극동유화(주),의무,2025,534770745.0,1005967706802.0,0.0005315983220774068,1조~5조,중견-비대상,대형·상시,지원비 가동시간만,270435216.0,0.5057030859083362,3.371353906055575,2.4081099328968394
053450,(주)세코닉스,중견,False,비대상,273,(주)세코닉스,의무,2025,704871805.0,354904671184.0,0.0019860877081399695,3천억~5천억,중견-비대상,소형·업무시간,지원비 상시,43110960.0,0.061161419273962875,0.4077427951597525,0.29124485368553754
053450,(주)세코닉스,중견,False,비대상,273,(주)세코닉스,의무,2025,704871805.0,354904671184.0,0.0019860877081399695,3천억~5천억,중견-비대상,소형·업무시간,지원비 가동시간만,18031200.0,0.02558082174956622,0.1705388116637748,0.1218134369026963
053450,(주)세코닉스,중견,False,비대상,273,(주)세코닉스,의무,2025,704871805.0,354904671184.0,0.0019860877081399695,3천억~5천억,중견-비대상,소형·상시,지원비 상시,59830800.0,0.08488181762356065,0.5658787841570709,0.40419913154076503
053450,(주)세코닉스,중견,False,비대상,273,(주)세코닉스,의무,2025,704871805.0,354904671184.0,0.0019860877081399695,3천억~5천억,중견-비대상,소형·상시,지원비 가동시간만,59830800.0,0.08488181762356065,0.5658787841570709,0.40419913154076503
053450,(주)세코닉스,중견,False,비대상,273,(주)세코닉스,의무,2025,704871805.0,354904671184.0,0.0019860877081399695,3천억~5천억,중견-비대상,중형·업무시간,지원비 상시,76288368.0,0.10823013129316472,0.7215342086210982,0.5153815775864987
053450,(주)세코닉스,중견,False,비대상,273,(주)세코닉스,의무,2025,704871805.0,354904671184.0,0.0019860877081399695,3천억~5천억,중견-비대상,중형·업무시간,지원비 가동시간만,51208608.0,0.07264953376876807,0.4843302251251205,0.3459501608036575
053450,(주)세코닉스,중견,False,비대상,273,(주)세코닉스,의무,2025,704871805.0,354904671184.0,0.0019860877081399695,3천억~5천억,중견-비대상,중형·상시,지원비 상시,169919472.0,0.24106436205091222,1.6070957470060814,1.1479255335757725
053450,(주)세코닉스,중견,False,비대상,273,(주)세코닉스,의무,2025,704871805.0,354904671184.0,0.0019860877081399695,3천억~5천억,중견-비대상,중형·상시,지원비 가동시간만,169919472.0,0.24106436205091222,1.6070957470060814,1.1479255335757725
053450,(주)세코닉스,중견,False,비대상,273,(주)세코닉스,의무,2025,704871805.0,354904671184.0,0.0019860877081399695,3천억~5천억,중견-비대상,대형·상시,지원비 상시,270435216.0,0.3836658156584941,2.5577721043899606,1.826980074564258
053450,(주)세코닉스,중견,False,비대상,273,(주)세코닉스,의무,2025,704871805.0,354904671184.0,0.0019860877081399695,3천억~5천억,중견-비대상,대형·상시,지원비 가동시간만,270435216.0,0.3836658156584941,2.5577721043899606,1.826980074564258
083930,(주)아바코,중견,False,비대상,29272,아바코,의무,2025,24761450.0,390585424274.0,6.339573486651558e-05,3천억~5천억,중견-비대상,소형·업무시간,지원비 상시,43110960.0,1.7410515135422198,11.607010090281467,8.29072149305819
083930,(주)아바코,중견,False,비대상,29272,아바코,의무,2025,24761450.0,390585424274.0,6.339573486651558e-05,3천억~5천억,중견-비대상,소형·업무시간,지원비 가동시간만,18031200.0,0.7281964505309665,4.854643003539777,3.4676021453855546
083930,(주)아바코,중견,False,비대상,29272,아바코,의무,2025,24761450.0,390585424274.0,6.339573486651558e-05,3천억~5천억,중견-비대상,소형·상시,지원비 상시,59830800.0,2.4162882222163886,16.10858814810926,11.506134391506613
083930,(주)아바코,중견,False,비대상,29272,아바코,의무,2025,24761450.0,390585424274.0,6.339573486651558e-05,3천억~5천억,중견-비대상,소형·상시,지원비 가동시간만,59830800.0,2.4162882222163886,16.10858814810926,11.506134391506613
083930,(주)아바코,중견,False,비대상,29272,아바코,의무,2025,24761450.0,390585424274.0,6.339573486651558e-05,3천억~5천억,중견-비대상,중형·업무시간,지원비 상시,76288368.0,3.0809329825191982,20.539553216794655,14.67110944056761
083930,(주)아바코,중견,False,비대상,29272,아바코,의무,2025,24761450.0,390585424274.0,6.339573486651558e-05,3천억~5천억,중견-비대상,중형·업무시간,지원비 가동시간만,51208608.0,2.0680779195079446,13.787186130052966,9.847990092894975
083930,(주)아바코,중견,False,비대상,29272,아바코,의무,2025,24761450.0,390585424274.0,6.339573486651558e-05,3천억~5천억,중견-비대상,중형·상시,지원비 상시,169919472.0,6.862258551094544,45.748390340630294,32.67742167187878
083930,(주)아바코,중견,False,비대상,29272,아바코,의무,2025,24761450.0,390585424274.0,6.339573486651558e-05,3천억~5천억,중견-비대상,중형·상시,지원비 가동시간만,169919472.0,6.862258551094544,45.748390340630294,32.67742167187878
083930,(주)아바코,중견,False,비대상,29272,아바코,의무,2025,24761450.0,390585424274.0,6.339573486651558e-05,3천억~5천억,중견-비대상,대형·상시,지원비 상시,270435216.0,10.921622764418077,72.81081842945385,52.007727449609895
083930,(주)아바코,중견,False,비대상,29272,아바코,의무,2025,24761450.0,390585424274.0,6.339573486651558e-05,3천억~5천억,중견-비대상,대형·상시,지원비 가동시간만,270435216.0,10.921622764418077,72.81081842945385,52.007727449609895
241710,(주)코스메카코리아,중견,False,비대상,20423,코스메카코리아,의무,2025,2496347905.0,441498750150.0,0.005654258147167713,3천억~5천억,중견-비대상,소형·업무시간,지원비 상시,43110960.0,0.017269612105609133,0.11513074737072757,0.08223624812194827
241710,(주)코스메카코리아,중견,False,비대상,20423,코스메카코리아,의무,2025,2496347905.0,441498750150.0,0.005654258147167713,3천억~5천억,중견-비대상,소형·업무시간,지원비 가동시간만,18031200.0,0.007223031679152109,0.048153544527680725,0.03439538894834338
241710,(주)코스메카코리아,중견,False,비대상,20423,코스메카코리아,의무,2025,2496347905.0,441498750150.0,0.005654258147167713,3천억~5천억,중견-비대상,소형·상시,지원비 상시,59830800.0,0.023967332389913817,0.1597822159327588,0.11413015423768486
241710,(주)코스메카코리아,중견,False,비대상,20423,코스메카코리아,의무,2025,2496347905.0,441498750150.0,0.005654258147167713,3천억~5천억,중견-비대상,소형·상시,지원비 가동시간만,59830800.0,0.023967332389913817,0.1597822159327588,0.11413015423768486
241710,(주)코스메카코리아,중견,False,비대상,20423,코스메카코리아,의무,2025,2496347905.0,441498750150.0,0.005654258147167713,3천억~5천억,중견-비대상,중형·업무시간,지원비 상시,76288368.0,0.030559990395249016,0.2037332693016601,0.14552376378690007
241710,(주)코스메카코리아,중견,False,비대상,20423,코스메카코리아,의무,2025,2496347905.0,441498750150.0,0.005654258147167713,3천억~5천억,중견-비대상,중형·업무시간,지원비 가동시간만,51208608.0,0.02051340996879199,0.13675606645861327,0.0976829046132952
241710,(주)코스메카코리아,중견,False,비대상,20423,코스메카코리아,의무,2025,2496347905.0,441498750150.0,0.005654258147167713,3천억~5천억,중견-비대상,중형·상시,지원비 상시,169919472.0,0.06806722398735524,0.45378149324903494,0.324129638035025
241710,(주)코스메카코리아,중견,False,비대상,20423,코스메카코리아,의무,2025,2496347905.0,441498750150.0,0.005654258147167713,3천억~5천억,중견-비대상,중형·상시,지원비 가동시간만,169919472.0,0.06806722398735524,0.45378149324903494,0.324129638035025
241710,(주)코스메카코리아,중견,False,비대상,20423,코스메카코리아,의무,2025,2496347905.0,441498750150.0,0.005654258147167713,3천억~5천억,중견-비대상,대형·상시,지원비 상시,270435216.0,0.10833234240241045,0.7222156160160697,0.5158682971543356
241710,(주)코스메카코리아,중견,False,비대상,20423,코스메카코리아,의무,2025,2496347905.0,441498750150.0,0.005654258147167713,3천억~5천억,중견-비대상,대형·상시,지원비 가동시간만,270435216.0,0.10833234240241045,0.7222156160160697,0.5158682971543356
013520,(주)화승코퍼레이션,중견,False,2차 후보(확인 필요),303,화승코퍼레이션,의무,2025,4242140801.0,488830823178.0,0.008678136892884292,3천억~5천억,중견-2차 후보,소형·업무시간,지원비 상시,43110960.0,0.010162548114819162,0.06775032076546109,0.04839308626104363
013520,(주)화승코퍼레이션,중견,False,2차 후보(확인 필요),303,화승코퍼레이션,의무,2025,4242140801.0,488830823178.0,0.008678136892884292,3천억~5천억,중견-2차 후보,소형·업무시간,지원비 가동시간만,18031200.0,0.0042504954092399535,0.028336636061599692,0.020240454329714067
013520,(주)화승코퍼레이션,중견,False,2차 후보(확인 필요),303,화승코퍼레이션,의무,2025,4242140801.0,488830823178.0,0.008678136892884292,3천억~5천억,중견-2차 후보,소형·상시,지원비 상시,59830800.0,0.0141039165852053,0.09402611056803534,0.06716150754859668
013520,(주)화승코퍼레이션,중견,False,2차 후보(확인 필요),303,화승코퍼레이션,의무,2025,4242140801.0,488830823178.0,0.008678136892884292,3천억~5천억,중견-2차 후보,소형·상시,지원비 가동시간만,59830800.0,0.0141039165852053,0.09402611056803534,0.06716150754859668
013520,(주)화승코퍼레이션,중견,False,2차 후보(확인 필요),303,화승코퍼레이션,의무,2025,4242140801.0,488830823178.0,0.008678136892884292,3천억~5천억,중견-2차 후보,중형·업무시간,지원비 상시,76288368.0,0.017983459667820677,0.11988973111880452,0.08563552222771752
013520,(주)화승코퍼레이션,중견,False,2차 후보(확인 필요),303,화승코퍼레이션,의무,2025,4242140801.0,488830823178.0,0.008678136892884292,3천억~5천억,중견-2차 후보,중형·업무시간,지원비 가동시간만,51208608.0,0.012071406962241469,0.08047604641494313,0.05748289029638795
013520,(주)화승코퍼레이션,중견,False,2차 후보(확인 필요),303,화승코퍼레이션,의무,2025,4242140801.0,488830823178.0,0.008678136892884292,3천억~5천억,중견-2차 후보,중형·상시,지원비 상시,169919472.0,0.04005512310198305,0.2670341540132204,0.19073868143801456
013520,(주)화승코퍼레이션,중견,False,2차 후보(확인 필요),303,화승코퍼레이션,의무,2025,4242140801.0,488830823178.0,0.008678136892884292,3천억~5천억,중견-2차 후보,중형·상시,지원비 가동시간만,169919472.0,0.04005512310198305,0.2670341540132204,0.19073868143801456
013520,(주)화승코퍼레이션,중견,False,2차 후보(확인 필요),303,화승코퍼레이션,의무,2025,4242140801.0,488830823178.0,0.008678136892884292,3천억~5천억,중견-2차 후보,대형·상시,지원비 상시,270435216.0,0.06374970296512796,0.4249980197675198,0.303570014119657
013520,(주)화승코퍼레이션,중견,False,2차 후보(확인 필요),303,화승코퍼레이션,의무,2025,4242140801.0,488830823178.0,0.008678136892884292,3천억~5천억,중견-2차 후보,대형·상시,지원비 가동시간만,270435216.0,0.06374970296512796,0.4249980197675198,0.303570014119657
019180,(주)티에이치엔,중견,False,비대상,289,주식회사 티에이치엔,의무,2025,3203725741.0,911722560104.0,0.0035139261450704384,5천억~1조,중견-비대상,소형·업무시간,지원비 상시,43110960.0,0.013456507668020139,0.08971005112013426,0.06407860794295304
019180,(주)티에이치엔,중견,False,비대상,289,주식회사 티에이치엔,의무,2025,3203725741.0,911722560104.0,0.0035139261450704384,5천억~1조,중견-비대상,소형·업무시간,지원비 가동시간만,18031200.0,0.0056281971235065216,0.037521314156710145,0.02680093868336439
019180,(주)티에이치엔,중견,False,비대상,289,주식회사 티에이치엔,의무,2025,3203725741.0,911722560104.0,0.0035139261450704384,5천억~1조,중견-비대상,소형·상시,지원비 상시,59830800.0,0.01867538136436255,0.12450254242908367,0.08893038744934548
019180,(주)티에이치엔,중견,False,비대상,289,주식회사 티에이치엔,의무,2025,3203725741.0,911722560104.0,0.0035139261450704384,5천억~1조,중견-비대상,소형·상시,지원비 가동시간만,59830800.0,0.01867538136436255,0.12450254242908367,0.08893038744934548
019180,(주)티에이치엔,중견,False,비대상,289,주식회사 티에이치엔,의무,2025,3203725741.0,911722560104.0,0.0035139261450704384,5천억~1조,중견-비대상,중형·업무시간,지원비 상시,76288368.0,0.02381239037527214,0.15874926916848092,0.11339233512034351
019180,(주)티에이치엔,중견,False,비대상,289,주식회사 티에이치엔,의무,2025,3203725741.0,911722560104.0,0.0035139261450704384,5천억~1조,중견-비대상,중형·업무시간,지원비 가동시간만,51208608.0,0.015984079830758523,0.10656053220505682,0.07611466586075487
019180,(주)티에이치엔,중견,False,비대상,289,주식회사 티에이치엔,의무,2025,3203725741.0,911722560104.0,0.0035139261450704384,5천억~1조,중견-비대상,중형·상시,지원비 상시,169919472.0,0.05303808307478964,0.35358722049859764,0.25256230035614113
019180,(주)티에이치엔,중견,False,비대상,289,주식회사 티에이치엔,의무,2025,3203725741.0,911722560104.0,0.0035139261450704384,5천억~1조,중견-비대상,중형·상시,지원비 가동시간만,169919472.0,0.05303808307478964,0.35358722049859764,0.25256230035614113
019180,(주)티에이치엔,중견,False,비대상,289,주식회사 티에이치엔,의무,2025,3203725741.0,911722560104.0,0.0035139261450704384,5천억~1조,중견-비대상,대형·상시,지원비 상시,270435216.0,0.08441272376691872,0.5627514917794582,0.40196535127104155
019180,(주)티에이치엔,중견,False,비대상,289,주식회사 티에이치엔,의무,2025,3203725741.0,911722560104.0,0.0035139261450704384,5천억~1조,중견-비대상,대형·상시,지원비 가동시간만,270435216.0,0.08441272376691872,0.5627514917794582,0.40196535127104155
378850,주식회사 화승알앤에이,중견,False,2차 후보(확인 필요),30399,(주)화승알앤에이,의무,2025,3024720711.0,709609401842.0,0.004262514988032074,5천억~1조,중견-2차 후보,소형·업무시간,지원비 상시,43110960.0,0.014252872948969602,0.09501915299313068,0.06787082356652192
378850,주식회사 화승알앤에이,중견,False,2차 후보(확인 필요),30399,(주)화승알앤에이,의무,2025,3024720711.0,709609401842.0,0.004262514988032074,5천억~1조,중견-2차 후보,소형·업무시간,지원비 가동시간만,18031200.0,0.005961277659264852,0.039741851061765684,0.028387036472689777
378850,주식회사 화승알앤에이,중견,False,2차 후보(확인 필요),30399,(주)화승알앤에이,의무,2025,3024720711.0,709609401842.0,0.004262514988032074,5천억~1조,중견-2차 후보,소형·상시,지원비 상시,59830800.0,0.019780603142106102,0.1318706876140407,0.09419334829574334
378850,주식회사 화승알앤에이,중견,False,2차 후보(확인 필요),30399,(주)화승알앤에이,의무,2025,3024720711.0,709609401842.0,0.004262514988032074,5천억~1조,중견-2차 후보,소형·상시,지원비 가동시간만,59830800.0,0.019780603142106102,0.1318706876140407,0.09419334829574334
378850,주식회사 화승알앤에이,중견,False,2차 후보(확인 필요),30399,(주)화승알앤에이,의무,2025,3024720711.0,709609401842.0,0.004262514988032074,5천억~1조,중견-2차 후보,중형·업무시간,지원비 상시,76288368.0,0.02522162384201693,0.16814415894677953,0.12010297067627111
378850,주식회사 화승알앤에이,중견,False,2차 후보(확인 필요),30399,(주)화승알앤에이,의무,2025,3024720711.0,709609401842.0,0.004262514988032074,5천억~1조,중견-2차 후보,중형·업무시간,지원비 가동시간만,51208608.0,0.016930028552312182,0.11286685701541455,0.08061918358243897
378850,주식회사 화승알앤에이,중견,False,2차 후보(확인 필요),30399,(주)화승알앤에이,의무,2025,3024720711.0,709609401842.0,0.004262514988032074,5천억~1조,중견-2차 후보,중형·상시,지원비 상시,169919472.0,0.056176912923581325,0.3745127528238755,0.2675091091599111
378850,주식회사 화승알앤에이,중견,False,2차 후보(확인 필요),30399,(주)화승알앤에이,의무,2025,3024720711.0,709609401842.0,0.004262514988032074,5천억~1조,중견-2차 후보,중형·상시,지원비 가동시간만,169919472.0,0.056176912923581325,0.3745127528238755,0.2675091091599111
378850,주식회사 화승알앤에이,중견,False,2차 후보(확인 필요),30399,(주)화승알앤에이,의무,2025,3024720711.0,709609401842.0,0.004262514988032074,5천억~1조,중견-2차 후보,대형·상시,지원비 상시,270435216.0,0.08940832620231957,0.5960555080154639,0.42575393429675995
378850,주식회사 화승알앤에이,중견,False,2차 후보(확인 필요),30399,(주)화승알앤에이,의무,2025,3024720711.0,709609401842.0,0.004262514988032074,5천억~1조,중견-2차 후보,대형·상시,지원비 가동시간만,270435216.0,0.08940832620231957,0.5960555080154639,0.42575393429675995
025820,이구산업(주),중견,False,비대상,24221,이구산업(주),의무,2025,396514387.0,507783563654.0,0.0007808728272862766,5천억~1조,중견-비대상,소형·업무시간,지원비 상시,43110960.0,0.10872483171714019,0.7248322114476013,0.5177372938911438
025820,이구산업(주),중견,False,비대상,24221,이구산업(주),의무,2025,396514387.0,507783563654.0,0.0007808728272862766,5천억~1조,중견-비대상,소형·업무시간,지원비 가동시간만,18031200.0,0.04547426421629438,0.3031617614419625,0.2165441153156875
025820,이구산업(주),중견,False,비대상,24221,이구산업(주),의무,2025,396514387.0,507783563654.0,0.0007808728272862766,5천억~1조,중견-비대상,소형·상시,지원비 상시,59830800.0,0.15089187671770407,1.0059458447846938,0.7185327462747813
025820,이구산업(주),중견,False,비대상,24221,이구산업(주),의무,2025,396514387.0,507783563654.0,0.0007808728272862766,5천억~1조,중견-비대상,소형·상시,지원비 가동시간만,59830800.0,0.15089187671770407,1.0059458447846938,0.7185327462747813
025820,이구산업(주),중견,False,비대상,24221,이구산업(주),의무,2025,396514387.0,507783563654.0,0.0007808728272862766,5천억~1조,중견-비대상,중형·업무시간,지원비 상시,76288368.0,0.19239747787512185,1.2826498525008123,0.9161784660720088
025820,이구산업(주),중견,False,비대상,24221,이구산업(주),의무,2025,396514387.0,507783563654.0,0.0007808728272862766,5천억~1조,중견-비대상,중형·업무시간,지원비 가동시간만,51208608.0,0.12914691037427603,0.8609794024951736,0.6149852874965526
025820,이구산업(주),중견,False,비대상,24221,이구산업(주),의무,2025,396514387.0,507783563654.0,0.0007808728272862766,5천억~1조,중견-비대상,중형·상시,지원비 상시,169919472.0,0.42853292987827957,2.8568861991885304,2.040632999420379
025820,이구산업(주),중견,False,비대상,24221,이구산업(주),의무,2025,396514387.0,507783563654.0,0.0007808728272862766,5천억~1조,중견-비대상,중형·상시,지원비 가동시간만,169919472.0,0.42853292987827957,2.8568861991885304,2.040632999420379
025820,이구산업(주),중견,False,비대상,24221,이구산업(주),의무,2025,396514387.0,507783563654.0,0.0007808728272862766,5천억~1조,중견-비대상,대형·상시,지원비 상시,270435216.0,0.6820312827640224,4.546875218426816,3.2477680131620117
025820,이구산업(주),중견,False,비대상,24221,이구산업(주),의무,2025,396514387.0,507783563654.0,0.0007808728272862766,5천억~1조,중견-비대상,대형·상시,지원비 가동시간만,270435216.0,0.6820312827640224,4.546875218426816,3.2477680131620117
002920,유성기업(주),중견,False,2차 후보(확인 필요),303,유성기업,의무,2025,958450666.0,303146324924.0,0.003161676679538462,3천억~5천억,중견-2차 후보,소형·업무시간,지원비 상시,43110960.0,0.04497984249926955,0.29986561666179695,0.21418972618699786
002920,유성기업(주),중견,False,2차 후보(확인 필요),303,유성기업,의무,2025,958450666.0,303146324924.0,0.003161676679538462,3천억~5천억,중견-2차 후보,소형·업무시간,지원비 가동시간만,18031200.0,0.018812861881823763,0.12541907921215842,0.08958505658011318
002920,유성기업(주),중견,False,2차 후보(확인 필요),303,유성기업,의무,2025,958450666.0,303146324924.0,0.003161676679538462,3천억~5천억,중견-2차 후보,소형·상시,지원비 상시,59830800.0,0.0624244962442334,0.4161633082948893,0.29725950592492095
002920,유성기업(주),중견,False,2차 후보(확인 필요),303,유성기업,의무,2025,958450666.0,303146324924.0,0.003161676679538462,3천억~5천억,중견-2차 후보,소형·상시,지원비 가동시간만,59830800.0,0.0624244962442334,0.4161633082948893,0.29725950592492095
002920,유성기업(주),중견,False,2차 후보(확인 필요),303,유성기업,의무,2025,958450666.0,303146324924.0,0.003161676679538462,3천억~5천억,중견-2차 후보,중형·업무시간,지원비 상시,76288368.0,0.07959550836182527,0.5306367224121684,0.3790262302944061
002920,유성기업(주),중견,False,2차 후보(확인 필요),303,유성기업,의무,2025,958450666.0,303146324924.0,0.003161676679538462,3천억~5천억,중견-2차 후보,중형·업무시간,지원비 가동시간만,51208608.0,0.05342852774437949,0.3561901849625299,0.2544215606875214
002920,유성기업(주),중견,False,2차 후보(확인 필요),303,유성기업,의무,2025,958450666.0,303146324924.0,0.003161676679538462,3천억~5천억,중견-2차 후보,중형·상시,지원비 상시,169919472.0,0.17728556933362286,1.1819037955574856,0.8442169968267755
002920,유성기업(주),중견,False,2차 후보(확인 필요),303,유성기업,의무,2025,958450666.0,303146324924.0,0.003161676679538462,3천억~5천억,중견-2차 후보,중형·상시,지원비 가동시간만,169919472.0,0.17728556933362286,1.1819037955574856,0.8442169968267755
002920,유성기업(주),중견,False,2차 후보(확인 필요),303,유성기업,의무,2025,958450666.0,303146324924.0,0.003161676679538462,3천억~5천억,중견-2차 후보,대형·상시,지원비 상시,270435216.0,0.28215872302393497,1.8810581534928996,1.3436129667806427
002920,유성기업(주),중견,False,2차 후보(확인 필요),303,유성기업,의무,2025,958450666.0,303146324924.0,0.003161676679538462,3천억~5천억,중견-2차 후보,대형·상시,지원비 가동시간만,270435216.0,0.28215872302393497,1.8810581534928996,1.3436129667806427
007810,(주)코리아써키트,대기업,False,비대상,2622,(주) 코리아써키트,의무,2025,6129483948.0,862984261270.0,0.007102660179433193,5천억~1조,대기업,소형·업무시간,지원비 상시,43110960.0,0.007033375136591516,0.04688916757727677,0.033492262555197695
007810,(주)코리아써키트,대기업,False,비대상,2622,(주) 코리아써키트,의무,2025,6129483948.0,862984261270.0,0.007102660179433193,5천억~1조,대기업,소형·업무시간,지원비 가동시간만,18031200.0,0.0029417158365972118,0.01961143891064808,0.014008170650462913
007810,(주)코리아써키트,대기업,False,비대상,2622,(주) 코리아써키트,의무,2025,6129483948.0,862984261270.0,0.007102660179433193,5천억~1조,대기업,소형·상시,지원비 상시,59830800.0,0.009761148003254384,0.0650743200216959,0.046481657158354214
007810,(주)코리아써키트,대기업,False,비대상,2622,(주) 코리아써키트,의무,2025,6129483948.0,862984261270.0,0.007102660179433193,5천억~1조,대기업,소형·상시,지원비 가동시간만,59830800.0,0.009761148003254384,0.0650743200216959,0.046481657158354214
007810,(주)코리아써키트,대기업,False,비대상,2622,(주) 코리아써키트,의무,2025,6129483948.0,862984261270.0,0.007102660179433193,5천억~1조,대기업,중형·업무시간,지원비 상시,76288368.0,0.012446132275930385,0.08297421517286924,0.05926729655204945
007810,(주)코리아써키트,대기업,False,비대상,2622,(주) 코리아써키트,의무,2025,6129483948.0,862984261270.0,0.007102660179433193,5천억~1조,대기업,중형·업무시간,지원비 가동시간만,51208608.0,0.008354472975936082,0.055696486506240546,0.03978320464731468
007810,(주)코리아써키트,대기업,False,비대상,2622,(주) 코리아써키트,의무,2025,6129483948.0,862984261270.0,0.007102660179433193,5천억~1조,대기업,중형·상시,지원비 상시,169919472.0,0.02772166032924245,0.18481106886161636,0.13200790632972598
007810,(주)코리아써키트,대기업,False,비대상,2622,(주) 코리아써키트,의무,2025,6129483948.0,862984261270.0,0.007102660179433193,5천억~1조,대기업,중형·상시,지원비 가동시간만,169919472.0,0.02772166032924245,0.18481106886161636,0.13200790632972598
007810,(주)코리아써키트,대기업,False,비대상,2622,(주) 코리아써키트,의무,2025,6129483948.0,862984261270.0,0.007102660179433193,5천억~1조,대기업,대형·상시,지원비 상시,270435216.0,0.044120388974709816,0.29413592649806547,0.21009709035576105
007810,(주)코리아써키트,대기업,False,비대상,2622,(주) 코리아써키트,의무,2025,6129483948.0,862984261270.0,0.007102660179433193,5천억~1조,대기업,대형·상시,지원비 가동시간만,270435216.0,0.044120388974709816,0.29413592649806547,0.21009709035576105
194370,(주)제이에스코퍼레이션,중견,False,비대상,15121,(주)제이에스코퍼레이션,의무,2025,506258314.0,312632825883.0,0.0016193383166662819,3천억~5천억,중견-비대상,소형·업무시간,지원비 상시,43110960.0,0.08515605335816767,0.5677070223877845,0.4055050159912746
194370,(주)제이에스코퍼레이션,중견,False,비대상,15121,(주)제이에스코퍼레이션,의무,2025,506258314.0,312632825883.0,0.0016193383166662819,3천억~5천억,중견-비대상,소형·업무시간,지원비 가동시간만,18031200.0,0.03561660026387241,0.2374440017591494,0.16960285839939243
194370,(주)제이에스코퍼레이션,중견,False,비대상,15121,(주)제이에스코퍼레이션,의무,2025,506258314.0,312632825883.0,0.0016193383166662819,3천억~5천억,중견-비대상,소형·상시,지원비 상시,59830800.0,0.11818235542103117,0.7878823694735412,0.5627731210525294
194370,(주)제이에스코퍼레이션,중견,False,비대상,15121,(주)제이에스코퍼레이션,의무,2025,506258314.0,312632825883.0,0.0016193383166662819,3천억~5천억,중견-비대상,소형·상시,지원비 가동시간만,59830800.0,0.11818235542103117,0.7878823694735412,0.5627731210525294
194370,(주)제이에스코퍼레이션,중견,False,비대상,15121,(주)제이에스코퍼레이션,의무,2025,506258314.0,312632825883.0,0.0016193383166662819,3천억~5천억,중견-비대상,중형·업무시간,지원비 상시,76288368.0,0.1506905978436929,1.0046039856246194,0.7175742754461567
194370,(주)제이에스코퍼레이션,중견,False,비대상,15121,(주)제이에스코퍼레이션,의무,2025,506258314.0,312632825883.0,0.0016193383166662819,3천억~5천억,중견-비대상,중형·업무시간,지원비 가동시간만,51208608.0,0.10115114474939764,0.6743409649959843,0.4816721178542745
194370,(주)제이에스코퍼레이션,중견,False,비대상,15121,(주)제이에스코퍼레이션,의무,2025,506258314.0,312632825883.0,0.0016193383166662819,3천억~5천억,중견-비대상,중형·상시,지원비 상시,169919472.0,0.33563788939572853,2.237585929304857,1.5982756637891835
194370,(주)제이에스코퍼레이션,중견,False,비대상,15121,(주)제이에스코퍼레이션,의무,2025,506258314.0,312632825883.0,0.0016193383166662819,3천억~5천억,중견-비대상,중형·상시,지원비 가동시간만,169919472.0,0.33563788939572853,2.237585929304857,1.5982756637891835
194370,(주)제이에스코퍼레이션,중견,False,비대상,15121,(주)제이에스코퍼레이션,의무,2025,506258314.0,312632825883.0,0.0016193383166662819,3천억~5천억,중견-비대상,대형·상시,지원비 상시,270435216.0,0.5341842465030608,3.561228310020406,2.5437345071574327
194370,(주)제이에스코퍼레이션,중견,False,비대상,15121,(주)제이에스코퍼레이션,의무,2025,506258314.0,312632825883.0,0.0016193383166662819,3천억~5천억,중견-비대상,대형·상시,지원비 가동시간만,270435216.0,0.5341842465030608,3.561228310020406,2.5437345071574327
009270,(주)신원,중견,False,비대상,14112,(주)신원,의무,2025,4331573849.0,1091183970272.0,0.003969609128257508,1조~5조,중견-비대상,소형·업무시간,지원비 상시,43110960.0,0.009952724229774525,0.0663514948651635,0.04739392490368822
009270,(주)신원,중견,False,비대상,14112,(주)신원,의무,2025,4331573849.0,1091183970272.0,0.003969609128257508,1조~5조,중견-비대상,소형·업무시간,지원비 가동시간만,18031200.0,0.004162736369867672,0.027751575799117814,0.01982255414222701
009270,(주)신원,중견,False,비대상,14112,(주)신원,의무,2025,4331573849.0,1091183970272.0,0.003969609128257508,1조~5조,중견-비대상,소형·상시,지원비 상시,59830800.0,0.013812716136379093,0.09208477424252728,0.06577483874466235
009270,(주)신원,중견,False,비대상,14112,(주)신원,의무,2025,4331573849.0,1091183970272.0,0.003969609128257508,1조~5조,중견-비대상,소형·상시,지원비 가동시간만,59830800.0,0.013812716136379093,0.09208477424252728,0.06577483874466235
009270,(주)신원,중견,False,비대상,14112,(주)신원,의무,2025,4331573849.0,1091183970272.0,0.003969609128257508,1조~5조,중견-비대상,중형·업무시간,지원비 상시,76288368.0,0.01761215915033104,0.11741439433554027,0.08386742452538591
009270,(주)신원,중견,False,비대상,14112,(주)신원,의무,2025,4331573849.0,1091183970272.0,0.003969609128257508,1조~5조,중견-비대상,중형·업무시간,지원비 가동시간만,51208608.0,0.01182217129042419,0.07881447526949459,0.056296053763924714
009270,(주)신원,중견,False,비대상,14112,(주)신원,의무,2025,4331573849.0,1091183970272.0,0.003969609128257508,1조~5조,중견-비대상,중형·상시,지원비 상시,169919472.0,0.03922811382731663,0.2615207588487775,0.1868005420348411
009270,(주)신원,중견,False,비대상,14112,(주)신원,의무,2025,4331573849.0,1091183970272.0,0.003969609128257508,1조~5조,중견-비대상,중형·상시,지원비 가동시간만,169919472.0,0.03922811382731663,0.2615207588487775,0.1868005420348411
009270,(주)신원,중견,False,비대상,14112,(주)신원,의무,2025,4331573849.0,1091183970272.0,0.003969609128257508,1조~5조,중견-비대상,대형·상시,지원비 상시,270435216.0,0.0624334769364335,0.41622317957622335,0.2973022711258738
009270,(주)신원,중견,False,비대상,14112,(주)신원,의무,2025,4331573849.0,1091183970272.0,0.003969609128257508,1조~5조,중견-비대상,대형·상시,지원비 가동시간만,270435216.0,0.0624334769364335,0.41622317957622335,0.2973022711258738
136480,(주)하림,대기업,False,비대상,1012,주식회사 하림,의무,2025,5027513515.0,1392608677000.0,0.003610140880229486,1조~5조,대기업,소형·업무시간,지원비 상시,43110960.0,0.008575006287178524,0.05716670858119016,0.04083336327227868
136480,(주)하림,대기업,False,비대상,1012,주식회사 하림,의무,2025,5027513515.0,1392608677000.0,0.003610140880229486,1조~5조,대기업,소형·업무시간,지원비 가동시간만,18031200.0,0.0035865045307590785,0.023910030205060523,0.01707859300361466
136480,(주)하림,대기업,False,비대상,1012,주식회사 하림,의무,2025,5027513515.0,1392608677000.0,0.003610140880229486,1조~5조,대기업,소형·상시,지원비 상시,59830800.0,0.011900674124791488,0.07933782749860992,0.05666987678472137
136480,(주)하림,대기업,False,비대상,1012,주식회사 하림,의무,2025,5027513515.0,1392608677000.0,0.003610140880229486,1조~5조,대기업,소형·상시,지원비 가동시간만,59830800.0,0.011900674124791488,0.07933782749860992,0.05666987678472137
136480,(주)하림,대기업,False,비대상,1012,주식회사 하림,의무,2025,5027513515.0,1392608677000.0,0.003610140880229486,1조~5조,대기업,중형·업무시간,지원비 상시,76288368.0,0.015174174623775228,0.10116116415850152,0.07225797439892966
136480,(주)하림,대기업,False,비대상,1012,주식회사 하림,의무,2025,5027513515.0,1392608677000.0,0.003610140880229486,1조~5조,대기업,중형·업무시간,지원비 가동시간만,51208608.0,0.010185672867355782,0.06790448578237189,0.04850320413026563
136480,(주)하림,대기업,False,비대상,1012,주식회사 하림,의무,2025,5027513515.0,1392608677000.0,0.003610140880229486,1조~5조,대기업,중형·상시,지원비 상시,169919472.0,0.03379791451440783,0.22531943009605215,0.1609424500686087
136480,(주)하림,대기업,False,비대상,1012,주식회사 하림,의무,2025,5027513515.0,1392608677000.0,0.003610140880229486,1조~5조,대기업,중형·상시,지원비 가동시간만,169919472.0,0.03379791451440783,0.22531943009605215,0.1609424500686087
136480,(주)하림,대기업,False,비대상,1012,주식회사 하림,의무,2025,5027513515.0,1392608677000.0,0.003610140880229486,1조~5조,대기업,대형·상시,지원비 상시,270435216.0,0.05379104704405752,0.35860698029371685,0.2561478430669406
136480,(주)하림,대기업,False,비대상,1012,주식회사 하림,의무,2025,5027513515.0,1392608677000.0,0.003610140880229486,1조~5조,대기업,대형·상시,지원비 가동시간만,270435216.0,0.05379104704405752,0.35860698029371685,0.2561478430669406
003200,일신방직(주),중견,False,비대상,13101,일신방직주식회사,자율,2025,365793043.0,288639066004.0,0.0012673026145218014,3천억 미만,중견-비대상,소형·업무시간,지원비 상시,43110960.0,0.11785615069775944,0.7857076713183964,0.5612197652274259
003200,일신방직(주),중견,False,비대상,13101,일신방직주식회사,자율,2025,365793043.0,288639066004.0,0.0012673026145218014,3천억 미만,중견-비대상,소형·업무시간,지원비 가동시간만,18031200.0,0.04929344705989939,0.32862298039932925,0.23473070028523518
003200,일신방직(주),중견,False,비대상,13101,일신방직주식회사,자율,2025,365793043.0,288639066004.0,0.0012673026145218014,3천억 미만,중견-비대상,소형·상시,지원비 상시,59830800.0,0.16356461978966616,1.0904307985977744,0.7788791418555531
003200,일신방직(주),중견,False,비대상,13101,일신방직주식회사,자율,2025,365793043.0,288639066004.0,0.0012673026145218014,3천억 미만,중견-비대상,소형·상시,지원비 가동시간만,59830800.0,0.16356461978966616,1.0904307985977744,0.7788791418555531
003200,일신방직(주),중견,False,비대상,13101,일신방직주식회사,자율,2025,365793043.0,288639066004.0,0.0012673026145218014,3천억 미만,중견-비대상,중형·업무시간,지원비 상시,76288368.0,0.2085560932879743,1.3903739552531622,0.9931242537522587
003200,일신방직(주),중견,False,비대상,13101,일신방직주식회사,자율,2025,365793043.0,288639066004.0,0.0012673026145218014,3천억 미만,중견-비대상,중형·업무시간,지원비 가동시간만,51208608.0,0.13999338965011426,0.9332892643340951,0.6666351888100679
003200,일신방직(주),중견,False,비대상,13101,일신방직주식회사,자율,2025,365793043.0,288639066004.0,0.0012673026145218014,3천억 미만,중견-비대상,중형·상시,지원비 상시,169919472.0,0.46452352020265186,3.0968234680176794,2.2120167628697707
003200,일신방직(주),중견,False,비대상,13101,일신방직주식회사,자율,2025,365793043.0,288639066004.0,0.0012673026145218014,3천억 미만,중견-비대상,중형·상시,지원비 가동시간만,169919472.0,0.46452352020265186,3.0968234680176794,2.2120167628697707
003200,일신방직(주),중견,False,비대상,13101,일신방직주식회사,자율,2025,365793043.0,288639066004.0,0.0012673026145218014,3천억 미만,중견-비대상,대형·상시,지원비 상시,270435216.0,0.739312081449291,4.928747209661941,3.5205337211870997
003200,일신방직(주),중견,False,비대상,13101,일신방직주식회사,자율,2025,365793043.0,288639066004.0,0.0012673026145218014,3천억 미만,중견-비대상,대형·상시,지원비 가동시간만,270435216.0,0.739312081449291,4.928747209661941,3.5205337211870997
002310,아세아제지(주),중견,False,비대상,172,아세아제지,의무,2025,758860829.0,485295773072.0,0.0015637078893069466,3천억~5천억,중견-비대상,소형·업무시간,지원비 상시,43110960.0,0.05681010055138846,0.378734003675923,0.270524288339945
002310,아세아제지(주),중견,False,비대상,172,아세아제지,의무,2025,758860829.0,485295773072.0,0.0015637078893069466,3천억~5천억,중견-비대상,소형·업무시간,지원비 가동시간만,18031200.0,0.023760878557614943,0.1584058570507663,0.11314704075054735
002310,아세아제지(주),중견,False,비대상,172,아세아제지,의무,2025,758860829.0,485295773072.0,0.0015637078893069466,3천억~5천억,중견-비대상,소형·상시,지원비 상시,59830800.0,0.07884291521390413,0.5256194347593609,0.37544245339954346
002310,아세아제지(주),중견,False,비대상,172,아세아제지,의무,2025,758860829.0,485295773072.0,0.0015637078893069466,3천억~5천억,중견-비대상,소형·상시,지원비 가동시간만,59830800.0,0.07884291521390413,0.5256194347593609,0.37544245339954346
002310,아세아제지(주),중견,False,비대상,172,아세아제지,의무,2025,758860829.0,485295773072.0,0.0015637078893069466,3천억~5천억,중견-비대상,중형·업무시간,지원비 상시,76288368.0,0.10053011709739995,0.6702007806493331,0.47871484332095215
002310,아세아제지(주),중견,False,비대상,172,아세아제지,의무,2025,758860829.0,485295773072.0,0.0015637078893069466,3천억~5천억,중견-비대상,중형·업무시간,지원비 가동시간만,51208608.0,0.06748089510362644,0.44987263402417627,0.32133759573155446
002310,아세아제지(주),중견,False,비대상,172,아세아제지,의무,2025,758860829.0,485295773072.0,0.0015637078893069466,3천억~5천억,중견-비대상,중형·상시,지원비 상시,169919472.0,0.22391387920748773,1.492759194716585,1.0662565676547033
002310,아세아제지(주),중견,False,비대상,172,아세아제지,의무,2025,758860829.0,485295773072.0,0.0015637078893069466,3천억~5천억,중견-비대상,중형·상시,지원비 가동시간만,169919472.0,0.22391387920748773,1.492759194716585,1.0662565676547033
002310,아세아제지(주),중견,False,비대상,172,아세아제지,의무,2025,758860829.0,485295773072.0,0.0015637078893069466,3천억~5천억,중견-비대상,대형·상시,지원비 상시,270435216.0,0.3563699767668467,2.375799845112311,1.6969998893659364
002310,아세아제지(주),중견,False,비대상,172,아세아제지,의무,2025,758860829.0,485295773072.0,0.0015637078893069466,3천억~5천억,중견-비대상,대형·상시,지원비 가동시간만,270435216.0,0.3563699767668467,2.375799845112311,1.6969998893659364
039440,(주)에스티아이,중견,False,비대상,29271,(주)에스티아이,의무,2025,2150356698.0,306617024786.0,0.007013167972329057,3천억~5천억,중견-비대상,소형·업무시간,지원비 상시,43110960.0,0.020048283170925347,0.13365522113950232,0.09546801509964452
039440,(주)에스티아이,중견,False,비대상,29271,(주)에스티아이,의무,2025,2150356698.0,306617024786.0,0.007013167972329057,3천억~5천억,중견-비대상,소형·업무시간,지원비 가동시간만,18031200.0,0.00838521349354292,0.05590142329028614,0.0399295880644901
039440,(주)에스티아이,중견,False,비대상,29271,(주)에스티아이,의무,2025,2150356698.0,306617024786.0,0.007013167972329057,3천억~5천억,중견-비대상,소형·상시,지원비 상시,59830800.0,0.027823662955846967,0.1854910863723131,0.1324936331230808
039440,(주)에스티아이,중견,False,비대상,29271,(주)에스티아이,의무,2025,2150356698.0,306617024786.0,0.007013167972329057,3천억~5천억,중견-비대상,소형·상시,지원비 가동시간만,59830800.0,0.027823662955846967,0.1854910863723131,0.1324936331230808
039440,(주)에스티아이,중견,False,비대상,29271,(주)에스티아이,의무,2025,2150356698.0,306617024786.0,0.007013167972329057,3천억~5천억,중견-비대상,중형·업무시간,지원비 상시,76288368.0,0.03547707599904432,0.23651383999362882,0.1689384571383063
039440,(주)에스티아이,중견,False,비대상,29271,(주)에스티아이,의무,2025,2150356698.0,306617024786.0,0.007013167972329057,3천억~5천억,중견-비대상,중형·업무시간,지원비 가동시간만,51208608.0,0.023814006321661897,0.15876004214441264,0.11340003010315189
039440,(주)에스티아이,중견,False,비대상,29271,(주)에스티아이,의무,2025,2150356698.0,306617024786.0,0.007013167972329057,3천억~5천억,중견-비대상,중형·상시,지원비 상시,169919472.0,0.07901920279460538,0.5267946852973693,0.37628191806954947
039440,(주)에스티아이,중견,False,비대상,29271,(주)에스티아이,의무,2025,2150356698.0,306617024786.0,0.007013167972329057,3천억~5천억,중견-비대상,중형·상시,지원비 가동시간만,169919472.0,0.07901920279460538,0.5267946852973693,0.37628191806954947
039440,(주)에스티아이,중견,False,비대상,29271,(주)에스티아이,의무,2025,2150356698.0,306617024786.0,0.007013167972329057,3천억~5천억,중견-비대상,대형·상시,지원비 상시,270435216.0,0.1257629565604283,0.8384197104028552,0.5988712217163252
039440,(주)에스티아이,중견,False,비대상,29271,(주)에스티아이,의무,2025,2150356698.0,306617024786.0,0.007013167972329057,3천억~5천억,중견-비대상,대형·상시,지원비 가동시간만,270435216.0,0.1257629565604283,0.8384197104028552,0.5988712217163252
004430,송원산업(주),중견,False,비대상,20499,송원산업(주),의무,2025,3908411508.0,842453000000.0,0.004639322915343645,5천억~1조,중견-비대상,소형·업무시간,지원비 상시,43110960.0,0.0110303021858772,0.07353534790584801,0.05252524850417714
004430,송원산업(주),중견,False,비대상,20499,송원산업(주),의무,2025,3908411508.0,842453000000.0,0.004639322915343645,5천억~1조,중견-비대상,소형·업무시간,지원비 가동시간만,18031200.0,0.004613434374321262,0.03075622916214175,0.021968735115815534
004430,송원산업(주),중견,False,비대상,20499,송원산업(주),의무,2025,3908411508.0,842453000000.0,0.004639322915343645,5천억~1조,중견-비대상,소형·상시,지원비 상시,59830800.0,0.015308214060247825,0.10205476040165218,0.07289625742975155
004430,송원산업(주),중견,False,비대상,20499,송원산업(주),의무,2025,3908411508.0,842453000000.0,0.004639322915343645,5천억~1조,중견-비대상,소형·상시,지원비 가동시간만,59830800.0,0.015308214060247825,0.10205476040165218,0.07289625742975155
004430,송원산업(주),중견,False,비대상,20499,송원산업(주),의무,2025,3908411508.0,842453000000.0,0.004639322915343645,5천억~1조,중견-비대상,중형·업무시간,지원비 상시,76288368.0,0.01951902143462832,0.13012680956418882,0.09294772111727773
004430,송원산업(주),중견,False,비대상,20499,송원산업(주),의무,2025,3908411508.0,842453000000.0,0.004639322915343645,5천억~1조,중견-비대상,중형·업무시간,지원비 가동시간만,51208608.0,0.013102153623072384,0.08734769082048258,0.06239120772891612
004430,송원산업(주),중견,False,비대상,20499,송원산업(주),의무,2025,3908411508.0,842453000000.0,0.004639322915343645,5천억~1조,중견-비대상,중형·상시,지원비 상시,169919472.0,0.04347532793110382,0.28983551954069214,0.2070253711004944
004430,송원산업(주),중견,False,비대상,20499,송원산업(주),의무,2025,3908411508.0,842453000000.0,0.004639322915343645,5천억~1조,중견-비대상,중형·상시,지원비 가동시간만,169919472.0,0.04347532793110382,0.28983551954069214,0.2070253711004944
004430,송원산업(주),중견,False,비대상,20499,송원산업(주),의무,2025,3908411508.0,842453000000.0,0.004639322915343645,5천억~1조,중견-비대상,대형·상시,지원비 상시,270435216.0,0.06919312755232017,0.46128751701546783,0.329491083582477
004430,송원산업(주),중견,False,비대상,20499,송원산업(주),의무,2025,3908411508.0,842453000000.0,0.004639322915343645,5천억~1조,중견-비대상,대형·상시,지원비 가동시간만,270435216.0,0.06919312755232017,0.46128751701546783,0.329491083582477
025540,한국단자공업(주),중견,False,비대상,2812,한국단자공업(주),의무,2025,5971532067.0,1170686046000.0,0.005100882587097993,1조~5조,중견-비대상,소형·업무시간,지원비 상시,43110960.0,0.0072194136305891495,0.04812942420392767,0.03437816014566262
025540,한국단자공업(주),중견,False,비대상,2812,한국단자공업(주),의무,2025,5971532067.0,1170686046000.0,0.005100882587097993,1조~5조,중견-비대상,소형·업무시간,지원비 가동시간만,18031200.0,0.003019526613554397,0.020130177423695984,0.014378698159782845
025540,한국단자공업(주),중견,False,비대상,2812,한국단자공업(주),의무,2025,5971532067.0,1170686046000.0,0.005100882587097993,1조~5조,중견-비대상,소형·상시,지원비 상시,59830800.0,0.010019338308612319,0.06679558872408213,0.047711134802915806
025540,한국단자공업(주),중견,False,비대상,2812,한국단자공업(주),의무,2025,5971532067.0,1170686046000.0,0.005100882587097993,1조~5조,중견-비대상,소형·상시,지원비 가동시간만,59830800.0,0.010019338308612319,0.06679558872408213,0.047711134802915806
025540,한국단자공업(주),중견,False,비대상,2812,한국단자공업(주),의무,2025,5971532067.0,1170686046000.0,0.005100882587097993,1조~5조,중견-비대상,중형·업무시간,지원비 상시,76288368.0,0.01277534259952924,0.08516895066352828,0.06083496475966305
025540,한국단자공업(주),중견,False,비대상,2812,한국단자공업(주),의무,2025,5971532067.0,1170686046000.0,0.005100882587097993,1조~5조,중견-비대상,중형·업무시간,지원비 가동시간만,51208608.0,0.008575455582494488,0.05716970388329659,0.040835502773783276
025540,한국단자공업(주),중견,False,비대상,2812,한국단자공업(주),의무,2025,5971532067.0,1170686046000.0,0.005100882587097993,1조~5조,중견-비대상,중형·상시,지원비 상시,169919472.0,0.028454920796458984,0.18969947197639322,0.1354996228402809
025540,한국단자공업(주),중견,False,비대상,2812,한국단자공업(주),의무,2025,5971532067.0,1170686046000.0,0.005100882587097993,1조~5조,중견-비대상,중형·상시,지원비 가동시간만,169919472.0,0.028454920796458984,0.18969947197639322,0.1354996228402809
025540,한국단자공업(주),중견,False,비대상,2812,한국단자공업(주),의무,2025,5971532067.0,1170686046000.0,0.005100882587097993,1조~5조,중견-비대상,대형·상시,지원비 상시,270435216.0,0.045287409154927676,0.3019160610328512,0.21565432930917944
025540,한국단자공업(주),중견,False,비대상,2812,한국단자공업(주),의무,2025,5971532067.0,1170686046000.0,0.005100882587097993,1조~5조,중견-비대상,대형·상시,지원비 가동시간만,270435216.0,0.045287409154927676,0.3019160610328512,0.21565432930917944
241560,두산밥캣 주식회사,대기업,False,2차(2028),29241,두산밥캣,의무,2025,5742250478.0,6181806000.0,0.9288952901466012,3천억 미만,대기업,소형·업무시간,지원비 상시,43110960.0,0.007507676679233845,0.05005117786155897,0.03575084132968498
241560,두산밥캣 주식회사,대기업,False,2차(2028),29241,두산밥캣,의무,2025,5742250478.0,6181806000.0,0.9288952901466012,3천억 미만,대기업,소형·업무시간,지원비 가동시간만,18031200.0,0.0031400929076643457,0.020933952717762307,0.01495282336983022
241560,두산밥캣 주식회사,대기업,False,2차(2028),29241,두산밥캣,의무,2025,5742250478.0,6181806000.0,0.9288952901466012,3천억 미만,대기업,소형·상시,지원비 상시,59830800.0,0.010419399193613512,0.06946266129075675,0.04961618663625482
241560,두산밥캣 주식회사,대기업,False,2차(2028),29241,두산밥캣,의무,2025,5742250478.0,6181806000.0,0.9288952901466012,3천억 미만,대기업,소형·상시,지원비 가동시간만,59830800.0,0.010419399193613512,0.06946266129075675,0.04961618663625482
241560,두산밥캣 주식회사,대기업,False,2차(2028),29241,두산밥캣,의무,2025,5742250478.0,6181806000.0,0.9288952901466012,3천억 미만,대기업,중형·업무시간,지원비 상시,76288368.0,0.013285447629336242,0.08856965086224161,0.06326403633017258
241560,두산밥캣 주식회사,대기업,False,2차(2028),29241,두산밥캣,의무,2025,5742250478.0,6181806000.0,0.9288952901466012,3천억 미만,대기업,중형·업무시간,지원비 가동시간만,51208608.0,0.008917863857766743,0.05945242571844495,0.042466018370317826
241560,두산밥캣 주식회사,대기업,False,2차(2028),29241,두산밥캣,의무,2025,5742250478.0,6181806000.0,0.9288952901466012,3천억 미만,대기업,중형·상시,지원비 상시,169919472.0,0.029591093709862373,0.19727395806574916,0.14090997004696368
241560,두산밥캣 주식회사,대기업,False,2차(2028),29241,두산밥캣,의무,2025,5742250478.0,6181806000.0,0.9288952901466012,3천억 미만,대기업,중형·상시,지원비 가동시간만,169919472.0,0.029591093709862373,0.19727395806574916,0.14090997004696368
241560,두산밥캣 주식회사,대기업,False,2차(2028),29241,두산밥캣,의무,2025,5742250478.0,6181806000.0,0.9288952901466012,3천억 미만,대기업,대형·상시,지원비 상시,270435216.0,0.047095684355133074,0.3139712290342205,0.22426516359587179
241560,두산밥캣 주식회사,대기업,False,2차(2028),29241,두산밥캣,의무,2025,5742250478.0,6181806000.0,0.9288952901466012,3천억 미만,대기업,대형·상시,지원비 가동시간만,270435216.0,0.047095684355133074,0.3139712290342205,0.22426516359587179
004100,태양금속공업(주),중견,False,2차 후보(확인 필요),303,태양금속공업(주),의무,2025,540502360.0,349105580671.0,0.0015482489823311473,3천억~5천억,중견-2차 후보,소형·업무시간,지원비 상시,43110960.0,0.07976090983210508,0.5317393988807005,0.37981385634335757
004100,태양금속공업(주),중견,False,2차 후보(확인 필요),303,태양금속공업(주),의무,2025,540502360.0,349105580671.0,0.0015482489823311473,3천억~5천억,중견-2차 후보,소형·업무시간,지원비 가동시간만,18031200.0,0.0333600763556333,0.22240050903755537,0.1588575064553967
004100,태양금속공업(주),중견,False,2차 후보(확인 필요),303,태양금속공업(주),의무,2025,540502360.0,349105580671.0,0.0015482489823311473,3천억~5천억,중견-2차 후보,소형·상시,지원비 상시,59830800.0,0.1106947988164196,0.7379653254427974,0.5271180896019981
004100,태양금속공업(주),중견,False,2차 후보(확인 필요),303,태양금속공업(주),의무,2025,540502360.0,349105580671.0,0.0015482489823311473,3천억~5천억,중견-2차 후보,소형·상시,지원비 가동시간만,59830800.0,0.1106947988164196,0.7379653254427974,0.5271180896019981
004100,태양금속공업(주),중견,False,2차 후보(확인 필요),303,태양금속공업(주),의무,2025,540502360.0,349105580671.0,0.0015482489823311473,3천억~5천억,중견-2차 후보,중형·업무시간,지원비 상시,76288368.0,0.14114345032647035,0.9409563355098024,0.6721116682212874
004100,태양금속공업(주),중견,False,2차 후보(확인 필요),303,태양금속공업(주),의무,2025,540502360.0,349105580671.0,0.0015482489823311473,3천억~5천억,중견-2차 후보,중형·업무시간,지원비 가동시간만,51208608.0,0.09474261684999859,0.6316174456666572,0.4511553183333266
004100,태양금속공업(주),중견,False,2차 후보(확인 필요),303,태양금속공업(주),의무,2025,540502360.0,349105580671.0,0.0015482489823311473,3천억~5천억,중견-2차 후보,중형·상시,지원비 상시,169919472.0,0.31437322863863165,2.0958215242575444,1.4970153744696746
004100,태양금속공업(주),중견,False,2차 후보(확인 필요),303,태양금속공업(주),의무,2025,540502360.0,349105580671.0,0.0015482489823311473,3천억~5천억,중견-2차 후보,중형·상시,지원비 가동시간만,169919472.0,0.31437322863863165,2.0958215242575444,1.4970153744696746
004100,태양금속공업(주),중견,False,2차 후보(확인 필요),303,태양금속공업(주),의무,2025,540502360.0,349105580671.0,0.0015482489823311473,3천억~5천억,중견-2차 후보,대형·상시,지원비 상시,270435216.0,0.5003404906502166,3.335603271001444,2.3825737650010317
004100,태양금속공업(주),중견,False,2차 후보(확인 필요),303,태양금속공업(주),의무,2025,540502360.0,349105580671.0,0.0015482489823311473,3천억~5천억,중견-2차 후보,대형·상시,지원비 가동시간만,270435216.0,0.5003404906502166,3.335603271001444,2.3825737650010317
004980,성신양회(주),중견,False,1차(2027),23311,성신양회(주),의무,2025,1739708190.0,623526620586.0,0.0027901105302689327,5천억~1조,중견-1차(2027),소형·업무시간,지원비 상시,43110960.0,0.02478056966553684,0.1652037977702456,0.11800271269303257
004980,성신양회(주),중견,False,1차(2027),23311,성신양회(주),의무,2025,1739708190.0,623526620586.0,0.0027901105302689327,5천억~1조,중견-1차(2027),소형·업무시간,지원비 가동시간만,18031200.0,0.01036449681828537,0.0690966454552358,0.04935474675373986
004980,성신양회(주),중견,False,1차(2027),23311,성신양회(주),의무,2025,1739708190.0,623526620586.0,0.0027901105302689327,5천억~1조,중견-1차(2027),소형·상시,지원비 상시,59830800.0,0.03439128489703782,0.2292752326469188,0.1637680233192277
004980,성신양회(주),중견,False,1차(2027),23311,성신양회(주),의무,2025,1739708190.0,623526620586.0,0.0027901105302689327,5천억~1조,중견-1차(2027),소형·상시,지원비 가동시간만,59830800.0,0.03439128489703782,0.2292752326469188,0.1637680233192277
004980,성신양회(주),중견,False,1차(2027),23311,성신양회(주),의무,2025,1739708190.0,623526620586.0,0.0027901105302689327,5천억~1조,중견-1차(2027),중형·업무시간,지원비 상시,76288368.0,0.04385124381118192,0.29234162540787945,0.20881544671991392
004980,성신양회(주),중견,False,1차(2027),23311,성신양회(주),의무,2025,1739708190.0,623526620586.0,0.0027901105302689327,5천억~1조,중견-1차(2027),중형·업무시간,지원비 가동시간만,51208608.0,0.02943517096393045,0.19623447309286968,0.14016748078062122
004980,성신양회(주),중견,False,1차(2027),23311,성신양회(주),의무,2025,1739708190.0,623526620586.0,0.0027901105302689327,5천억~1조,중견-1차(2027),중형·상시,지원비 상시,169919472.0,0.0976712491075874,0.6511416607172493,0.46510118622660673
004980,성신양회(주),중견,False,1차(2027),23311,성신양회(주),의무,2025,1739708190.0,623526620586.0,0.0027901105302689327,5천억~1조,중견-1차(2027),중형·상시,지원비 가동시간만,169919472.0,0.0976712491075874,0.6511416607172493,0.46510118622660673
004980,성신양회(주),중견,False,1차(2027),23311,성신양회(주),의무,2025,1739708190.0,623526620586.0,0.0027901105302689327,5천억~1조,중견-1차(2027),대형·상시,지원비 상시,270435216.0,0.15544860773461094,1.036324051564073,0.7402314654029093
004980,성신양회(주),중견,False,1차(2027),23311,성신양회(주),의무,2025,1739708190.0,623526620586.0,0.0027901105302689327,5천억~1조,중견-1차(2027),대형·상시,지원비 가동시간만,270435216.0,0.15544860773461094,1.036324051564073,0.7402314654029093
036890,(주)진성티이씨,중견,False,2차(2028),29241,(주)진성티이씨,자율,2025,1963319841.0,269465190649.0,0.007285986870034658,3천억 미만,중견-2차(2028),소형·업무시간,지원비 상시,43110960.0,0.02195819504276074,0.14638796695173825,0.10456283353695589
036890,(주)진성티이씨,중견,False,2차(2028),29241,(주)진성티이씨,자율,2025,1963319841.0,269465190649.0,0.007285986870034658,3천억 미만,중견-2차(2028),소형·업무시간,지원비 가동시간만,18031200.0,0.009184035949443654,0.06122690632962437,0.04373350452116026
036890,(주)진성티이씨,중견,False,2차(2028),29241,(주)진성티이씨,자율,2025,1963319841.0,269465190649.0,0.007285986870034658,3천억 미만,중견-2차(2028),소형·상시,지원비 상시,59830800.0,0.030474301104972127,0.20316200736648085,0.1451157195474863
036890,(주)진성티이씨,중견,False,2차(2028),29241,(주)진성티이씨,자율,2025,1963319841.0,269465190649.0,0.007285986870034658,3천억 미만,중견-2차(2028),소형·상시,지원비 가동시간만,59830800.0,0.030474301104972127,0.20316200736648085,0.1451157195474863
036890,(주)진성티이씨,중견,False,2차(2028),29241,(주)진성티이씨,자율,2025,1963319841.0,269465190649.0,0.007285986870034658,3천억 미만,중견-2차(2028),중형·업무시간,지원비 상시,76288368.0,0.03885682118973706,0.2590454745982471,0.18503248185589077
036890,(주)진성티이씨,중견,False,2차(2028),29241,(주)진성티이씨,자율,2025,1963319841.0,269465190649.0,0.007285986870034658,3천억 미만,중견-2차(2028),중형·업무시간,지원비 가동시간만,51208608.0,0.02608266209641998,0.17388441397613322,0.12420315284009513
036890,(주)진성티이씨,중견,False,2차(2028),29241,(주)진성티이씨,자율,2025,1963319841.0,269465190649.0,0.007285986870034658,3천억 미만,중견-2차(2028),중형·상시,지원비 상시,169919472.0,0.08654701513812084,0.5769801009208056,0.4121286435148611
036890,(주)진성티이씨,중견,False,2차(2028),29241,(주)진성티이씨,자율,2025,1963319841.0,269465190649.0,0.007285986870034658,3천억 미만,중견-2차(2028),중형·상시,지원비 가동시간만,169919472.0,0.08654701513812084,0.5769801009208056,0.4121286435148611
036890,(주)진성티이씨,중견,False,2차(2028),29241,(주)진성티이씨,자율,2025,1963319841.0,269465190649.0,0.007285986870034658,3천억 미만,중견-2차(2028),대형·상시,지원비 상시,270435216.0,0.137743840994474,0.9182922732964935,0.6559230523546381
036890,(주)진성티이씨,중견,False,2차(2028),29241,(주)진성티이씨,자율,2025,1963319841.0,269465190649.0,0.007285986870034658,3천억 미만,중견-2차(2028),대형·상시,지원비 가동시간만,270435216.0,0.137743840994474,0.9182922732964935,0.6559230523546381
183190,아세아시멘트(주),중견,False,1차(2027),23311,아세아시멘트(주),의무,2025,1432976390.0,456605366000.0,0.003138325776924838,3천억~5천억,중견-1차(2027),소형·업무시간,지원비 상시,43110960.0,0.030084906004627193,0.20056604003084796,0.14326145716489141
183190,아세아시멘트(주),중견,False,1차(2027),23311,아세아시멘트(주),의무,2025,1432976390.0,456605366000.0,0.003138325776924838,3천억~5천억,중견-1차(2027),소형·업무시간,지원비 가동시간만,18031200.0,0.01258304053425472,0.08388693689503146,0.059919240639308195
183190,아세아시멘트(주),중견,False,1차(2027),23311,아세아시멘트(주),의무,2025,1432976390.0,456605366000.0,0.003138325776924838,3천억~5천억,중견-1차(2027),소형·상시,지원비 상시,59830800.0,0.041752816318208846,0.27835210878805894,0.19882293484861355
183190,아세아시멘트(주),중견,False,1차(2027),23311,아세아시멘트(주),의무,2025,1432976390.0,456605366000.0,0.003138325776924838,3천억~5천억,중견-1차(2027),소형·상시,지원비 가동시간만,59830800.0,0.041752816318208846,0.27835210878805894,0.19882293484861355
183190,아세아시멘트(주),중견,False,1차(2027),23311,아세아시멘트(주),의무,2025,1432976390.0,456605366000.0,0.003138325776924838,3천억~5천억,중견-1차(2027),중형·업무시간,지원비 상시,76288368.0,0.05323770058765588,0.35491800391770584,0.25351285994121847
183190,아세아시멘트(주),중견,False,1차(2027),23311,아세아시멘트(주),의무,2025,1432976390.0,456605366000.0,0.003138325776924838,3천억~5천억,중견-1차(2027),중형·업무시간,지원비 가동시간만,51208608.0,0.035735835117283406,0.23823890078188936,0.1701706434156353
183190,아세아시멘트(주),중견,False,1차(2027),23311,아세아시멘트(주),의무,2025,1432976390.0,456605366000.0,0.003138325776924838,3천억~5천억,중견-1차(2027),중형·상시,지원비 상시,169919472.0,0.11857799834371312,0.7905199889580874,0.5646571349700625
183190,아세아시멘트(주),중견,False,1차(2027),23311,아세아시멘트(주),의무,2025,1432976390.0,456605366000.0,0.003138325776924838,3천억~5천억,중견-1차(2027),중형·상시,지원비 가동시간만,169919472.0,0.11857799834371312,0.7905199889580874,0.5646571349700625
183190,아세아시멘트(주),중견,False,1차(2027),23311,아세아시멘트(주),의무,2025,1432976390.0,456605366000.0,0.003138325776924838,3천억~5천억,중견-1차(2027),대형·상시,지원비 상시,270435216.0,0.18872272975830398,1.2581515317220264,0.8986796655157333
183190,아세아시멘트(주),중견,False,1차(2027),23311,아세아시멘트(주),의무,2025,1432976390.0,456605366000.0,0.003138325776924838,3천억~5천억,중견-1차(2027),대형·상시,지원비 가동시간만,270435216.0,0.18872272975830398,1.2581515317220264,0.8986796655157333
171090,(주)선익시스템,중견,False,2차 후보(확인 필요),292,선익시스템,의무,2025,633683805.0,515360026987.0,0.0012295944035566125,5천억~1조,중견-2차 후보,소형·업무시간,지원비 상시,43110960.0,0.06803228938445097,0.45354859589633983,0.3239632827830999
171090,(주)선익시스템,중견,False,2차 후보(확인 필요),292,선익시스템,의무,2025,633683805.0,515360026987.0,0.0012295944035566125,5천억~1조,중견-2차 후보,소형·업무시간,지원비 가동시간만,18031200.0,0.02845456970452322,0.18969713136348815,0.1354979509739201
171090,(주)선익시스템,중견,False,2차 후보(확인 필요),292,선익시스템,의무,2025,633683805.0,515360026987.0,0.0012295944035566125,5천억~1조,중견-2차 후보,소형·상시,지원비 상시,59830800.0,0.09441743583773614,0.6294495722515743,0.4496068373225531
171090,(주)선익시스템,중견,False,2차 후보(확인 필요),292,선익시스템,의무,2025,633683805.0,515360026987.0,0.0012295944035566125,5천억~1조,중견-2차 후보,소형·상시,지원비 가동시간만,59830800.0,0.09441743583773614,0.6294495722515743,0.4496068373225531
171090,(주)선익시스템,중견,False,2차 후보(확인 필요),292,선익시스템,의무,2025,633683805.0,515360026987.0,0.0012295944035566125,5천억~1조,중견-2차 후보,중형·업무시간,지원비 상시,76288368.0,0.1203886976407737,0.802591317605158,0.5732795125751129
171090,(주)선익시스템,중견,False,2차 후보(확인 필요),292,선익시스템,의무,2025,633683805.0,515360026987.0,0.0012295944035566125,5천억~1조,중견-2차 후보,중형·업무시간,지원비 가동시간만,51208608.0,0.08081097796084595,0.5387398530723063,0.3848141807659331
171090,(주)선익시스템,중견,False,2차 후보(확인 필요),292,선익시스템,의무,2025,633683805.0,515360026987.0,0.0012295944035566125,5천억~1조,중견-2차 후보,중형·상시,지원비 상시,169919472.0,0.2681455177791706,1.787636785194471,1.2768834179960507
171090,(주)선익시스템,중견,False,2차 후보(확인 필요),292,선익시스템,의무,2025,633683805.0,515360026987.0,0.0012295944035566125,5천억~1조,중견-2차 후보,중형·상시,지원비 가동시간만,169919472.0,0.2681455177791706,1.787636785194471,1.2768834179960507
171090,(주)선익시스템,중견,False,2차 후보(확인 필요),292,선익시스템,의무,2025,633683805.0,515360026987.0,0.0012295944035566125,5천억~1조,중견-2차 후보,대형·상시,지원비 상시,270435216.0,0.42676680998656735,2.8451120665771157,2.0322229046979396
171090,(주)선익시스템,중견,False,2차 후보(확인 필요),292,선익시스템,의무,2025,633683805.0,515360026987.0,0.0012295944035566125,5천억~1조,중견-2차 후보,대형·상시,지원비 가동시간만,270435216.0,0.42676680998656735,2.8451120665771157,2.0322229046979396
009150,삼성전기(주),대기업,False,비대상,2622,삼성전기(주),의무,2025,207903136072.0,8377908028341.0,0.02481563838713674,5조 이상,대기업,소형·업무시간,지원비 상시,43110960.0,0.00020736079702554378,0.0013824053135036251,0.0009874323667883038
009150,삼성전기(주),대기업,False,비대상,2622,삼성전기(주),의무,2025,207903136072.0,8377908028341.0,0.02481563838713674,5조 이상,대기업,소형·업무시간,지원비 가동시간만,18031200.0,8.672885046695747e-05,0.0005781923364463832,0.00041299452603313087
009150,삼성전기(주),대기업,False,비대상,2622,삼성전기(주),의무,2025,207903136072.0,8377908028341.0,0.02481563838713674,5조 이상,대기업,소형·상시,지원비 상시,59830800.0,0.00028778209473126796,0.0019185472982084532,0.0013703909272917525
009150,삼성전기(주),대기업,False,비대상,2622,삼성전기(주),의무,2025,207903136072.0,8377908028341.0,0.02481563838713674,5조 이상,대기업,소형·상시,지원비 가동시간만,59830800.0,0.00028778209473126796,0.0019185472982084532,0.0013703909272917525
009150,삼성전기(주),대기업,False,비대상,2622,삼성전기(주),의무,2025,207903136072.0,8377908028341.0,0.02481563838713674,5조 이상,대기업,중형·업무시간,지원비 상시,76288368.0,0.00036694188188474554,0.0024462792125649704,0.0017473422946892646
009150,삼성전기(주),대기업,False,비대상,2622,삼성전기(주),의무,2025,207903136072.0,8377908028341.0,0.02481563838713674,5조 이상,대기업,중형·업무시간,지원비 가동시간만,51208608.0,0.00024630993532615925,0.001642066235507728,0.0011729044539340917
009150,삼성전기(주),대기업,False,비대상,2622,삼성전기(주),의무,2025,207903136072.0,8377908028341.0,0.02481563838713674,5조 이상,대기업,중형·상시,지원비 상시,169919472.0,0.000817301149036801,0.005448674326912007,0.003891910233508577
009150,삼성전기(주),대기업,False,비대상,2622,삼성전기(주),의무,2025,207903136072.0,8377908028341.0,0.02481563838713674,5조 이상,대기업,중형·상시,지원비 가동시간만,169919472.0,0.000817301149036801,0.005448674326912007,0.003891910233508577
009150,삼성전기(주),대기업,False,비대상,2622,삼성전기(주),의무,2025,207903136072.0,8377908028341.0,0.02481563838713674,5조 이상,대기업,대형·상시,지원비 상시,270435216.0,0.0013007750681853312,0.008671833787902209,0.006194166991358721
009150,삼성전기(주),대기업,False,비대상,2622,삼성전기(주),의무,2025,207903136072.0,8377908028341.0,0.02481563838713674,5조 이상,대기업,대형·상시,지원비 가동시간만,270435216.0,0.0013007750681853312,0.008671833787902209,0.006194166991358721
093050,(주)LF,중견,False,비대상,14111,㈜LF,의무,2025,32493006557.0,1140620103883.0,0.028487141727893826,1조~5조,중견-비대상,소형·업무시간,지원비 상시,43110960.0,0.0013267765765034311,0.00884517717668954,0.006317983697635387
093050,(주)LF,중견,False,비대상,14111,㈜LF,의무,2025,32493006557.0,1140620103883.0,0.028487141727893826,1조~5조,중견-비대상,소형·업무시간,지원비 가동시간만,18031200.0,0.0005549255643170245,0.0036995037621134963,0.0026425026872239263
093050,(주)LF,중견,False,비대상,14111,㈜LF,의무,2025,32493006557.0,1140620103883.0,0.028487141727893826,1조~5조,중견-비대상,소형·상시,지원비 상시,59830800.0,0.0018413439179610356,0.012275626119740236,0.008768304371243027
093050,(주)LF,중견,False,비대상,14111,㈜LF,의무,2025,32493006557.0,1140620103883.0,0.028487141727893826,1조~5조,중견-비대상,소형·상시,지원비 가동시간만,59830800.0,0.0018413439179610356,0.012275626119740236,0.008768304371243027
093050,(주)LF,중견,False,비대상,14111,㈜LF,의무,2025,32493006557.0,1140620103883.0,0.028487141727893826,1조~5조,중견-비대상,중형·업무시간,지원비 상시,76288368.0,0.002347839614846756,0.015652264098978373,0.011180188642127411
093050,(주)LF,중견,False,비대상,14111,㈜LF,의무,2025,32493006557.0,1140620103883.0,0.028487141727893826,1조~5조,중견-비대상,중형·업무시간,지원비 가동시간만,51208608.0,0.0015759886026603493,0.01050659068440233,0.007504707631715951
093050,(주)LF,중견,False,비대상,14111,㈜LF,의무,2025,32493006557.0,1140620103883.0,0.028487141727893826,1조~5조,중견-비대상,중형·상시,지원비 상시,169919472.0,0.005229416727009341,0.034862778180062275,0.024901984414330197
093050,(주)LF,중견,False,비대상,14111,㈜LF,의무,2025,32493006557.0,1140620103883.0,0.028487141727893826,1조~5조,중견-비대상,중형·상시,지원비 가동시간만,169919472.0,0.005229416727009341,0.034862778180062275,0.024901984414330197
093050,(주)LF,중견,False,비대상,14111,㈜LF,의무,2025,32493006557.0,1140620103883.0,0.028487141727893826,1조~5조,중견-비대상,대형·상시,지원비 상시,270435216.0,0.008322874509183882,0.05548583006122587,0.039632735758018484
093050,(주)LF,중견,False,비대상,14111,㈜LF,의무,2025,32493006557.0,1140620103883.0,0.028487141727893826,1조~5조,중견-비대상,대형·상시,지원비 가동시간만,270435216.0,0.008322874509183882,0.05548583006122587,0.039632735758018484
043370,피에이치에이(주),중견,False,2차 후보(확인 필요),303,피에이치에이 주식회사,의무,2025,3849236159.0,693892968273.0,0.0055473053266128294,5천억~1조,중견-2차 후보,소형·업무시간,지원비 상시,43110960.0,0.011199874005963789,0.07466582670642526,0.05333273336173233
043370,피에이치에이(주),중견,False,2차 후보(확인 필요),303,피에이치에이 주식회사,의무,2025,3849236159.0,693892968273.0,0.0055473053266128294,5천억~1조,중견-2차 후보,소형·업무시간,지원비 가동시간만,18031200.0,0.004684357949262421,0.031229052995082808,0.02230646642505915
043370,피에이치에이(주),중견,False,2차 후보(확인 필요),303,피에이치에이 주식회사,의무,2025,3849236159.0,693892968273.0,0.0055473053266128294,5천억~1조,중견-2차 후보,소형·상시,지원비 상시,59830800.0,0.015543551377098034,0.10362367584732023,0.07401691131951445
043370,피에이치에이(주),중견,False,2차 후보(확인 필요),303,피에이치에이 주식회사,의무,2025,3849236159.0,693892968273.0,0.0055473053266128294,5천억~1조,중견-2차 후보,소형·상시,지원비 가동시간만,59830800.0,0.015543551377098034,0.10362367584732023,0.07401691131951445
043370,피에이치에이(주),중견,False,2차 후보(확인 필요),303,피에이치에이 주식회사,의무,2025,3849236159.0,693892968273.0,0.0055473053266128294,5천억~1조,중견-2차 후보,중형·업무시간,지원비 상시,76288368.0,0.019819092632606644,0.13212728421737763,0.09437663158384117
043370,피에이치에이(주),중견,False,2차 후보(확인 필요),303,피에이치에이 주식회사,의무,2025,3849236159.0,693892968273.0,0.0055473053266128294,5천억~1조,중견-2차 후보,중형·업무시간,지원비 가동시간만,51208608.0,0.013303576575905278,0.08869051050603517,0.06335036464716799
043370,피에이치에이(주),중견,False,2차 후보(확인 필요),303,피에이치에이 주식회사,의무,2025,3849236159.0,693892968273.0,0.0055473053266128294,5천억~1조,중견-2차 후보,중형·상시,지원비 상시,169919472.0,0.04414368591095842,0.29429123940638946,0.21020802814742104
043370,피에이치에이(주),중견,False,2차 후보(확인 필요),303,피에이치에이 주식회사,의무,2025,3849236159.0,693892968273.0,0.0055473053266128294,5천억~1조,중견-2차 후보,중형·상시,지원비 가동시간만,169919472.0,0.04414368591095842,0.29429123940638946,0.21020802814742104
043370,피에이치에이(주),중견,False,2차 후보(확인 필요),303,피에이치에이 주식회사,의무,2025,3849236159.0,693892968273.0,0.0055473053266128294,5천억~1조,중견-2차 후보,대형·상시,지원비 상시,270435216.0,0.07025685222448312,0.4683790148298874,0.3345564391642053
043370,피에이치에이(주),중견,False,2차 후보(확인 필요),303,피에이치에이 주식회사,의무,2025,3849236159.0,693892968273.0,0.0055473053266128294,5천억~1조,중견-2차 후보,대형·상시,지원비 가동시간만,270435216.0,0.07025685222448312,0.4683790148298874,0.3345564391642053
047310,(주)파워로직스,중견,False,비대상,2812,(주) 파워로직스,의무,2025,1329586526.0,527798793687.0,0.0025191162653328903,5천억~1조,중견-비대상,소형·업무시간,지원비 상시,43110960.0,0.03242433580437773,0.21616223869585152,0.1544015990684654
047310,(주)파워로직스,중견,False,비대상,2812,(주) 파워로직스,의무,2025,1329586526.0,527798793687.0,0.0025191162653328903,5천억~1조,중견-비대상,소형·업무시간,지원비 가동시간만,18031200.0,0.013561509271792966,0.0904100618119531,0.06457861557996651
047310,(주)파워로직스,중견,False,비대상,2812,(주) 파워로직스,의무,2025,1329586526.0,527798793687.0,0.0025191162653328903,5천억~1조,중견-비대상,소형·상시,지원비 상시,59830800.0,0.04499955349276757,0.2999970232851171,0.21428358806079797
047310,(주)파워로직스,중견,False,비대상,2812,(주) 파워로직스,의무,2025,1329586526.0,527798793687.0,0.0025191162653328903,5천억~1조,중견-비대상,소형·상시,지원비 가동시간만,59830800.0,0.04499955349276757,0.2999970232851171,0.21428358806079797
047310,(주)파워로직스,중견,False,비대상,2812,(주) 파워로직스,의무,2025,1329586526.0,527798793687.0,0.0025191162653328903,5천억~1조,중견-비대상,중형·업무시간,지원비 상시,76288368.0,0.05737751286447679,0.38251675242984523,0.2732262517356038
047310,(주)파워로직스,중견,False,비대상,2812,(주) 파워로직스,의무,2025,1329586526.0,527798793687.0,0.0025191162653328903,5천억~1조,중견-비대상,중형·업무시간,지원비 가동시간만,51208608.0,0.03851468633189203,0.25676457554594684,0.1834032682471049
047310,(주)파워로직스,중견,False,비대상,2812,(주) 파워로직스,의무,2025,1329586526.0,527798793687.0,0.0025191162653328903,5천억~1조,중견-비대상,중형·상시,지원비 상시,169919472.0,0.1277987319194599,0.8519915461297326,0.6085653900926662
047310,(주)파워로직스,중견,False,비대상,2812,(주) 파워로직스,의무,2025,1329586526.0,527798793687.0,0.0025191162653328903,5천억~1조,중견-비대상,중형·상시,지원비 가동시간만,169919472.0,0.1277987319194599,0.8519915461297326,0.6085653900926662
047310,(주)파워로직스,중견,False,비대상,2812,(주) 파워로직스,의무,2025,1329586526.0,527798793687.0,0.0025191162653328903,5천억~1조,중견-비대상,대형·상시,지원비 상시,270435216.0,0.20339798178730942,1.3559865452487294,0.9685618180348068
047310,(주)파워로직스,중견,False,비대상,2812,(주) 파워로직스,의무,2025,1329586526.0,527798793687.0,0.0025191162653328903,5천억~1조,중견-비대상,대형·상시,지원비 가동시간만,270435216.0,0.20339798178730942,1.3559865452487294,0.9685618180348068
092200,(주)디아이씨,중견,False,"2차(2028, 제품명 확인)",303,주식회사 디아이씨,의무,2025,857272864.0,406814288213.0,0.0021072830744606214,3천억~5천억,중견-2차(2028),소형·업무시간,지원비 상시,43110960.0,0.05028849250966143,0.3352566167310762,0.2394690119507687
092200,(주)디아이씨,중견,False,"2차(2028, 제품명 확인)",303,주식회사 디아이씨,의무,2025,857272864.0,406814288213.0,0.0021072830744606214,3천억~5천억,중견-2차(2028),소형·업무시간,지원비 가동시간만,18031200.0,0.021033209794915426,0.1402213986327695,0.10015814188054965
092200,(주)디아이씨,중견,False,"2차(2028, 제품명 확인)",303,주식회사 디아이씨,의무,2025,857272864.0,406814288213.0,0.0021072830744606214,3천억~5천억,중견-2차(2028),소형·상시,지원비 상시,59830800.0,0.0697920143194921,0.46528009546328064,0.33234292533091475
092200,(주)디아이씨,중견,False,"2차(2028, 제품명 확인)",303,주식회사 디아이씨,의무,2025,857272864.0,406814288213.0,0.0021072830744606214,3천억~5천억,중견-2차(2028),소형·상시,지원비 가동시간만,59830800.0,0.0697920143194921,0.46528009546328064,0.33234292533091475
092200,(주)디아이씨,중견,False,"2차(2028, 제품명 확인)",303,주식회사 디아이씨,의무,2025,857272864.0,406814288213.0,0.0021072830744606214,3천억~5천억,중견-2차(2028),중형·업무시간,지원비 상시,76288368.0,0.08898959853230581,0.5932639902153721,0.42375999301098005
092200,(주)디아이씨,중견,False,"2차(2028, 제품명 확인)",303,주식회사 디아이씨,의무,2025,857272864.0,406814288213.0,0.0021072830744606214,3천억~5천억,중견-2차(2028),중형·업무시간,지원비 가동시간만,51208608.0,0.05973431581755981,0.3982287721170654,0.284449122940761
092200,(주)디아이씨,중견,False,"2차(2028, 제품명 확인)",303,주식회사 디아이씨,의무,2025,857272864.0,406814288213.0,0.0021072830744606214,3천억~5천억,중견-2차(2028),중형·상시,지원비 상시,169919472.0,0.19820932066735755,1.321395471115717,0.9438539079397978
092200,(주)디아이씨,중견,False,"2차(2028, 제품명 확인)",303,주식회사 디아이씨,의무,2025,857272864.0,406814288213.0,0.0021072830744606214,3천억~5천억,중견-2차(2028),중형·상시,지원비 가동시간만,169919472.0,0.19820932066735755,1.321395471115717,0.9438539079397978
092200,(주)디아이씨,중견,False,"2차(2028, 제품명 확인)",303,주식회사 디아이씨,의무,2025,857272864.0,406814288213.0,0.0021072830744606214,3천억~5천억,중견-2차(2028),대형·상시,지원비 상시,270435216.0,0.3154599047241043,2.1030660314940284,1.5021900224957347
092200,(주)디아이씨,중견,False,"2차(2028, 제품명 확인)",303,주식회사 디아이씨,의무,2025,857272864.0,406814288213.0,0.0021072830744606214,3천억~5천억,중견-2차(2028),대형·상시,지원비 가동시간만,270435216.0,0.3154599047241043,2.1030660314940284,1.5021900224957347
353200,대덕전자(주),중견,False,비대상,2622,대덕전자 주식회사,의무,2025,18374290892.0,1064715003611.0,0.017257473436255957,1조~5조,중견-비대상,소형·업무시간,지원비 상시,43110960.0,0.002346265238391873,0.01564176825594582,0.011172691611389871
353200,대덕전자(주),중견,False,비대상,2622,대덕전자 주식회사,의무,2025,18374290892.0,1064715003611.0,0.017257473436255957,1조~5조,중견-비대상,소형·업무시간,지원비 가동시간만,18031200.0,0.0009813276662475514,0.006542184441650343,0.004672988886893103
353200,대덕전자(주),중견,False,비대상,2622,대덕전자 주식회사,의무,2025,18374290892.0,1064715003611.0,0.017257473436255957,1조~5조,중견-비대상,소형·상시,지원비 상시,59830800.0,0.0032562236198214207,0.02170815746547614,0.015505826761054385
353200,대덕전자(주),중견,False,비대상,2622,대덕전자 주식회사,의무,2025,18374290892.0,1064715003611.0,0.017257473436255957,1조~5조,중견-비대상,소형·상시,지원비 가동시간만,59830800.0,0.0032562236198214207,0.02170815746547614,0.015505826761054385
353200,대덕전자(주),중견,False,비대상,2622,대덕전자 주식회사,의무,2025,18374290892.0,1064715003611.0,0.017257473436255957,1조~5조,중견-비대상,중형·업무시간,지원비 상시,76288368.0,0.004151908144287368,0.027679387628582453,0.01977099116327318
353200,대덕전자(주),중견,False,비대상,2622,대덕전자 주식회사,의무,2025,18374290892.0,1064715003611.0,0.017257473436255957,1조~5조,중견-비대상,중형·업무시간,지원비 가동시간만,51208608.0,0.002786970572143046,0.018579803814286977,0.01327128843877641
353200,대덕전자(주),중견,False,비대상,2622,대덕전자 주식회사,의무,2025,18374290892.0,1064715003611.0,0.017257473436255957,1조~5조,중견-비대상,중형·상시,지원비 상시,169919472.0,0.009247675080292835,0.06165116720195224,0.044036548001394456
353200,대덕전자(주),중견,False,비대상,2622,대덕전자 주식회사,의무,2025,18374290892.0,1064715003611.0,0.017257473436255957,1조~5조,중견-비대상,중형·상시,지원비 가동시간만,169919472.0,0.009247675080292835,0.06165116720195224,0.044036548001394456
353200,대덕전자(주),중견,False,비대상,2622,대덕전자 주식회사,의무,2025,18374290892.0,1064715003611.0,0.017257473436255957,1조~5조,중견-비대상,대형·상시,지원비 상시,270435216.0,0.014718130761592821,0.09812087174395215,0.07008633695996583
353200,대덕전자(주),중견,False,비대상,2622,대덕전자 주식회사,의무,2025,18374290892.0,1064715003611.0,0.017257473436255957,1조~5조,중견-비대상,대형·상시,지원비 가동시간만,270435216.0,0.014718130761592821,0.09812087174395215,0.07008633695996583
104830,(주)원익머트리얼즈,중견,False,비대상,20121,주식회사 원익머트리얼즈,의무,2025,4419375178.0,302890865997.0,0.01459065186219175,3천억~5천억,중견-비대상,소형·업무시간,지원비 상시,43110960.0,0.009754989848929273,0.0650332656595285,0.04645233261394892
104830,(주)원익머트리얼즈,중견,False,비대상,20121,주식회사 원익머트리얼즈,의무,2025,4419375178.0,302890865997.0,0.01459065186219175,3천억~5천억,중견-비대상,소형·업무시간,지원비 가동시간만,18031200.0,0.004080033777118707,0.027200225180791387,0.019428732271993845
104830,(주)원익머트리얼즈,중견,False,비대상,20121,주식회사 원익머트리얼즈,의무,2025,4419375178.0,302890865997.0,0.01459065186219175,3천억~5천억,중견-비대상,소형·상시,지원비 상시,59830800.0,0.013538293896802984,0.09025529264535323,0.0644680661752523
104830,(주)원익머트리얼즈,중견,False,비대상,20121,주식회사 원익머트리얼즈,의무,2025,4419375178.0,302890865997.0,0.01459065186219175,3천억~5천억,중견-비대상,소형·상시,지원비 가동시간만,59830800.0,0.013538293896802984,0.09025529264535323,0.0644680661752523
104830,(주)원익머트리얼즈,중견,False,비대상,20121,주식회사 원익머트리얼즈,의무,2025,4419375178.0,302890865997.0,0.01459065186219175,3천억~5천억,중견-비대상,중형·업무시간,지원비 상시,76288368.0,0.017262251998827693,0.11508167999218465,0.08220119999441759
104830,(주)원익머트리얼즈,중견,False,비대상,20121,주식회사 원익머트리얼즈,의무,2025,4419375178.0,302890865997.0,0.01459065186219175,3천억~5천억,중견-비대상,중형·업무시간,지원비 가동시간만,51208608.0,0.011587295927017129,0.07724863951344754,0.05517759965246252
104830,(주)원익머트리얼즈,중견,False,비대상,20121,주식회사 원익머트리얼즈,의무,2025,4419375178.0,302890865997.0,0.01459065186219175,3천억~5천억,중견-비대상,중형·상시,지원비 상시,169919472.0,0.03844875466692047,0.2563250311128032,0.18308930793771655
104830,(주)원익머트리얼즈,중견,False,비대상,20121,주식회사 원익머트리얼즈,의무,2025,4419375178.0,302890865997.0,0.01459065186219175,3천억~5천억,중견-비대상,중형·상시,지원비 가동시간만,169919472.0,0.03844875466692047,0.2563250311128032,0.18308930793771655
104830,(주)원익머트리얼즈,중견,False,비대상,20121,주식회사 원익머트리얼즈,의무,2025,4419375178.0,302890865997.0,0.01459065186219175,3천억~5천억,중견-비대상,대형·상시,지원비 상시,270435216.0,0.061193088413549486,0.4079539227569966,0.29139565911214044
104830,(주)원익머트리얼즈,중견,False,비대상,20121,주식회사 원익머트리얼즈,의무,2025,4419375178.0,302890865997.0,0.01459065186219175,3천억~5천억,중견-비대상,대형·상시,지원비 가동시간만,270435216.0,0.061193088413549486,0.4079539227569966,0.29139565911214044
007210,(주)벽산,중견,False,비대상,23999,(주)벽산,의무,2025,2206237995.0,404333691940.0,0.005456478247989754,3천억~5천억,중견-비대상,소형·업무시간,지원비 상시,43110960.0,0.019540484797062885,0.1302698986470859,0.09304992760506135
007210,(주)벽산,중견,False,비대상,23999,(주)벽산,의무,2025,2206237995.0,404333691940.0,0.005456478247989754,3천억~5천억,중견-비대상,소형·업무시간,지원비 가동시간만,18031200.0,0.008172826340976871,0.054485508939845814,0.038918220671318435
007210,(주)벽산,중견,False,비대상,23999,(주)벽산,의무,2025,2206237995.0,404333691940.0,0.005456478247989754,3천억~5천억,중견-비대상,소형·상시,지원비 상시,59830800.0,0.027118923767786893,0.18079282511857928,0.12913773222755665
007210,(주)벽산,중견,False,비대상,23999,(주)벽산,의무,2025,2206237995.0,404333691940.0,0.005456478247989754,3천억~5천억,중견-비대상,소형·상시,지원비 가동시간만,59830800.0,0.027118923767786893,0.18079282511857928,0.12913773222755665
007210,(주)벽산,중견,False,비대상,23999,(주)벽산,의무,2025,2206237995.0,404333691940.0,0.005456478247989754,3천억~5천억,중견-비대상,중형·업무시간,지원비 상시,76288368.0,0.03457848526446033,0.23052323509640218,0.16465945364028728
007210,(주)벽산,중견,False,비대상,23999,(주)벽산,의무,2025,2206237995.0,404333691940.0,0.005456478247989754,3천억~5천억,중견-비대상,중형·업무시간,지원비 가동시간만,51208608.0,0.023210826808374316,0.1547388453891621,0.11052774670654436
007210,(주)벽산,중견,False,비대상,23999,(주)벽산,의무,2025,2206237995.0,404333691940.0,0.005456478247989754,3천억~5천억,중견-비대상,중형·상시,지원비 상시,169919472.0,0.07701774350051478,0.5134516233367652,0.36675115952626086
007210,(주)벽산,중견,False,비대상,23999,(주)벽산,의무,2025,2206237995.0,404333691940.0,0.005456478247989754,3천억~5천억,중견-비대상,중형·상시,지원비 가동시간만,169919472.0,0.07701774350051478,0.5134516233367652,0.36675115952626086
007210,(주)벽산,중견,False,비대상,23999,(주)벽산,의무,2025,2206237995.0,404333691940.0,0.005456478247989754,3천억~5천억,중견-비대상,대형·상시,지원비 상시,270435216.0,0.12257753543039676,0.8171835695359784,0.583702549668556
007210,(주)벽산,중견,False,비대상,23999,(주)벽산,의무,2025,2206237995.0,404333691940.0,0.005456478247989754,3천억~5천억,중견-비대상,대형·상시,지원비 가동시간만,270435216.0,0.12257753543039676,0.8171835695359784,0.583702549668556
161890,한국콜마(주),중견,False,비대상,20423,한국콜마,의무,2025,14074713703.0,1192752359723.0,0.011800197742864792,1조~5조,중견-비대상,소형·업무시간,지원비 상시,43110960.0,0.003063007952396998,0.02042005301597999,0.014585752154271419
161890,한국콜마(주),중견,False,비대상,20423,한국콜마,의무,2025,14074713703.0,1192752359723.0,0.011800197742864792,1조~5조,중견-비대상,소형·업무시간,지원비 가동시간만,18031200.0,0.0012811059876945618,0.008540706584630414,0.006100504703307437
161890,한국콜마(주),중견,False,비대상,20423,한국콜마,의무,2025,14074713703.0,1192752359723.0,0.011800197742864792,1조~5조,중견-비대상,소형·상시,지원비 상시,59830800.0,0.004250942595531955,0.028339617303546373,0.020242583788247406
161890,한국콜마(주),중견,False,비대상,20423,한국콜마,의무,2025,14074713703.0,1192752359723.0,0.011800197742864792,1조~5조,중견-비대상,소형·상시,지원비 가동시간만,59830800.0,0.004250942595531955,0.028339617303546373,0.020242583788247406
161890,한국콜마(주),중견,False,비대상,20423,한국콜마,의무,2025,14074713703.0,1192752359723.0,0.011800197742864792,1조~5조,중견-비대상,중형·업무시간,지원비 상시,76288368.0,0.005420242969754992,0.03613495313169995,0.025810680808357103
161890,한국콜마(주),중견,False,비대상,20423,한국콜마,의무,2025,14074713703.0,1192752359723.0,0.011800197742864792,1조~5조,중견-비대상,중형·업무시간,지원비 가동시간만,51208608.0,0.003638341005052556,0.024255606700350374,0.017325433357393123
161890,한국콜마(주),중견,False,비대상,20423,한국콜마,의무,2025,14074713703.0,1192752359723.0,0.011800197742864792,1조~5조,중견-비대상,중형·상시,지원비 상시,169919472.0,0.012072676971310753,0.0804845131420717,0.057488937958622637
161890,한국콜마(주),중견,False,비대상,20423,한국콜마,의무,2025,14074713703.0,1192752359723.0,0.011800197742864792,1조~5조,중견-비대상,중형·상시,지원비 가동시간만,169919472.0,0.012072676971310753,0.0804845131420717,0.057488937958622637
161890,한국콜마(주),중견,False,비대상,20423,한국콜마,의무,2025,14074713703.0,1192752359723.0,0.011800197742864792,1조~5조,중견-비대상,대형·상시,지원비 상시,270435216.0,0.019214260531804438,0.1280950702120296,0.09149647872287828
161890,한국콜마(주),중견,False,비대상,20423,한국콜마,의무,2025,14074713703.0,1192752359723.0,0.011800197742864792,1조~5조,중견-비대상,대형·상시,지원비 가동시간만,270435216.0,0.019214260531804438,0.1280950702120296,0.09149647872287828
215360,우리산업(주),중견,False,2차 후보(확인 필요),303,(주)우리산업,의무,2025,1017287146.0,517100624295.0,0.00196729050054221,5천억~1조,중견-2차 후보,소형·업무시간,지원비 상시,43110960.0,0.04237835911867503,0.2825223941245002,0.20180171008892872
215360,우리산업(주),중견,False,2차 후보(확인 필요),303,(주)우리산업,의무,2025,1017287146.0,517100624295.0,0.00196729050054221,5천억~1조,중견-2차 후보,소형·업무시간,지원비 가동시간만,18031200.0,0.017724788984997162,0.11816525989998107,0.08440375707141506
215360,우리산업(주),중견,False,2차 후보(확인 필요),303,(주)우리산업,의무,2025,1017287146.0,517100624295.0,0.00196729050054221,5천억~1조,중견-2차 후보,소형·상시,지원비 상시,59830800.0,0.05881407254112695,0.3920938169408463,0.28006701210060453
215360,우리산업(주),중견,False,2차 후보(확인 필요),303,(주)우리산업,의무,2025,1017287146.0,517100624295.0,0.00196729050054221,5천억~1조,중견-2차 후보,소형·상시,지원비 가동시간만,59830800.0,0.05881407254112695,0.3920938169408463,0.28006701210060453
215360,우리산업(주),중견,False,2차 후보(확인 필요),303,(주)우리산업,의무,2025,1017287146.0,517100624295.0,0.00196729050054221,5천억~1조,중견-2차 후보,중형·업무시간,지원비 상시,76288368.0,0.07499197085106982,0.4999464723404654,0.3571046231003324
215360,우리산업(주),중견,False,2차 후보(확인 필요),303,(주)우리산업,의무,2025,1017287146.0,517100624295.0,0.00196729050054221,5천억~1조,중견-2차 후보,중형·업무시간,지원비 가동시간만,51208608.0,0.05033840071739194,0.33558933811594627,0.23970667008281876
215360,우리산업(주),중견,False,2차 후보(확인 필요),303,(주)우리산업,의무,2025,1017287146.0,517100624295.0,0.00196729050054221,5천억~1조,중견-2차 후보,중형·상시,지원비 상시,169919472.0,0.16703196601680054,1.1135464401120034,0.7953903143657168
215360,우리산업(주),중견,False,2차 후보(확인 필요),303,(주)우리산업,의무,2025,1017287146.0,517100624295.0,0.00196729050054221,5천억~1조,중견-2차 후보,중형·상시,지원비 가동시간만,169919472.0,0.16703196601680054,1.1135464401120034,0.7953903143657168
215360,우리산업(주),중견,False,2차 후보(확인 필요),303,(주)우리산업,의무,2025,1017287146.0,517100624295.0,0.00196729050054221,5천억~1조,중견-2차 후보,대형·상시,지원비 상시,270435216.0,0.2658396078858938,1.7722640525726252,1.2659028946947324
215360,우리산업(주),중견,False,2차 후보(확인 필요),303,(주)우리산업,의무,2025,1017287146.0,517100624295.0,0.00196729050054221,5천억~1조,중견-2차 후보,대형·상시,지원비 가동시간만,270435216.0,0.2658396078858938,1.7722640525726252,1.2659028946947324
020000,(주)한섬,대기업,False,비대상,14112,(주)한섬,의무,2025,19907889746.0,1489379442000.0,0.013366566762373775,1조~5조,대기업,소형·업무시간,지원비 상시,43110960.0,0.0021655213360151386,0.01443680890676759,0.010312006361976852
020000,(주)한섬,대기업,False,비대상,14112,(주)한섬,의무,2025,19907889746.0,1489379442000.0,0.013366566762373775,1조~5조,대기업,소형·업무시간,지원비 가동시간만,18031200.0,0.0009057313572686891,0.006038209048457928,0.004313006463184234
020000,(주)한섬,대기업,False,비대상,14112,(주)한섬,의무,2025,19907889746.0,1489379442000.0,0.013366566762373775,1조~5조,대기업,소형·상시,지원비 상시,59830800.0,0.003005381321846105,0.020035875478974032,0.014311339627838596
020000,(주)한섬,대기업,False,비대상,14112,(주)한섬,의무,2025,19907889746.0,1489379442000.0,0.013366566762373775,1조~5조,대기업,소형·상시,지원비 가동시간만,59830800.0,0.003005381321846105,0.020035875478974032,0.014311339627838596
020000,(주)한섬,대기업,False,비대상,14112,(주)한섬,의무,2025,19907889746.0,1489379442000.0,0.013366566762373775,1조~5조,대기업,중형·업무시간,지원비 상시,76288368.0,0.0038320670333895266,0.025547113555930177,0.018247938254235842
020000,(주)한섬,대기업,False,비대상,14112,(주)한섬,의무,2025,19907889746.0,1489379442000.0,0.013366566762373775,1조~5조,대기업,중형·업무시간,지원비 가동시간만,51208608.0,0.0025722770546430774,0.017148513697620514,0.012248938355443226
020000,(주)한섬,대기업,False,비대상,14112,(주)한섬,의무,2025,19907889746.0,1489379442000.0,0.013366566762373775,1조~5조,대기업,중형·상시,지원비 상시,169919472.0,0.008535282954042938,0.05690188636028625,0.04064420454306161
020000,(주)한섬,대기업,False,비대상,14112,(주)한섬,의무,2025,19907889746.0,1489379442000.0,0.013366566762373775,1조~5조,대기업,중형·상시,지원비 가동시간만,169919472.0,0.008535282954042938,0.05690188636028625,0.04064420454306161
020000,(주)한섬,대기업,False,비대상,14112,(주)한섬,의무,2025,19907889746.0,1489379442000.0,0.013366566762373775,1조~5조,대기업,대형·상시,지원비 상시,270435216.0,0.013584323574744395,0.09056215716496263,0.06468725511783045
020000,(주)한섬,대기업,False,비대상,14112,(주)한섬,의무,2025,19907889746.0,1489379442000.0,0.013366566762373775,1조~5조,대기업,대형·상시,지원비 가동시간만,270435216.0,0.013584323574744395,0.09056215716496263,0.06468725511783045
011780,금호석유화학(주),중견,False,비대상,201,금호석유화학(주),의무,2025,16065486675.0,4571978509755.0,0.0035139024911691693,1조~5조,중견-비대상,소형·업무시간,지원비 상시,43110960.0,0.0026834518537858115,0.017889679025238744,0.012778342160884816
011780,금호석유화학(주),중견,False,비대상,201,금호석유화학(주),의무,2025,16065486675.0,4571978509755.0,0.0035139024911691693,1조~5조,중견-비대상,소형·업무시간,지원비 가동시간만,18031200.0,0.0011223562886556624,0.007482375257704417,0.005344553755503155
011780,금호석유화학(주),중견,False,비대상,201,금호석유화학(주),의무,2025,16065486675.0,4571978509755.0,0.0035139024911691693,1조~5조,중견-비대상,소형·상시,지원비 상시,59830800.0,0.003724182230539244,0.024827881536928293,0.017734201097805925
011780,금호석유화학(주),중견,False,비대상,201,금호석유화학(주),의무,2025,16065486675.0,4571978509755.0,0.0035139024911691693,1조~5조,중견-비대상,소형·상시,지원비 가동시간만,59830800.0,0.003724182230539244,0.024827881536928293,0.017734201097805925
011780,금호석유화학(주),중견,False,비대상,201,금호석유화학(주),의무,2025,16065486675.0,4571978509755.0,0.0035139024911691693,1조~5조,중견-비대상,중형·업무시간,지원비 상시,76288368.0,0.004748587424912231,0.03165724949941487,0.022612321071010622
011780,금호석유화학(주),중견,False,비대상,201,금호석유화학(주),의무,2025,16065486675.0,4571978509755.0,0.0035139024911691693,1조~5조,중견-비대상,중형·업무시간,지원비 가동시간만,51208608.0,0.0031874918597820817,0.021249945731880545,0.01517853266562896
011780,금호석유화학(주),중견,False,비대상,201,금호석유화학(주),의무,2025,16065486675.0,4571978509755.0,0.0035139024911691693,1조~5조,중견-비대상,중형·상시,지원비 상시,169919472.0,0.010576677534731453,0.07051118356487635,0.05036513111776882
011780,금호석유화학(주),중견,False,비대상,201,금호석유화학(주),의무,2025,16065486675.0,4571978509755.0,0.0035139024911691693,1조~5조,중견-비대상,중형·상시,지원비 가동시간만,169919472.0,0.010576677534731453,0.07051118356487635,0.05036513111776882
011780,금호석유화학(주),중견,False,비대상,201,금호석유화학(주),의무,2025,16065486675.0,4571978509755.0,0.0035139024911691693,1조~5조,중견-비대상,대형·상시,지원비 상시,270435216.0,0.016833303682037382,0.11222202454691588,0.08015858896208278
011780,금호석유화학(주),중견,False,비대상,201,금호석유화학(주),의무,2025,16065486675.0,4571978509755.0,0.0035139024911691693,1조~5조,중견-비대상,대형·상시,지원비 가동시간만,270435216.0,0.016833303682037382,0.11222202454691588,0.08015858896208278
140520,(주)대창스틸,중견,False,1차(2027),24122,대창스틸,의무,2025,63475000.0,398226905681.0,0.00015939405171896322,3천억~5천억,중견-1차(2027),소형·업무시간,지원비 상시,43110960.0,0.6791801496652226,4.527867664434817,3.234191188882012
140520,(주)대창스틸,중견,False,1차(2027),24122,대창스틸,의무,2025,63475000.0,398226905681.0,0.00015939405171896322,3천억~5천억,중견-1차(2027),소형·업무시간,지원비 가동시간만,18031200.0,0.2840677432059866,1.8937849547065775,1.3527035390761266
140520,(주)대창스틸,중견,False,1차(2027),24122,대창스틸,의무,2025,63475000.0,398226905681.0,0.00015939405171896322,3천억~5천억,중견-1차(2027),소형·상시,지원비 상시,59830800.0,0.9425884206380465,6.283922804253643,4.488516288752602
140520,(주)대창스틸,중견,False,1차(2027),24122,대창스틸,의무,2025,63475000.0,398226905681.0,0.00015939405171896322,3천억~5천억,중견-1차(2027),소형·상시,지원비 가동시간만,59830800.0,0.9425884206380465,6.283922804253643,4.488516288752602
140520,(주)대창스틸,중견,False,1차(2027),24122,대창스틸,의무,2025,63475000.0,398226905681.0,0.00015939405171896322,3천억~5천억,중견-1차(2027),중형·업무시간,지원비 상시,76288368.0,1.201864797164238,8.012431981094918,5.7231657007820855
140520,(주)대창스틸,중견,False,1차(2027),24122,대창스틸,의무,2025,63475000.0,398226905681.0,0.00015939405171896322,3천억~5천억,중견-1차(2027),중형·업무시간,지원비 가동시간만,51208608.0,0.8067523907050019,5.378349271366679,3.8416780509761996
140520,(주)대창스틸,중견,False,1차(2027),24122,대창스틸,의무,2025,63475000.0,398226905681.0,0.00015939405171896322,3천억~5천억,중견-1차(2027),중형·상시,지원비 상시,169919472.0,2.676951114612052,17.846340764080345,12.747386260057391
140520,(주)대창스틸,중견,False,1차(2027),24122,대창스틸,의무,2025,63475000.0,398226905681.0,0.00015939405171896322,3천억~5천억,중견-1차(2027),중형·상시,지원비 가동시간만,169919472.0,2.676951114612052,17.846340764080345,12.747386260057391
140520,(주)대창스틸,중견,False,1차(2027),24122,대창스틸,의무,2025,63475000.0,398226905681.0,0.00015939405171896322,3천억~5천억,중견-1차(2027),대형·상시,지원비 상시,270435216.0,4.26049966128397,28.40333107522647,20.28809362516176
140520,(주)대창스틸,중견,False,1차(2027),24122,대창스틸,의무,2025,63475000.0,398226905681.0,0.00015939405171896322,3천억~5천억,중견-1차(2027),대형·상시,지원비 가동시간만,270435216.0,4.26049966128397,28.40333107522647,20.28809362516176
393890,더블유씨피(주),중견,False,비대상,28202,,의무,2024,1062720469.0,322073352106.0,0.003299622468145828,3천억~5천억,중견-비대상,소형·업무시간,지원비 상시,43110960.0,0.04056660359667919,0.2704440239778613,0.19317430284132953
393890,더블유씨피(주),중견,False,비대상,28202,,의무,2024,1062720469.0,322073352106.0,0.003299622468145828,3천억~5천억,중견-비대상,소형·업무시간,지원비 가동시간만,18031200.0,0.016967020515721336,0.1131134701048089,0.08079533578914923
393890,더블유씨피(주),중견,False,비대상,28202,,의무,2024,1062720469.0,322073352106.0,0.003299622468145828,3천억~5천억,중견-비대상,소형·상시,지원비 상시,59830800.0,0.05629965898398443,0.37533105989322957,0.2680936142094497
393890,더블유씨피(주),중견,False,비대상,28202,,의무,2024,1062720469.0,322073352106.0,0.003299622468145828,3천억~5천억,중견-비대상,소형·상시,지원비 가동시간만,59830800.0,0.05629965898398443,0.37533105989322957,0.2680936142094497
393890,더블유씨피(주),중견,False,비대상,28202,,의무,2024,1062720469.0,322073352106.0,0.003299622468145828,3천억~5천억,중견-비대상,중형·업무시간,지원비 상시,76288368.0,0.07178592134560645,0.4785728089707097,0.3418377206933641
393890,더블유씨피(주),중견,False,비대상,28202,,의무,2024,1062720469.0,322073352106.0,0.003299622468145828,3천억~5천억,중견-비대상,중형·업무시간,지원비 가동시간만,51208608.0,0.0481863382646486,0.3212422550976573,0.22945875364118382
393890,더블유씨피(주),중견,False,비대상,28202,,의무,2024,1062720469.0,322073352106.0,0.003299622468145828,3천억~5천억,중견-비대상,중형·상시,지원비 상시,169919472.0,0.15989103151451578,1.0659402100967719,0.7613858643548371
393890,더블유씨피(주),중견,False,비대상,28202,,의무,2024,1062720469.0,322073352106.0,0.003299622468145828,3천억~5천억,중견-비대상,중형·상시,지원비 가동시간만,169919472.0,0.15989103151451578,1.0659402100967719,0.7613858643548371
393890,더블유씨피(주),중견,False,비대상,28202,,의무,2024,1062720469.0,322073352106.0,0.003299622468145828,3천억~5천억,중견-비대상,대형·상시,지원비 상시,270435216.0,0.25447445860760964,1.6964963907173976,1.2117831362267126
393890,더블유씨피(주),중견,False,비대상,28202,,의무,2024,1062720469.0,322073352106.0,0.003299622468145828,3천억~5천억,중견-비대상,대형·상시,지원비 가동시간만,270435216.0,0.25447445860760964,1.6964963907173976,1.2117831362267126
018310,삼목에스폼(주),중견,False,1차(2027),2511,,의무,2024,543039683.0,328190036417.0,0.0016546501195728285,3천억~5천억,중견-1차(2027),소형·업무시간,지원비 상시,43110960.0,0.07938823137534867,0.5292548758356578,0.3780391970254699
018310,삼목에스폼(주),중견,False,1차(2027),2511,,의무,2024,543039683.0,328190036417.0,0.0016546501195728285,3천억~5천억,중견-1차(2027),소형·업무시간,지원비 가동시간만,18031200.0,0.03320420323683785,0.2213613549122523,0.1581152535087517
018310,삼목에스폼(주),중견,False,1차(2027),2511,,의무,2024,543039683.0,328190036417.0,0.0016546501195728285,3천억~5천억,중견-1차(2027),소형·상시,지원비 상시,59830800.0,0.11017758346768923,0.7345172231179282,0.5246551593699488
018310,삼목에스폼(주),중견,False,1차(2027),2511,,의무,2024,543039683.0,328190036417.0,0.0016546501195728285,3천억~5천억,중견-1차(2027),소형·상시,지원비 가동시간만,59830800.0,0.11017758346768923,0.7345172231179282,0.5246551593699488
018310,삼목에스폼(주),중견,False,1차(2027),2511,,의무,2024,543039683.0,328190036417.0,0.0016546501195728285,3천억~5천억,중견-1차(2027),중형·업무시간,지원비 상시,76288368.0,0.14048396533113033,0.9365597688742021,0.668971263481573
018310,삼목에스폼(주),중견,False,1차(2027),2511,,의무,2024,543039683.0,328190036417.0,0.0016546501195728285,3천억~5천억,중견-1차(2027),중형·업무시간,지원비 가동시간만,51208608.0,0.09429993719261949,0.6286662479507966,0.44904731996485475
018310,삼목에스폼(주),중견,False,1차(2027),2511,,의무,2024,543039683.0,328190036417.0,0.0016546501195728285,3천억~5천억,중견-1차(2027),중형·상시,지원비 상시,169919472.0,0.3129043370482374,2.086028913654916,1.4900206526106545
018310,삼목에스폼(주),중견,False,1차(2027),2511,,의무,2024,543039683.0,328190036417.0,0.0016546501195728285,3천억~5천억,중견-1차(2027),중형·상시,지원비 가동시간만,169919472.0,0.3129043370482374,2.086028913654916,1.4900206526106545
018310,삼목에스폼(주),중견,False,1차(2027),2511,,의무,2024,543039683.0,328190036417.0,0.0016546501195728285,3천억~5천억,중견-1차(2027),대형·상시,지원비 상시,270435216.0,0.4980026772739553,3.3200178484930354,2.3714413203521683
018310,삼목에스폼(주),중견,False,1차(2027),2511,,의무,2024,543039683.0,328190036417.0,0.0016546501195728285,3천억~5천억,중견-1차(2027),대형·상시,지원비 가동시간만,270435216.0,0.4980026772739553,3.3200178484930354,2.3714413203521683
008490,(주)서흥,중견,False,비대상,2049,(주)서흥,의무,2025,3119020639.0,355633395020.0,0.008770325516884019,3천억~5천억,중견-비대상,소형·업무시간,지원비 상시,43110960.0,0.013821954064985589,0.09214636043323726,0.06581882888088376
008490,(주)서흥,중견,False,비대상,2049,(주)서흥,의무,2025,3119020639.0,355633395020.0,0.008770325516884019,3천억~5천억,중견-비대상,소형·업무시간,지원비 가동시간만,18031200.0,0.0057810454264198285,0.03854030284279886,0.02752878774485633
008490,(주)서흥,중견,False,비대상,2049,(주)서흥,의무,2025,3119020639.0,355633395020.0,0.008770325516884019,3천억~5천억,중견-비대상,소형·상시,지원비 상시,59830800.0,0.01918255982402943,0.12788373216019622,0.09134552297156873
008490,(주)서흥,중견,False,비대상,2049,(주)서흥,의무,2025,3119020639.0,355633395020.0,0.008770325516884019,3천억~5천억,중견-비대상,소형·상시,지원비 가동시간만,59830800.0,0.01918255982402943,0.12788373216019622,0.09134552297156873
008490,(주)서흥,중견,False,비대상,2049,(주)서흥,의무,2025,3119020639.0,355633395020.0,0.008770325516884019,3천억~5천억,중견-비대상,중형·업무시간,지원비 상시,76288368.0,0.024459077649598072,0.16306051766398716,0.11647179833141941
008490,(주)서흥,중견,False,비대상,2049,(주)서흥,의무,2025,3119020639.0,355633395020.0,0.008770325516884019,3천억~5천억,중견-비대상,중형·업무시간,지원비 가동시간만,51208608.0,0.016418169011032314,0.10945446007354875,0.07818175719539197
008490,(주)서흥,중견,False,비대상,2049,(주)서흥,의무,2025,3119020639.0,355633395020.0,0.008770325516884019,3천억~5천억,중견-비대상,중형·상시,지원비 상시,169919472.0,0.05447846990024358,0.3631897993349572,0.2594212852392552
008490,(주)서흥,중견,False,비대상,2049,(주)서흥,의무,2025,3119020639.0,355633395020.0,0.008770325516884019,3천억~5천억,중견-비대상,중형·상시,지원비 가동시간만,169919472.0,0.05447846990024358,0.3631897993349572,0.2594212852392552
008490,(주)서흥,중견,False,비대상,2049,(주)서흥,의무,2025,3119020639.0,355633395020.0,0.008770325516884019,3천억~5천억,중견-비대상,대형·상시,지원비 상시,270435216.0,0.08670517040461302,0.5780344693640869,0.4128817638314906
008490,(주)서흥,중견,False,비대상,2049,(주)서흥,의무,2025,3119020639.0,355633395020.0,0.008770325516884019,3천억~5천억,중견-비대상,대형·상시,지원비 가동시간만,270435216.0,0.08670517040461302,0.5780344693640869,0.4128817638314906
006650,대한유화(주),중견,False,비대상,20111,대한유화(주),의무,2025,1902460127.0,2828725728648.0,0.0006725502256131732,1조~5조,중견-비대상,소형·업무시간,지원비 상시,43110960.0,0.022660637869967828,0.15107091913311885,0.10790779938079918
006650,대한유화(주),중견,False,비대상,20111,대한유화(주),의무,2025,1902460127.0,2828725728648.0,0.0006725502256131732,1조~5조,중견-비대상,소형·업무시간,지원비 가동시간만,18031200.0,0.009477833329644338,0.06318555553096225,0.04513253966497304
006650,대한유화(주),중견,False,비대상,20111,대한유화(주),의무,2025,1902460127.0,2828725728648.0,0.0006725502256131732,1조~5조,중견-비대상,소형·상시,지원비 상시,59830800.0,0.03144917423018349,0.20966116153455655,0.14975797252468329
006650,대한유화(주),중견,False,비대상,20111,대한유화(주),의무,2025,1902460127.0,2828725728648.0,0.0006725502256131732,1조~5조,중견-비대상,소형·상시,지원비 가동시간만,59830800.0,0.03144917423018349,0.20966116153455655,0.14975797252468329
006650,대한유화(주),중견,False,비대상,20111,대한유화(주),의무,2025,1902460127.0,2828725728648.0,0.0006725502256131732,1조~5조,중견-비대상,중형·업무시간,지원비 상시,76288368.0,0.04009985119651341,0.26733234131008937,0.1909516723643496
006650,대한유화(주),중견,False,비대상,20111,대한유화(주),의무,2025,1902460127.0,2828725728648.0,0.0006725502256131732,1조~5조,중견-비대상,중형·업무시간,지원비 가동시간만,51208608.0,0.02691704665618992,0.1794469777079328,0.12817641264852345
006650,대한유화(주),중견,False,비대상,20111,대한유화(주),의무,2025,1902460127.0,2828725728648.0,0.0006725502256131732,1조~5조,중견-비대상,중형·상시,지원비 상시,169919472.0,0.0893156548137211,0.5954376987581407,0.4253126419701005
006650,대한유화(주),중견,False,비대상,20111,대한유화(주),의무,2025,1902460127.0,2828725728648.0,0.0006725502256131732,1조~5조,중견-비대상,중형·상시,지원비 가동시간만,169919472.0,0.0893156548137211,0.5954376987581407,0.4253126419701005
006650,대한유화(주),중견,False,비대상,20111,대한유화(주),의무,2025,1902460127.0,2828725728648.0,0.0006725502256131732,1조~5조,중견-비대상,대형·상시,지원비 상시,270435216.0,0.14215026752042936,0.9476684501361956,0.6769060358115684
006650,대한유화(주),중견,False,비대상,20111,대한유화(주),의무,2025,1902460127.0,2828725728648.0,0.0006725502256131732,1조~5조,중견-비대상,대형·상시,지원비 가동시간만,270435216.0,0.14215026752042936,0.9476684501361956,0.6769060358115684
143160,(주)아이디스,중견,False,비대상,26429,아이디스,자율,2025,1987042863.0,212943996893.0,0.009331293166242429,3천억 미만,중견-비대상,소형·업무시간,지원비 상시,43110960.0,0.021696039276632353,0.1446402618442157,0.10331447274586836
143160,(주)아이디스,중견,False,비대상,26429,아이디스,자율,2025,1987042863.0,212943996893.0,0.009331293166242429,3천억 미만,중견-비대상,소형·업무시간,지원비 가동시간만,18031200.0,0.009074389051062962,0.06049592700708641,0.04321137643363315
143160,(주)아이디스,중견,False,비대상,26429,아이디스,자율,2025,1987042863.0,212943996893.0,0.009331293166242429,3천억 미만,중견-비대상,소형·상시,지원비 상시,59830800.0,0.030110472760345283,0.20073648506896855,0.14338320362069182
143160,(주)아이디스,중견,False,비대상,26429,아이디스,자율,2025,1987042863.0,212943996893.0,0.009331293166242429,3천억 미만,중견-비대상,소형·상시,지원비 가동시간만,59830800.0,0.030110472760345283,0.20073648506896855,0.14338320362069182
143160,(주)아이디스,중견,False,비대상,26429,아이디스,자율,2025,1987042863.0,212943996893.0,0.009331293166242429,3천억 미만,중견-비대상,중형·업무시간,지원비 상시,76288368.0,0.0383929151305882,0.2559527675372547,0.18282340538375336
143160,(주)아이디스,중견,False,비대상,26429,아이디스,자율,2025,1987042863.0,212943996893.0,0.009331293166242429,3천억 미만,중견-비대상,중형·업무시간,지원비 가동시간만,51208608.0,0.025771264905018812,0.1718084327001254,0.12272030907151815
143160,(주)아이디스,중견,False,비대상,26429,아이디스,자율,2025,1987042863.0,212943996893.0,0.009331293166242429,3천억 미만,중견-비대상,중형·상시,지원비 상시,169919472.0,0.0855137426393806,0.5700916175958707,0.4072082982827648
143160,(주)아이디스,중견,False,비대상,26429,아이디스,자율,2025,1987042863.0,212943996893.0,0.009331293166242429,3천억 미만,중견-비대상,중형·상시,지원비 가동시간만,169919472.0,0.0855137426393806,0.5700916175958707,0.4072082982827648
143160,(주)아이디스,중견,False,비대상,26429,아이디스,자율,2025,1987042863.0,212943996893.0,0.009331293166242429,3천억 미만,중견-비대상,대형·상시,지원비 상시,270435216.0,0.13609933687676068,0.9073289125117379,0.648092080365527
143160,(주)아이디스,중견,False,비대상,26429,아이디스,자율,2025,1987042863.0,212943996893.0,0.009331293166242429,3천억 미만,중견-비대상,대형·상시,지원비 가동시간만,270435216.0,0.13609933687676068,0.9073289125117379,0.648092080365527
000100,(주)유한양행,중견,False,비대상,212,(주) 유한양행,의무,2025,10789801701.0,2105660561260.0,0.005124188532335678,1조~5조,중견-비대상,소형·업무시간,지원비 상시,43110960.0,0.0039955284809362595,0.026636856539575066,0.019026326099696473
000100,(주)유한양행,중견,False,비대상,212,(주) 유한양행,의무,2025,10789801701.0,2105660561260.0,0.005124188532335678,1조~5조,중견-비대상,소형·업무시간,지원비 가동시간만,18031200.0,0.001671133585182466,0.011140890567883107,0.007957778977059361
000100,(주)유한양행,중견,False,비대상,212,(주) 유한양행,의무,2025,10789801701.0,2105660561260.0,0.005124188532335678,1조~5조,중견-비대상,소형·상시,지원비 상시,59830800.0,0.005545125078105455,0.03696750052070304,0.026405357514787883
000100,(주)유한양행,중견,False,비대상,212,(주) 유한양행,의무,2025,10789801701.0,2105660561260.0,0.005124188532335678,1조~5조,중견-비대상,소형·상시,지원비 가동시간만,59830800.0,0.005545125078105455,0.03696750052070304,0.026405357514787883
000100,(주)유한양행,중견,False,비대상,212,(주) 유한양행,의무,2025,10789801701.0,2105660561260.0,0.005124188532335678,1조~5조,중견-비대상,중형·업무시간,지원비 상시,76288368.0,0.007070414277671997,0.04713609518447998,0.0336686394174857
000100,(주)유한양행,중견,False,비대상,212,(주) 유한양행,의무,2025,10789801701.0,2105660561260.0,0.005124188532335678,1조~5조,중견-비대상,중형·업무시간,지원비 가동시간만,51208608.0,0.004746019381918203,0.031640129212788026,0.02260009229484859
000100,(주)유한양행,중견,False,비대상,212,(주) 유한양행,의무,2025,10789801701.0,2105660561260.0,0.005124188532335678,1조~5조,중견-비대상,중형·상시,지원비 상시,169919472.0,0.015748155221819493,0.10498770147879663,0.07499121534199758
000100,(주)유한양행,중견,False,비대상,212,(주) 유한양행,의무,2025,10789801701.0,2105660561260.0,0.005124188532335678,1조~5조,중견-비대상,중형·상시,지원비 가동시간만,169919472.0,0.015748155221819493,0.10498770147879663,0.07499121534199758
000100,(주)유한양행,중견,False,비대상,212,(주) 유한양행,의무,2025,10789801701.0,2105660561260.0,0.005124188532335678,1조~5조,중견-비대상,대형·상시,지원비 상시,270435216.0,0.02506396535303666,0.16709310235357774,0.11935221596684123
000100,(주)유한양행,중견,False,비대상,212,(주) 유한양행,의무,2025,10789801701.0,2105660561260.0,0.005124188532335678,1조~5조,중견-비대상,대형·상시,지원비 가동시간만,270435216.0,0.02506396535303666,0.16709310235357774,0.11935221596684123
052330,(주)코텍,중견,False,비대상,26519,(주)코텍,의무,2025,1118223147.0,396838360262.0,0.0028178302779542997,3천억~5천억,중견-비대상,소형·업무시간,지원비 상시,43110960.0,0.0385530921226763,0.25702061415117533,0.18358615296512523
052330,(주)코텍,중견,False,비대상,26519,(주)코텍,의무,2025,1118223147.0,396838360262.0,0.0028178302779542997,3천억~5천억,중견-비대상,소형·업무시간,지원비 가동시간만,18031200.0,0.016124867427735334,0.10749911618490224,0.07678508298921588
052330,(주)코텍,중견,False,비대상,26519,(주)코텍,의무,2025,1118223147.0,396838360262.0,0.0028178302779542997,3천억~5천억,중견-비대상,소형·상시,지원비 상시,59830800.0,0.05350524191930361,0.35670161279535745,0.2547868662823981
052330,(주)코텍,중견,False,비대상,26519,(주)코텍,의무,2025,1118223147.0,396838360262.0,0.0028178302779542997,3천억~5천억,중견-비대상,소형·상시,지원비 가동시간만,59830800.0,0.05350524191930361,0.35670161279535745,0.2547868662823981
052330,(주)코텍,중견,False,비대상,26519,(주)코텍,의무,2025,1118223147.0,396838360262.0,0.0028178302779542997,3천억~5천억,중견-비대상,중형·업무시간,지원비 상시,76288368.0,0.0682228481897093,0.45481898793139547,0.3248707056652824
052330,(주)코텍,중견,False,비대상,26519,(주)코텍,의무,2025,1118223147.0,396838360262.0,0.0028178302779542997,3천억~5천억,중견-비대상,중형·업무시간,지원비 가동시간만,51208608.0,0.04579462349476835,0.30529748996512235,0.21806963568937307
052330,(주)코텍,중견,False,비대상,26519,(주)코텍,의무,2025,1118223147.0,396838360262.0,0.0028178302779542997,3천억~5천억,중견-비대상,중형·상시,지원비 상시,169919472.0,0.15195488705082225,1.0130325803388152,0.7235947002420107
052330,(주)코텍,중견,False,비대상,26519,(주)코텍,의무,2025,1118223147.0,396838360262.0,0.0028178302779542997,3천억~5천억,중견-비대상,중형·상시,지원비 가동시간만,169919472.0,0.15195488705082225,1.0130325803388152,0.7235947002420107
052330,(주)코텍,중견,False,비대상,26519,(주)코텍,의무,2025,1118223147.0,396838360262.0,0.0028178302779542997,3천억~5천억,중견-비대상,대형·상시,지원비 상시,270435216.0,0.2418436934752523,1.6122912898350155,1.1516366355964396
052330,(주)코텍,중견,False,비대상,26519,(주)코텍,의무,2025,1118223147.0,396838360262.0,0.0028178302779542997,3천억~5천억,중견-비대상,대형·상시,지원비 가동시간만,270435216.0,0.2418436934752523,1.6122912898350155,1.1516366355964396
017370,(주)우신시스템,중견,False,2차 후보(확인 필요),292,,의무,2024,785743834.0,365470191408.0,0.002149953272448475,3천억~5천억,중견-2차 후보,소형·업무시간,지원비 상시,43110960.0,0.05486643118856469,0.36577620792376464,0.2612687199455462
017370,(주)우신시스템,중견,False,2차 후보(확인 필요),292,,의무,2024,785743834.0,365470191408.0,0.002149953272448475,3천억~5천억,중견-2차 후보,소형·업무시간,지원비 가동시간만,18031200.0,0.022947936999019453,0.1529862466601297,0.10927589047152123
017370,(주)우신시스템,중견,False,2차 후보(확인 필요),292,,의무,2024,785743834.0,365470191408.0,0.002149953272448475,3천억~5천억,중견-2차 후보,소형·상시,지원비 상시,59830800.0,0.07614542731492818,0.5076361820995213,0.3625972729282295
017370,(주)우신시스템,중견,False,2차 후보(확인 필요),292,,의무,2024,785743834.0,365470191408.0,0.002149953272448475,3천억~5천억,중견-2차 후보,소형·상시,지원비 가동시간만,59830800.0,0.07614542731492818,0.5076361820995213,0.3625972729282295
017370,(주)우신시스템,중견,False,2차 후보(확인 필요),292,,의무,2024,785743834.0,365470191408.0,0.002149953272448475,3천억~5천억,중견-2차 후보,중형·업무시간,지원비 상시,76288368.0,0.09709063526676048,0.6472709017784033,0.46233635841314524
017370,(주)우신시스템,중견,False,2차 후보(확인 필요),292,,의무,2024,785743834.0,365470191408.0,0.002149953272448475,3천억~5천억,중견-2차 후보,중형·업무시간,지원비 가동시간만,51208608.0,0.06517214107721525,0.4344809405147684,0.31034352893912026
017370,(주)우신시스템,중견,False,2차 후보(확인 필요),292,,의무,2024,785743834.0,365470191408.0,0.002149953272448475,3천억~5천억,중견-2차 후보,중형·상시,지원비 상시,169919472.0,0.21625301357439605,1.4416867571626404,1.0297762551161718
017370,(주)우신시스템,중견,False,2차 후보(확인 필요),292,,의무,2024,785743834.0,365470191408.0,0.002149953272448475,3천억~5천억,중견-2차 후보,중형·상시,지원비 가동시간만,169919472.0,0.21625301357439605,1.4416867571626404,1.0297762551161718
017370,(주)우신시스템,중견,False,2차 후보(확인 필요),292,,의무,2024,785743834.0,365470191408.0,0.002149953272448475,3천억~5천억,중견-2차 후보,대형·상시,지원비 상시,270435216.0,0.3441773314634754,2.2945155430898363,1.6389396736355972
017370,(주)우신시스템,중견,False,2차 후보(확인 필요),292,,의무,2024,785743834.0,365470191408.0,0.002149953272448475,3천억~5천억,중견-2차 후보,대형·상시,지원비 가동시간만,270435216.0,0.3441773314634754,2.2945155430898363,1.6389396736355972
039030,(주)이오테크닉스,중견,False,비대상,29271,(주)이오테크닉스,의무,2025,1318351331.0,348509726704.0,0.0037828250690968984,3천억~5천억,중견-비대상,소형·업무시간,지원비 상시,43110960.0,0.03270066103494532,0.21800440689963546,0.15571743349973963
039030,(주)이오테크닉스,중견,False,비대상,29271,(주)이오테크닉스,의무,2025,1318351331.0,348509726704.0,0.0037828250690968984,3천억~5천억,중견-비대상,소형·업무시간,지원비 가동시간만,18031200.0,0.01367708256214443,0.0911805504142962,0.06512896458164015
039030,(주)이오테크닉스,중견,False,비대상,29271,(주)이오테크닉스,의무,2025,1318351331.0,348509726704.0,0.0037828250690968984,3천억~5천억,중견-비대상,소형·상시,지원비 상시,59830800.0,0.04538304668347925,0.3025536445565283,0.21610974611180594
039030,(주)이오테크닉스,중견,False,비대상,29271,(주)이오테크닉스,의무,2025,1318351331.0,348509726704.0,0.0037828250690968984,3천억~5천억,중견-비대상,소형·상시,지원비 가동시간만,59830800.0,0.04538304668347925,0.3025536445565283,0.21610974611180594
039030,(주)이오테크닉스,중견,False,비대상,29271,(주)이오테크닉스,의무,2025,1318351331.0,348509726704.0,0.0037828250690968984,3천억~5천억,중견-비대상,중형·업무시간,지원비 상시,76288368.0,0.057866492949291075,0.3857766196619405,0.2755547283299575
039030,(주)이오테크닉스,중견,False,비대상,29271,(주)이오테크닉스,의무,2025,1318351331.0,348509726704.0,0.0037828250690968984,3천억~5천억,중견-비대상,중형·업무시간,지원비 가동시간만,51208608.0,0.03884291447649018,0.2589527631766012,0.18496625941185801
039030,(주)이오테크닉스,중견,False,비대상,29271,(주)이오테크닉스,의무,2025,1318351331.0,348509726704.0,0.0037828250690968984,3천억~5천억,중견-비대상,중형·상시,지원비 상시,169919472.0,0.12888785258108107,0.8592523505405404,0.6137516789575289
039030,(주)이오테크닉스,중견,False,비대상,29271,(주)이오테크닉스,의무,2025,1318351331.0,348509726704.0,0.0037828250690968984,3천억~5천억,중견-비대상,중형·상시,지원비 가동시간만,169919472.0,0.12888785258108107,0.8592523505405404,0.6137516789575289
039030,(주)이오테크닉스,중견,False,비대상,29271,(주)이오테크닉스,의무,2025,1318351331.0,348509726704.0,0.0037828250690968984,3천억~5천억,중견-비대상,대형·상시,지원비 상시,270435216.0,0.20513137100932619,1.367542473395508,0.9768160524253628
039030,(주)이오테크닉스,중견,False,비대상,29271,(주)이오테크닉스,의무,2025,1318351331.0,348509726704.0,0.0037828250690968984,3천억~5천억,중견-비대상,대형·상시,지원비 가동시간만,270435216.0,0.20513137100932619,1.367542473395508,0.9768160524253628
058470,리노공업(주),중견,False,비대상,2629,리노공업(주),의무,2025,2007897465.0,372534084608.0,0.005389835582730143,3천억~5천억,중견-비대상,소형·업무시간,지원비 상시,43110960.0,0.021470697957178805,0.14313798638119202,0.1022414188437086
058470,리노공업(주),중견,False,비대상,2629,리노공업(주),의무,2025,2007897465.0,372534084608.0,0.005389835582730143,3천억~5천억,중견-비대상,소형·업무시간,지원비 가동시간만,18031200.0,0.00898013982999874,0.05986759886665826,0.042762570619041616
058470,리노공업(주),중견,False,비대상,2629,리노공업(주),의무,2025,2007897465.0,372534084608.0,0.005389835582730143,3천억~5천억,중견-비대상,소형·상시,지원비 상시,59830800.0,0.029797736708632182,0.19865157805754788,0.1418939843268199
058470,리노공업(주),중견,False,비대상,2629,리노공업(주),의무,2025,2007897465.0,372534084608.0,0.005389835582730143,3천억~5천억,중견-비대상,소형·상시,지원비 가동시간만,59830800.0,0.029797736708632182,0.19865157805754788,0.1418939843268199
058470,리노공업(주),중견,False,비대상,2629,리노공업(주),의무,2025,2007897465.0,372534084608.0,0.005389835582730143,3천억~5천억,중견-비대상,중형·업무시간,지원비 상시,76288368.0,0.037994155244376486,0.25329436829584323,0.18092454878274516
058470,리노공업(주),중견,False,비대상,2629,리노공업(주),의무,2025,2007897465.0,372534084608.0,0.005389835582730143,3천억~5천억,중견-비대상,중형·업무시간,지원비 가동시간만,51208608.0,0.02550359711719642,0.17002398078130948,0.1214457005580782
058470,리노공업(주),중견,False,비대상,2629,리노공업(주),의무,2025,2007897465.0,372534084608.0,0.005389835582730143,3천억~5천억,중견-비대상,중형·상시,지원비 상시,169919472.0,0.0846255722525154,0.564170481683436,0.40297891548816855
058470,리노공업(주),중견,False,비대상,2629,리노공업(주),의무,2025,2007897465.0,372534084608.0,0.005389835582730143,3천억~5천억,중견-비대상,중형·상시,지원비 가동시간만,169919472.0,0.0846255722525154,0.564170481683436,0.40297891548816855
058470,리노공업(주),중견,False,비대상,2629,리노공업(주),의무,2025,2007897465.0,372534084608.0,0.005389835582730143,3천억~5천억,중견-비대상,대형·상시,지원비 상시,270435216.0,0.13468576992301745,0.8979051328201164,0.641360809157226
058470,리노공업(주),중견,False,비대상,2629,리노공업(주),의무,2025,2007897465.0,372534084608.0,0.005389835582730143,3천억~5천억,중견-비대상,대형·상시,지원비 가동시간만,270435216.0,0.13468576992301745,0.8979051328201164,0.641360809157226
009160,(주)SIMPAC,중견,False,1차(2027),24113,주식회사 SIMPAC,의무,2025,3793861542.0,698629014180.0,0.005430437993550782,5천억~1조,중견-1차(2027),소형·업무시간,지원비 상시,43110960.0,0.011363345636823981,0.07575563757882654,0.05411116969916182
009160,(주)SIMPAC,중견,False,1차(2027),24113,주식회사 SIMPAC,의무,2025,3793861542.0,698629014180.0,0.005430437993550782,5천억~1조,중견-1차(2027),소형·업무시간,지원비 가동시간만,18031200.0,0.00475273011426098,0.03168486742840654,0.02263204816314753
009160,(주)SIMPAC,중견,False,1차(2027),24113,주식회사 SIMPAC,의무,2025,3793861542.0,698629014180.0,0.005430437993550782,5천억~1조,중견-1차(2027),소형·상시,지원비 상시,59830800.0,0.01577042265186598,0.10513615101243988,0.07509725072317135
009160,(주)SIMPAC,중견,False,1차(2027),24113,주식회사 SIMPAC,의무,2025,3793861542.0,698629014180.0,0.005430437993550782,5천억~1조,중견-1차(2027),소형·상시,지원비 가동시간만,59830800.0,0.01577042265186598,0.10513615101243988,0.07509725072317135
009160,(주)SIMPAC,중견,False,1차(2027),24113,주식회사 SIMPAC,의무,2025,3793861542.0,698629014180.0,0.005430437993550782,5천억~1조,중견-1차(2027),중형·업무시간,지원비 상시,76288368.0,0.020108369047064187,0.13405579364709458,0.09575413831935327
009160,(주)SIMPAC,중견,False,1차(2027),24113,주식회사 SIMPAC,의무,2025,3793861542.0,698629014180.0,0.005430437993550782,5천억~1조,중견-1차(2027),중형·업무시간,지원비 가동시간만,51208608.0,0.013497753524501185,0.08998502349667457,0.06427501678333898
009160,(주)SIMPAC,중견,False,1차(2027),24113,주식회사 SIMPAC,의무,2025,3793861542.0,698629014180.0,0.005430437993550782,5천억~1조,중견-1차(2027),중형·상시,지원비 상시,169919472.0,0.044788000331299385,0.29858666887532925,0.21327619205380663
009160,(주)SIMPAC,중견,False,1차(2027),24113,주식회사 SIMPAC,의무,2025,3793861542.0,698629014180.0,0.005430437993550782,5천억~1조,중견-1차(2027),중형·상시,지원비 가동시간만,169919472.0,0.044788000331299385,0.29858666887532925,0.21327619205380663
009160,(주)SIMPAC,중견,False,1차(2027),24113,주식회사 SIMPAC,의무,2025,3793861542.0,698629014180.0,0.005430437993550782,5천억~1조,중견-1차(2027),대형·상시,지원비 상시,270435216.0,0.07128231038643423,0.47521540257622824,0.3394395732687345
009160,(주)SIMPAC,중견,False,1차(2027),24113,주식회사 SIMPAC,의무,2025,3793861542.0,698629014180.0,0.005430437993550782,5천억~1조,중견-1차(2027),대형·상시,지원비 가동시간만,270435216.0,0.07128231038643423,0.47521540257622824,0.3394395732687345
017800,현대엘리베이터(주),중견,False,2차(2028),29162,현대엘리베이터(주),의무,2025,32038148323.0,1607100236100.0,0.01993537652682322,1조~5조,중견-2차(2028),소형·업무시간,지원비 상시,43110960.0,0.0013456133471062962,0.008970755647375308,0.0064076826052680775
017800,현대엘리베이터(주),중견,False,2차(2028),29162,현대엘리베이터(주),의무,2025,32038148323.0,1607100236100.0,0.01993537652682322,1조~5조,중견-2차(2028),소형·업무시간,지원비 가동시간만,18031200.0,0.0005628040615273482,0.0037520270768489883,0.0026800193406064203
017800,현대엘리베이터(주),중견,False,2차(2028),29162,현대엘리베이터(주),의무,2025,32038148323.0,1607100236100.0,0.01993537652682322,1조~5조,중견-2차(2028),소형·상시,지원비 상시,59830800.0,0.001867486204158928,0.012449908027726189,0.00889279144837585
017800,현대엘리베이터(주),중견,False,2차(2028),29162,현대엘리베이터(주),의무,2025,32038148323.0,1607100236100.0,0.01993537652682322,1조~5조,중견-2차(2028),소형·상시,지원비 가동시간만,59830800.0,0.001867486204158928,0.012449908027726189,0.00889279144837585
017800,현대엘리베이터(주),중견,False,2차(2028),29162,현대엘리베이터(주),의무,2025,32038148323.0,1607100236100.0,0.01993537652682322,1조~5조,중견-2차(2028),중형·업무시간,지원비 상시,76288368.0,0.0023811728203166167,0.015874485468777448,0.01133891819198389
017800,현대엘리베이터(주),중견,False,2차(2028),29162,현대엘리베이터(주),의무,2025,32038148323.0,1607100236100.0,0.01993537652682322,1조~5조,중견-2차(2028),중형·업무시간,지원비 가동시간만,51208608.0,0.0015983635347376689,0.010655756898251127,0.007611254927322233
017800,현대엘리베이터(주),중견,False,2차(2028),29162,현대엘리베이터(주),의무,2025,32038148323.0,1607100236100.0,0.01993537652682322,1조~5조,중견-2차(2028),중형·상시,지원비 상시,169919472.0,0.005303660819811356,0.03535773879874238,0.02525552771338741
017800,현대엘리베이터(주),중견,False,2차(2028),29162,현대엘리베이터(주),의무,2025,32038148323.0,1607100236100.0,0.01993537652682322,1조~5조,중견-2차(2028),중형·상시,지원비 가동시간만,169919472.0,0.005303660819811356,0.03535773879874238,0.02525552771338741
017800,현대엘리베이터(주),중견,False,2차(2028),29162,현대엘리베이터(주),의무,2025,32038148323.0,1607100236100.0,0.01993537652682322,1조~5조,중견-2차(2028),대형·상시,지원비 상시,270435216.0,0.008441037642798355,0.05627358428532237,0.04019541734665884
017800,현대엘리베이터(주),중견,False,2차(2028),29162,현대엘리베이터(주),의무,2025,32038148323.0,1607100236100.0,0.01993537652682322,1조~5조,중견-2차(2028),대형·상시,지원비 가동시간만,270435216.0,0.008441037642798355,0.05627358428532237,0.04019541734665884
003800,(주)에이스침대,중견,False,비대상,32029,(주)에이스침대,의무,2025,1155667679.0,313024071031.0,0.0036919450801135025,3천억~5천억,중견-비대상,소형·업무시간,지원비 상시,43110960.0,0.03730394194056196,0.2486929462704131,0.17763781876458076
003800,(주)에이스침대,중견,False,비대상,32029,(주)에이스침대,의무,2025,1155667679.0,313024071031.0,0.0036919450801135025,3천억~5천억,중견-비대상,소형·업무시간,지원비 가동시간만,18031200.0,0.015602409176660897,0.10401606117773932,0.07429718655552808
003800,(주)에이스침대,중견,False,비대상,32029,(주)에이스침대,의무,2025,1155667679.0,313024071031.0,0.0036919450801135025,3천억~5천억,중견-비대상,소형·상시,지원비 상시,59830800.0,0.05177163044982934,0.3451442029988623,0.2465315735706159
003800,(주)에이스침대,중견,False,비대상,32029,(주)에이스침대,의무,2025,1155667679.0,313024071031.0,0.0036919450801135025,3천억~5천억,중견-비대상,소형·상시,지원비 가동시간만,59830800.0,0.05177163044982934,0.3451442029988623,0.2465315735706159
003800,(주)에이스침대,중견,False,비대상,32029,(주)에이스침대,의무,2025,1155667679.0,313024071031.0,0.0036919450801135025,3천억~5천억,중견-비대상,중형·업무시간,지원비 상시,76288368.0,0.06601237482561802,0.44008249883745343,0.31434464202675244
003800,(주)에이스침대,중견,False,비대상,32029,(주)에이스침대,의무,2025,1155667679.0,313024071031.0,0.0036919450801135025,3천억~5천억,중견-비대상,중형·업무시간,지원비 가동시간만,51208608.0,0.04431084206171695,0.29540561374477964,0.21100400981769976
003800,(주)에이스침대,중견,False,비대상,32029,(주)에이스침대,의무,2025,1155667679.0,313024071031.0,0.0036919450801135025,3천억~5천억,중견-비대상,중형·상시,지원비 상시,169919472.0,0.14703143047751532,0.9802095365167689,0.7001496689405492
003800,(주)에이스침대,중견,False,비대상,32029,(주)에이스침대,의무,2025,1155667679.0,313024071031.0,0.0036919450801135025,3천억~5천억,중견-비대상,중형·상시,지원비 가동시간만,169919472.0,0.14703143047751532,0.9802095365167689,0.7001496689405492
003800,(주)에이스침대,중견,False,비대상,32029,(주)에이스침대,의무,2025,1155667679.0,313024071031.0,0.0036919450801135025,3천억~5천억,중견-비대상,대형·상시,지원비 상시,270435216.0,0.2340077696332286,1.5600517975548576,1.114322712539184
003800,(주)에이스침대,중견,False,비대상,32029,(주)에이스침대,의무,2025,1155667679.0,313024071031.0,0.0036919450801135025,3천억~5천억,중견-비대상,대형·상시,지원비 가동시간만,270435216.0,0.2340077696332286,1.5600517975548576,1.114322712539184
013310,아진산업(주),중견,False,2차 후보(확인 필요),303,아진산업,의무,2025,2256986307.0,586581484319.0,0.0038476944249617425,5천억~1조,중견-2차 후보,소형·업무시간,지원비 상시,43110960.0,0.019101117213822776,0.1273407814254852,0.0909577010182037
013310,아진산업(주),중견,False,2차 후보(확인 필요),303,아진산업,의무,2025,2256986307.0,586581484319.0,0.0038476944249617425,5천억~1조,중견-2차 후보,소형·업무시간,지원비 가동시간만,18031200.0,0.007989060431636903,0.053260402877579355,0.038043144912556684
013310,아진산업(주),중견,False,2차 후보(확인 필요),303,아진산업,의무,2025,2256986307.0,586581484319.0,0.0038476944249617425,5천억~1조,중견-2차 후보,소형·상시,지원비 상시,59830800.0,0.02650915506861336,0.1767277004574224,0.1262340717553017
013310,아진산업(주),중견,False,2차 후보(확인 필요),303,아진산업,의무,2025,2256986307.0,586581484319.0,0.0038476944249617425,5천억~1조,중견-2차 후보,소형·상시,지원비 가동시간만,59830800.0,0.02650915506861336,0.1767277004574224,0.1262340717553017
013310,아진산업(주),중견,False,2차 후보(확인 필요),303,아진산업,의무,2025,2256986307.0,586581484319.0,0.0038476944249617425,5천억~1조,중견-2차 후보,중형·업무시간,지원비 상시,76288368.0,0.03380098840803468,0.22533992272023118,0.160957087657308
013310,아진산업(주),중견,False,2차 후보(확인 필요),303,아진산업,의무,2025,2256986307.0,586581484319.0,0.0038476944249617425,5천억~1조,중견-2차 후보,중형·업무시간,지원비 가동시간만,51208608.0,0.022688931625848806,0.15125954417232537,0.10804253155166098
013310,아진산업(주),중견,False,2차 후보(확인 필요),303,아진산업,의무,2025,2256986307.0,586581484319.0,0.0038476944249617425,5천억~1조,중견-2차 후보,중형·상시,지원비 상시,169919472.0,0.07528600039486194,0.5019066692990796,0.3585047637850569
013310,아진산업(주),중견,False,2차 후보(확인 필요),303,아진산업,의무,2025,2256986307.0,586581484319.0,0.0038476944249617425,5천억~1조,중견-2차 후보,중형·상시,지원비 가동시간만,169919472.0,0.07528600039486194,0.5019066692990796,0.3585047637850569
013310,아진산업(주),중견,False,2차 후보(확인 필요),303,아진산업,의무,2025,2256986307.0,586581484319.0,0.0038476944249617425,5천억~1조,중견-2차 후보,대형·상시,지원비 상시,270435216.0,0.11982138091013239,0.7988092060675492,0.5705780043339638
013310,아진산업(주),중견,False,2차 후보(확인 필요),303,아진산업,의무,2025,2256986307.0,586581484319.0,0.0038476944249617425,5천억~1조,중견-2차 후보,대형·상시,지원비 가동시간만,270435216.0,0.11982138091013239,0.7988092060675492,0.5705780043339638
003960,(주)사조대림,중견,False,비대상,10211,주식회사 사조대림,의무,2025,3999398467.0,1445409405612.0,0.002766965851662365,1조~5조,중견-비대상,소형·업무시간,지원비 상시,43110960.0,0.010779361035345419,0.07186240690230279,0.051330290644501994
003960,(주)사조대림,중견,False,비대상,10211,주식회사 사조대림,의무,2025,3999398467.0,1445409405612.0,0.002766965851662365,1조~5조,중견-비대상,소형·업무시간,지원비 가동시간만,18031200.0,0.0045084779995741295,0.030056519997160865,0.021468942855114904
003960,(주)사조대림,중견,False,비대상,10211,주식회사 사조대림,의무,2025,3999398467.0,1445409405612.0,0.002766965851662365,1조~5조,중견-비대상,소형·상시,지원비 상시,59830800.0,0.014959949725859612,0.09973299817239742,0.07123785583742673
003960,(주)사조대림,중견,False,비대상,10211,주식회사 사조대림,의무,2025,3999398467.0,1445409405612.0,0.002766965851662365,1조~5조,중견-비대상,소형·상시,지원비 가동시간만,59830800.0,0.014959949725859612,0.09973299817239742,0.07123785583742673
003960,(주)사조대림,중견,False,비대상,10211,주식회사 사조대림,의무,2025,3999398467.0,1445409405612.0,0.002766965851662365,1조~5조,중견-비대상,중형·업무시간,지원비 상시,76288368.0,0.01907496055456182,0.1271664036970788,0.09083314549791342
003960,(주)사조대림,중견,False,비대상,10211,주식회사 사조대림,의무,2025,3999398467.0,1445409405612.0,0.002766965851662365,1조~5조,중견-비대상,중형·업무시간,지원비 가동시간만,51208608.0,0.012804077518790528,0.08536051679193686,0.06097179770852633
003960,(주)사조대림,중견,False,비대상,10211,주식회사 사조대림,의무,2025,3999398467.0,1445409405612.0,0.002766965851662365,1조~5조,중견-비대상,중형·상시,지원비 상시,169919472.0,0.042486257221441295,0.2832417148096087,0.2023155105782919
003960,(주)사조대림,중견,False,비대상,10211,주식회사 사조대림,의무,2025,3999398467.0,1445409405612.0,0.002766965851662365,1조~5조,중견-비대상,중형·상시,지원비 가동시간만,169919472.0,0.042486257221441295,0.2832417148096087,0.2023155105782919
003960,(주)사조대림,중견,False,비대상,10211,주식회사 사조대림,의무,2025,3999398467.0,1445409405612.0,0.002766965851662365,1조~5조,중견-비대상,대형·상시,지원비 상시,270435216.0,0.06761897276088544,0.45079315173923634,0.3219951083851688
003960,(주)사조대림,중견,False,비대상,10211,주식회사 사조대림,의무,2025,3999398467.0,1445409405612.0,0.002766965851662365,1조~5조,중견-비대상,대형·상시,지원비 가동시간만,270435216.0,0.06761897276088544,0.45079315173923634,0.3219951083851688
012280,영화금속(주),중견,False,2차(2028),303,영화금속(주),의무,2025,518574411.0,351423851427.0,0.0014756380618283719,3천억~5천억,중견-2차(2028),소형·업무시간,지원비 상시,43110960.0,0.0831336045233439,0.554224030155626,0.39587430725401856
012280,영화금속(주),중견,False,2차(2028),303,영화금속(주),의무,2025,518574411.0,351423851427.0,0.0014756380618283719,3천억~5천억,중견-2차(2028),소형·업무시간,지원비 가동시간만,18031200.0,0.03477070911622749,0.23180472744151662,0.16557480531536897
012280,영화금속(주),중견,False,2차(2028),303,영화금속(주),의무,2025,518574411.0,351423851427.0,0.0014756380618283719,3천억~5천억,중견-2차(2028),소형·상시,지원비 상시,59830800.0,0.11537553479475485,0.7691702319650324,0.5494073085464516
012280,영화금속(주),중견,False,2차(2028),303,영화금속(주),의무,2025,518574411.0,351423851427.0,0.0014756380618283719,3천억~5천억,중견-2차(2028),소형·상시,지원비 가동시간만,59830800.0,0.11537553479475485,0.7691702319650324,0.5494073085464516
012280,영화금속(주),중견,False,2차(2028),303,영화금속(주),의무,2025,518574411.0,351423851427.0,0.0014756380618283719,3천억~5천억,중견-2차(2028),중형·업무시간,지원비 상시,76288368.0,0.1471117092972025,0.9807447286480167,0.7005319490342975
012280,영화금속(주),중견,False,2차(2028),303,영화금속(주),의무,2025,518574411.0,351423851427.0,0.0014756380618283719,3천억~5천억,중견-2차(2028),중형·업무시간,지원비 가동시간만,51208608.0,0.09874881389008607,0.6583254259339072,0.47023244709564793
012280,영화금속(주),중견,False,2차(2028),303,영화금속(주),의무,2025,518574411.0,351423851427.0,0.0014756380618283719,3천억~5천억,중견-2차(2028),중형·상시,지원비 상시,169919472.0,0.32766651881710374,2.184443458780692,1.5603167562719227
012280,영화금속(주),중견,False,2차(2028),303,영화금속(주),의무,2025,518574411.0,351423851427.0,0.0014756380618283719,3천억~5천억,중견-2차(2028),중형·상시,지원비 가동시간만,169919472.0,0.32766651881710374,2.184443458780692,1.5603167562719227
012280,영화금속(주),중견,False,2차(2028),303,영화금속(주),의무,2025,518574411.0,351423851427.0,0.0014756380618283719,3천억~5천억,중견-2차(2028),대형·상시,지원비 상시,270435216.0,0.5214974172722919,3.4766494484819463,2.4833210346299612
012280,영화금속(주),중견,False,2차(2028),303,영화금속(주),의무,2025,518574411.0,351423851427.0,0.0014756380618283719,3천억~5천억,중견-2차(2028),대형·상시,지원비 가동시간만,270435216.0,0.5214974172722919,3.4766494484819463,2.4833210346299612
013870,지엠비코리아(주),중견,False,"2차(2028, 제품명 확인)",303,지엠비코리아 주식회사,의무,2025,4724141708.0,704300930891.0,0.00670756135736405,5천억~1조,중견-2차(2028),소형·업무시간,지원비 상시,43110960.0,0.009125670368226813,0.06083780245484542,0.04345557318203244
013870,지엠비코리아(주),중견,False,"2차(2028, 제품명 확인)",303,지엠비코리아 주식회사,의무,2025,4724141708.0,704300930891.0,0.00670756135736405,5천억~1조,중견-2차(2028),소형·업무시간,지원비 가동시간만,18031200.0,0.0038168203061024687,0.025445468707349796,0.01817533479096414
013870,지엠비코리아(주),중견,False,"2차(2028, 제품명 확인)",303,지엠비코리아 주식회사,의무,2025,4724141708.0,704300930891.0,0.00670756135736405,5천억~1조,중견-2차(2028),소형·상시,지원비 상시,59830800.0,0.012664903742976373,0.0844326916198425,0.06030906544274464
013870,지엠비코리아(주),중견,False,"2차(2028, 제품명 확인)",303,지엠비코리아 주식회사,의무,2025,4724141708.0,704300930891.0,0.00670756135736405,5천억~1조,중견-2차(2028),소형·상시,지원비 가동시간만,59830800.0,0.012664903742976373,0.0844326916198425,0.06030906544274464
013870,지엠비코리아(주),중견,False,"2차(2028, 제품명 확인)",303,지엠비코리아 주식회사,의무,2025,4724141708.0,704300930891.0,0.00670756135736405,5천억~1조,중견-2차(2028),중형·업무시간,지원비 상시,76288368.0,0.016148619731455354,0.10765746487636904,0.07689818919740646
013870,지엠비코리아(주),중견,False,"2차(2028, 제품명 확인)",303,지엠비코리아 주식회사,의무,2025,4724141708.0,704300930891.0,0.00670756135736405,5천억~1조,중견-2차(2028),중형·업무시간,지원비 가동시간만,51208608.0,0.010839769669331012,0.07226513112887342,0.05161795080633815
013870,지엠비코리아(주),중견,False,"2차(2028, 제품명 확인)",303,지엠비코리아 주식회사,의무,2025,4724141708.0,704300930891.0,0.00670756135736405,5천억~1조,중견-2차(2028),중형·상시,지원비 상시,169919472.0,0.0359683266300529,0.2397888442003527,0.17127774585739478
013870,지엠비코리아(주),중견,False,"2차(2028, 제품명 확인)",303,지엠비코리아 주식회사,의무,2025,4724141708.0,704300930891.0,0.00670756135736405,5천억~1조,중견-2차(2028),중형·상시,지원비 가동시간만,169919472.0,0.0359683266300529,0.2397888442003527,0.17127774585739478
013870,지엠비코리아(주),중견,False,"2차(2028, 제품명 확인)",303,지엠비코리아 주식회사,의무,2025,4724141708.0,704300930891.0,0.00670756135736405,5천억~1조,중견-2차(2028),대형·상시,지원비 상시,270435216.0,0.05724536491825321,0.3816357661216881,0.2725969758012058
013870,지엠비코리아(주),중견,False,"2차(2028, 제품명 확인)",303,지엠비코리아 주식회사,의무,2025,4724141708.0,704300930891.0,0.00670756135736405,5천억~1조,중견-2차(2028),대형·상시,지원비 가동시간만,270435216.0,0.05724536491825321,0.3816357661216881,0.2725969758012058
017860,주식회사 디에스단석,중견,False,비대상,204,디에스단석,의무,2025,886623383.0,892046476475.0,0.0009939206155530934,5천억~1조,중견-비대상,소형·업무시간,지원비 상시,43110960.0,0.04862375708401546,0.3241583805601031,0.2315417004000736
017860,주식회사 디에스단석,중견,False,비대상,204,디에스단석,의무,2025,886623383.0,892046476475.0,0.0009939206155530934,5천억~1조,중견-비대상,소형·업무시간,지원비 가동시간만,18031200.0,0.020336932620690876,0.13557955080460585,0.09684253628900416
017860,주식회사 디에스단석,중견,False,비대상,204,디에스단석,의무,2025,886623383.0,892046476475.0,0.0009939206155530934,5천억~1조,중견-비대상,소형·상시,지원비 상시,59830800.0,0.06748164005956518,0.44987760039710123,0.32134114314078654
017860,주식회사 디에스단석,중견,False,비대상,204,디에스단석,의무,2025,886623383.0,892046476475.0,0.0009939206155530934,5천억~1조,중견-비대상,소형·상시,지원비 가동시간만,59830800.0,0.06748164005956518,0.44987760039710123,0.32134114314078654
017860,주식회사 디에스단석,중견,False,비대상,204,디에스단석,의무,2025,886623383.0,892046476475.0,0.0009939206155530934,5천억~1조,중견-비대상,중형·업무시간,지원비 상시,76288368.0,0.08604371310608668,0.5736247540405779,0.40973196717184124
017860,주식회사 디에스단석,중견,False,비대상,204,디에스단석,의무,2025,886623383.0,892046476475.0,0.0009939206155530934,5천억~1조,중견-비대상,중형·업무시간,지원비 가동시간만,51208608.0,0.057756888642762086,0.3850459242850806,0.2750328030607718
017860,주식회사 디에스단석,중견,False,비대상,204,디에스단석,의무,2025,886623383.0,892046476475.0,0.0009939206155530934,5천억~1조,중견-비대상,중형·상시,지원비 상시,169919472.0,0.1916478577691651,1.2776523851277675,0.9126088465198338
017860,주식회사 디에스단석,중견,False,비대상,204,디에스단석,의무,2025,886623383.0,892046476475.0,0.0009939206155530934,5천억~1조,중견-비대상,중형·상시,지원비 가동시간만,169919472.0,0.1916478577691651,1.2776523851277675,0.9126088465198338
017860,주식회사 디에스단석,중견,False,비대상,204,디에스단석,의무,2025,886623383.0,892046476475.0,0.0009939206155530934,5천억~1조,중견-비대상,대형·상시,지원비 상시,270435216.0,0.3050170130692346,2.0334467537948977,1.4524619669963552
017860,주식회사 디에스단석,중견,False,비대상,204,디에스단석,의무,2025,886623383.0,892046476475.0,0.0009939206155530934,5천억~1조,중견-비대상,대형·상시,지원비 가동시간만,270435216.0,0.3050170130692346,2.0334467537948977,1.4524619669963552
010100,한국무브넥스(주),중견,False,2차 후보(확인 필요),303,한국무브넥스 (주),의무,2025,1893848484.0,932889057319.0,0.0020300897187524856,5천억~1조,중견-2차 후보,소형·업무시간,지원비 상시,43110960.0,0.022763679546816375,0.15175786364544253,0.10839847403245893
010100,한국무브넥스(주),중견,False,2차 후보(확인 필요),303,한국무브넥스 (주),의무,2025,1893848484.0,932889057319.0,0.0020300897187524856,5천억~1조,중견-2차 후보,소형·업무시간,지원비 가동시간만,18031200.0,0.009520930608934606,0.06347287072623072,0.0453377648044505
010100,한국무브넥스(주),중견,False,2차 후보(확인 필요),303,한국무브넥스 (주),의무,2025,1893848484.0,932889057319.0,0.0020300897187524856,5천억~1조,중견-2차 후보,소형·상시,지원비 상시,59830800.0,0.03159217883873756,0.21061452559158372,0.1504389468511312
010100,한국무브넥스(주),중견,False,2차 후보(확인 필요),303,한국무브넥스 (주),의무,2025,1893848484.0,932889057319.0,0.0020300897187524856,5천억~1조,중견-2차 후보,소형·상시,지원비 가동시간만,59830800.0,0.03159217883873756,0.21061452559158372,0.1504389468511312
010100,한국무브넥스(주),중견,False,2차 후보(확인 필요),303,한국무브넥스 (주),의무,2025,1893848484.0,932889057319.0,0.0020300897187524856,5천억~1조,중견-2차 후보,중형·업무시간,지원비 상시,76288368.0,0.040282191867256054,0.26854794578170704,0.19181996127264786
010100,한국무브넥스(주),중견,False,2차 후보(확인 필요),303,한국무브넥스 (주),의무,2025,1893848484.0,932889057319.0,0.0020300897187524856,5천억~1조,중견-2차 후보,중형·업무시간,지원비 가동시간만,51208608.0,0.02703944292937428,0.18026295286249522,0.12875925204463942
010100,한국무브넥스(주),중견,False,2차 후보(확인 필요),303,한국무브넥스 (주),의무,2025,1893848484.0,932889057319.0,0.0020300897187524856,5천억~1조,중견-2차 후보,중형·상시,지원비 상시,169919472.0,0.08972178790201465,0.5981452526800978,0.4272466090572127
010100,한국무브넥스(주),중견,False,2차 후보(확인 필요),303,한국무브넥스 (주),의무,2025,1893848484.0,932889057319.0,0.0020300897187524856,5천억~1조,중견-2차 후보,중형·상시,지원비 가동시간만,169919472.0,0.08972178790201465,0.5981452526800978,0.4272466090572127
010100,한국무브넥스(주),중견,False,2차 후보(확인 필요),303,한국무브넥스 (주),의무,2025,1893848484.0,932889057319.0,0.0020300897187524856,5천억~1조,중견-2차 후보,대형·상시,지원비 상시,270435216.0,0.14279664835109376,0.9519776556739584,0.6799840397671131
010100,한국무브넥스(주),중견,False,2차 후보(확인 필요),303,한국무브넥스 (주),의무,2025,1893848484.0,932889057319.0,0.0020300897187524856,5천억~1조,중견-2차 후보,대형·상시,지원비 가동시간만,270435216.0,0.14279664835109376,0.9519776556739584,0.6799840397671131
005950,(주)이수화학                             ,중견,False,비대상,20111,(주)이수화학,의무,2025,4975505790.0,1377711851000.0,0.003611427009493003,1조~5조,중견-비대상,소형·업무시간,지원비 상시,43110960.0,0.008664638695958586,0.057764257973057245,0.04126018426646946
005950,(주)이수화학                             ,중견,False,비대상,20111,(주)이수화학,의무,2025,4975505790.0,1377711851000.0,0.003611427009493003,1조~5조,중견-비대상,소형·업무시간,지원비 가동시간만,18031200.0,0.0036239933709332492,0.024159955806221663,0.01725711129015833
005950,(주)이수화학                             ,중견,False,비대상,20111,(주)이수화학,의무,2025,4975505790.0,1377711851000.0,0.003611427009493003,1조~5조,중견-비대상,소형·상시,지원비 상시,59830800.0,0.012025068912642146,0.08016712608428098,0.05726223291734355
005950,(주)이수화학                             ,중견,False,비대상,20111,(주)이수화학,의무,2025,4975505790.0,1377711851000.0,0.003611427009493003,1조~5조,중견-비대상,소형·상시,지원비 가동시간만,59830800.0,0.012025068912642146,0.08016712608428098,0.05726223291734355
005950,(주)이수화학                             ,중견,False,비대상,20111,(주)이수화학,의무,2025,4975505790.0,1377711851000.0,0.003611427009493003,1조~5조,중견-비대상,중형·업무시간,지원비 상시,76288368.0,0.015332786498475765,0.1022185766565051,0.07301326904036079
005950,(주)이수화학                             ,중견,False,비대상,20111,(주)이수화학,의무,2025,4975505790.0,1377711851000.0,0.003611427009493003,1조~5조,중견-비대상,중형·업무시간,지원비 가동시간만,51208608.0,0.010292141173450429,0.06861427448966952,0.04901019606404966
005950,(주)이수화학                             ,중견,False,비대상,20111,(주)이수화학,의무,2025,4975505790.0,1377711851000.0,0.003611427009493003,1조~5조,중견-비대상,중형·상시,지원비 상시,169919472.0,0.03415119571190369,0.22767463807935795,0.16262474148525569
005950,(주)이수화학                             ,중견,False,비대상,20111,(주)이수화학,의무,2025,4975505790.0,1377711851000.0,0.003611427009493003,1조~5조,중견-비대상,중형·상시,지원비 가동시간만,169919472.0,0.03415119571190369,0.22767463807935795,0.16262474148525569
005950,(주)이수화학                             ,중견,False,비대상,20111,(주)이수화학,의무,2025,4975505790.0,1377711851000.0,0.003611427009493003,1조~5조,중견-비대상,대형·상시,지원비 상시,270435216.0,0.0543533114851425,0.36235540990095,0.2588252927863929
005950,(주)이수화학                             ,중견,False,비대상,20111,(주)이수화학,의무,2025,4975505790.0,1377711851000.0,0.003611427009493003,1조~5조,중견-비대상,대형·상시,지원비 가동시간만,270435216.0,0.0543533114851425,0.36235540990095,0.2588252927863929
007340,(주)디엔오토모티브,중견,False,비대상,28202,주식회사 디엔오토모티브,의무,2025,5157899844.0,986279635000.0,0.00522965258630733,5천억~1조,중견-비대상,소형·업무시간,지원비 상시,43110960.0,0.008358239070917485,0.05572159380611656,0.039801138432940406
007340,(주)디엔오토모티브,중견,False,비대상,28202,주식회사 디엔오토모티브,의무,2025,5157899844.0,986279635000.0,0.00522965258630733,5천억~1조,중견-비대상,소형·업무시간,지원비 가동시간만,18031200.0,0.003495841436505412,0.023305609576702746,0.016646863983359104
007340,(주)디엔오토모티브,중견,False,비대상,28202,주식회사 디엔오토모티브,의무,2025,5157899844.0,986279635000.0,0.00522965258630733,5천억~1조,중견-비대상,소형·상시,지원비 상시,59830800.0,0.011599837493858867,0.07733224995905912,0.05523732139932794
007340,(주)디엔오토모티브,중견,False,비대상,28202,주식회사 디엔오토모티브,의무,2025,5157899844.0,986279635000.0,0.00522965258630733,5천억~1조,중견-비대상,소형·상시,지원비 가동시간만,59830800.0,0.011599837493858867,0.07733224995905912,0.05523732139932794
007340,(주)디엔오토모티브,중견,False,비대상,28202,주식회사 디엔오토모티브,의무,2025,5157899844.0,986279635000.0,0.00522965258630733,5천억~1조,중견-비대상,중형·업무시간,지원비 상시,76288368.0,0.014790587314087443,0.09860391542724961,0.07043136816232115
007340,(주)디엔오토모티브,중견,False,비대상,28202,주식회사 디엔오토모티브,의무,2025,5157899844.0,986279635000.0,0.00522965258630733,5천억~1조,중견-비대상,중형·업무시간,지원비 가동시간만,51208608.0,0.00992818967967537,0.0661879311978358,0.04727709371273985
007340,(주)디엔오토모티브,중견,False,비대상,28202,주식회사 디엔오토모티브,의무,2025,5157899844.0,986279635000.0,0.00522965258630733,5천억~1조,중견-비대상,중형·상시,지원비 상시,169919472.0,0.03294353848255918,0.21962358988372788,0.15687399277409134
007340,(주)디엔오토모티브,중견,False,비대상,28202,주식회사 디엔오토모티브,의무,2025,5157899844.0,986279635000.0,0.00522965258630733,5천억~1조,중견-비대상,중형·상시,지원비 가동시간만,169919472.0,0.03294353848255918,0.21962358988372788,0.15687399277409134
007340,(주)디엔오토모티브,중견,False,비대상,28202,주식회사 디엔오토모티브,의무,2025,5157899844.0,986279635000.0,0.00522965258630733,5천억~1조,중견-비대상,대형·상시,지원비 상시,270435216.0,0.052431265472242077,0.34954176981494717,0.2496726927249623
007340,(주)디엔오토모티브,중견,False,비대상,28202,주식회사 디엔오토모티브,의무,2025,5157899844.0,986279635000.0,0.00522965258630733,5천억~1조,중견-비대상,대형·상시,지원비 가동시간만,270435216.0,0.052431265472242077,0.34954176981494717,0.2496726927249623
033160,엠케이전자(주),중견,False,비대상,262,엠케이전자㈜,의무,2025,679865880.0,795409862755.0,0.0008547365475771206,5천억~1조,중견-비대상,소형·업무시간,지원비 상시,43110960.0,0.06341097747102709,0.4227398498068472,0.3019570355763195
033160,엠케이전자(주),중견,False,비대상,262,엠케이전자㈜,의무,2025,679865880.0,795409862755.0,0.0008547365475771206,5천억~1조,중견-비대상,소형·업무시간,지원비 가동시간만,18031200.0,0.02652170160385163,0.17681134402567752,0.12629381716119825
033160,엠케이전자(주),중견,False,비대상,262,엠케이전자㈜,의무,2025,679865880.0,795409862755.0,0.0008547365475771206,5천억~1조,중견-비대상,소형·상시,지원비 상시,59830800.0,0.08800382804914404,0.5866921869942936,0.41906584785306694
033160,엠케이전자(주),중견,False,비대상,262,엠케이전자㈜,의무,2025,679865880.0,795409862755.0,0.0008547365475771206,5천억~1조,중견-비대상,소형·상시,지원비 가동시간만,59830800.0,0.08800382804914404,0.5866921869942936,0.41906584785306694
033160,엠케이전자(주),중견,False,비대상,262,엠케이전자㈜,의무,2025,679865880.0,795409862755.0,0.0008547365475771206,5천억~1조,중견-비대상,중형·업무시간,지원비 상시,76288368.0,0.11221090842211408,0.7480727228140939,0.5343376591529243
033160,엠케이전자(주),중견,False,비대상,262,엠케이전자㈜,의무,2025,679865880.0,795409862755.0,0.0008547365475771206,5천억~1조,중견-비대상,중형·업무시간,지원비 가동시간만,51208608.0,0.07532163255493864,0.5021442170329242,0.358674440737803
033160,엠케이전자(주),중견,False,비대상,262,엠케이전자㈜,의무,2025,679865880.0,795409862755.0,0.0008547365475771206,5천억~1조,중견-비대상,중형·상시,지원비 상시,169919472.0,0.2499308716595691,1.6662058110637938,1.19014700790271
033160,엠케이전자(주),중견,False,비대상,262,엠케이전자㈜,의무,2025,679865880.0,795409862755.0,0.0008547365475771206,5천억~1조,중견-비대상,중형·상시,지원비 가동시간만,169919472.0,0.2499308716595691,1.6662058110637938,1.19014700790271
033160,엠케이전자(주),중견,False,비대상,262,엠케이전자㈜,의무,2025,679865880.0,795409862755.0,0.0008547365475771206,5천억~1조,중견-비대상,대형·상시,지원비 상시,270435216.0,0.3977773027821311,2.6518486852142074,1.8941776322958626
033160,엠케이전자(주),중견,False,비대상,262,엠케이전자㈜,의무,2025,679865880.0,795409862755.0,0.0008547365475771206,5천억~1조,중견-비대상,대형·상시,지원비 가동시간만,270435216.0,0.3977773027821311,2.6518486852142074,1.8941776322958626
090430,(주)아모레퍼시픽,중견,False,비대상,20423,(주)아모레퍼시픽,의무,2025,138912137818.0,2653725793231.0,0.052346078171426225,1조~5조,중견-비대상,소형·업무시간,지원비 상시,43110960.0,0.00031034696231140827,0.0020689797487427218,0.0014778426776733728
090430,(주)아모레퍼시픽,중견,False,비대상,20423,(주)아모레퍼시픽,의무,2025,138912137818.0,2653725793231.0,0.052346078171426225,1조~5조,중견-비대상,소형·업무시간,지원비 가동시간만,18031200.0,0.00012980291199336469,0.0008653527466224312,0.000618109104730308
090430,(주)아모레퍼시픽,중견,False,비대상,20423,(주)아모레퍼시픽,의무,2025,138912137818.0,2653725793231.0,0.052346078171426225,1조~5조,중견-비대상,소형·상시,지원비 상시,59830800.0,0.00043070966252343736,0.002871397750156249,0.0020509983929687496
090430,(주)아모레퍼시픽,중견,False,비대상,20423,(주)아모레퍼시픽,의무,2025,138912137818.0,2653725793231.0,0.052346078171426225,1조~5조,중견-비대상,소형·상시,지원비 가동시간만,59830800.0,0.00043070966252343736,0.002871397750156249,0.0020509983929687496
090430,(주)아모레퍼시픽,중견,False,비대상,20423,(주)아모레퍼시픽,의무,2025,138912137818.0,2653725793231.0,0.052346078171426225,1조~5조,중견-비대상,중형·업무시간,지원비 상시,76288368.0,0.0005491843203791993,0.0036612288025279953,0.0026151634303771395
090430,(주)아모레퍼시픽,중견,False,비대상,20423,(주)아모레퍼시픽,의무,2025,138912137818.0,2653725793231.0,0.052346078171426225,1조~5조,중견-비대상,중형·업무시간,지원비 가동시간만,51208608.0,0.0003686402700611557,0.0024576018004077048,0.0017554298574340749
090430,(주)아모레퍼시픽,중견,False,비대상,20423,(주)아모레퍼시픽,의무,2025,138912137818.0,2653725793231.0,0.052346078171426225,1조~5조,중견-비대상,중형·상시,지원비 상시,169919472.0,0.0012232154415665621,0.008154769610443747,0.005824835436031248
090430,(주)아모레퍼시픽,중견,False,비대상,20423,(주)아모레퍼시픽,의무,2025,138912137818.0,2653725793231.0,0.052346078171426225,1조~5조,중견-비대상,중형·상시,지원비 가동시간만,169919472.0,0.0012232154415665621,0.008154769610443747,0.005824835436031248
090430,(주)아모레퍼시픽,중견,False,비대상,20423,(주)아모레퍼시픽,의무,2025,138912137818.0,2653725793231.0,0.052346078171426225,1조~5조,중견-비대상,대형·상시,지원비 상시,270435216.0,0.001946807674605937,0.012978717830706246,0.009270512736218747
090430,(주)아모레퍼시픽,중견,False,비대상,20423,(주)아모레퍼시픽,의무,2025,138912137818.0,2653725793231.0,0.052346078171426225,1조~5조,중견-비대상,대형·상시,지원비 가동시간만,270435216.0,0.001946807674605937,0.012978717830706246,0.009270512736218747
025900,동화기업(주),중견,False,비대상,16212,동화기업(주),의무,2025,11646717978.0,369049244539.0,0.031558709712435705,3천억~5천억,중견-비대상,소형·업무시간,지원비 상시,43110960.0,0.0037015543848004386,0.024677029232002923,0.01762644945143066
025900,동화기업(주),중견,False,비대상,16212,동화기업(주),의무,2025,11646717978.0,369049244539.0,0.031558709712435705,3천억~5천억,중견-비대상,소형·업무시간,지원비 가동시간만,18031200.0,0.0015481786400306017,0.010321190933537346,0.007372279238240961
025900,동화기업(주),중견,False,비대상,16212,동화기업(주),의무,2025,11646717978.0,369049244539.0,0.031558709712435705,3천억~5천억,중견-비대상,소형·상시,지원비 상시,59830800.0,0.005137138214646997,0.03424758809764664,0.02446256292689046
025900,동화기업(주),중견,False,비대상,16212,동화기업(주),의무,2025,11646717978.0,369049244539.0,0.031558709712435705,3천억~5천억,중견-비대상,소형·상시,지원비 가동시간만,59830800.0,0.005137138214646997,0.03424758809764664,0.02446256292689046
025900,동화기업(주),중견,False,비대상,16212,동화기업(주),의무,2025,11646717978.0,369049244539.0,0.031558709712435705,3천억~5천억,중견-비대상,중형·업무시간,지원비 상시,76288368.0,0.006550203082456746,0.04366802054971164,0.03119144324979403
025900,동화기업(주),중견,False,비대상,16212,동화기업(주),의무,2025,11646717978.0,369049244539.0,0.031558709712435705,3천억~5천억,중견-비대상,중형·업무시간,지원비 가동시간만,51208608.0,0.004396827337686909,0.029312182251246058,0.020937273036604327
025900,동화기업(주),중견,False,비대상,16212,동화기업(주),의무,2025,11646717978.0,369049244539.0,0.031558709712435705,3천억~5천억,중견-비대상,중형·상시,지원비 상시,169919472.0,0.014589472529597471,0.09726315019731648,0.06947367871236891
025900,동화기업(주),중견,False,비대상,16212,동화기업(주),의무,2025,11646717978.0,369049244539.0,0.031558709712435705,3천억~5천억,중견-비대상,중형·상시,지원비 가동시간만,169919472.0,0.014589472529597471,0.09726315019731648,0.06947367871236891
025900,동화기업(주),중견,False,비대상,16212,동화기업(주),의무,2025,11646717978.0,369049244539.0,0.031558709712435705,3천억~5천억,중견-비대상,대형·상시,지원비 상시,270435216.0,0.023219864730204424,0.15479909820136284,0.11057078442954488
025900,동화기업(주),중견,False,비대상,16212,동화기업(주),의무,2025,11646717978.0,369049244539.0,0.031558709712435705,3천억~5천억,중견-비대상,대형·상시,지원비 가동시간만,270435216.0,0.023219864730204424,0.15479909820136284,0.11057078442954488
077970,STX엔진(주),중견,False,2차 후보(확인 필요),29111,STX엔진,의무,2025,6146312121.0,744818465645.0,0.008252094173950694,5천억~1조,중견-2차 후보,소형·업무시간,지원비 상시,43110960.0,0.007014118247054769,0.04676078831369846,0.03340056308121319
077970,STX엔진(주),중견,False,2차 후보(확인 필요),29111,STX엔진,의무,2025,6146312121.0,744818465645.0,0.008252094173950694,5천억~1조,중견-2차 후보,소형·업무시간,지원비 가동시간만,18031200.0,0.0029336616242434397,0.019557744161622932,0.013969817258302094
077970,STX엔진(주),중견,False,2차 후보(확인 필요),29111,STX엔진,의무,2025,6146312121.0,744818465645.0,0.008252094173950694,5천억~1조,중견-2차 후보,소형·상시,지원비 상시,59830800.0,0.009734422662262323,0.06489615108174882,0.046354393629820585
077970,STX엔진(주),중견,False,2차 후보(확인 필요),29111,STX엔진,의무,2025,6146312121.0,744818465645.0,0.008252094173950694,5천억~1조,중견-2차 후보,소형·상시,지원비 가동시간만,59830800.0,0.009734422662262323,0.06489615108174882,0.046354393629820585
077970,STX엔진(주),중견,False,2차 후보(확인 필요),29111,STX엔진,의무,2025,6146312121.0,744818465645.0,0.008252094173950694,5천억~1조,중견-2차 후보,중형·업무시간,지원비 상시,76288368.0,0.012412055635662698,0.08274703757108466,0.05910502683648904
077970,STX엔진(주),중견,False,2차 후보(확인 필요),29111,STX엔진,의무,2025,6146312121.0,744818465645.0,0.008252094173950694,5천억~1조,중견-2차 후보,중형·업무시간,지원비 가동시간만,51208608.0,0.008331599012851368,0.055543993419009126,0.03967428101357795
077970,STX엔진(주),중견,False,2차 후보(확인 필요),29111,STX엔진,의무,2025,6146312121.0,744818465645.0,0.008252094173950694,5천억~1조,중견-2차 후보,중형·상시,지원비 상시,169919472.0,0.027645760360824993,0.18430506907216665,0.13164647790869047
077970,STX엔진(주),중견,False,2차 후보(확인 필요),29111,STX엔진,의무,2025,6146312121.0,744818465645.0,0.008252094173950694,5천억~1조,중견-2차 후보,중형·상시,지원비 가동시간만,169919472.0,0.027645760360824993,0.18430506907216665,0.13164647790869047
077970,STX엔진(주),중견,False,2차 후보(확인 필요),29111,STX엔진,의무,2025,6146312121.0,744818465645.0,0.008252094173950694,5천억~1조,중견-2차 후보,대형·상시,지원비 상시,270435216.0,0.043999590433425696,0.29333060288950463,0.20952185920678906
077970,STX엔진(주),중견,False,2차 후보(확인 필요),29111,STX엔진,의무,2025,6146312121.0,744818465645.0,0.008252094173950694,5천억~1조,중견-2차 후보,대형·상시,지원비 가동시간만,270435216.0,0.043999590433425696,0.29333060288950463,0.20952185920678906
012860,(주)모베이스전자,중견,False,2차 후보(확인 필요),303,(주)모베이스전자,의무,2025,28044830563.0,806880613520.0,0.03475710048436411,5천억~1조,중견-2차 후보,소형·업무시간,지원비 상시,43110960.0,0.0015372159194599303,0.010248106129732868,0.00732007580695205
012860,(주)모베이스전자,중견,False,2차 후보(확인 필요),303,(주)모베이스전자,의무,2025,28044830563.0,806880613520.0,0.03475710048436411,5천억~1조,중견-2차 후보,소형·업무시간,지원비 가동시간만,18031200.0,0.0006429420195459784,0.004286280130306523,0.0030616286645046595
012860,(주)모베이스전자,중견,False,2차 후보(확인 필요),303,(주)모베이스전자,의무,2025,28044830563.0,806880613520.0,0.03475710048436411,5천억~1조,중견-2차 후보,소형·상시,지원비 상시,59830800.0,0.0021333985194025647,0.0142226567960171,0.010159040568583643
012860,(주)모베이스전자,중견,False,2차 후보(확인 필요),303,(주)모베이스전자,의무,2025,28044830563.0,806880613520.0,0.03475710048436411,5천억~1조,중견-2차 후보,소형·상시,지원비 가동시간만,59830800.0,0.0021333985194025647,0.0142226567960171,0.010159040568583643
012860,(주)모베이스전자,중견,False,2차 후보(확인 필요),303,(주)모베이스전자,의무,2025,28044830563.0,806880613520.0,0.03475710048436411,5천억~1조,중견-2차 후보,중형·업무시간,지원비 상시,76288368.0,0.002720229235424531,0.018134861569496872,0.012953472549640624
012860,(주)모베이스전자,중견,False,2차 후보(확인 필요),303,(주)모베이스전자,의무,2025,28044830563.0,806880613520.0,0.03475710048436411,5천억~1조,중견-2차 후보,중형·업무시간,지원비 가동시간만,51208608.0,0.0018259553355105787,0.012173035570070526,0.008695025407193233
012860,(주)모베이스전자,중견,False,2차 후보(확인 필요),303,(주)모베이스전자,의무,2025,28044830563.0,806880613520.0,0.03475710048436411,5천억~1조,중견-2차 후보,중형·상시,지원비 상시,169919472.0,0.006058851795103284,0.04039234530068856,0.028851675214777547
012860,(주)모베이스전자,중견,False,2차 후보(확인 필요),303,(주)모베이스전자,의무,2025,28044830563.0,806880613520.0,0.03475710048436411,5천억~1조,중견-2차 후보,중형·상시,지원비 가동시간만,169919472.0,0.006058851795103284,0.04039234530068856,0.028851675214777547
012860,(주)모베이스전자,중견,False,2차 후보(확인 필요),303,(주)모베이스전자,의무,2025,28044830563.0,806880613520.0,0.03475710048436411,5천억~1조,중견-2차 후보,대형·상시,지원비 상시,270435216.0,0.009642961307699593,0.06428640871799729,0.045918863369998064
012860,(주)모베이스전자,중견,False,2차 후보(확인 필요),303,(주)모베이스전자,의무,2025,28044830563.0,806880613520.0,0.03475710048436411,5천억~1조,중견-2차 후보,대형·상시,지원비 가동시간만,270435216.0,0.009642961307699593,0.06428640871799729,0.045918863369998064
078890,가온그룹(주),중견,False,비대상,264,가온그룹(주),의무,2025,20063112997.0,305965376673.0,0.065573148227299,3천억~5천억,중견-비대상,소형·업무시간,지원비 상시,43110960.0,0.0021487672429720303,0.01432511495314687,0.010232224966533478
078890,가온그룹(주),중견,False,비대상,264,가온그룹(주),의무,2025,20063112997.0,305965376673.0,0.065573148227299,3천억~5천억,중견-비대상,소형·업무시간,지원비 가동시간만,18031200.0,0.0008987239419274652,0.005991492946183102,0.004279637818702216
078890,가온그룹(주),중견,False,비대상,264,가온그룹(주),의무,2025,20063112997.0,305965376673.0,0.065573148227299,3천억~5천억,중견-비대상,소형·상시,지원비 상시,59830800.0,0.002982129443668407,0.01988086295778938,0.014200616398420986
078890,가온그룹(주),중견,False,비대상,264,가온그룹(주),의무,2025,20063112997.0,305965376673.0,0.065573148227299,3천억~5천억,중견-비대상,소형·상시,지원비 가동시간만,59830800.0,0.002982129443668407,0.01988086295778938,0.014200616398420986
078890,가온그룹(주),중견,False,비대상,264,가온그룹(주),의무,2025,20063112997.0,305965376673.0,0.065573148227299,3천억~5천억,중견-비대상,중형·업무시간,지원비 상시,76288368.0,0.0038024192961185663,0.02534946197412378,0.018106758552945555
078890,가온그룹(주),중견,False,비대상,264,가온그룹(주),의무,2025,20063112997.0,305965376673.0,0.065573148227299,3천억~5천억,중견-비대상,중형·업무시간,지원비 가동시간만,51208608.0,0.002552375995074001,0.01701583996716001,0.012154171405114291
078890,가온그룹(주),중견,False,비대상,264,가온그룹(주),의무,2025,20063112997.0,305965376673.0,0.065573148227299,3천억~5천억,중견-비대상,중형·상시,지원비 상시,169919472.0,0.008469247620018277,0.056461650800121846,0.0403297505715156
078890,가온그룹(주),중견,False,비대상,264,가온그룹(주),의무,2025,20063112997.0,305965376673.0,0.065573148227299,3천억~5천억,중견-비대상,중형·상시,지원비 가동시간만,169919472.0,0.008469247620018277,0.056461650800121846,0.0403297505715156
078890,가온그룹(주),중견,False,비대상,264,가온그룹(주),의무,2025,20063112997.0,305965376673.0,0.065573148227299,3천억~5천억,중견-비대상,대형·상시,지원비 상시,270435216.0,0.013479225085381201,0.08986150056920801,0.06418678612086286
078890,가온그룹(주),중견,False,비대상,264,가온그룹(주),의무,2025,20063112997.0,305965376673.0,0.065573148227299,3천억~5천억,중견-비대상,대형·상시,지원비 가동시간만,270435216.0,0.013479225085381201,0.08986150056920801,0.06418678612086286
108230,(주)톱텍,중견,False,2차 후보(확인 필요),292,(주) 톱텍,자율,2025,995910419.0,155500667844.0,0.0064045411046022545,3천억 미만,중견-2차 후보,소형·업무시간,지원비 상시,43110960.0,0.04328798974037042,0.28858659826913613,0.20613328447795437
108230,(주)톱텍,중견,False,2차 후보(확인 필요),292,(주) 톱텍,자율,2025,995910419.0,155500667844.0,0.0064045411046022545,3천억 미만,중견-2차 후보,소형·업무시간,지원비 가동시간만,18031200.0,0.018105242857189147,0.12070161904792764,0.08621544217709118
108230,(주)톱텍,중견,False,2차 후보(확인 필요),292,(주) 톱텍,자율,2025,995910419.0,155500667844.0,0.0064045411046022545,3천억 미만,중견-2차 후보,소형·상시,지원비 상시,59830800.0,0.06007648766249126,0.4005099177499417,0.28607851267852985
108230,(주)톱텍,중견,False,2차 후보(확인 필요),292,(주) 톱텍,자율,2025,995910419.0,155500667844.0,0.0064045411046022545,3천억 미만,중견-2차 후보,소형·상시,지원비 가동시간만,59830800.0,0.06007648766249126,0.4005099177499417,0.28607851267852985
108230,(주)톱텍,중견,False,2차 후보(확인 필요),292,(주) 톱텍,자율,2025,995910419.0,155500667844.0,0.0064045411046022545,3천억 미만,중견-2차 후보,중형·업무시간,지원비 상시,76288368.0,0.07660163659759844,0.510677577317323,0.36476969808380216
108230,(주)톱텍,중견,False,2차 후보(확인 필요),292,(주) 톱텍,자율,2025,995910419.0,155500667844.0,0.0064045411046022545,3천억 미만,중견-2차 후보,중형·업무시간,지원비 가동시간만,51208608.0,0.051418889714417174,0.3427925980961145,0.24485185578293894
108230,(주)톱텍,중견,False,2차 후보(확인 필요),292,(주) 톱텍,자율,2025,995910419.0,155500667844.0,0.0064045411046022545,3천억 미만,중견-2차 후보,중형·상시,지원비 상시,169919472.0,0.17061722496147516,1.1374481664098346,0.8124629760070248
108230,(주)톱텍,중견,False,2차 후보(확인 필요),292,(주) 톱텍,자율,2025,995910419.0,155500667844.0,0.0064045411046022545,3천억 미만,중견-2차 후보,중형·상시,지원비 가동시간만,169919472.0,0.17061722496147516,1.1374481664098346,0.8124629760070248
108230,(주)톱텍,중견,False,2차 후보(확인 필요),292,(주) 톱텍,자율,2025,995910419.0,155500667844.0,0.0064045411046022545,3천억 미만,중견-2차 후보,대형·상시,지원비 상시,270435216.0,0.2715457242344605,1.8103048282297367,1.293074877306955
108230,(주)톱텍,중견,False,2차 후보(확인 필요),292,(주) 톱텍,자율,2025,995910419.0,155500667844.0,0.0064045411046022545,3천억 미만,중견-2차 후보,대형·상시,지원비 가동시간만,270435216.0,0.2715457242344605,1.8103048282297367,1.293074877306955
091700,(주)파트론,중견,False,비대상,2629,(주)파트론,의무,2025,425670767.0,1281439139367.0,0.0003321818055364464,1조~5조,중견-비대상,소형·업무시간,지원비 상시,43110960.0,0.1012777088354766,0.675184725569844,0.48227480397846
091700,(주)파트론,중견,False,비대상,2629,(주)파트론,의무,2025,425670767.0,1281439139367.0,0.0003321818055364464,1조~5조,중견-비대상,소형·업무시간,지원비 가동시간만,18031200.0,0.04235949799202443,0.2823966532801629,0.20171189520011637
091700,(주)파트론,중견,False,비대상,2629,(주)파트론,의무,2025,425670767.0,1281439139367.0,0.0003321818055364464,1조~5조,중견-비대상,소형·상시,지원비 상시,59830800.0,0.14055651606444472,0.9370434404296314,0.6693167431640225
091700,(주)파트론,중견,False,비대상,2629,(주)파트론,의무,2025,425670767.0,1281439139367.0,0.0003321818055364464,1조~5조,중견-비대상,소형·상시,지원비 가동시간만,59830800.0,0.14055651606444472,0.9370434404296314,0.6693167431640225
091700,(주)파트론,중견,False,비대상,2629,(주)파트론,의무,2025,425670767.0,1281439139367.0,0.0003321818055364464,1조~5조,중견-비대상,중형·업무시간,지원비 상시,76288368.0,0.17921918514080154,1.1947945676053437,0.8534246911466741
091700,(주)파트론,중견,False,비대상,2629,(주)파트론,의무,2025,425670767.0,1281439139367.0,0.0003321818055364464,1조~5조,중견-비대상,중형·업무시간,지원비 가동시간만,51208608.0,0.12030097429734939,0.8020064953156626,0.5728617823683305
091700,(주)파트론,중견,False,비대상,2629,(주)파트론,의무,2025,425670767.0,1281439139367.0,0.0003321818055364464,1조~5조,중견-비대상,중형·상시,지원비 상시,169919472.0,0.399180505623023,2.6612033708201532,1.900859550585824
091700,(주)파트론,중견,False,비대상,2629,(주)파트론,의무,2025,425670767.0,1281439139367.0,0.0003321818055364464,1조~5조,중견-비대상,중형·상시,지원비 가동시간만,169919472.0,0.399180505623023,2.6612033708201532,1.900859550585824
091700,(주)파트론,중견,False,비대상,2629,(주)파트론,의무,2025,425670767.0,1281439139367.0,0.0003321818055364464,1조~5조,중견-비대상,대형·상시,지원비 상시,270435216.0,0.6353154526112901,4.235436350741934,3.0253116791013817
091700,(주)파트론,중견,False,비대상,2629,(주)파트론,의무,2025,425670767.0,1281439139367.0,0.0003321818055364464,1조~5조,중견-비대상,대형·상시,지원비 가동시간만,270435216.0,0.6353154526112901,4.235436350741934,3.0253116791013817
033500,(주)동성화인텍,중견,False,비대상,201,(주)동성화인텍,의무,2025,2006398215.0,742186008411.0,0.0027033630279498853,5천억~1조,중견-비대상,소형·업무시간,지원비 상시,43110960.0,0.02148674160378477,0.1432449440252318,0.10231781716087987
033500,(주)동성화인텍,중견,False,비대상,201,(주)동성화인텍,의무,2025,2006398215.0,742186008411.0,0.0027033630279498853,5천억~1조,중견-비대상,소형·업무시간,지원비 가동시간만,18031200.0,0.0089868501004423,0.05991233400294866,0.042794524287820476
033500,(주)동성화인텍,중견,False,비대상,201,(주)동성화인텍,의무,2025,2006398215.0,742186008411.0,0.0027033630279498853,5천억~1조,중견-비대상,소형·상시,지원비 상시,59830800.0,0.029820002606013085,0.19880001737342057,0.14200001240958612
033500,(주)동성화인텍,중견,False,비대상,201,(주)동성화인텍,의무,2025,2006398215.0,742186008411.0,0.0027033630279498853,5천억~1조,중견-비대상,소형·상시,지원비 가동시간만,59830800.0,0.029820002606013085,0.19880001737342057,0.14200001240958612
033500,(주)동성화인텍,중견,False,비대상,201,(주)동성화인텍,의무,2025,2006398215.0,742186008411.0,0.0027033630279498853,5천억~1조,중견-비대상,중형·업무시간,지원비 상시,76288368.0,0.0380225457885986,0.2534836385906573,0.18105974185046952
033500,(주)동성화인텍,중견,False,비대상,201,(주)동성화인텍,의무,2025,2006398215.0,742186008411.0,0.0027033630279498853,5천억~1조,중견-비대상,중형·업무시간,지원비 가동시간만,51208608.0,0.02552265428525613,0.1701510285683742,0.12153644897741014
033500,(주)동성화인텍,중견,False,비대상,201,(주)동성화인텍,의무,2025,2006398215.0,742186008411.0,0.0027033630279498853,5천억~1조,중견-비대상,중형·상시,지원비 상시,169919472.0,0.08468880740107716,0.5645920493405144,0.4032800352432246
033500,(주)동성화인텍,중견,False,비대상,201,(주)동성화인텍,의무,2025,2006398215.0,742186008411.0,0.0027033630279498853,5천억~1조,중견-비대상,중형·상시,지원비 가동시간만,169919472.0,0.08468880740107716,0.5645920493405144,0.4032800352432246
033500,(주)동성화인텍,중견,False,비대상,201,(주)동성화인텍,의무,2025,2006398215.0,742186008411.0,0.0027033630279498853,5천억~1조,중견-비대상,대형·상시,지원비 상시,270435216.0,0.13478641177917913,0.8985760785278609,0.6418400560913293
033500,(주)동성화인텍,중견,False,비대상,201,(주)동성화인텍,의무,2025,2006398215.0,742186008411.0,0.0027033630279498853,5천억~1조,중견-비대상,대형·상시,지원비 가동시간만,270435216.0,0.13478641177917913,0.8985760785278609,0.6418400560913293
097520,(주)엠씨넥스,중견,False,비대상,26519,엠씨넥스,의무,2025,2844211496.0,964626721908.0,0.0029485099587270845,5천억~1조,중견-비대상,소형·업무시간,지원비 상시,43110960.0,0.01515743820761211,0.10104958805074742,0.0721782771791053
097520,(주)엠씨넥스,중견,False,비대상,26519,엠씨넥스,의무,2025,2844211496.0,964626721908.0,0.0029485099587270845,5천억~1조,중견-비대상,소형·업무시간,지원비 가동시간만,18031200.0,0.00633961293854499,0.0422640862569666,0.030188633040690426
097520,(주)엠씨넥스,중견,False,비대상,26519,엠씨넥스,의무,2025,2844211496.0,964626721908.0,0.0029485099587270845,5천억~1조,중견-비대상,소형·상시,지원비 상시,59830800.0,0.021035988386990192,0.14023992257993462,0.10017137327138187
097520,(주)엠씨넥스,중견,False,비대상,26519,엠씨넥스,의무,2025,2844211496.0,964626721908.0,0.0029485099587270845,5천억~1조,중견-비대상,소형·상시,지원비 가동시간만,59830800.0,0.021035988386990192,0.14023992257993462,0.10017137327138187
097520,(주)엠씨넥스,중견,False,비대상,26519,엠씨넥스,의무,2025,2844211496.0,964626721908.0,0.0029485099587270845,5천억~1조,중견-비대상,중형·업무시간,지원비 상시,76288368.0,0.02682232601453489,0.17881550676356595,0.1277253619739757
097520,(주)엠씨넥스,중견,False,비대상,26519,엠씨넥스,의무,2025,2844211496.0,964626721908.0,0.0029485099587270845,5천억~1조,중견-비대상,중형·업무시간,지원비 가동시간만,51208608.0,0.01800450074546777,0.12003000496978514,0.08573571783556082
097520,(주)엠씨넥스,중견,False,비대상,26519,엠씨넥스,의무,2025,2844211496.0,964626721908.0,0.0029485099587270845,5천억~1조,중견-비대상,중형·상시,지원비 상시,169919472.0,0.05974220701905215,0.3982813801270143,0.2844867000907245
097520,(주)엠씨넥스,중견,False,비대상,26519,엠씨넥스,의무,2025,2844211496.0,964626721908.0,0.0029485099587270845,5천억~1조,중견-비대상,중형·상시,지원비 가동시간만,169919472.0,0.05974220701905215,0.3982813801270143,0.2844867000907245
097520,(주)엠씨넥스,중견,False,비대상,26519,엠씨넥스,의무,2025,2844211496.0,964626721908.0,0.0029485099587270845,5천억~1조,중견-비대상,대형·상시,지원비 상시,270435216.0,0.09508266750919567,0.6338844500613044,0.4527746071866461
097520,(주)엠씨넥스,중견,False,비대상,26519,엠씨넥스,의무,2025,2844211496.0,964626721908.0,0.0029485099587270845,5천억~1조,중견-비대상,대형·상시,지원비 가동시간만,270435216.0,0.09508266750919567,0.6338844500613044,0.4527746071866461
074600,(주)원익큐엔씨,중견,False,비대상,2312,주식회사 원익큐엔씨,의무,2025,5805182426.0,396917817057.0,0.014625653413704877,3천억~5천억,중견-비대상,소형·업무시간,지원비 상시,43110960.0,0.007426288587748164,0.04950859058498776,0.03536327898927697
074600,(주)원익큐엔씨,중견,False,비대상,2312,주식회사 원익큐엔씨,의무,2025,5805182426.0,396917817057.0,0.014625653413704877,3천억~5천억,중견-비대상,소형·업무시간,지원비 가동시간만,18031200.0,0.0031060522610353537,0.020707015073569025,0.014790725052549303
074600,(주)원익큐엔씨,중견,False,비대상,2312,주식회사 원익큐엔씨,의무,2025,5805182426.0,396917817057.0,0.014625653413704877,3천억~5천억,중견-비대상,소형·상시,지원비 상시,59830800.0,0.010306446138890037,0.06870964092593358,0.049078314947095414
074600,(주)원익큐엔씨,중견,False,비대상,2312,주식회사 원익큐엔씨,의무,2025,5805182426.0,396917817057.0,0.014625653413704877,3천억~5천억,중견-비대상,소형·상시,지원비 가동시간만,59830800.0,0.010306446138890037,0.06870964092593358,0.049078314947095414
074600,(주)원익큐엔씨,중견,False,비대상,2312,주식회사 원익큐엔씨,의무,2025,5805182426.0,396917817057.0,0.014625653413704877,3천억~5천억,중견-비대상,중형·업무시간,지원비 상시,76288368.0,0.013141424748053215,0.08760949832035476,0.06257821308596768
074600,(주)원익큐엔씨,중견,False,비대상,2312,주식회사 원익큐엔씨,의무,2025,5805182426.0,396917817057.0,0.014625653413704877,3천억~5천억,중견-비대상,중형·업무시간,지원비 가동시간만,51208608.0,0.008821188421340404,0.058807922808936035,0.042005659149240024
074600,(주)원익큐엔씨,중견,False,비대상,2312,주식회사 원익큐엔씨,의무,2025,5805182426.0,396917817057.0,0.014625653413704877,3천억~5천억,중견-비대상,중형·상시,지원비 상시,169919472.0,0.029270307034447707,0.19513538022965138,0.13938241444975097
074600,(주)원익큐엔씨,중견,False,비대상,2312,주식회사 원익큐엔씨,의무,2025,5805182426.0,396917817057.0,0.014625653413704877,3천억~5천억,중견-비대상,중형·상시,지원비 가동시간만,169919472.0,0.029270307034447707,0.19513538022965138,0.13938241444975097
074600,(주)원익큐엔씨,중견,False,비대상,2312,주식회사 원익큐엔씨,의무,2025,5805182426.0,396917817057.0,0.014625653413704877,3천억~5천억,중견-비대상,대형·상시,지원비 상시,270435216.0,0.04658513654778297,0.3105675769852198,0.22183398356087128
074600,(주)원익큐엔씨,중견,False,비대상,2312,주식회사 원익큐엔씨,의무,2025,5805182426.0,396917817057.0,0.014625653413704877,3천억~5천억,중견-비대상,대형·상시,지원비 가동시간만,270435216.0,0.04658513654778297,0.3105675769852198,0.22183398356087128
240810,(주)원익아이피에스,중견,False,2차 후보(확인 필요),292,주식회사 원익아이피에스,의무,2025,9382329005.0,909820766098.0,0.010312282764481763,5천억~1조,중견-2차 후보,소형·업무시간,지원비 상시,43110960.0,0.004594910280488506,0.03063273520325671,0.021880525145183363
240810,(주)원익아이피에스,중견,False,2차 후보(확인 필요),292,주식회사 원익아이피에스,의무,2025,9382329005.0,909820766098.0,0.010312282764481763,5천억~1조,중견-2차 후보,소형·업무시간,지원비 가동시간만,18031200.0,0.0019218255925997556,0.012812170617331704,0.009151550440951218
240810,(주)원익아이피에스,중견,False,2차 후보(확인 필요),292,주식회사 원익아이피에스,의무,2025,9382329005.0,909820766098.0,0.010312282764481763,5천억~1조,중견-2차 후보,소형·상시,지원비 상시,59830800.0,0.006376966739081007,0.04251311159387338,0.03036650828133813
240810,(주)원익아이피에스,중견,False,2차 후보(확인 필요),292,주식회사 원익아이피에스,의무,2025,9382329005.0,909820766098.0,0.010312282764481763,5천억~1조,중견-2차 후보,소형·상시,지원비 가동시간만,59830800.0,0.006376966739081007,0.04251311159387338,0.03036650828133813
240810,(주)원익아이피에스,중견,False,2차 후보(확인 필요),292,주식회사 원익아이피에스,의무,2025,9382329005.0,909820766098.0,0.010312282764481763,5천억~1조,중견-2차 후보,중형·업무시간,지원비 상시,76288368.0,0.008131069370872056,0.05420712913914705,0.0387193779565336
240810,(주)원익아이피에스,중견,False,2차 후보(확인 필요),292,주식회사 원익아이피에스,의무,2025,9382329005.0,909820766098.0,0.010312282764481763,5천억~1조,중견-2차 후보,중형·업무시간,지원비 가동시간만,51208608.0,0.005457984682983306,0.03638656455322204,0.025990403252301456
240810,(주)원익아이피에스,중견,False,2차 후보(확인 필요),292,주식회사 원익아이피에스,의무,2025,9382329005.0,909820766098.0,0.010312282764481763,5천억~1조,중견-2차 후보,중형·상시,지원비 상시,169919472.0,0.01811058553899006,0.1207372369266004,0.08624088351900029
240810,(주)원익아이피에스,중견,False,2차 후보(확인 필요),292,주식회사 원익아이피에스,의무,2025,9382329005.0,909820766098.0,0.010312282764481763,5천억~1조,중견-2차 후보,중형·상시,지원비 가동시간만,169919472.0,0.01811058553899006,0.1207372369266004,0.08624088351900029
240810,(주)원익아이피에스,중견,False,2차 후보(확인 필요),292,주식회사 원익아이피에스,의무,2025,9382329005.0,909820766098.0,0.010312282764481763,5천억~1조,중견-2차 후보,대형·상시,지원비 상시,270435216.0,0.02882388966064615,0.19215926440430767,0.13725661743164835
240810,(주)원익아이피에스,중견,False,2차 후보(확인 필요),292,주식회사 원익아이피에스,의무,2025,9382329005.0,909820766098.0,0.010312282764481763,5천억~1조,중견-2차 후보,대형·상시,지원비 가동시간만,270435216.0,0.02882388966064615,0.19215926440430767,0.13725661743164835
011930,주식회사 신성이엔지,중견,False,비대상,2612,주식회사 신성이엔지,의무,2025,5311177224.0,318829816991.0,0.016658345427428844,3천억~5천억,중견-비대상,소형·업무시간,지원비 상시,43110960.0,0.008117025318829768,0.05411350212553178,0.03865250151823699
011930,주식회사 신성이엔지,중견,False,비대상,2612,주식회사 신성이엔지,의무,2025,5311177224.0,318829816991.0,0.016658345427428844,3천억~5천억,중견-비대상,소형·업무시간,지원비 가동시간만,18031200.0,0.003394953555404085,0.0226330237026939,0.016166445501924216
011930,주식회사 신성이엔지,중견,False,비대상,2612,주식회사 신성이엔지,의무,2025,5311177224.0,318829816991.0,0.016658345427428844,3천억~5천억,중견-비대상,소형·상시,지원비 상시,59830800.0,0.011265073161113555,0.07510048774075703,0.05364320552911217
011930,주식회사 신성이엔지,중견,False,비대상,2612,주식회사 신성이엔지,의무,2025,5311177224.0,318829816991.0,0.016658345427428844,3천억~5천억,중견-비대상,소형·상시,지원비 가동시간만,59830800.0,0.011265073161113555,0.07510048774075703,0.05364320552911217
011930,주식회사 신성이엔지,중견,False,비대상,2612,주식회사 신성이엔지,의무,2025,5311177224.0,318829816991.0,0.016658345427428844,3천억~5천억,중견-비대상,중형·업무시간,지원비 상시,76288368.0,0.014363739860773285,0.09575826573848856,0.06839876124177754
011930,주식회사 신성이엔지,중견,False,비대상,2612,주식회사 신성이엔지,의무,2025,5311177224.0,318829816991.0,0.016658345427428844,3천억~5천억,중견-비대상,중형·업무시간,지원비 가동시간만,51208608.0,0.009641668097347603,0.06427778731565068,0.04591270522546478
011930,주식회사 신성이엔지,중견,False,비대상,2612,주식회사 신성이엔지,의무,2025,5311177224.0,318829816991.0,0.016658345427428844,3천억~5천억,중견-비대상,중형·상시,지원비 상시,169919472.0,0.0319928077775625,0.21328538518374998,0.15234670370267858
011930,주식회사 신성이엔지,중견,False,비대상,2612,주식회사 신성이엔지,의무,2025,5311177224.0,318829816991.0,0.016658345427428844,3천억~5천억,중견-비대상,중형·상시,지원비 가동시간만,169919472.0,0.0319928077775625,0.21328538518374998,0.15234670370267858
011930,주식회사 신성이엔지,중견,False,비대상,2612,주식회사 신성이엔지,의무,2025,5311177224.0,318829816991.0,0.016658345427428844,3천억~5천억,중견-비대상,대형·상시,지원비 상시,270435216.0,0.050918130688233275,0.3394542045882218,0.242467288991587
011930,주식회사 신성이엔지,중견,False,비대상,2612,주식회사 신성이엔지,의무,2025,5311177224.0,318829816991.0,0.016658345427428844,3천억~5천억,중견-비대상,대형·상시,지원비 가동시간만,270435216.0,0.050918130688233275,0.3394542045882218,0.242467288991587
018470,조일알미늄(주),중견,False,1차(2027),24222,조일알미늄(주),의무,2025,524661838.0,486678693232.0,0.001078045629069472,3천억~5천억,중견-1차(2027),소형·업무시간,지원비 상시,43110960.0,0.08216904085179529,0.5477936056786352,0.3912811469133109
018470,조일알미늄(주),중견,False,1차(2027),24222,조일알미늄(주),의무,2025,524661838.0,486678693232.0,0.001078045629069472,3천억~5천억,중견-1차(2027),소형·업무시간,지원비 가동시간만,18031200.0,0.03436727944371666,0.2291151962914444,0.16365371163674602
018470,조일알미늄(주),중견,False,1차(2027),24222,조일알미늄(주),의무,2025,524661838.0,486678693232.0,0.001078045629069472,3천억~5천억,중견-1차(2027),소형·상시,지원비 상시,59830800.0,0.11403688179051437,0.7602458786034291,0.5430327704310208
018470,조일알미늄(주),중견,False,1차(2027),24222,조일알미늄(주),의무,2025,524661838.0,486678693232.0,0.001078045629069472,3천억~5천억,중견-1차(2027),소형·상시,지원비 가동시간만,59830800.0,0.11403688179051437,0.7602458786034291,0.5430327704310208
018470,조일알미늄(주),중견,False,1차(2027),24222,조일알미늄(주),의무,2025,524661838.0,486678693232.0,0.001078045629069472,3천억~5천억,중견-1차(2027),중형·업무시간,지원비 상시,76288368.0,0.14540483502823393,0.9693655668548928,0.6924039763249236
018470,조일알미늄(주),중견,False,1차(2027),24222,조일알미늄(주),의무,2025,524661838.0,486678693232.0,0.001078045629069472,3천억~5천억,중견-1차(2027),중형·업무시간,지원비 가동시간만,51208608.0,0.09760307362015531,0.650687157467702,0.4647765410483587
018470,조일알미늄(주),중견,False,1차(2027),24222,조일알미늄(주),의무,2025,524661838.0,486678693232.0,0.001078045629069472,3천억~5천억,중견-1차(2027),중형·상시,지원비 상시,169919472.0,0.3238647442850608,2.1590982952337385,1.5422130680240993
018470,조일알미늄(주),중견,False,1차(2027),24222,조일알미늄(주),의무,2025,524661838.0,486678693232.0,0.001078045629069472,3천억~5천억,중견-1차(2027),중형·상시,지원비 가동시간만,169919472.0,0.3238647442850608,2.1590982952337385,1.5422130680240993
018470,조일알미늄(주),중견,False,1차(2027),24222,조일알미늄(주),의무,2025,524661838.0,486678693232.0,0.001078045629069472,3천억~5천억,중견-1차(2027),대형·상시,지원비 상시,270435216.0,0.5154467056931249,3.4363113712874997,2.4545081223482144
018470,조일알미늄(주),중견,False,1차(2027),24222,조일알미늄(주),의무,2025,524661838.0,486678693232.0,0.001078045629069472,3천억~5천억,중견-1차(2027),대형·상시,지원비 가동시간만,270435216.0,0.5154467056931249,3.4363113712874997,2.4545081223482144
137400,(주)피엔티,중견,False,2차 후보(확인 필요),292,(주)피엔티,의무,2025,1797183391.0,719243824958.0,0.0024987122984405823,5천억~1조,중견-2차 후보,소형·업무시간,지원비 상시,43110960.0,0.023988069451282838,0.15992046300855225,0.11422890214896589
137400,(주)피엔티,중견,False,2차 후보(확인 필요),292,(주)피엔티,의무,2025,1797183391.0,719243824958.0,0.0024987122984405823,5천억~1조,중견-2차 후보,소형·업무시간,지원비 가동시간만,18031200.0,0.010033032850346435,0.06688688566897623,0.04777634690641159
137400,(주)피엔티,중견,False,2차 후보(확인 필요),292,(주)피엔티,의무,2025,1797183391.0,719243824958.0,0.0024987122984405823,5천억~1조,중견-2차 후보,소형·상시,지원비 상시,59830800.0,0.03329142718524044,0.22194284790160296,0.1585306056440021
137400,(주)피엔티,중견,False,2차 후보(확인 필요),292,(주)피엔티,의무,2025,1797183391.0,719243824958.0,0.0024987122984405823,5천억~1조,중견-2차 후보,소형·상시,지원비 가동시간만,59830800.0,0.03329142718524044,0.22194284790160296,0.1585306056440021
137400,(주)피엔티,중견,False,2차 후보(확인 필요),292,(주)피엔티,의무,2025,1797183391.0,719243824958.0,0.0024987122984405823,5천억~1조,중견-2차 후보,중형·업무시간,지원비 상시,76288368.0,0.04244884989592028,0.28299233263946855,0.20213738045676322
137400,(주)피엔티,중견,False,2차 후보(확인 필요),292,(주)피엔티,의무,2025,1797183391.0,719243824958.0,0.0024987122984405823,5천억~1조,중견-2차 후보,중형·업무시간,지원비 가동시간만,51208608.0,0.028493813294983874,0.1899587552998925,0.1356848252142089
137400,(주)피엔티,중견,False,2차 후보(확인 필요),292,(주)피엔티,의무,2025,1797183391.0,719243824958.0,0.0024987122984405823,5천억~1조,중견-2차 후보,중형·상시,지원비 상시,169919472.0,0.09454765320608285,0.6303176880405524,0.4502269200289659
137400,(주)피엔티,중견,False,2차 후보(확인 필요),292,(주)피엔티,의무,2025,1797183391.0,719243824958.0,0.0024987122984405823,5천억~1조,중견-2차 후보,중형·상시,지원비 가동시간만,169919472.0,0.09454765320608285,0.6303176880405524,0.4502269200289659
137400,(주)피엔티,중견,False,2차 후보(확인 필요),292,(주)피엔티,의무,2025,1797183391.0,719243824958.0,0.0024987122984405823,5천억~1조,중견-2차 후보,대형·상시,지원비 상시,270435216.0,0.15047725087728678,1.0031816725152454,0.7165583375108895
137400,(주)피엔티,중견,False,2차 후보(확인 필요),292,(주)피엔티,의무,2025,1797183391.0,719243824958.0,0.0024987122984405823,5천억~1조,중견-2차 후보,대형·상시,지원비 가동시간만,270435216.0,0.15047725087728678,1.0031816725152454,0.7165583375108895
000500,가온전선(주),대기업,False,2차(2028),28302,가온전선,의무,2025,2977621719.0,1411696404000.0,0.002109250764231599,1조~5조,대기업,소형·업무시간,지원비 상시,43110960.0,0.014478319970905613,0.09652213313937076,0.06894438081383625
000500,가온전선(주),대기업,False,2차(2028),28302,가온전선,의무,2025,2977621719.0,1411696404000.0,0.002109250764231599,1조~5조,대기업,소형·업무시간,지원비 가동시간만,18031200.0,0.0060555710904928416,0.040370473936618946,0.028836052811870676
000500,가온전선(주),대기업,False,2차(2028),28302,가온전선,의무,2025,2977621719.0,1411696404000.0,0.002109250764231599,1조~5조,대기업,소형·상시,지원비 상시,59830800.0,0.020093485891180794,0.13395657260787197,0.09568326614847997
000500,가온전선(주),대기업,False,2차(2028),28302,가온전선,의무,2025,2977621719.0,1411696404000.0,0.002109250764231599,1조~5조,대기업,소형·상시,지원비 가동시간만,59830800.0,0.020093485891180794,0.13395657260787197,0.09568326614847997
000500,가온전선(주),대기업,False,2차(2028),28302,가온전선,의무,2025,2977621719.0,1411696404000.0,0.002109250764231599,1조~5조,대기업,중형·업무시간,지원비 상시,76288368.0,0.025620570777412442,0.17080380518274962,0.1220027179876783
000500,가온전선(주),대기업,False,2차(2028),28302,가온전선,의무,2025,2977621719.0,1411696404000.0,0.002109250764231599,1조~5조,대기업,중형·업무시간,지원비 가동시간만,51208608.0,0.01719782189699967,0.11465214597999782,0.08189438998571272
000500,가온전선(주),대기업,False,2차(2028),28302,가온전선,의무,2025,2977621719.0,1411696404000.0,0.002109250764231599,1조~5조,대기업,중형·상시,지원비 상시,169919472.0,0.05706549993095345,0.38043666620635636,0.2717404758616831
000500,가온전선(주),대기업,False,2차(2028),28302,가온전선,의무,2025,2977621719.0,1411696404000.0,0.002109250764231599,1조~5조,대기업,중형·상시,지원비 가동시간만,169919472.0,0.05706549993095345,0.38043666620635636,0.2717404758616831
000500,가온전선(주),대기업,False,2차(2028),28302,가온전선,의무,2025,2977621719.0,1411696404000.0,0.002109250764231599,1조~5조,대기업,대형·상시,지원비 상시,270435216.0,0.09082255622813719,0.6054837081875812,0.43248836299112947
000500,가온전선(주),대기업,False,2차(2028),28302,가온전선,의무,2025,2977621719.0,1411696404000.0,0.002109250764231599,1조~5조,대기업,대형·상시,지원비 가동시간만,270435216.0,0.09082255622813719,0.6054837081875812,0.43248836299112947
417200,엘에스머트리얼즈 주식회사,대기업,False,비대상,26291,엘에스머트리얼즈,자율,2025,551268139.0,29147753781.0,0.018912885814183898,3천억 미만,대기업,소형·업무시간,지원비 상시,43110960.0,0.0782032498344694,0.5213549988964626,0.3723964277831876
417200,엘에스머트리얼즈 주식회사,대기업,False,비대상,26291,엘에스머트리얼즈,자율,2025,551268139.0,29147753781.0,0.018912885814183898,3천억 미만,대기업,소형·업무시간,지원비 가동시간만,18031200.0,0.03270858358095678,0.21805722387304521,0.15575515990931801
417200,엘에스머트리얼즈 주식회사,대기업,False,비대상,26291,엘에스머트리얼즈,자율,2025,551268139.0,29147753781.0,0.018912885814183898,3천억 미만,대기업,소형·상시,지원비 상시,59830800.0,0.10853302733681114,0.7235535155787409,0.5168239396991007
417200,엘에스머트리얼즈 주식회사,대기업,False,비대상,26291,엘에스머트리얼즈,자율,2025,551268139.0,29147753781.0,0.018912885814183898,3천억 미만,대기업,소형·상시,지원비 가동시간만,59830800.0,0.10853302733681114,0.7235535155787409,0.5168239396991007
417200,엘에스머트리얼즈 주식회사,대기업,False,비대상,26291,엘에스머트리얼즈,자율,2025,551268139.0,29147753781.0,0.018912885814183898,3천억 미만,대기업,중형·업무시간,지원비 상시,76288368.0,0.13838704362342988,0.9225802908228659,0.6589859220163328
417200,엘에스머트리얼즈 주식회사,대기업,False,비대상,26291,엘에스머트리얼즈,자율,2025,551268139.0,29147753781.0,0.018912885814183898,3천억 미만,대기업,중형·업무시간,지원비 가동시간만,51208608.0,0.09289237736991726,0.6192825157994484,0.44234465414246316
417200,엘에스머트리얼즈 주식회사,대기업,False,비대상,26291,엘에스머트리얼즈,자율,2025,551268139.0,29147753781.0,0.018912885814183898,3천억 미만,대기업,중형·상시,지원비 상시,169919472.0,0.3082337976365436,2.0548919842436244,1.467779988745446
417200,엘에스머트리얼즈 주식회사,대기업,False,비대상,26291,엘에스머트리얼즈,자율,2025,551268139.0,29147753781.0,0.018912885814183898,3천억 미만,대기업,중형·상시,지원비 가동시간만,169919472.0,0.3082337976365436,2.0548919842436244,1.467779988745446
417200,엘에스머트리얼즈 주식회사,대기업,False,비대상,26291,엘에스머트리얼즈,자율,2025,551268139.0,29147753781.0,0.018912885814183898,3천억 미만,대기업,대형·상시,지원비 상시,270435216.0,0.4905692835623863,3.270461890415909,2.336044207439935
417200,엘에스머트리얼즈 주식회사,대기업,False,비대상,26291,엘에스머트리얼즈,자율,2025,551268139.0,29147753781.0,0.018912885814183898,3천억 미만,대기업,대형·상시,지원비 가동시간만,270435216.0,0.4905692835623863,3.270461890415909,2.336044207439935
018290,(주)브이티,중견,False,비대상,204,브이티,의무,2025,913920517.0,381052176242.0,0.0023984130625187244,3천억~5천억,중견-비대상,소형·업무시간,지원비 상시,43110960.0,0.04717145440777975,0.31447636271853174,0.2246259733703798
018290,(주)브이티,중견,False,비대상,204,브이티,의무,2025,913920517.0,381052176242.0,0.0023984130625187244,3천억~5천억,중견-비대상,소형·업무시간,지원비 가동시간만,18031200.0,0.01972950564583944,0.13153003763892962,0.09395002688494972
018290,(주)브이티,중견,False,비대상,204,브이티,의무,2025,913920517.0,381052176242.0,0.0023984130625187244,3천억~5천억,중견-비대상,소형·상시,지원비 상시,59830800.0,0.06546608691573996,0.4364405794382665,0.3117432710273332
018290,(주)브이티,중견,False,비대상,204,브이티,의무,2025,913920517.0,381052176242.0,0.0023984130625187244,3천억~5천억,중견-비대상,소형·상시,지원비 가동시간만,59830800.0,0.06546608691573996,0.4364405794382665,0.3117432710273332
018290,(주)브이티,중견,False,비대상,204,브이티,의무,2025,913920517.0,381052176242.0,0.0023984130625187244,3천억~5천억,중견-비대상,중형·업무시간,지원비 상시,76288368.0,0.08347374479612432,0.5564916319741622,0.3974940228386873
018290,(주)브이티,중견,False,비대상,204,브이티,의무,2025,913920517.0,381052176242.0,0.0023984130625187244,3천억~5천억,중견-비대상,중형·업무시간,지원비 가동시간만,51208608.0,0.05603179603418401,0.3735453068945601,0.2668180763532572
018290,(주)브이티,중견,False,비대상,204,브이티,의무,2025,913920517.0,381052176242.0,0.0023984130625187244,3천억~5천억,중견-비대상,중형·상시,지원비 상시,169919472.0,0.18592368684070149,1.2394912456046767,0.8853508897176262
018290,(주)브이티,중견,False,비대상,204,브이티,의무,2025,913920517.0,381052176242.0,0.0023984130625187244,3천억~5천억,중견-비대상,중형·상시,지원비 가동시간만,169919472.0,0.18592368684070149,1.2394912456046767,0.8853508897176262
018290,(주)브이티,중견,False,비대상,204,브이티,의무,2025,913920517.0,381052176242.0,0.0023984130625187244,3천억~5천억,중견-비대상,대형·상시,지원비 상시,270435216.0,0.2959067128591446,1.9727114190609645,1.4090795850435458
018290,(주)브이티,중견,False,비대상,204,브이티,의무,2025,913920517.0,381052176242.0,0.0023984130625187244,3천억~5천억,중견-비대상,대형·상시,지원비 가동시간만,270435216.0,0.2959067128591446,1.9727114190609645,1.4090795850435458
178920,피아이첨단소재(주),중견,False,비대상,2221,피아이첨단소재(주),자율,2025,3941755243.0,263421091422.0,0.014963704013682477,3천억 미만,중견-비대상,소형·업무시간,지원비 상시,43110960.0,0.010936995663685351,0.07291330442456902,0.05208093173183501
178920,피아이첨단소재(주),중견,False,비대상,2221,피아이첨단소재(주),자율,2025,3941755243.0,263421091422.0,0.014963704013682477,3천억 미만,중견-비대상,소형·업무시간,지원비 가동시간만,18031200.0,0.004574408832720109,0.030496058884800732,0.02178289920342909
178920,피아이첨단소재(주),중견,False,비대상,2221,피아이첨단소재(주),자율,2025,3941755243.0,263421091422.0,0.014963704013682477,3천억 미만,중견-비대상,소형·상시,지원비 상시,59830800.0,0.01517872021766218,0.10119146811774787,0.07227962008410563
178920,피아이첨단소재(주),중견,False,비대상,2221,피아이첨단소재(주),자율,2025,3941755243.0,263421091422.0,0.014963704013682477,3천억 미만,중견-비대상,소형·상시,지원비 가동시간만,59830800.0,0.01517872021766218,0.10119146811774787,0.07227962008410563
178920,피아이첨단소재(주),중견,False,비대상,2221,피아이첨단소재(주),자율,2025,3941755243.0,263421091422.0,0.014963704013682477,3천억 미만,중견-비대상,중형·업무시간,지원비 상시,76288368.0,0.019353907915890353,0.12902605277260237,0.09216146626614453
178920,피아이첨단소재(주),중견,False,비대상,2221,피아이첨단소재(주),자율,2025,3941755243.0,263421091422.0,0.014963704013682477,3천억 미만,중견-비대상,중형·업무시간,지원비 가동시간만,51208608.0,0.01299132108492511,0.08660880723283408,0.06186343373773862
178920,피아이첨단소재(주),중견,False,비대상,2221,피아이첨단소재(주),자율,2025,3941755243.0,263421091422.0,0.014963704013682477,3천억 미만,중견-비대상,중형·상시,지원비 상시,169919472.0,0.04310756541816059,0.28738376945440397,0.20527412103885997
178920,피아이첨단소재(주),중견,False,비대상,2221,피아이첨단소재(주),자율,2025,3941755243.0,263421091422.0,0.014963704013682477,3천억 미만,중견-비대상,중형·상시,지원비 가동시간만,169919472.0,0.04310756541816059,0.28738376945440397,0.20527412103885997
178920,피아이첨단소재(주),중견,False,비대상,2221,피아이첨단소재(주),자율,2025,3941755243.0,263421091422.0,0.014963704013682477,3천억 미만,중견-비대상,대형·상시,지원비 상시,270435216.0,0.06860781538383305,0.4573854358922204,0.32670388278015744
178920,피아이첨단소재(주),중견,False,비대상,2221,피아이첨단소재(주),자율,2025,3941755243.0,263421091422.0,0.014963704013682477,3천억 미만,중견-비대상,대형·상시,지원비 가동시간만,270435216.0,0.06860781538383305,0.4573854358922204,0.32670388278015744
003680,한성기업(주),중견,False,비대상,10211,한성기업,의무,2025,753260211.0,318445028569.0,0.0023654324716103556,3천억~5천억,중견-비대상,소형·업무시간,지원비 상시,43110960.0,0.0572324933275946,0.38154995551729737,0.2725356825123552
003680,한성기업(주),중견,False,비대상,10211,한성기업,의무,2025,753260211.0,318445028569.0,0.0023654324716103556,3천억~5천억,중견-비대상,소형·업무시간,지원비 가동시간만,18031200.0,0.02393754473777721,0.1595836315851814,0.11398830827512957
003680,한성기업(주),중견,False,비대상,10211,한성기업,의무,2025,753260211.0,318445028569.0,0.0023654324716103556,3천억~5천억,중견-비대상,소형·상시,지원비 상시,59830800.0,0.0794291257208062,0.5295275048053747,0.37823393200383904
003680,한성기업(주),중견,False,비대상,10211,한성기업,의무,2025,753260211.0,318445028569.0,0.0023654324716103556,3천억~5천억,중견-비대상,소형·상시,지원비 가동시간만,59830800.0,0.0794291257208062,0.5295275048053747,0.37823393200383904
003680,한성기업(주),중견,False,비대상,10211,한성기업,의무,2025,753260211.0,318445028569.0,0.0023654324716103556,3천억~5천억,중견-비대상,중형·업무시간,지원비 상시,76288368.0,0.10127757564510466,0.6751838376340311,0.4822741697385936
003680,한성기업(주),중견,False,비대상,10211,한성기업,의무,2025,753260211.0,318445028569.0,0.0023654324716103556,3천억~5천억,중견-비대상,중형·업무시간,지원비 가동시간만,51208608.0,0.06798262705528728,0.4532175137019152,0.32372679550136796
003680,한성기업(주),중견,False,비대상,10211,한성기업,의무,2025,753260211.0,318445028569.0,0.0023654324716103556,3천억~5천억,중견-비대상,중형·상시,지원비 상시,169919472.0,0.2255787170470896,1.503858113647264,1.0741843668909028
003680,한성기업(주),중견,False,비대상,10211,한성기업,의무,2025,753260211.0,318445028569.0,0.0023654324716103556,3천억~5천억,중견-비대상,중형·상시,지원비 가동시간만,169919472.0,0.2255787170470896,1.503858113647264,1.0741843668909028
003680,한성기업(주),중견,False,비대상,10211,한성기업,의무,2025,753260211.0,318445028569.0,0.0023654324716103556,3천억~5천억,중견-비대상,대형·상시,지원비 상시,270435216.0,0.359019648258044,2.3934643217202933,1.7096173726573523
003680,한성기업(주),중견,False,비대상,10211,한성기업,의무,2025,753260211.0,318445028569.0,0.0023654324716103556,3천억~5천억,중견-비대상,대형·상시,지원비 가동시간만,270435216.0,0.359019648258044,2.3934643217202933,1.7096173726573523
090460,(주)비에이치,중견,False,비대상,2622,(주)비에이치,의무,2025,1529057272.0,349882710927.0,0.004370199567588879,3천억~5천억,중견-비대상,소형·업무시간,지원비 상시,43110960.0,0.028194470403068068,0.1879631360204538,0.1342593828717527
090460,(주)비에이치,중견,False,비대상,2622,(주)비에이치,의무,2025,1529057272.0,349882710927.0,0.004370199567588879,3천억~5천억,중견-비대상,소형·업무시간,지원비 가동시간만,18031200.0,0.011792364046910598,0.07861576031273733,0.05615411450909809
090460,(주)비에이치,중견,False,비대상,2622,(주)비에이치,의무,2025,1529057272.0,349882710927.0,0.004370199567588879,3천억~5천억,중견-비대상,소형·상시,지원비 상시,59830800.0,0.039129207973839716,0.26086138649226476,0.1863295617801891
090460,(주)비에이치,중견,False,비대상,2622,(주)비에이치,의무,2025,1529057272.0,349882710927.0,0.004370199567588879,3천억~5천억,중견-비대상,소형·상시,지원비 가동시간만,59830800.0,0.039129207973839716,0.26086138649226476,0.1863295617801891
090460,(주)비에이치,중견,False,비대상,2622,(주)비에이치,의무,2025,1529057272.0,349882710927.0,0.004370199567588879,3천억~5천억,중견-비대상,중형·업무시간,지원비 상시,76288368.0,0.04989242024938357,0.3326161349958905,0.23758295356849318
090460,(주)비에이치,중견,False,비대상,2622,(주)비에이치,의무,2025,1529057272.0,349882710927.0,0.004370199567588879,3천억~5천억,중견-비대상,중형·업무시간,지원비 가동시간만,51208608.0,0.0334903138932261,0.22326875928817402,0.15947768520583858
090460,(주)비에이치,중견,False,비대상,2622,(주)비에이치,의무,2025,1529057272.0,349882710927.0,0.004370199567588879,3천억~5천억,중견-비대상,중형·상시,지원비 상시,169919472.0,0.11112695064570478,0.740846337638032,0.529175955455737
090460,(주)비에이치,중견,False,비대상,2622,(주)비에이치,의무,2025,1529057272.0,349882710927.0,0.004370199567588879,3천억~5천억,중견-비대상,중형·상시,지원비 가동시간만,169919472.0,0.11112695064570478,0.740846337638032,0.529175955455737
090460,(주)비에이치,중견,False,비대상,2622,(주)비에이치,의무,2025,1529057272.0,349882710927.0,0.004370199567588879,3천억~5천억,중견-비대상,대형·상시,지원비 상시,270435216.0,0.1768640200417555,1.1790934669450368,0.8422096192464548
090460,(주)비에이치,중견,False,비대상,2622,(주)비에이치,의무,2025,1529057272.0,349882710927.0,0.004370199567588879,3천억~5천억,중견-비대상,대형·상시,지원비 가동시간만,270435216.0,0.1768640200417555,1.1790934669450368,0.8422096192464548
322000,에이치디현대에너지솔루션(주),대기업,False,비대상,2612,에이치디현대에너지솔루션(주),의무,2025,2374153629.0,484387824120.0,0.004901348693710844,3천억~5천억,대기업,소형·업무시간,지원비 상시,43110960.0,0.0181584542269737,0.12105636151315802,0.08646882965225572
322000,에이치디현대에너지솔루션(주),대기업,False,비대상,2612,에이치디현대에너지솔루션(주),의무,2025,2374153629.0,484387824120.0,0.004901348693710844,3천억~5천억,대기업,소형·업무시간,지원비 가동시간만,18031200.0,0.007594790741319799,0.050631938275465325,0.036165670196760945
322000,에이치디현대에너지솔루션(주),대기업,False,비대상,2612,에이치디현대에너지솔루션(주),의무,2025,2374153629.0,484387824120.0,0.004901348693710844,3천억~5천억,대기업,소형·상시,지원비 상시,59830800.0,0.02520089655074297,0.16800597700495315,0.12000426928925223
322000,에이치디현대에너지솔루션(주),대기업,False,비대상,2612,에이치디현대에너지솔루션(주),의무,2025,2374153629.0,484387824120.0,0.004901348693710844,3천억~5천억,대기업,소형·상시,지원비 가동시간만,59830800.0,0.02520089655074297,0.16800597700495315,0.12000426928925223
322000,에이치디현대에너지솔루션(주),대기업,False,비대상,2612,에이치디현대에너지솔루션(주),의무,2025,2374153629.0,484387824120.0,0.004901348693710844,3천억~5천억,대기업,중형·업무시간,지원비 상시,76288368.0,0.03213286919100213,0.21421912794001421,0.15301366281429588
322000,에이치디현대에너지솔루션(주),대기업,False,비대상,2612,에이치디현대에너지솔루션(주),의무,2025,2374153629.0,484387824120.0,0.004901348693710844,3천억~5천억,대기업,중형·업무시간,지원비 가동시간만,51208608.0,0.02156920570534823,0.14379470470232153,0.1027105033588011
322000,에이치디현대에너지솔루션(주),대기업,False,비대상,2612,에이치디현대에너지솔루션(주),의무,2025,2374153629.0,484387824120.0,0.004901348693710844,3천억~5천억,대기업,중형·상시,지원비 상시,169919472.0,0.07157054620411003,0.4771369746940669,0.3408121247814763
322000,에이치디현대에너지솔루션(주),대기업,False,비대상,2612,에이치디현대에너지솔루션(주),의무,2025,2374153629.0,484387824120.0,0.004901348693710844,3천억~5천억,대기업,중형·상시,지원비 가동시간만,169919472.0,0.07157054620411003,0.4771369746940669,0.3408121247814763
322000,에이치디현대에너지솔루션(주),대기업,False,비대상,2612,에이치디현대에너지솔루션(주),의무,2025,2374153629.0,484387824120.0,0.004901348693710844,3천억~5천억,대기업,대형·상시,지원비 상시,270435216.0,0.11390805240935821,0.7593870160623882,0.5424192971874201
322000,에이치디현대에너지솔루션(주),대기업,False,비대상,2612,에이치디현대에너지솔루션(주),의무,2025,2374153629.0,484387824120.0,0.004901348693710844,3천억~5천억,대기업,대형·상시,지원비 가동시간만,270435216.0,0.11390805240935821,0.7593870160623882,0.5424192971874201
170030,(주)현대공업,중견,False,2차 후보(확인 필요),303,현대공업,의무,2025,512051087.0,353859469521.0,0.0014470464438697522,3천억~5천억,중견-2차 후보,소형·업무시간,지원비 상시,43110960.0,0.08419269306228423,0.5612846204152282,0.4009175860108773
170030,(주)현대공업,중견,False,2차 후보(확인 필요),303,현대공업,의무,2025,512051087.0,353859469521.0,0.0014470464438697522,3천억~5천억,중견-2차 후보,소형·업무시간,지원비 가동시간만,18031200.0,0.035213673904377435,0.2347578260291829,0.16768416144941636
170030,(주)현대공업,중견,False,2차 후보(확인 필요),303,현대공업,의무,2025,512051087.0,353859469521.0,0.0014470464438697522,3천억~5천억,중견-2차 후보,소형·상시,지원비 상시,59830800.0,0.11684537250088876,0.7789691500059251,0.556406535718518
170030,(주)현대공업,중견,False,2차 후보(확인 필요),303,현대공업,의무,2025,512051087.0,353859469521.0,0.0014470464438697522,3천억~5천억,중견-2차 후보,소형·상시,지원비 가동시간만,59830800.0,0.11684537250088876,0.7789691500059251,0.556406535718518
170030,(주)현대공업,중견,False,2차 후보(확인 필요),303,현대공업,의무,2025,512051087.0,353859469521.0,0.0014470464438697522,3천억~5천억,중견-2차 후보,중형·업무시간,지원비 상시,76288368.0,0.1489858530463387,0.9932390203089247,0.7094564430778034
170030,(주)현대공업,중견,False,2차 후보(확인 필요),303,현대공업,의무,2025,512051087.0,353859469521.0,0.0014470464438697522,3천억~5천억,중견-2차 후보,중형·업무시간,지원비 가동시간만,51208608.0,0.10000683388843191,0.6667122259228795,0.47622301851634247
170030,(주)현대공업,중견,False,2차 후보(확인 필요),303,현대공업,의무,2025,512051087.0,353859469521.0,0.0014470464438697522,3천억~5천억,중견-2차 후보,중형·상시,지원비 상시,169919472.0,0.3318408579025241,2.2122723860168274,1.580194561440591
170030,(주)현대공업,중견,False,2차 후보(확인 필요),303,현대공업,의무,2025,512051087.0,353859469521.0,0.0014470464438697522,3천억~5천억,중견-2차 후보,중형·상시,지원비 가동시간만,169919472.0,0.3318408579025241,2.2122723860168274,1.580194561440591
170030,(주)현대공업,중견,False,2차 후보(확인 필요),303,현대공업,의무,2025,512051087.0,353859469521.0,0.0014470464438697522,3천억~5천억,중견-2차 후보,대형·상시,지원비 상시,270435216.0,0.5281410837040172,3.5209405580267816,2.5149575414477012
170030,(주)현대공업,중견,False,2차 후보(확인 필요),303,현대공업,의무,2025,512051087.0,353859469521.0,0.0014470464438697522,3천억~5천억,중견-2차 후보,대형·상시,지원비 가동시간만,270435216.0,0.5281410837040172,3.5209405580267816,2.5149575414477012
090080,평화산업(주),중견,False,"2차(2028, 제품명 확인)",303,평화산업(주),의무,2025,1364564132.0,618025594998.0,0.00220794113228339,5천억~1조,중견-2차(2028),소형·업무시간,지원비 상시,43110960.0,0.03159320913470998,0.21062139423139992,0.15044385302242852
090080,평화산업(주),중견,False,"2차(2028, 제품명 확인)",303,평화산업(주),의무,2025,1364564132.0,618025594998.0,0.00220794113228339,5천억~1조,중견-2차(2028),소형·업무시간,지원비 가동시간만,18031200.0,0.01321388975216007,0.08809259834773381,0.06292328453409557
090080,평화산업(주),중견,False,"2차(2028, 제품명 확인)",303,평화산업(주),의무,2025,1364564132.0,618025594998.0,0.00220794113228339,5천억~1조,중견-2차(2028),소형·상시,지원비 상시,59830800.0,0.04384608872307659,0.292307258153844,0.20879089868131714
090080,평화산업(주),중견,False,"2차(2028, 제품명 확인)",303,평화산업(주),의무,2025,1364564132.0,618025594998.0,0.00220794113228339,5천억~1조,중견-2차(2028),소형·상시,지원비 가동시간만,59830800.0,0.04384608872307659,0.292307258153844,0.20879089868131714
090080,평화산업(주),중견,False,"2차(2028, 제품명 확인)",303,평화산업(주),의무,2025,1364564132.0,618025594998.0,0.00220794113228339,5천억~1조,중견-2차(2028),중형·업무시간,지원비 상시,76288368.0,0.05590676627868451,0.3727117751912301,0.26622269656516434
090080,평화산업(주),중견,False,"2차(2028, 제품명 확인)",303,평화산업(주),의무,2025,1364564132.0,618025594998.0,0.00220794113228339,5천억~1조,중견-2차(2028),중형·업무시간,지원비 가동시간만,51208608.0,0.037527446896134596,0.250182979307564,0.17870212807683142
090080,평화산업(주),중견,False,"2차(2028, 제품명 확인)",303,평화산업(주),의무,2025,1364564132.0,618025594998.0,0.00220794113228339,5천억~1조,중견-2차(2028),중형·상시,지원비 상시,169919472.0,0.12452289197353753,0.8301526131569169,0.5929661522549406
090080,평화산업(주),중견,False,"2차(2028, 제품명 확인)",303,평화산업(주),의무,2025,1364564132.0,618025594998.0,0.00220794113228339,5천억~1조,중견-2차(2028),중형·상시,지원비 가동시간만,169919472.0,0.12452289197353753,0.8301526131569169,0.5929661522549406
090080,평화산업(주),중견,False,"2차(2028, 제품명 확인)",303,평화산업(주),의무,2025,1364564132.0,618025594998.0,0.00220794113228339,5천억~1조,중견-2차(2028),대형·상시,지원비 상시,270435216.0,0.19818432102830622,1.3212288068553748,0.9437348620395535
090080,평화산업(주),중견,False,"2차(2028, 제품명 확인)",303,평화산업(주),의무,2025,1364564132.0,618025594998.0,0.00220794113228339,5천억~1조,중견-2차(2028),대형·상시,지원비 가동시간만,270435216.0,0.19818432102830622,1.3212288068553748,0.9437348620395535
088910,동우팜투테이블,중견,False,비대상,10121,(주)동우팜투테이블,의무,2025,846309162.0,321960746800.0,0.002628609761940085,3천억~5천억,중견-비대상,소형·업무시간,지원비 상시,43110960.0,0.05093996607353283,0.3395997738235522,0.24257126701682302
088910,동우팜투테이블,중견,False,비대상,10121,(주)동우팜투테이블,의무,2025,846309162.0,321960746800.0,0.002628609761940085,3천억~5천억,중견-비대상,소형·업무시간,지원비 가동시간만,18031200.0,0.02130568923227609,0.14203792821517394,0.10145566301083853
088910,동우팜투테이블,중견,False,비대상,10121,(주)동우팜투테이블,의무,2025,846309162.0,321960746800.0,0.002628609761940085,3천억~5천억,중견-비대상,소형·상시,지원비 상시,59830800.0,0.07069615063437065,0.4713076708958044,0.33664833635414604
088910,동우팜투테이블,중견,False,비대상,10121,(주)동우팜투테이블,의무,2025,846309162.0,321960746800.0,0.002628609761940085,3천억~5천억,중견-비대상,소형·상시,지원비 가동시간만,59830800.0,0.07069615063437065,0.4713076708958044,0.33664833635414604
088910,동우팜투테이블,중견,False,비대상,10121,(주)동우팜투테이블,의무,2025,846309162.0,321960746800.0,0.002628609761940085,3천억~5천억,중견-비대상,중형·업무시간,지원비 상시,76288368.0,0.09014243426092083,0.6009495617394722,0.4292496869567659
088910,동우팜투테이블,중견,False,비대상,10121,(주)동우팜투테이블,의무,2025,846309162.0,321960746800.0,0.002628609761940085,3천억~5천억,중견-비대상,중형·업무시간,지원비 가동시간만,51208608.0,0.060508157419664095,0.403387716131094,0.2881340829507814
088910,동우팜투테이블,중견,False,비대상,10121,(주)동우팜투테이블,의무,2025,846309162.0,321960746800.0,0.002628609761940085,3천억~5천억,중견-비대상,중형·상시,지원비 상시,169919472.0,0.20077706780161267,1.3385137853440845,0.9560812752457747
088910,동우팜투테이블,중견,False,비대상,10121,(주)동우팜투테이블,의무,2025,846309162.0,321960746800.0,0.002628609761940085,3천억~5천억,중견-비대상,중형·상시,지원비 가동시간만,169919472.0,0.20077706780161267,1.3385137853440845,0.9560812752457747
088910,동우팜투테이블,중견,False,비대상,10121,(주)동우팜투테이블,의무,2025,846309162.0,321960746800.0,0.002628609761940085,3천억~5천억,중견-비대상,대형·상시,지원비 상시,270435216.0,0.31954660086735537,2.1303106724490357,1.52165048032074
088910,동우팜투테이블,중견,False,비대상,10121,(주)동우팜투테이블,의무,2025,846309162.0,321960746800.0,0.002628609761940085,3천억~5천억,중견-비대상,대형·상시,지원비 가동시간만,270435216.0,0.31954660086735537,2.1303106724490357,1.52165048032074
001620,케이비아이동국실업(주),중견,False,2차 후보(확인 필요),303,케이비아이동국실업 (주),의무,2025,575410415.0,506660512077.0,0.0011356922461574265,5천억~1조,중견-2차 후보,소형·업무시간,지원비 상시,43110960.0,0.0749221058155508,0.49948070543700535,0.3567719324550038
001620,케이비아이동국실업(주),중견,False,2차 후보(확인 필요),303,케이비아이동국실업 (주),의무,2025,575410415.0,506660512077.0,0.0011356922461574265,5천억~1조,중견-2차 후보,소형·업무시간,지원비 가동시간만,18031200.0,0.031336241976085887,0.20890827984057259,0.14922019988612328
001620,케이비아이동국실업(주),중견,False,2차 후보(확인 필요),303,케이비아이동국실업 (주),의무,2025,575410415.0,506660512077.0,0.0011356922461574265,5천억~1조,중견-2차 후보,소형·상시,지원비 상시,59830800.0,0.10397934837519408,0.6931956558346272,0.4951397541675909
001620,케이비아이동국실업(주),중견,False,2차 후보(확인 필요),303,케이비아이동국실업 (주),의무,2025,575410415.0,506660512077.0,0.0011356922461574265,5천억~1조,중견-2차 후보,소형·상시,지원비 가동시간만,59830800.0,0.10397934837519408,0.6931956558346272,0.4951397541675909
001620,케이비아이동국실업(주),중견,False,2차 후보(확인 필요),303,케이비아이동국실업 (주),의무,2025,575410415.0,506660512077.0,0.0011356922461574265,5천억~1조,중견-2차 후보,중형·업무시간,지원비 상시,76288368.0,0.13258079105154882,0.8838719403436589,0.6313371002454706
001620,케이비아이동국실업(주),중견,False,2차 후보(확인 필요),303,케이비아이동국실업 (주),의무,2025,575410415.0,506660512077.0,0.0011356922461574265,5천억~1조,중견-2차 후보,중형·업무시간,지원비 가동시간만,51208608.0,0.08899492721208392,0.5932995147472261,0.42378536767659014
001620,케이비아이동국실업(주),중견,False,2차 후보(확인 필요),303,케이비아이동국실업 (주),의무,2025,575410415.0,506660512077.0,0.0011356922461574265,5천억~1조,중견-2차 후보,중형·상시,지원비 상시,169919472.0,0.2953013493855512,1.9686756625703412,1.4061969018359581
001620,케이비아이동국실업(주),중견,False,2차 후보(확인 필요),303,케이비아이동국실업 (주),의무,2025,575410415.0,506660512077.0,0.0011356922461574265,5천억~1조,중견-2차 후보,중형·상시,지원비 가동시간만,169919472.0,0.2953013493855512,1.9686756625703412,1.4061969018359581
001620,케이비아이동국실업(주),중견,False,2차 후보(확인 필요),303,케이비아이동국실업 (주),의무,2025,575410415.0,506660512077.0,0.0011356922461574265,5천억~1조,중견-2차 후보,대형·상시,지원비 상시,270435216.0,0.46998665465587725,3.1332443643725147,2.238031688837511
001620,케이비아이동국실업(주),중견,False,2차 후보(확인 필요),303,케이비아이동국실업 (주),의무,2025,575410415.0,506660512077.0,0.0011356922461574265,5천억~1조,중견-2차 후보,대형·상시,지원비 가동시간만,270435216.0,0.46998665465587725,3.1332443643725147,2.238031688837511
278470,(주)에이피알,중견,False,비대상,20423,주식회사 에이피알,의무,2025,5951151329.0,1528295842593.0,0.003893978615359519,1조~5조,중견-비대상,소형·업무시간,지원비 상시,43110960.0,0.007244137750273633,0.048294251668490884,0.03449589404892206
278470,(주)에이피알,중견,False,비대상,20423,주식회사 에이피알,의무,2025,5951151329.0,1528295842593.0,0.003893978615359519,1조~5조,중견-비대상,소형·업무시간,지원비 가동시간만,18031200.0,0.003029867500114447,0.020199116667429646,0.014427940476735464
278470,(주)에이피알,중견,False,비대상,20423,주식회사 에이피알,의무,2025,5951151329.0,1528295842593.0,0.003893978615359519,1조~5조,중견-비대상,소형·상시,지원비 상시,59830800.0,0.010053651250379757,0.06702434166919838,0.047874529763713126
278470,(주)에이피알,중견,False,비대상,20423,주식회사 에이피알,의무,2025,5951151329.0,1528295842593.0,0.003893978615359519,1조~5조,중견-비대상,소형·상시,지원비 가동시간만,59830800.0,0.010053651250379757,0.06702434166919838,0.047874529763713126
278470,(주)에이피알,중견,False,비대상,20423,주식회사 에이피알,의무,2025,5951151329.0,1528295842593.0,0.003893978615359519,1조~5조,중견-비대상,중형·업무시간,지원비 상시,76288368.0,0.012819093950484216,0.08546062633656143,0.06104330452611532
278470,(주)에이피알,중견,False,비대상,20423,주식회사 에이피알,의무,2025,5951151329.0,1528295842593.0,0.003893978615359519,1조~5조,중견-비대상,중형·업무시간,지원비 가동시간만,51208608.0,0.00860482370032503,0.0573654913355002,0.040975350953928714
278470,(주)에이피알,중견,False,비대상,20423,주식회사 에이피알,의무,2025,5951151329.0,1528295842593.0,0.003893978615359519,1조~5조,중견-비대상,중형·상시,지원비 상시,169919472.0,0.02855236955107851,0.1903491303405234,0.1359636645289453
278470,(주)에이피알,중견,False,비대상,20423,주식회사 에이피알,의무,2025,5951151329.0,1528295842593.0,0.003893978615359519,1조~5조,중견-비대상,중형·상시,지원비 가동시간만,169919472.0,0.02855236955107851,0.1903491303405234,0.1359636645289453
278470,(주)에이피알,중견,False,비대상,20423,주식회사 에이피알,의무,2025,5951151329.0,1528295842593.0,0.003893978615359519,1조~5조,중견-비대상,대형·상시,지원비 상시,270435216.0,0.0454425036517165,0.30295002434477664,0.21639287453198336
278470,(주)에이피알,중견,False,비대상,20423,주식회사 에이피알,의무,2025,5951151329.0,1528295842593.0,0.003893978615359519,1조~5조,중견-비대상,대형·상시,지원비 가동시간만,270435216.0,0.0454425036517165,0.30295002434477664,0.21639287453198336
015750,(주)성우하이텍,중견,False,2차 후보(확인 필요),303,주식회사 성우하이텍,의무,2025,8215409112.0,1782329295259.0,0.004609366593397195,1조~5조,중견-2차 후보,소형·업무시간,지원비 상시,43110960.0,0.005247573116843217,0.034983820778954774,0.024988443413539126
015750,(주)성우하이텍,중견,False,2차 후보(확인 필요),303,주식회사 성우하이텍,의무,2025,8215409112.0,1782329295259.0,0.004609366593397195,1조~5조,중견-2차 후보,소형·업무시간,지원비 가동시간만,18031200.0,0.0021948024443070487,0.014632016295380326,0.010451440210985947
015750,(주)성우하이텍,중견,False,2차 후보(확인 필요),303,주식회사 성우하이텍,의무,2025,8215409112.0,1782329295259.0,0.004609366593397195,1조~5조,중견-2차 후보,소형·상시,지원비 상시,59830800.0,0.007282753565200662,0.04855169043467108,0.03467977888190791
015750,(주)성우하이텍,중견,False,2차 후보(확인 필요),303,주식회사 성우하이텍,의무,2025,8215409112.0,1782329295259.0,0.004609366593397195,1조~5조,중견-2차 후보,소형·상시,지원비 가동시간만,59830800.0,0.007282753565200662,0.04855169043467108,0.03467977888190791
015750,(주)성우하이텍,중견,False,2차 후보(확인 필요),303,주식회사 성우하이텍,의무,2025,8215409112.0,1782329295259.0,0.004609366593397195,1조~5조,중견-2차 후보,중형·업무시간,지원비 상시,76288368.0,0.009286009614368186,0.06190673076245457,0.044219093401753264
015750,(주)성우하이텍,중견,False,2차 후보(확인 필요),303,주식회사 성우하이텍,의무,2025,8215409112.0,1782329295259.0,0.004609366593397195,1조~5조,중견-2차 후보,중형·업무시간,지원비 가동시간만,51208608.0,0.006233238941832018,0.04155492627888012,0.029682090199200088
015750,(주)성우하이텍,중견,False,2차 후보(확인 필요),303,주식회사 성우하이텍,의무,2025,8215409112.0,1782329295259.0,0.004609366593397195,1조~5조,중견-2차 후보,중형·상시,지원비 상시,169919472.0,0.020683020125169878,0.13788680083446586,0.09849057202461847
015750,(주)성우하이텍,중견,False,2차 후보(확인 필요),303,주식회사 성우하이텍,의무,2025,8215409112.0,1782329295259.0,0.004609366593397195,1조~5조,중견-2차 후보,중형·상시,지원비 가동시간만,169919472.0,0.020683020125169878,0.13788680083446586,0.09849057202461847
015750,(주)성우하이텍,중견,False,2차 후보(확인 필요),303,주식회사 성우하이텍,의무,2025,8215409112.0,1782329295259.0,0.004609366593397195,1조~5조,중견-2차 후보,대형·상시,지원비 상시,270435216.0,0.032918046114706986,0.21945364076471327,0.15675260054622375
015750,(주)성우하이텍,중견,False,2차 후보(확인 필요),303,주식회사 성우하이텍,의무,2025,8215409112.0,1782329295259.0,0.004609366593397195,1조~5조,중견-2차 후보,대형·상시,지원비 가동시간만,270435216.0,0.032918046114706986,0.21945364076471327,0.15675260054622375
001780,(주)알루코,중견,False,1차(2027),24222,,자율,2024,388223486.0,297354761357.0,0.0013055902795311364,3천억 미만,중견-1차(2027),소형·업무시간,지원비 상시,43110960.0,0.11104675928854031,0.7403117285902687,0.528794091850192
001780,(주)알루코,중견,False,1차(2027),24222,,자율,2024,388223486.0,297354761357.0,0.0013055902795311364,3천억 미만,중견-1차(2027),소형·업무시간,지원비 가동시간만,18031200.0,0.04644541263018796,0.3096360842012531,0.22116863157232364
001780,(주)알루코,중견,False,1차(2027),24222,,자율,2024,388223486.0,297354761357.0,0.0013055902795311364,3천억 미만,중견-1차(2027),소형·상시,지원비 상시,59830800.0,0.15411432372744188,1.0274288248496126,0.7338777320354375
001780,(주)알루코,중견,False,1차(2027),24222,,자율,2024,388223486.0,297354761357.0,0.0013055902795311364,3천억 미만,중견-1차(2027),소형·상시,지원비 가동시간만,59830800.0,0.15411432372744188,1.0274288248496126,0.7338777320354375
001780,(주)알루코,중견,False,1차(2027),24222,,자율,2024,388223486.0,297354761357.0,0.0013055902795311364,3천억 미만,중견-1차(2027),중형·업무시간,지원비 상시,76288368.0,0.19650631852808617,1.3100421235205744,0.9357443739432674
001780,(주)알루코,중견,False,1차(2027),24222,,자율,2024,388223486.0,297354761357.0,0.0013055902795311364,3천억 미만,중견-1차(2027),중형·업무시간,지원비 가동시간만,51208608.0,0.13190497186973382,0.8793664791315587,0.6281189136653991
001780,(주)알루코,중견,False,1차(2027),24222,,자율,2024,388223486.0,297354761357.0,0.0013055902795311364,3천억 미만,중견-1차(2027),중형·상시,지원비 상시,169919472.0,0.4376846793859349,2.9178978625728997,2.0842127589806423
001780,(주)알루코,중견,False,1차(2027),24222,,자율,2024,388223486.0,297354761357.0,0.0013055902795311364,3천억 미만,중견-1차(2027),중형·상시,지원비 가동시간만,169919472.0,0.4376846793859349,2.9178978625728997,2.0842127589806423
001780,(주)알루코,중견,False,1차(2027),24222,,자율,2024,388223486.0,297354761357.0,0.0013055902795311364,3천억 미만,중견-1차(2027),대형·상시,지원비 상시,270435216.0,0.6965967432480373,4.643978288320249,3.3171273488001773
001780,(주)알루코,중견,False,1차(2027),24222,,자율,2024,388223486.0,297354761357.0,0.0013055902795311364,3천억 미만,중견-1차(2027),대형·상시,지원비 가동시간만,270435216.0,0.6965967432480373,4.643978288320249,3.3171273488001773
460860,동국제강(주),중견,False,1차(2027),241,동국제강,의무,2025,20644644256.0,3203431341223.0,0.006444540886622632,1조~5조,중견-1차(2027),소형·업무시간,지원비 상시,43110960.0,0.0020882394225548626,0.01392159615036575,0.00994399725026125
460860,동국제강(주),중견,False,1차(2027),241,동국제강,의무,2025,20644644256.0,3203431341223.0,0.006444540886622632,1조~5조,중견-1차(2027),소형·업무시간,지원비 가동시간만,18031200.0,0.0008734081235020338,0.0058227208233468915,0.004159086302390637
460860,동국제강(주),중견,False,1차(2027),241,동국제강,의무,2025,20644644256.0,3203431341223.0,0.006444540886622632,1조~5조,중견-1차(2027),소형·상시,지원비 상시,59830800.0,0.0028981269552567483,0.019320846368378324,0.013800604548841659
460860,동국제강(주),중견,False,1차(2027),241,동국제강,의무,2025,20644644256.0,3203431341223.0,0.006444540886622632,1조~5조,중견-1차(2027),소형·상시,지원비 가동시간만,59830800.0,0.0028981269552567483,0.019320846368378324,0.013800604548841659
460860,동국제강(주),중견,False,1차(2027),241,동국제강,의무,2025,20644644256.0,3203431341223.0,0.006444540886622632,1조~5조,중견-1차(2027),중형·업무시간,지원비 상시,76288368.0,0.0036953103697986048,0.02463540246532403,0.01759671604666002
460860,동국제강(주),중견,False,1차(2027),241,동국제강,의무,2025,20644644256.0,3203431341223.0,0.006444540886622632,1조~5조,중견-1차(2027),중형·업무시간,지원비 가동시간만,51208608.0,0.002480479070745776,0.01653652713830517,0.011811805098789409
460860,동국제강(주),중견,False,1차(2027),241,동국제강,의무,2025,20644644256.0,3203431341223.0,0.006444540886622632,1조~5조,중견-1차(2027),중형·상시,지원비 상시,169919472.0,0.008230680552929165,0.054871203686194435,0.03919371691871031
460860,동국제강(주),중견,False,1차(2027),241,동국제강,의무,2025,20644644256.0,3203431341223.0,0.006444540886622632,1조~5조,중견-1차(2027),중형·상시,지원비 가동시간만,169919472.0,0.008230680552929165,0.054871203686194435,0.03919371691871031
460860,동국제강(주),중견,False,1차(2027),241,동국제강,의무,2025,20644644256.0,3203431341223.0,0.006444540886622632,1조~5조,중견-1차(2027),대형·상시,지원비 상시,270435216.0,0.013099533837760503,0.08733022558507002,0.062378732560764295
460860,동국제강(주),중견,False,1차(2027),241,동국제강,의무,2025,20644644256.0,3203431341223.0,0.006444540886622632,1조~5조,중견-1차(2027),대형·상시,지원비 가동시간만,270435216.0,0.013099533837760503,0.08733022558507002,0.062378732560764295
000660,에스케이하이닉스(주),대기업,False,비대상,2612,에스케이하이닉스 주식회사,의무,2025,852839685153.0,86852117000000.0,0.009819446141456748,5조 이상,대기업,소형·업무시간,지원비 상시,43110960.0,5.054989906135274e-05,0.00033699932707568494,0.00024071380505406064
000660,에스케이하이닉스(주),대기업,False,비대상,2612,에스케이하이닉스 주식회사,의무,2025,852839685153.0,86852117000000.0,0.009819446141456748,5조 이상,대기업,소형·업무시간,지원비 가동시간만,18031200.0,2.114254333364563e-05,0.0001409502888909709,0.00010067877777926492
000660,에스케이하이닉스(주),대기업,False,비대상,2612,에스케이하이닉스 주식회사,의무,2025,852839685153.0,86852117000000.0,0.009819446141456748,5조 이상,대기업,소형·상시,지원비 상시,59830800.0,7.015480287982414e-05,0.0004676986858654943,0.0003340704899039245
000660,에스케이하이닉스(주),대기업,False,비대상,2612,에스케이하이닉스 주식회사,의무,2025,852839685153.0,86852117000000.0,0.009819446141456748,5조 이상,대기업,소형·상시,지원비 가동시간만,59830800.0,7.015480287982414e-05,0.0004676986858654943,0.0003340704899039245
000660,에스케이하이닉스(주),대기업,False,비대상,2612,에스케이하이닉스 주식회사,의무,2025,852839685153.0,86852117000000.0,0.009819446141456748,5조 이상,대기업,중형·업무시간,지원비 상시,76288368.0,8.94521787952607e-05,0.0005963478586350714,0.0004259627561679081
000660,에스케이하이닉스(주),대기업,False,비대상,2612,에스케이하이닉스 주식회사,의무,2025,852839685153.0,86852117000000.0,0.009819446141456748,5조 이상,대기업,중형·업무시간,지원비 가동시간만,51208608.0,6.0044823067553596e-05,0.00040029882045035733,0.0002859277288931124
000660,에스케이하이닉스(주),대기업,False,비대상,2612,에스케이하이닉스 주식회사,의무,2025,852839685153.0,86852117000000.0,0.009819446141456748,5조 이상,대기업,중형·상시,지원비 상시,169919472.0,0.00019923964017870056,0.0013282642678580038,0.0009487601913271455
000660,에스케이하이닉스(주),대기업,False,비대상,2612,에스케이하이닉스 주식회사,의무,2025,852839685153.0,86852117000000.0,0.009819446141456748,5조 이상,대기업,중형·상시,지원비 가동시간만,169919472.0,0.00019923964017870056,0.0013282642678580038,0.0009487601913271455
000660,에스케이하이닉스(주),대기업,False,비대상,2612,에스케이하이닉스 주식회사,의무,2025,852839685153.0,86852117000000.0,0.009819446141456748,5조 이상,대기업,대형·상시,지원비 상시,270435216.0,0.0003170997090168051,0.002113998060112034,0.0015099986143657386
000660,에스케이하이닉스(주),대기업,False,비대상,2612,에스케이하이닉스 주식회사,의무,2025,852839685153.0,86852117000000.0,0.009819446141456748,5조 이상,대기업,대형·상시,지원비 가동시간만,270435216.0,0.0003170997090168051,0.002113998060112034,0.0015099986143657386
126640,(주)화신정공,중견,False,"2차(2028, 제품명 확인)",303,화신정공,의무,2025,343206657.0,378937475942.0,0.000905707877392763,3천억~5천억,중견-2차(2028),소형·업무시간,지원비 상시,43110960.0,0.12561224883234126,0.8374149922156086,0.5981535658682917
126640,(주)화신정공,중견,False,"2차(2028, 제품명 확인)",303,화신정공,의무,2025,343206657.0,378937475942.0,0.000905707877392763,3천억~5천억,중견-2차(2028),소형·업무시간,지원비 가동시간만,18031200.0,0.05253744247740509,0.350249616516034,0.2501782975114528
126640,(주)화신정공,중견,False,"2차(2028, 제품명 확인)",303,화신정공,의무,2025,343206657.0,378937475942.0,0.000905707877392763,3천억~5천억,중견-2차(2028),소형·상시,지원비 상시,59830800.0,0.1743287864022987,1.1621919093486581,0.8301370781061844
126640,(주)화신정공,중견,False,"2차(2028, 제품명 확인)",303,화신정공,의무,2025,343206657.0,378937475942.0,0.000905707877392763,3천억~5천억,중견-2차(2028),소형·상시,지원비 가동시간만,59830800.0,0.1743287864022987,1.1621919093486581,0.8301370781061844
126640,(주)화신정공,중견,False,"2차(2028, 제품명 확인)",303,화신정공,의무,2025,343206657.0,378937475942.0,0.000905707877392763,3천억~5천억,중견-2차(2028),중형·업무시간,지원비 상시,76288368.0,0.22228114299076665,1.4818742866051111,1.058481633289365
126640,(주)화신정공,중견,False,"2차(2028, 제품명 확인)",303,화신정공,의무,2025,343206657.0,378937475942.0,0.000905707877392763,3천억~5천억,중견-2차(2028),중형·업무시간,지원비 가동시간만,51208608.0,0.14920633663583047,0.9947089109055365,0.7105063649325261
126640,(주)화신정공,중견,False,"2차(2028, 제품명 확인)",303,화신정공,의무,2025,343206657.0,378937475942.0,0.000905707877392763,3천억~5천억,중견-2차(2028),중형·상시,지원비 상시,169919472.0,0.49509375338252837,3.3006250225501894,2.3575893018215637
126640,(주)화신정공,중견,False,"2차(2028, 제품명 확인)",303,화신정공,의무,2025,343206657.0,378937475942.0,0.000905707877392763,3천억~5천억,중견-2차(2028),중형·상시,지원비 가동시간만,169919472.0,0.49509375338252837,3.3006250225501894,2.3575893018215637
126640,(주)화신정공,중견,False,"2차(2028, 제품명 확인)",303,화신정공,의무,2025,343206657.0,378937475942.0,0.000905707877392763,3천억~5천억,중견-2차(2028),대형·상시,지원비 상시,270435216.0,0.7879661145383902,5.253107430255935,3.7522195930399533
126640,(주)화신정공,중견,False,"2차(2028, 제품명 확인)",303,화신정공,의무,2025,343206657.0,378937475942.0,0.000905707877392763,3천억~5천억,중견-2차(2028),대형·상시,지원비 가동시간만,270435216.0,0.7879661145383902,5.253107430255935,3.7522195930399533
119650,케이씨코트렐(주),중견,False,2차 후보(확인 필요),291,,자율,2024,827802858.0,291306245985.0,0.002841692786918909,3천억 미만,중견-2차 후보,소형·업무시간,지원비 상시,43110960.0,0.05207877646636489,0.34719184310909934,0.24799417364935664
119650,케이씨코트렐(주),중견,False,2차 후보(확인 필요),291,,자율,2024,827802858.0,291306245985.0,0.002841692786918909,3천억 미만,중견-2차 후보,소형·업무시간,지원비 가동시간만,18031200.0,0.021781997761597484,0.1452133184106499,0.10372379886474992
119650,케이씨코트렐(주),중견,False,2차 후보(확인 필요),291,,자율,2024,827802858.0,291306245985.0,0.002841692786918909,3천억 미만,중견-2차 후보,소형·상시,지원비 상시,59830800.0,0.07227662893620983,0.4818441929080656,0.3441744235057611
119650,케이씨코트렐(주),중견,False,2차 후보(확인 필요),291,,자율,2024,827802858.0,291306245985.0,0.002841692786918909,3천억 미만,중견-2차 후보,소형·상시,지원비 가동시간만,59830800.0,0.07227662893620983,0.4818441929080656,0.3441744235057611
119650,케이씨코트렐(주),중견,False,2차 후보(확인 필요),291,,자율,2024,827802858.0,291306245985.0,0.002841692786918909,3천억 미만,중견-2차 후보,중형·업무시간,지원비 상시,76288368.0,0.09215765234770426,0.6143843489846952,0.4388459635604965
119650,케이씨코트렐(주),중견,False,2차 후보(확인 필요),291,,자율,2024,827802858.0,291306245985.0,0.002841692786918909,3천억 미만,중견-2차 후보,중형·업무시간,지원비 가동시간만,51208608.0,0.06186087364293685,0.4124058242862457,0.2945755887758898
119650,케이씨코트렐(주),중견,False,2차 후보(확인 필요),291,,자율,2024,827802858.0,291306245985.0,0.002841692786918909,3천억 미만,중견-2차 후보,중형·상시,지원비 상시,169919472.0,0.20526562617883592,1.3684375078589064,0.9774553627563615
119650,케이씨코트렐(주),중견,False,2차 후보(확인 필요),291,,자율,2024,827802858.0,291306245985.0,0.002841692786918909,3천억 미만,중견-2차 후보,중형·상시,지원비 가동시간만,169919472.0,0.20526562617883592,1.3684375078589064,0.9774553627563615
119650,케이씨코트렐(주),중견,False,2차 후보(확인 필요),291,,자율,2024,827802858.0,291306245985.0,0.002841692786918909,3천억 미만,중견-2차 후보,대형·상시,지원비 상시,270435216.0,0.32669036279166846,2.1779357519444567,1.55566839424604
119650,케이씨코트렐(주),중견,False,2차 후보(확인 필요),291,,자율,2024,827802858.0,291306245985.0,0.002841692786918909,3천억 미만,중견-2차 후보,대형·상시,지원비 가동시간만,270435216.0,0.32669036279166846,2.1779357519444567,1.55566839424604
111110,호전실업 주식회사,중견,False,비대상,14199,호전실업(주),의무,2025,1262737889.0,493314399143.0,0.0025597020707152775,3천억~5천억,중견-비대상,소형·업무시간,지원비 상시,43110960.0,0.034140861991668645,0.22760574661112432,0.1625755332936602
111110,호전실업 주식회사,중견,False,비대상,14199,호전실업(주),의무,2025,1262737889.0,493314399143.0,0.0025597020707152775,3천억~5천억,중견-비대상,소형·업무시간,지원비 가동시간만,18031200.0,0.014279447981306276,0.09519631987537519,0.0679973713395537
111110,호전실업 주식회사,중견,False,비대상,14199,호전실업(주),의무,2025,1262737889.0,493314399143.0,0.0025597020707152775,3천억~5천억,중견-비대상,소형·상시,지원비 상시,59830800.0,0.047381804665243554,0.31587869776829036,0.22562764126306456
111110,호전실업 주식회사,중견,False,비대상,14199,호전실업(주),의무,2025,1262737889.0,493314399143.0,0.0025597020707152775,3천억~5천억,중견-비대상,소형·상시,지원비 가동시간만,59830800.0,0.047381804665243554,0.31587869776829036,0.22562764126306456
111110,호전실업 주식회사,중견,False,비대상,14199,호전실업(주),의무,2025,1262737889.0,493314399143.0,0.0025597020707152775,3천억~5천억,중견-비대상,중형·업무시간,지원비 상시,76288368.0,0.0604150462772722,0.40276697518181465,0.28769069655843904
111110,호전실업 주식회사,중견,False,비대상,14199,호전실업(주),의무,2025,1262737889.0,493314399143.0,0.0025597020707152775,3천억~5천억,중견-비대상,중형·업무시간,지원비 가동시간만,51208608.0,0.04055363226690983,0.2703575484460655,0.1931125346043325
111110,호전실업 주식회사,중견,False,비대상,14199,호전실업(주),의무,2025,1262737889.0,493314399143.0,0.0025597020707152775,3천억~5천억,중견-비대상,중형·상시,지원비 상시,169919472.0,0.1345643252492917,0.8970955016619447,0.6407825011871033
111110,호전실업 주식회사,중견,False,비대상,14199,호전실업(주),의무,2025,1262737889.0,493314399143.0,0.0025597020707152775,3천억~5천억,중견-비대상,중형·상시,지원비 가동시간만,169919472.0,0.1345643252492917,0.8970955016619447,0.6407825011871033
111110,호전실업 주식회사,중견,False,비대상,14199,호전실업(주),의무,2025,1262737889.0,493314399143.0,0.0025597020707152775,3천억~5천억,중견-비대상,대형·상시,지원비 상시,270435216.0,0.2141657570869009,1.4277717139126724,1.0198369385090518
111110,호전실업 주식회사,중견,False,비대상,14199,호전실업(주),의무,2025,1262737889.0,493314399143.0,0.0025597020707152775,3천억~5천억,중견-비대상,대형·상시,지원비 가동시간만,270435216.0,0.2141657570869009,1.4277717139126724,1.0198369385090518
012330,현대모비스(주),대기업,False,2차 후보(확인 필요),303,현대모비스(주),의무,2025,480417543973.0,36256823000000.0,0.013250403764637625,5조 이상,대기업,소형·업무시간,지원비 상시,43110960.0,8.973643977169761e-05,0.0005982429318113174,0.0004273163798652267
012330,현대모비스(주),대기업,False,2차 후보(확인 필요),303,현대모비스(주),의무,2025,480417543973.0,36256823000000.0,0.013250403764637625,5조 이상,대기업,소형·업무시간,지원비 가동시간만,18031200.0,3.753235123531079e-05,0.0002502156749020719,0.0001787254820729085
012330,현대모비스(주),대기업,False,2차 후보(확인 필요),303,현대모비스(주),의무,2025,480417543973.0,36256823000000.0,0.013250403764637625,5조 이상,대기업,소형·상시,지원비 상시,59830800.0,0.00012453916546262215,0.0008302611030841477,0.0005930436450601055
012330,현대모비스(주),대기업,False,2차 후보(확인 필요),303,현대모비스(주),의무,2025,480417543973.0,36256823000000.0,0.013250403764637625,5조 이상,대기업,소형·상시,지원비 가동시간만,59830800.0,0.00012453916546262215,0.0008302611030841477,0.0005930436450601055
012330,현대모비스(주),대기업,False,2차 후보(확인 필요),303,현대모비스(주),의무,2025,480417543973.0,36256823000000.0,0.013250403764637625,5조 이상,대기업,중형·업무시간,지원비 상시,76288368.0,0.00015879596604466946,0.0010586397736311298,0.0007561712668793783
012330,현대모비스(주),대기업,False,2차 후보(확인 필요),303,현대모비스(주),의무,2025,480417543973.0,36256823000000.0,0.013250403764637625,5조 이상,대기업,중형·업무시간,지원비 가동시간만,51208608.0,0.00010659187750828263,0.0007106125167218843,0.0005075803690870602
012330,현대모비스(주),대기업,False,2차 후보(확인 필요),303,현대모비스(주),의무,2025,480417543973.0,36256823000000.0,0.013250403764637625,5조 이상,대기업,중형·상시,지원비 상시,169919472.0,0.0003536912299138469,0.0023579415327589794,0.0016842439519706995
012330,현대모비스(주),대기업,False,2차 후보(확인 필요),303,현대모비스(주),의무,2025,480417543973.0,36256823000000.0,0.013250403764637625,5조 이상,대기업,중형·상시,지원비 가동시간만,169919472.0,0.0003536912299138469,0.0023579415327589794,0.0016842439519706995
012330,현대모비스(주),대기업,False,2차 후보(확인 필요),303,현대모비스(주),의무,2025,480417543973.0,36256823000000.0,0.013250403764637625,5조 이상,대기업,대형·상시,지원비 상시,270435216.0,0.0005629170278910521,0.0037527801859403476,0.0026805572756716765
012330,현대모비스(주),대기업,False,2차 후보(확인 필요),303,현대모비스(주),의무,2025,480417543973.0,36256823000000.0,0.013250403764637625,5조 이상,대기업,대형·상시,지원비 가동시간만,270435216.0,0.0005629170278910521,0.0037527801859403476,0.0026805572756716765
050110,(주)캠시스,중견,False,비대상,262,캠시스,의무,2025,1471230174.0,369373316028.0,0.003983044010381288,3천억~5천억,중견-비대상,소형·업무시간,지원비 상시,43110960.0,0.029302661651364418,0.1953510776757628,0.13953648405411628
050110,(주)캠시스,중견,False,비대상,262,캠시스,의무,2025,1471230174.0,369373316028.0,0.003983044010381288,3천억~5천억,중견-비대상,소형·업무시간,지원비 가동시간만,18031200.0,0.01225586608992428,0.08170577393282855,0.05836126709487754
050110,(주)캠시스,중견,False,비대상,262,캠시스,의무,2025,1471230174.0,369373316028.0,0.003983044010381288,3천억~5천억,중견-비대상,소형·상시,지원비 상시,59830800.0,0.04066719202565784,0.27111461350438565,0.19365329536027545
050110,(주)캠시스,중견,False,비대상,262,캠시스,의무,2025,1471230174.0,369373316028.0,0.003983044010381288,3천억~5천억,중견-비대상,소형·상시,지원비 가동시간만,59830800.0,0.04066719202565784,0.27111461350438565,0.19365329536027545
050110,(주)캠시스,중견,False,비대상,262,캠시스,의무,2025,1471230174.0,369373316028.0,0.003983044010381288,3천억~5천억,중견-비대상,중형·업무시간,지원비 상시,76288368.0,0.051853455256825096,0.3456897017121673,0.24692121550869095
050110,(주)캠시스,중견,False,비대상,262,캠시스,의무,2025,1471230174.0,369373316028.0,0.003983044010381288,3천억~5천억,중견-비대상,중형·업무시간,지원비 가동시간만,51208608.0,0.03480665969538496,0.23204439796923307,0.1657459985494522
050110,(주)캠시스,중견,False,비대상,262,캠시스,의무,2025,1471230174.0,369373316028.0,0.003983044010381288,3천억~5천억,중견-비대상,중형·상시,지원비 상시,169919472.0,0.11549482535286827,0.7699655023524552,0.5499753588231823
050110,(주)캠시스,중견,False,비대상,262,캠시스,의무,2025,1471230174.0,369373316028.0,0.003983044010381288,3천억~5천억,중견-비대상,중형·상시,지원비 가동시간만,169919472.0,0.11549482535286827,0.7699655023524552,0.5499753588231823
050110,(주)캠시스,중견,False,비대상,262,캠시스,의무,2025,1471230174.0,369373316028.0,0.003983044010381288,3천억~5천억,중견-비대상,대형·상시,지원비 상시,270435216.0,0.18381570795597343,1.225438053039823,0.8753128950284451
050110,(주)캠시스,중견,False,비대상,262,캠시스,의무,2025,1471230174.0,369373316028.0,0.003983044010381288,3천억~5천억,중견-비대상,대형·상시,지원비 가동시간만,270435216.0,0.18381570795597343,1.225438053039823,0.8753128950284451
029530,(주)신도리코,중견,False,비대상,263,(주)신도리코,자율,2025,2513143234.0,299884967949.0,0.008380357479029753,3천억 미만,중견-비대상,소형·업무시간,지원비 상시,43110960.0,0.017154199337609262,0.11436132891739509,0.08168666351242507
029530,(주)신도리코,중견,False,비대상,263,(주)신도리코,자율,2025,2513143234.0,299884967949.0,0.008380357479029753,3천억 미만,중견-비대상,소형·업무시간,지원비 가동시간만,18031200.0,0.007174760179228208,0.047831734528188063,0.03416552466299147
029530,(주)신도리코,중견,False,비대상,263,(주)신도리코,자율,2025,2513143234.0,299884967949.0,0.008380357479029753,3천억 미만,중견-비대상,소형·상시,지원비 상시,59830800.0,0.023807158776529964,0.15871439184353311,0.1133674227453808
029530,(주)신도리코,중견,False,비대상,263,(주)신도리코,자율,2025,2513143234.0,299884967949.0,0.008380357479029753,3천억 미만,중견-비대상,소형·상시,지원비 가동시간만,59830800.0,0.023807158776529964,0.15871439184353311,0.1133674227453808
029530,(주)신도리코,중견,False,비대상,263,(주)신도리코,자율,2025,2513143234.0,299884967949.0,0.008380357479029753,3천억 미만,중견-비대상,중형·업무시간,지원비 상시,76288368.0,0.030355758067389167,0.20237172044926113,0.14455122889232938
029530,(주)신도리코,중견,False,비대상,263,(주)신도리코,자율,2025,2513143234.0,299884967949.0,0.008380357479029753,3천억 미만,중견-비대상,중형·업무시간,지원비 가동시간만,51208608.0,0.020376318909008113,0.1358421260600541,0.09703009004289578
029530,(주)신도리코,중견,False,비대상,263,(주)신도리코,자율,2025,2513143234.0,299884967949.0,0.008380357479029753,3천억 미만,중견-비대상,중형·상시,지원비 상시,169919472.0,0.0676123309253451,0.45074887283563403,0.32196348059688146
029530,(주)신도리코,중견,False,비대상,263,(주)신도리코,자율,2025,2513143234.0,299884967949.0,0.008380357479029753,3천억 미만,중견-비대상,중형·상시,지원비 가동시간만,169919472.0,0.0676123309253451,0.45074887283563403,0.32196348059688146
029530,(주)신도리코,중견,False,비대상,263,(주)신도리코,자율,2025,2513143234.0,299884967949.0,0.008380357479029753,3천억 미만,중견-비대상,대형·상시,지원비 상시,270435216.0,0.10760835766991544,0.7173890511327697,0.5124207508091212
029530,(주)신도리코,중견,False,비대상,263,(주)신도리코,자율,2025,2513143234.0,299884967949.0,0.008380357479029753,3천억 미만,중견-비대상,대형·상시,지원비 가동시간만,270435216.0,0.10760835766991544,0.7173890511327697,0.5124207508091212
018880,한온시스템(주),대기업,False,2차 후보(확인 필요),29172,한온시스템(주),의무,2025,17643262569.0,3930039896659.0,0.004489334213629451,1조~5조,대기업,소형·업무시간,지원비 상시,43110960.0,0.002443480044090478,0.016289866960603187,0.011635619257573705
018880,한온시스템(주),대기업,False,2차 후보(확인 필요),29172,한온시스템(주),의무,2025,17643262569.0,3930039896659.0,0.004489334213629451,1조~5조,대기업,소형·업무시간,지원비 가동시간만,18031200.0,0.001021987851140504,0.006813252340936694,0.004866608814954782
018880,한온시스템(주),대기업,False,2차 후보(확인 필요),29172,한온시스템(주),의무,2025,17643262569.0,3930039896659.0,0.004489334213629451,1조~5조,대기업,소형·상시,지원비 상시,59830800.0,0.003391141506057127,0.022607610040380848,0.01614829288598632
018880,한온시스템(주),대기업,False,2차 후보(확인 필요),29172,한온시스템(주),의무,2025,17643262569.0,3930039896659.0,0.004489334213629451,1조~5조,대기업,소형·상시,지원비 가동시간만,59830800.0,0.003391141506057127,0.022607610040380848,0.01614829288598632
018880,한온시스템(주),대기업,False,2차 후보(확인 필요),29172,한온시스템(주),의무,2025,17643262569.0,3930039896659.0,0.004489334213629451,1조~5조,대기업,중형·업무시간,지원비 상시,76288368.0,0.004323937690189006,0.028826251267926706,0.020590179477090503
018880,한온시스템(주),대기업,False,2차 후보(확인 필요),29172,한온시스템(주),의무,2025,17643262569.0,3930039896659.0,0.004489334213629451,1조~5조,대기업,중형·업무시간,지원비 가동시간만,51208608.0,0.0029024454972390317,0.019349636648260213,0.01382116903447158
018880,한온시스템(주),대기업,False,2차 후보(확인 필요),29172,한온시스템(주),의무,2025,17643262569.0,3930039896659.0,0.004489334213629451,1조~5조,대기업,중형·상시,지원비 상시,169919472.0,0.00963084187720224,0.06420561251468161,0.04586115179620115
018880,한온시스템(주),대기업,False,2차 후보(확인 필요),29172,한온시스템(주),의무,2025,17643262569.0,3930039896659.0,0.004489334213629451,1조~5조,대기업,중형·상시,지원비 가동시간만,169919472.0,0.00963084187720224,0.06420561251468161,0.04586115179620115
018880,한온시스템(주),대기업,False,2차 후보(확인 필요),29172,한온시스템(주),의무,2025,17643262569.0,3930039896659.0,0.004489334213629451,1조~5조,대기업,대형·상시,지원비 상시,270435216.0,0.015327959607378216,0.10218639738252144,0.07299028384465817
018880,한온시스템(주),대기업,False,2차 후보(확인 필요),29172,한온시스템(주),의무,2025,17643262569.0,3930039896659.0,0.004489334213629451,1조~5조,대기업,대형·상시,지원비 가동시간만,270435216.0,0.015327959607378216,0.10218639738252144,0.07299028384465817
002380,(주)케이씨씨,대기업,False,비대상,20411,(주)케이씨씨,의무,2025,16572309674.0,2935723859992.0,0.005645050578444105,1조~5조,대기업,소형·업무시간,지원비 상시,43110960.0,0.002601385132673209,0.01734256755115473,0.012387548250824807
002380,(주)케이씨씨,대기업,False,비대상,20411,(주)케이씨씨,의무,2025,16572309674.0,2935723859992.0,0.005645050578444105,1조~5조,대기업,소형·업무시간,지원비 가동시간만,18031200.0,0.0010880318045401256,0.007253545363600837,0.0051811038311434555
002380,(주)케이씨씨,대기업,False,비대상,20411,(주)케이씨씨,의무,2025,16572309674.0,2935723859992.0,0.005645050578444105,1조~5조,대기업,소형·상시,지원비 상시,59830800.0,0.0036102873514285982,0.024068582342857324,0.017191844530612375
002380,(주)케이씨씨,대기업,False,비대상,20411,(주)케이씨씨,의무,2025,16572309674.0,2935723859992.0,0.005645050578444105,1조~5조,대기업,소형·상시,지원비 가동시간만,59830800.0,0.0036102873514285982,0.024068582342857324,0.017191844530612375
002380,(주)케이씨씨,대기업,False,비대상,20411,(주)케이씨씨,의무,2025,16572309674.0,2935723859992.0,0.005645050578444105,1조~5조,대기업,중형·업무시간,지원비 상시,76288368.0,0.0046033636530270405,0.03068909102018027,0.021920779300128763
002380,(주)케이씨씨,대기업,False,비대상,20411,(주)케이씨씨,의무,2025,16572309674.0,2935723859992.0,0.005645050578444105,1조~5조,대기업,중형·업무시간,지원비 가동시간만,51208608.0,0.0030900103248939566,0.020600068832626377,0.014714334880447412
002380,(주)케이씨씨,대기업,False,비대상,20411,(주)케이씨씨,의무,2025,16572309674.0,2935723859992.0,0.005645050578444105,1조~5조,대기업,중형·상시,지원비 상시,169919472.0,0.01025321607805722,0.0683547738537148,0.04882483846693914
002380,(주)케이씨씨,대기업,False,비대상,20411,(주)케이씨씨,의무,2025,16572309674.0,2935723859992.0,0.005645050578444105,1조~5조,대기업,중형·상시,지원비 가동시간만,169919472.0,0.01025321607805722,0.0683547738537148,0.04882483846693914
002380,(주)케이씨씨,대기업,False,비대상,20411,(주)케이씨씨,의무,2025,16572309674.0,2935723859992.0,0.005645050578444105,1조~5조,대기업,대형·상시,지원비 상시,270435216.0,0.016318498828457265,0.1087899921897151,0.07770713727836794
002380,(주)케이씨씨,대기업,False,비대상,20411,(주)케이씨씨,의무,2025,16572309674.0,2935723859992.0,0.005645050578444105,1조~5조,대기업,대형·상시,지원비 가동시간만,270435216.0,0.016318498828457265,0.1087899921897151,0.07770713727836794
267260,에이치디현대일렉트릭(주),대기업,False,2차(2028),281,에이치디현대일렉트릭 주식회사,의무,2025,18198043265.0,3381139400167.0,0.005382222118408123,1조~5조,대기업,소형·업무시간,지원비 상시,43110960.0,0.00236898876281466,0.0157932584187644,0.011280898870545997
267260,에이치디현대일렉트릭(주),대기업,False,2차(2028),281,에이치디현대일렉트릭 주식회사,의무,2025,18198043265.0,3381139400167.0,0.005382222118408123,1조~5조,대기업,소형·업무시간,지원비 가동시간만,18031200.0,0.0009908318019376903,0.006605545346251269,0.004718246675893763
267260,에이치디현대일렉트릭(주),대기업,False,2차(2028),281,에이치디현대일렉트릭 주식회사,의무,2025,18198043265.0,3381139400167.0,0.005382222118408123,1조~5조,대기업,소형·상시,지원비 상시,59830800.0,0.0032877600700659724,0.021918400467106483,0.015656000333647488
267260,에이치디현대일렉트릭(주),대기업,False,2차(2028),281,에이치디현대일렉트릭 주식회사,의무,2025,18198043265.0,3381139400167.0,0.005382222118408123,1조~5조,대기업,소형·상시,지원비 가동시간만,59830800.0,0.0032877600700659724,0.021918400467106483,0.015656000333647488
267260,에이치디현대일렉트릭(주),대기업,False,2차(2028),281,에이치디현대일렉트릭 주식회사,의무,2025,18198043265.0,3381139400167.0,0.005382222118408123,1조~5조,대기업,중형·업무시간,지원비 상시,76288368.0,0.00419211927838001,0.02794746185586673,0.019962472754190524
267260,에이치디현대일렉트릭(주),대기업,False,2차(2028),281,에이치디현대일렉트릭 주식회사,의무,2025,18198043265.0,3381139400167.0,0.005382222118408123,1조~5조,대기업,중형·업무시간,지원비 가동시간만,51208608.0,0.0028139623175030405,0.018759748783353604,0.013399820559538289
267260,에이치디현대일렉트릭(주),대기업,False,2차(2028),281,에이치디현대일렉트릭 주식회사,의무,2025,18198043265.0,3381139400167.0,0.005382222118408123,1조~5조,대기업,중형·상시,지원비 상시,169919472.0,0.009337238598987363,0.062248257326582415,0.04446304094755887
267260,에이치디현대일렉트릭(주),대기업,False,2차(2028),281,에이치디현대일렉트릭 주식회사,의무,2025,18198043265.0,3381139400167.0,0.005382222118408123,1조~5조,대기업,중형·상시,지원비 가동시간만,169919472.0,0.009337238598987363,0.062248257326582415,0.04446304094755887
267260,에이치디현대일렉트릭(주),대기업,False,2차(2028),281,에이치디현대일렉트릭 주식회사,의무,2025,18198043265.0,3381139400167.0,0.005382222118408123,1조~5조,대기업,대형·상시,지원비 상시,270435216.0,0.014860675516698197,0.0990711701113213,0.07076512150808664
267260,에이치디현대일렉트릭(주),대기업,False,2차(2028),281,에이치디현대일렉트릭 주식회사,의무,2025,18198043265.0,3381139400167.0,0.005382222118408123,1조~5조,대기업,대형·상시,지원비 가동시간만,270435216.0,0.014860675516698197,0.0990711701113213,0.07076512150808664
271980,제일약품(주),중견,False,비대상,212,제일약품주식회사,의무,2025,1447394749.0,571285016382.0,0.0025335772994126166,5천억~1조,중견-비대상,소형·업무시간,지원비 상시,43110960.0,0.029785212382306355,0.19856808254870906,0.14183434467764933
271980,제일약품(주),중견,False,비대상,212,제일약품주식회사,의무,2025,1447394749.0,571285016382.0,0.0025335772994126166,5천억~1조,중견-비대상,소형·업무시간,지원비 가동시간만,18031200.0,0.01245769339183916,0.08305128927892774,0.05932234948494839
271980,제일약품(주),중견,False,비대상,212,제일약품주식회사,의무,2025,1447394749.0,571285016382.0,0.0025335772994126166,5천억~1조,중견-비대상,소형·상시,지원비 상시,59830800.0,0.041336891709284486,0.2755792780618966,0.1968423414727833
271980,제일약품(주),중견,False,비대상,212,제일약품주식회사,의무,2025,1447394749.0,571285016382.0,0.0025335772994126166,5천억~1조,중견-비대상,소형·상시,지원비 가동시간만,59830800.0,0.041336891709284486,0.2755792780618966,0.1968423414727833
271980,제일약품(주),중견,False,비대상,212,제일약품주식회사,의무,2025,1447394749.0,571285016382.0,0.0025335772994126166,5천억~1조,중견-비대상,중형·업무시간,지원비 상시,76288368.0,0.05270736822329041,0.3513824548219361,0.2509874677299544
271980,제일약품(주),중견,False,비대상,212,제일약품주식회사,의무,2025,1447394749.0,571285016382.0,0.0025335772994126166,5천억~1조,중견-비대상,중형·업무시간,지원비 가동시간만,51208608.0,0.03537984923282322,0.23586566155215477,0.16847547253725342
271980,제일약품(주),중견,False,비대상,212,제일약품주식회사,의무,2025,1447394749.0,571285016382.0,0.0025335772994126166,5천억~1조,중견-비대상,중형·상시,지원비 상시,169919472.0,0.11739677245436794,0.7826451496957862,0.5590322497827046
271980,제일약품(주),중견,False,비대상,212,제일약품주식회사,의무,2025,1447394749.0,571285016382.0,0.0025335772994126166,5천억~1조,중견-비대상,중형·상시,지원비 가동시간만,169919472.0,0.11739677245436794,0.7826451496957862,0.5590322497827046
271980,제일약품(주),중견,False,비대상,212,제일약품주식회사,의무,2025,1447394749.0,571285016382.0,0.0025335772994126166,5천억~1조,중견-비대상,대형·상시,지원비 상시,270435216.0,0.18684275052596588,1.2456183368397726,0.8897273834569804
271980,제일약품(주),중견,False,비대상,212,제일약품주식회사,의무,2025,1447394749.0,571285016382.0,0.0025335772994126166,5천억~1조,중견-비대상,대형·상시,지원비 가동시간만,270435216.0,0.18684275052596588,1.2456183368397726,0.8897273834569804
036580,(주)팜스코,대기업,False,비대상,105,(주)팜스코,의무,2025,2345602431.0,1427995693337.0,0.0016425836870128776,1조~5조,대기업,소형·업무시간,지원비 상시,43110960.0,0.018379482997730574,0.12252988665153716,0.08752134760824083
036580,(주)팜스코,대기업,False,비대상,105,(주)팜스코,의무,2025,2345602431.0,1427995693337.0,0.0016425836870128776,1조~5조,대기업,소형·업무시간,지원비 가동시간만,18031200.0,0.007687236234792255,0.0512482415652817,0.03660588683234407
036580,(주)팜스코,대기업,False,비대상,105,(주)팜스코,의무,2025,2345602431.0,1427995693337.0,0.0016425836870128776,1조~5조,대기업,소형·상시,지원비 상시,59830800.0,0.025507647506356118,0.17005098337570748,0.12146498812550532
036580,(주)팜스코,대기업,False,비대상,105,(주)팜스코,의무,2025,2345602431.0,1427995693337.0,0.0016425836870128776,1조~5조,대기업,소형·상시,지원비 가동시간만,59830800.0,0.025507647506356118,0.17005098337570748,0.12146498812550532
036580,(주)팜스코,대기업,False,비대상,105,(주)팜스코,의무,2025,2345602431.0,1427995693337.0,0.0016425836870128776,1조~5조,대기업,중형·업무시간,지원비 상시,76288368.0,0.032523997669748325,0.2168266511316555,0.15487617937975393
036580,(주)팜스코,대기업,False,비대상,105,(주)팜스코,의무,2025,2345602431.0,1427995693337.0,0.0016425836870128776,1조~5조,대기업,중형·업무시간,지원비 가동시간만,51208608.0,0.021831750906810003,0.14554500604540005,0.10396071860385717
036580,(주)팜스코,대기업,False,비대상,105,(주)팜스코,의무,2025,2345602431.0,1427995693337.0,0.0016425836870128776,1조~5조,대기업,중형·상시,지원비 상시,169919472.0,0.07244171891805137,0.4829447927870092,0.3449605662764351
036580,(주)팜스코,대기업,False,비대상,105,(주)팜스코,의무,2025,2345602431.0,1427995693337.0,0.0016425836870128776,1조~5조,대기업,중형·상시,지원비 가동시간만,169919472.0,0.07244171891805137,0.4829447927870092,0.3449605662764351
036580,(주)팜스코,대기업,False,비대상,105,(주)팜스코,의무,2025,2345602431.0,1427995693337.0,0.0016425836870128776,1조~5조,대기업,대형·상시,지원비 상시,270435216.0,0.11529456672872966,0.7686304448581978,0.5490217463272841
036580,(주)팜스코,대기업,False,비대상,105,(주)팜스코,의무,2025,2345602431.0,1427995693337.0,0.0016425836870128776,1조~5조,대기업,대형·상시,지원비 가동시간만,270435216.0,0.11529456672872966,0.7686304448581978,0.5490217463272841
089010,(주)켐트로닉스,중견,False,비대상,204,켐트로닉스,의무,2025,4757954323.0,356736942242.0,0.01333743091785639,3천억~5천억,중견-비대상,소형·업무시간,지원비 상시,43110960.0,0.009060818383985146,0.06040545589323432,0.04314675420945308
089010,(주)켐트로닉스,중견,False,비대상,204,켐트로닉스,의무,2025,4757954323.0,356736942242.0,0.01333743091785639,3천억~5천억,중견-비대상,소형·업무시간,지원비 가동시간만,18031200.0,0.003789695902047019,0.02526463934698013,0.018046170962128665
089010,(주)켐트로닉스,중견,False,비대상,204,켐트로닉스,의무,2025,4757954323.0,356736942242.0,0.01333743091785639,3천억~5천억,중견-비대상,소형·상시,지원비 상시,59830800.0,0.012574900038610564,0.08383266692407043,0.05988047637433602
089010,(주)켐트로닉스,중견,False,비대상,204,켐트로닉스,의무,2025,4757954323.0,356736942242.0,0.01333743091785639,3천억~5천억,중견-비대상,소형·상시,지원비 가동시간만,59830800.0,0.012574900038610564,0.08383266692407043,0.05988047637433602
089010,(주)켐트로닉스,중견,False,비대상,204,켐트로닉스,의무,2025,4757954323.0,356736942242.0,0.01333743091785639,3천억~5천억,중견-비대상,중형·업무시간,지원비 상시,76288368.0,0.01603385884375166,0.10689239229167775,0.07635170877976982
089010,(주)켐트로닉스,중견,False,비대상,204,켐트로닉스,의무,2025,4757954323.0,356736942242.0,0.01333743091785639,3천억~5천억,중견-비대상,중형·업무시간,지원비 가동시간만,51208608.0,0.010762736361813534,0.07175157574542357,0.05125112553244541
089010,(주)켐트로닉스,중견,False,비대상,204,켐트로닉스,의무,2025,4757954323.0,356736942242.0,0.01333743091785639,3천억~5천억,중견-비대상,중형·상시,지원비 상시,169919472.0,0.035712716109654,0.23808477406436004,0.1700605529031143
089010,(주)켐트로닉스,중견,False,비대상,204,켐트로닉스,의무,2025,4757954323.0,356736942242.0,0.01333743091785639,3천억~5천억,중견-비대상,중형·상시,지원비 가동시간만,169919472.0,0.035712716109654,0.23808477406436004,0.1700605529031143
089010,(주)켐트로닉스,중견,False,비대상,204,켐트로닉스,의무,2025,4757954323.0,356736942242.0,0.01333743091785639,3천억~5천억,중견-비대상,대형·상시,지원비 상시,270435216.0,0.05683854817451975,0.3789236544967984,0.2706597532119988
089010,(주)켐트로닉스,중견,False,비대상,204,켐트로닉스,의무,2025,4757954323.0,356736942242.0,0.01333743091785639,3천억~5천억,중견-비대상,대형·상시,지원비 가동시간만,270435216.0,0.05683854817451975,0.3789236544967984,0.2706597532119988
243070,(주)휴온스,중견,False,비대상,212,(주)휴온스,의무,2025,3578708962.0,521054561136.0,0.006868203886744069,5천억~1조,중견-비대상,소형·업무시간,지원비 상시,43110960.0,0.012046511872791963,0.08031007915194642,0.057364342251390296
243070,(주)휴온스,중견,False,비대상,212,(주)휴온스,의무,2025,3578708962.0,521054561136.0,0.006868203886744069,5천억~1조,중견-비대상,소형·업무시간,지원비 가동시간만,18031200.0,0.005038465041852152,0.03358976694568101,0.023992690675486438
243070,(주)휴온스,중견,False,비대상,212,(주)휴온스,의무,2025,3578708962.0,521054561136.0,0.006868203886744069,5천억~1조,중견-비대상,소형·상시,지원비 상시,59830800.0,0.016718543093418504,0.11145695395612336,0.07961210996865954
243070,(주)휴온스,중견,False,비대상,212,(주)휴온스,의무,2025,3578708962.0,521054561136.0,0.006868203886744069,5천억~1조,중견-비대상,소형·상시,지원비 가동시간만,59830800.0,0.016718543093418504,0.11145695395612336,0.07961210996865954
243070,(주)휴온스,중견,False,비대상,212,(주)휴온스,의무,2025,3578708962.0,521054561136.0,0.006868203886744069,5천억~1조,중견-비대상,중형·업무시간,지원비 상시,76288368.0,0.02131728754979992,0.14211525033199948,0.10151089309428535
243070,(주)휴온스,중견,False,비대상,212,(주)휴온스,의무,2025,3578708962.0,521054561136.0,0.006868203886744069,5천억~1조,중견-비대상,중형·업무시간,지원비 가동시간만,51208608.0,0.014309240718860111,0.09539493812573407,0.06813924151838148
243070,(주)휴온스,중견,False,비대상,212,(주)휴온스,의무,2025,3578708962.0,521054561136.0,0.006868203886744069,5천억~1조,중견-비대상,중형·상시,지원비 상시,169919472.0,0.04748066238530855,0.31653774923539035,0.2260983923109931
243070,(주)휴온스,중견,False,비대상,212,(주)휴온스,의무,2025,3578708962.0,521054561136.0,0.006868203886744069,5천억~1조,중견-비대상,중형·상시,지원비 가동시간만,169919472.0,0.04748066238530855,0.31653774923539035,0.2260983923109931
243070,(주)휴온스,중견,False,비대상,212,(주)휴온스,의무,2025,3578708962.0,521054561136.0,0.006868203886744069,5천억~1조,중견-비대상,대형·상시,지원비 상시,270435216.0,0.07556781478225164,0.5037854318816776,0.35984673705834114
243070,(주)휴온스,중견,False,비대상,212,(주)휴온스,의무,2025,3578708962.0,521054561136.0,0.006868203886744069,5천억~1조,중견-비대상,대형·상시,지원비 가동시간만,270435216.0,0.07556781478225164,0.5037854318816776,0.35984673705834114
112610,씨에스윈드(주),중견,False,1차(2027),2511,씨에스윈드(주),의무,2025,3580571573.0,613558736508.0,0.005835743768198001,5천억~1조,중견-1차(2027),소형·업무시간,지원비 상시,43110960.0,0.012040245285162465,0.08026830190108311,0.057334501357916505
112610,씨에스윈드(주),중견,False,1차(2027),2511,씨에스윈드(주),의무,2025,3580571573.0,613558736508.0,0.005835743768198001,5천억~1조,중견-1차(2027),소형·업무시간,지원비 가동시간만,18031200.0,0.005035844035619282,0.03357229357079522,0.023980209693425153
112610,씨에스윈드(주),중견,False,1차(2027),2511,씨에스윈드(주),의무,2025,3580571573.0,613558736508.0,0.005835743768198001,5천억~1조,중견-1차(2027),소형·상시,지원비 상시,59830800.0,0.016709846118191252,0.11139897412127504,0.07957069580091074
112610,씨에스윈드(주),중견,False,1차(2027),2511,씨에스윈드(주),의무,2025,3580571573.0,613558736508.0,0.005835743768198001,5천억~1조,중견-1차(2027),소형·상시,지원비 가동시간만,59830800.0,0.016709846118191252,0.11139897412127504,0.07957069580091074
112610,씨에스윈드(주),중견,False,1차(2027),2511,씨에스윈드(주),의무,2025,3580571573.0,613558736508.0,0.005835743768198001,5천억~1조,중견-1차(2027),중형·업무시간,지원비 상시,76288368.0,0.021306198310701942,0.14204132207134632,0.10145808719381878
112610,씨에스윈드(주),중견,False,1차(2027),2511,씨에스윈드(주),의무,2025,3580571573.0,613558736508.0,0.005835743768198001,5천억~1조,중견-1차(2027),중형·업무시간,지원비 가동시간만,51208608.0,0.01430179706115876,0.09534531374105841,0.06810379552932744
112610,씨에스윈드(주),중견,False,1차(2027),2511,씨에스윈드(주),의무,2025,3580571573.0,613558736508.0,0.005835743768198001,5천억~1조,중견-1차(2027),중형·상시,지원비 상시,169919472.0,0.04745596297566316,0.3163730865044211,0.2259807760745865
112610,씨에스윈드(주),중견,False,1차(2027),2511,씨에스윈드(주),의무,2025,3580571573.0,613558736508.0,0.005835743768198001,5천억~1조,중견-1차(2027),중형·상시,지원비 가동시간만,169919472.0,0.04745596297566316,0.3163730865044211,0.2259807760745865
112610,씨에스윈드(주),중견,False,1차(2027),2511,씨에스윈드(주),의무,2025,3580571573.0,613558736508.0,0.005835743768198001,5천억~1조,중견-1차(2027),대형·상시,지원비 상시,270435216.0,0.07552850445422446,0.5035233630281631,0.35965954502011654
112610,씨에스윈드(주),중견,False,1차(2027),2511,씨에스윈드(주),의무,2025,3580571573.0,613558736508.0,0.005835743768198001,5천억~1조,중견-1차(2027),대형·상시,지원비 가동시간만,270435216.0,0.07552850445422446,0.5035233630281631,0.35965954502011654
038500,(주)삼표시멘트,중견,False,1차(2027),239,(주)삼표시멘트,의무,2025,2578908000.0,640607919944.0,0.004025719819738476,5천억~1조,중견-1차(2027),소형·업무시간,지원비 상시,43110960.0,0.016716749880181844,0.1114449992012123,0.07960357085800879
038500,(주)삼표시멘트,중견,False,1차(2027),239,(주)삼표시멘트,의무,2025,2578908000.0,640607919944.0,0.004025719819738476,5천억~1조,중견-1차(2027),소형·업무시간,지원비 가동시간만,18031200.0,0.0069917965278327105,0.04661197685221807,0.03329426918015577
038500,(주)삼표시멘트,중견,False,1차(2027),239,(주)삼표시멘트,의무,2025,2578908000.0,640607919944.0,0.004025719819738476,5천억~1조,중견-1차(2027),소형·상시,지원비 상시,59830800.0,0.023200052115081266,0.1546670141005418,0.11047643864324413
038500,(주)삼표시멘트,중견,False,1차(2027),239,(주)삼표시멘트,의무,2025,2578908000.0,640607919944.0,0.004025719819738476,5천억~1조,중견-1차(2027),소형·상시,지원비 가동시간만,59830800.0,0.023200052115081266,0.1546670141005418,0.11047643864324413
038500,(주)삼표시멘트,중견,False,1차(2027),239,(주)삼표시멘트,의무,2025,2578908000.0,640607919944.0,0.004025719819738476,5천억~1조,중견-1차(2027),중형·업무시간,지원비 상시,76288368.0,0.02958165549139403,0.19721103660929354,0.1408650261494954
038500,(주)삼표시멘트,중견,False,1차(2027),239,(주)삼표시멘트,의무,2025,2578908000.0,640607919944.0,0.004025719819738476,5천억~1조,중견-1차(2027),중형·업무시간,지원비 가동시간만,51208608.0,0.019856702139044898,0.13237801426029933,0.09455572447164237
038500,(주)삼표시멘트,중견,False,1차(2027),239,(주)삼표시멘트,의무,2025,2578908000.0,640607919944.0,0.004025719819738476,5천억~1조,중견-1차(2027),중형·상시,지원비 상시,169919472.0,0.0658881480068308,0.43925432004553866,0.3137530857468133
038500,(주)삼표시멘트,중견,False,1차(2027),239,(주)삼표시멘트,의무,2025,2578908000.0,640607919944.0,0.004025719819738476,5천억~1조,중견-1차(2027),중형·상시,지원비 가동시간만,169919472.0,0.0658881480068308,0.43925432004553866,0.3137530857468133
038500,(주)삼표시멘트,중견,False,1차(2027),239,(주)삼표시멘트,의무,2025,2578908000.0,640607919944.0,0.004025719819738476,5천억~1조,중견-1차(2027),대형·상시,지원비 상시,270435216.0,0.10486423556016733,0.6990949037344488,0.4993535026674635
038500,(주)삼표시멘트,중견,False,1차(2027),239,(주)삼표시멘트,의무,2025,2578908000.0,640607919944.0,0.004025719819738476,5천억~1조,중견-1차(2027),대형·상시,지원비 가동시간만,270435216.0,0.10486423556016733,0.6990949037344488,0.4993535026674635
207940,삼성바이오로직스(주),대기업,False,비대상,211,삼성바이오로직스 주식회사,의무,2025,105374207204.0,4556971695180.0,0.02312373529013937,1조~5조,대기업,소형·업무시간,지원비 상시,43110960.0,0.0004091225086660819,0.0027274833911072128,0.0019482024222194376
207940,삼성바이오로직스(주),대기업,False,비대상,211,삼성바이오로직스 주식회사,의무,2025,105374207204.0,4556971695180.0,0.02312373529013937,1조~5조,대기업,소형·업무시간,지원비 가동시간만,18031200.0,0.00017111587814931182,0.0011407725209954124,0.000814837514996723
207940,삼성바이오로직스(주),대기업,False,비대상,211,삼성바이오로직스 주식회사,의무,2025,105374207204.0,4556971695180.0,0.02312373529013937,1조~5조,대기업,소형·상시,지원비 상시,59830800.0,0.000567793595677262,0.0037852906378484136,0.0027037790270345806
207940,삼성바이오로직스(주),대기업,False,비대상,211,삼성바이오로직스 주식회사,의무,2025,105374207204.0,4556971695180.0,0.02312373529013937,1조~5조,대기업,소형·상시,지원비 가동시간만,59830800.0,0.000567793595677262,0.0037852906378484136,0.0027037790270345806
207940,삼성바이오로직스(주),대기업,False,비대상,211,삼성바이오로직스 주식회사,의무,2025,105374207204.0,4556971695180.0,0.02312373529013937,1조~5조,대기업,중형·업무시간,지원비 상시,76288368.0,0.0007239757244608156,0.004826504829738771,0.0034475034498134076
207940,삼성바이오로직스(주),대기업,False,비대상,211,삼성바이오로직스 주식회사,의무,2025,105374207204.0,4556971695180.0,0.02312373529013937,1조~5조,대기업,중형·업무시간,지원비 가동시간만,51208608.0,0.00048596909394404557,0.0032397939596269707,0.002314138542590693
207940,삼성바이오로직스(주),대기업,False,비대상,211,삼성바이오로직스 주식회사,의무,2025,105374207204.0,4556971695180.0,0.02312373529013937,1조~5조,대기업,중형·상시,지원비 상시,169919472.0,0.001612533811723424,0.010750225411489494,0.007678732436778209
207940,삼성바이오로직스(주),대기업,False,비대상,211,삼성바이오로직스 주식회사,의무,2025,105374207204.0,4556971695180.0,0.02312373529013937,1조~5조,대기업,중형·상시,지원비 가동시간만,169919472.0,0.001612533811723424,0.010750225411489494,0.007678732436778209
207940,삼성바이오로직스(주),대기업,False,비대상,211,삼성바이오로직스 주식회사,의무,2025,105374207204.0,4556971695180.0,0.02312373529013937,1조~5조,대기업,대형·상시,지원비 상시,270435216.0,0.002566427052461224,0.01710951368307483,0.012221081202196305
207940,삼성바이오로직스(주),대기업,False,비대상,211,삼성바이오로직스 주식회사,의무,2025,105374207204.0,4556971695180.0,0.02312373529013937,1조~5조,대기업,대형·상시,지원비 가동시간만,270435216.0,0.002566427052461224,0.01710951368307483,0.012221081202196305
012200,계양전기(주),중견,False,2차 후보(확인 필요),291,계양전기(주),의무,2025,2037746187.0,380898344932.0,0.005349842586908036,3천억~5천억,중견-2차 후보,소형·업무시간,지원비 상시,43110960.0,0.021156197113767438,0.14104131409178292,0.10074379577984495
012200,계양전기(주),중견,False,2차 후보(확인 필요),291,계양전기(주),의무,2025,2037746187.0,380898344932.0,0.005349842586908036,3천억~5천억,중견-2차 후보,소형·업무시간,지원비 가동시간만,18031200.0,0.00884859955328676,0.0589906636885784,0.042136188348984575
012200,계양전기(주),중견,False,2차 후보(확인 필요),291,계양전기(주),의무,2025,2037746187.0,380898344932.0,0.005349842586908036,3천억~5천억,중견-2차 후보,소형·상시,지원비 상시,59830800.0,0.029361262154087887,0.19574174769391925,0.1398155340670852
012200,계양전기(주),중견,False,2차 후보(확인 필요),291,계양전기(주),의무,2025,2037746187.0,380898344932.0,0.005349842586908036,3천억~5천억,중견-2차 후보,소형·상시,지원비 가동시간만,59830800.0,0.029361262154087887,0.19574174769391925,0.1398155340670852
012200,계양전기(주),중견,False,2차 후보(확인 필요),291,계양전기(주),의무,2025,2037746187.0,380898344932.0,0.005349842586908036,3천억~5천억,중견-2차 후보,중형·업무시간,지원비 상시,76288368.0,0.03743762029181508,0.24958413527876716,0.17827438234197657
012200,계양전기(주),중견,False,2차 후보(확인 필요),291,계양전기(주),의무,2025,2037746187.0,380898344932.0,0.005349842586908036,3천억~5천억,중견-2차 후보,중형·업무시간,지원비 가동시간만,51208608.0,0.0251300227313344,0.16753348487556266,0.1196667749111162
012200,계양전기(주),중견,False,2차 후보(확인 필요),291,계양전기(주),의무,2025,2037746187.0,380898344932.0,0.005349842586908036,3천억~5천억,중견-2차 후보,중형·상시,지원비 상시,169919472.0,0.0833859845176096,0.5559065634507306,0.39707611675052196
012200,계양전기(주),중견,False,2차 후보(확인 필요),291,계양전기(주),의무,2025,2037746187.0,380898344932.0,0.005349842586908036,3천억~5천억,중견-2차 후보,중형·상시,지원비 가동시간만,169919472.0,0.0833859845176096,0.5559065634507306,0.39707611675052196
012200,계양전기(주),중견,False,2차 후보(확인 필요),291,계양전기(주),의무,2025,2037746187.0,380898344932.0,0.005349842586908036,3천억~5천억,중견-2차 후보,대형·상시,지원비 상시,270435216.0,0.13271290493647725,0.884752699576515,0.6319662139832251
012200,계양전기(주),중견,False,2차 후보(확인 필요),291,계양전기(주),의무,2025,2037746187.0,380898344932.0,0.005349842586908036,3천억~5천억,중견-2차 후보,대형·상시,지원비 가동시간만,270435216.0,0.13271290493647725,0.884752699576515,0.6319662139832251
010120,엘에스일렉트릭 주식회사,대기업,False,비대상,28121,엘에스일렉트릭(주),의무,2025,52618926690.0,3462741368949.0,0.01519574264536272,1조~5조,대기업,소형·업무시간,지원비 상시,43110960.0,0.0008193051951436526,0.0054620346342910174,0.00390145331020787
010120,엘에스일렉트릭 주식회사,대기업,False,비대상,28121,엘에스일렉트릭(주),의무,2025,52618926690.0,3462741368949.0,0.01519574264536272,1조~5조,대기업,소형·업무시간,지원비 가동시간만,18031200.0,0.0003426751766760524,0.0022845011778403496,0.0016317865556002497
010120,엘에스일렉트릭 주식회사,대기업,False,비대상,28121,엘에스일렉트릭(주),의무,2025,52618926690.0,3462741368949.0,0.01519574264536272,1조~5조,대기업,소형·상시,지원비 상시,59830800.0,0.0011370585407887194,0.007580390271924796,0.0054145644799462826
010120,엘에스일렉트릭 주식회사,대기업,False,비대상,28121,엘에스일렉트릭(주),의무,2025,52618926690.0,3462741368949.0,0.01519574264536272,1조~5조,대기업,소형·상시,지원비 가동시간만,59830800.0,0.0011370585407887194,0.007580390271924796,0.0054145644799462826
010120,엘에스일렉트릭 주식회사,대기업,False,비대상,28121,엘에스일렉트릭(주),의무,2025,52618926690.0,3462741368949.0,0.01519574264536272,1조~5조,대기업,중형·업무시간,지원비 상시,76288368.0,0.001449827520227589,0.00966551680151726,0.006903940572512329
010120,엘에스일렉트릭 주식회사,대기업,False,비대상,28121,엘에스일렉트릭(주),의무,2025,52618926690.0,3462741368949.0,0.01519574264536272,1조~5조,대기업,중형·업무시간,지원비 가동시간만,51208608.0,0.0009731975017599889,0.006487983345066593,0.004634273817904709
010120,엘에스일렉트릭 주식회사,대기업,False,비대상,28121,엘에스일렉트릭(주),의무,2025,52618926690.0,3462741368949.0,0.01519574264536272,1조~5조,대기업,중형·상시,지원비 상시,169919472.0,0.003229246255839963,0.021528308372266422,0.015377363123047444
010120,엘에스일렉트릭 주식회사,대기업,False,비대상,28121,엘에스일렉트릭(주),의무,2025,52618926690.0,3462741368949.0,0.01519574264536272,1조~5조,대기업,중형·상시,지원비 가동시간만,169919472.0,0.003229246255839963,0.021528308372266422,0.015377363123047444
010120,엘에스일렉트릭 주식회사,대기업,False,비대상,28121,엘에스일렉트릭(주),의무,2025,52618926690.0,3462741368949.0,0.01519574264536272,1조~5조,대기업,대형·상시,지원비 상시,270435216.0,0.005139504604365012,0.034263364029100074,0.0244738314493572
010120,엘에스일렉트릭 주식회사,대기업,False,비대상,28121,엘에스일렉트릭(주),의무,2025,52618926690.0,3462741368949.0,0.01519574264536272,1조~5조,대기업,대형·상시,지원비 가동시간만,270435216.0,0.005139504604365012,0.034263364029100074,0.0244738314493572
012620,(주)원일특강,중견,False,1차(2027),24123,(주)원일특강,의무,2025,638856538.0,365898672844.0,0.0017459930451083515,3천억~5천억,중견-1차(2027),소형·업무시간,지원비 상시,43110960.0,0.06748144134982619,0.44987627566550786,0.3213401969039342
012620,(주)원일특강,중견,False,1차(2027),24123,(주)원일특강,의무,2025,638856538.0,365898672844.0,0.0017459930451083515,3천억~5천억,중견-1차(2027),소형·업무시간,지원비 가동시간만,18031200.0,0.028224176990421596,0.18816117993614398,0.13440084281153142
012620,(주)원일특강,중견,False,1차(2027),24123,(주)원일특강,의무,2025,638856538.0,365898672844.0,0.0017459930451083515,3천억~5천억,중견-1차(2027),소형·상시,지원비 상시,59830800.0,0.09365295092276257,0.6243530061517505,0.44596643296553606
012620,(주)원일특강,중견,False,1차(2027),24123,(주)원일특강,의무,2025,638856538.0,365898672844.0,0.0017459930451083515,3천억~5천억,중견-1차(2027),소형·상시,지원비 가동시간만,59830800.0,0.09365295092276257,0.6243530061517505,0.44596643296553606
012620,(주)원일특강,중견,False,1차(2027),24123,(주)원일특강,의무,2025,638856538.0,365898672844.0,0.0017459930451083515,3천억~5천억,중견-1차(2027),중형·업무시간,지원비 상시,76288368.0,0.11941392701220192,0.7960928467480127,0.568637747677152
012620,(주)원일특강,중견,False,1차(2027),24123,(주)원일특강,의무,2025,638856538.0,365898672844.0,0.0017459930451083515,3천억~5천억,중견-1차(2027),중형·업무시간,지원비 가동시간만,51208608.0,0.08015666265279733,0.5343777510186488,0.3816983935847492
012620,(주)원일특강,중견,False,1차(2027),24123,(주)원일특강,의무,2025,638856538.0,365898672844.0,0.0017459930451083515,3천억~5천억,중견-1차(2027),중형·상시,지원비 상시,169919472.0,0.2659743806206457,1.7731625374709712,1.2665446696221225
012620,(주)원일특강,중견,False,1차(2027),24123,(주)원일특강,의무,2025,638856538.0,365898672844.0,0.0017459930451083515,3천억~5천억,중견-1차(2027),중형·상시,지원비 가동시간만,169919472.0,0.2659743806206457,1.7731625374709712,1.2665446696221225
012620,(주)원일특강,중견,False,1차(2027),24123,(주)원일특강,의무,2025,638856538.0,365898672844.0,0.0017459930451083515,3천억~5천억,중견-1차(2027),대형·상시,지원비 상시,270435216.0,0.4233113381708868,2.822075587805912,2.015768277004223
012620,(주)원일특강,중견,False,1차(2027),24123,(주)원일특강,의무,2025,638856538.0,365898672844.0,0.0017459930451083515,3천억~5천억,중견-1차(2027),대형·상시,지원비 가동시간만,270435216.0,0.4233113381708868,2.822075587805912,2.015768277004223
104460,디와이피엔에프(주),중견,False,2차(2028),29163,디와이피엔에프,의무,2025,1186820911.0,365502243845.0,0.0032470961012849484,3천억~5천억,중견-2차(2028),소형·업무시간,지원비 상시,43110960.0,0.03632473914170863,0.24216492761139088,0.17297494829385063
104460,디와이피엔에프(주),중견,False,2차(2028),29163,디와이피엔에프,의무,2025,1186820911.0,365502243845.0,0.0032470961012849484,3천억~5천억,중견-2차(2028),소형·업무시간,지원비 가동시간만,18031200.0,0.015192856675239353,0.10128571116826235,0.07234693654875882
104460,디와이피엔에프(주),중견,False,2차(2028),29163,디와이피엔에프,의무,2025,1186820911.0,365502243845.0,0.0032470961012849484,3천억~5천억,중견-2차(2028),소형·상시,지원비 상시,59830800.0,0.05041266078602149,0.33608440524014327,0.2400602894572452
104460,디와이피엔에프(주),중견,False,2차(2028),29163,디와이피엔에프,의무,2025,1186820911.0,365502243845.0,0.0032470961012849484,3천억~5천억,중견-2차(2028),소형·상시,지원비 가동시간만,59830800.0,0.05041266078602149,0.33608440524014327,0.2400602894572452
104460,디와이피엔에프(주),중견,False,2차(2028),29163,디와이피엔에프,의무,2025,1186820911.0,365502243845.0,0.0032470961012849484,3천억~5천억,중견-2차(2028),중형·업무시간,지원비 상시,76288368.0,0.06427959542414904,0.4285306361609936,0.3060933115435669
104460,디와이피엔에프(주),중견,False,2차(2028),29163,디와이피엔에프,의무,2025,1186820911.0,365502243845.0,0.0032470961012849484,3천억~5천억,중견-2차(2028),중형·업무시간,지원비 가동시간만,51208608.0,0.04314771295767976,0.28765141971786506,0.20546529979847505
104460,디와이피엔에프(주),중견,False,2차(2028),29163,디와이피엔에프,의무,2025,1186820911.0,365502243845.0,0.0032470961012849484,3천억~5천억,중견-2차(2028),중형·상시,지원비 상시,169919472.0,0.14317195663230103,0.9544797108820068,0.6817712220585763
104460,디와이피엔에프(주),중견,False,2차(2028),29163,디와이피엔에프,의무,2025,1186820911.0,365502243845.0,0.0032470961012849484,3천억~5천억,중견-2차(2028),중형·상시,지원비 가동시간만,169919472.0,0.14317195663230103,0.9544797108820068,0.6817712220585763
104460,디와이피엔에프(주),중견,False,2차(2028),29163,디와이피엔에프,의무,2025,1186820911.0,365502243845.0,0.0032470961012849484,3천억~5천억,중견-2차(2028),대형·상시,지원비 상시,270435216.0,0.22786522675281712,1.5191015116854476,1.0850725083467483
104460,디와이피엔에프(주),중견,False,2차(2028),29163,디와이피엔에프,의무,2025,1186820911.0,365502243845.0,0.0032470961012849484,3천억~5천억,중견-2차(2028),대형·상시,지원비 가동시간만,270435216.0,0.22786522675281712,1.5191015116854476,1.0850725083467483
005300,롯데칠성음료(주),대기업,False,비대상,11209,롯데칠성음료(주),의무,2025,35477373553.0,2566969761664.0,0.013820721257737886,1조~5조,대기업,소형·업무시간,지원비 상시,43110960.0,0.001215167744466656,0.008101118296444373,0.005786513068888837
005300,롯데칠성음료(주),대기업,False,비대상,11209,롯데칠성음료(주),의무,2025,35477373553.0,2566969761664.0,0.013820721257737886,1조~5조,대기업,소형·업무시간,지원비 가동시간만,18031200.0,0.0005082450642255975,0.0033883004281706503,0.0024202145915504644
005300,롯데칠성음료(주),대기업,False,비대상,11209,롯데칠성음료(주),의무,2025,35477373553.0,2566969761664.0,0.013820721257737886,1조~5조,대기업,소형·상시,지원비 상시,59830800.0,0.001686449531294028,0.011242996875293522,0.008030712053781086
005300,롯데칠성음료(주),대기업,False,비대상,11209,롯데칠성음료(주),의무,2025,35477373553.0,2566969761664.0,0.013820721257737886,1조~5조,대기업,소형·상시,지원비 가동시간만,59830800.0,0.001686449531294028,0.011242996875293522,0.008030712053781086
005300,롯데칠성음료(주),대기업,False,비대상,11209,롯데칠성음료(주),의무,2025,35477373553.0,2566969761664.0,0.013820721257737886,1조~5조,대기업,중형·업무시간,지원비 상시,76288368.0,0.002150338662641755,0.014335591084278369,0.010239707917341691
005300,롯데칠성음료(주),대기업,False,비대상,11209,롯데칠성음료(주),의무,2025,35477373553.0,2566969761664.0,0.013820721257737886,1조~5조,대기업,중형·업무시간,지원비 가동시간만,51208608.0,0.001443415982400697,0.009622773216004648,0.006873409440003319
005300,롯데칠성음료(주),대기업,False,비대상,11209,롯데칠성음료(주),의무,2025,35477373553.0,2566969761664.0,0.013820721257737886,1조~5조,대기업,중형·상시,지원비 상시,169919472.0,0.00478951666887504,0.0319301111258336,0.022807222232738286
005300,롯데칠성음료(주),대기업,False,비대상,11209,롯데칠성음료(주),의무,2025,35477373553.0,2566969761664.0,0.013820721257737886,1조~5조,대기업,중형·상시,지원비 가동시간만,169919472.0,0.00478951666887504,0.0319301111258336,0.022807222232738286
005300,롯데칠성음료(주),대기업,False,비대상,11209,롯데칠성음료(주),의무,2025,35477373553.0,2566969761664.0,0.013820721257737886,1조~5조,대기업,대형·상시,지원비 상시,270435216.0,0.007622751881449007,0.05081834587632671,0.03629881848309051
005300,롯데칠성음료(주),대기업,False,비대상,11209,롯데칠성음료(주),의무,2025,35477373553.0,2566969761664.0,0.013820721257737886,1조~5조,대기업,대형·상시,지원비 가동시간만,270435216.0,0.007622751881449007,0.05081834587632671,0.03629881848309051
042700,한미반도체(주),중견,False,비대상,29271,한미반도체주식회사,의무,2025,2243167834.0,559680004877.0,0.004007947066990499,5천억~1조,중견-비대상,소형·업무시간,지원비 상시,43110960.0,0.0192187848570942,0.12812523238062803,0.09151802312902
042700,한미반도체(주),중견,False,비대상,29271,한미반도체주식회사,의무,2025,2243167834.0,559680004877.0,0.004007947066990499,5천억~1조,중견-비대상,소형·업무시간,지원비 가동시간만,18031200.0,0.008038275035286549,0.05358850023524366,0.038277500168031185
042700,한미반도체(주),중견,False,비대상,29271,한미반도체주식회사,의무,2025,2243167834.0,559680004877.0,0.004007947066990499,5천억~1조,중견-비대상,소형·상시,지원비 상시,59830800.0,0.026672458071632637,0.1778163871442176,0.12701170510301257
042700,한미반도체(주),중견,False,비대상,29271,한미반도체주식회사,의무,2025,2243167834.0,559680004877.0,0.004007947066990499,5천억~1조,중견-비대상,소형·상시,지원비 가동시간만,59830800.0,0.026672458071632637,0.1778163871442176,0.12701170510301257
042700,한미반도체(주),중견,False,비대상,29271,한미반도체주식회사,의무,2025,2243167834.0,559680004877.0,0.004007947066990499,5천억~1조,중견-비대상,중형·업무시간,지원비 상시,76288368.0,0.03400921092202145,0.22672807281347637,0.16194862343819738
042700,한미반도체(주),중견,False,비대상,29271,한미반도체주식회사,의무,2025,2243167834.0,559680004877.0,0.004007947066990499,5천억~1조,중견-비대상,중형·업무시간,지원비 가동시간만,51208608.0,0.022828701100213795,0.152191340668092,0.10870810047720857
042700,한미반도체(주),중견,False,비대상,29271,한미반도체주식회사,의무,2025,2243167834.0,559680004877.0,0.004007947066990499,5천억~1조,중견-비대상,중형·상시,지원비 상시,169919472.0,0.07574978092343669,0.504998539489578,0.36071324249255565
042700,한미반도체(주),중견,False,비대상,29271,한미반도체주식회사,의무,2025,2243167834.0,559680004877.0,0.004007947066990499,5천억~1조,중견-비대상,중형·상시,지원비 가동시간만,169919472.0,0.07574978092343669,0.504998539489578,0.36071324249255565
042700,한미반도체(주),중견,False,비대상,29271,한미반도체주식회사,의무,2025,2243167834.0,559680004877.0,0.004007947066990499,5천억~1조,중견-비대상,대형·상시,지원비 상시,270435216.0,0.12055951048377953,0.8037300698918636,0.5740929070656168
042700,한미반도체(주),중견,False,비대상,29271,한미반도체주식회사,의무,2025,2243167834.0,559680004877.0,0.004007947066990499,5천억~1조,중견-비대상,대형·상시,지원비 가동시간만,270435216.0,0.12055951048377953,0.8037300698918636,0.5740929070656168
005160,동국산업(주),중견,False,1차(2027),24122,동국산업(주),의무,2025,2096149234.0,373092684024.0,0.005618306988472496,3천억~5천억,중견-1차(2027),소형·업무시간,지원비 상시,43110960.0,0.020566741766631296,0.137111611777542,0.09793686555538714
005160,동국산업(주),중견,False,1차(2027),24122,동국산업(주),의무,2025,2096149234.0,373092684024.0,0.005618306988472496,3천억~5천억,중견-1차(2027),소형·업무시간,지원비 가동시간만,18031200.0,0.008602059294028299,0.05734706196018867,0.04096218711442047
005160,동국산업(주),중견,False,1차(2027),24122,동국산업(주),의무,2025,2096149234.0,373092684024.0,0.005618306988472496,3천억~5천억,중견-1차(2027),소형·상시,지원비 상시,59830800.0,0.02854319674836663,0.1902879783224442,0.13591998451603157
005160,동국산업(주),중견,False,1차(2027),24122,동국산업(주),의무,2025,2096149234.0,373092684024.0,0.005618306988472496,3천억~5천억,중견-1차(2027),소형·상시,지원비 가동시간만,59830800.0,0.02854319674836663,0.1902879783224442,0.13591998451603157
005160,동국산업(주),중견,False,1차(2027),24122,동국산업(주),의무,2025,2096149234.0,373092684024.0,0.005618306988472496,3천억~5천억,중견-1차(2027),중형·업무시간,지원비 상시,76288368.0,0.03639453086764337,0.24263020578428915,0.1733072898459208
005160,동국산업(주),중견,False,1차(2027),24122,동국산업(주),의무,2025,2096149234.0,373092684024.0,0.005618306988472496,3천억~5천억,중견-1차(2027),중형·업무시간,지원비 가동시간만,51208608.0,0.02442984839504037,0.1628656559669358,0.11633261140495414
005160,동국산업(주),중견,False,1차(2027),24122,동국산업(주),의무,2025,2096149234.0,373092684024.0,0.005618306988472496,3천억~5천억,중견-1차(2027),중형·상시,지원비 상시,169919472.0,0.08106267876536123,0.5404178584357415,0.38601275602552965
005160,동국산업(주),중견,False,1차(2027),24122,동국산업(주),의무,2025,2096149234.0,373092684024.0,0.005618306988472496,3천억~5천억,중견-1차(2027),중형·상시,지원비 가동시간만,169919472.0,0.08106267876536123,0.5404178584357415,0.38601275602552965
005160,동국산업(주),중견,False,1차(2027),24122,동국산업(주),의무,2025,2096149234.0,373092684024.0,0.005618306988472496,3천억~5천억,중견-1차(2027),대형·상시,지원비 상시,270435216.0,0.12901524930261715,0.8601016620174479,0.6143583300124627
005160,동국산업(주),중견,False,1차(2027),24122,동국산업(주),의무,2025,2096149234.0,373092684024.0,0.005618306988472496,3천억~5천억,중견-1차(2027),대형·상시,지원비 가동시간만,270435216.0,0.12901524930261715,0.8601016620174479,0.6143583300124627
007690,국도화학(주),중견,False,비대상,20111,국도화학주식회사,의무,2025,7852455331.0,967066362965.0,0.008119872256671795,5천억~1조,중견-비대상,소형·업무시간,지원비 상시,43110960.0,0.005490124831376771,0.03660083220917848,0.026143451577984624
007690,국도화학(주),중견,False,비대상,20111,국도화학주식회사,의무,2025,7852455331.0,967066362965.0,0.008119872256671795,5천억~1조,중견-비대상,소형·업무시간,지원비 가동시간만,18031200.0,0.002296249929473174,0.015308332863154497,0.010934523473681781
007690,국도화학(주),중견,False,비대상,20111,국도화학주식회사,의무,2025,7852455331.0,967066362965.0,0.008119872256671795,5천억~1조,중견-비대상,소형·상시,지원비 상시,59830800.0,0.007619374765979169,0.050795831773194466,0.036282736980853186
007690,국도화학(주),중견,False,비대상,20111,국도화학주식회사,의무,2025,7852455331.0,967066362965.0,0.008119872256671795,5천억~1조,중견-비대상,소형·상시,지원비 가동시간만,59830800.0,0.007619374765979169,0.050795831773194466,0.036282736980853186
007690,국도화학(주),중견,False,비대상,20111,국도화학주식회사,의무,2025,7852455331.0,967066362965.0,0.008119872256671795,5천억~1조,중견-비대상,중형·업무시간,지원비 상시,76288368.0,0.00971522470160741,0.06476816467738275,0.0462629747695591
007690,국도화학(주),중견,False,비대상,20111,국도화학주식회사,의무,2025,7852455331.0,967066362965.0,0.008119872256671795,5천억~1조,중견-비대상,중형·업무시간,지원비 가동시간만,51208608.0,0.0065213497997038145,0.04347566533135877,0.031054046665256258
007690,국도화학(주),중견,False,비대상,20111,국도화학주식회사,의무,2025,7852455331.0,967066362965.0,0.008119872256671795,5천억~1조,중견-비대상,중형·상시,지원비 상시,169919472.0,0.021639024335380837,0.14426016223587226,0.10304297302562304
007690,국도화학(주),중견,False,비대상,20111,국도화학주식회사,의무,2025,7852455331.0,967066362965.0,0.008119872256671795,5천억~1조,중견-비대상,중형·상시,지원비 가동시간만,169919472.0,0.021639024335380837,0.14426016223587226,0.10304297302562304
007690,국도화학(주),중견,False,비대상,20111,국도화학주식회사,의무,2025,7852455331.0,967066362965.0,0.008119872256671795,5천억~1조,중견-비대상,대형·상시,지원비 상시,270435216.0,0.03443957394222584,0.22959715961483898,0.16399797115345638
007690,국도화학(주),중견,False,비대상,20111,국도화학주식회사,의무,2025,7852455331.0,967066362965.0,0.008119872256671795,5천억~1조,중견-비대상,대형·상시,지원비 가동시간만,270435216.0,0.03443957394222584,0.22959715961483898,0.16399797115345638
003220,대원제약(주),중견,False,비대상,212,대원제약(주),의무,2025,4516715411.0,542981109597.0,0.008318365650606705,5천억~1조,중견-비대상,소형·업무시간,지원비 상시,43110960.0,0.00954475898459479,0.06363172656396526,0.045451233259975195
003220,대원제약(주),중견,False,비대상,212,대원제약(주),의무,2025,4516715411.0,542981109597.0,0.008318365650606705,5천억~1조,중견-비대상,소형·업무시간,지원비 가동시간만,18031200.0,0.003992104518271585,0.02661403012181057,0.019010021515578977
003220,대원제약(주),중견,False,비대상,212,대원제약(주),의무,2025,4516715411.0,542981109597.0,0.008318365650606705,5천억~1조,중견-비대상,소형·상시,지원비 상시,59830800.0,0.01324652862881026,0.08831019085873507,0.06307870775623933
003220,대원제약(주),중견,False,비대상,212,대원제약(주),의무,2025,4516715411.0,542981109597.0,0.008318365650606705,5천억~1조,중견-비대상,소형·상시,지원비 가동시간만,59830800.0,0.01324652862881026,0.08831019085873507,0.06307870775623933
003220,대원제약(주),중견,False,비대상,212,대원제약(주),의무,2025,4516715411.0,542981109597.0,0.008318365650606705,5천억~1조,중견-비대상,중형·업무시간,지원비 상시,76288368.0,0.016890231298214507,0.11260154198809671,0.08042967284864051
003220,대원제약(주),중견,False,비대상,212,대원제약(주),의무,2025,4516715411.0,542981109597.0,0.008318365650606705,5천억~1조,중견-비대상,중형·업무시간,지원비 가동시간만,51208608.0,0.011337576831891303,0.07558384554594201,0.053988461104244295
003220,대원제약(주),중견,False,비대상,212,대원제약(주),의무,2025,4516715411.0,542981109597.0,0.008318365650606705,5천억~1조,중견-비대상,중형·상시,지원비 상시,169919472.0,0.037620141305821135,0.2508009420388076,0.1791435300277197
003220,대원제약(주),중견,False,비대상,212,대원제약(주),의무,2025,4516715411.0,542981109597.0,0.008318365650606705,5천억~1조,중견-비대상,중형·상시,지원비 가동시간만,169919472.0,0.037620141305821135,0.2508009420388076,0.1791435300277197
003220,대원제약(주),중견,False,비대상,212,대원제약(주),의무,2025,4516715411.0,542981109597.0,0.008318365650606705,5천억~1조,중견-비대상,대형·상시,지원비 상시,270435216.0,0.059874309402222374,0.3991620626814825,0.2851157590582018
003220,대원제약(주),중견,False,비대상,212,대원제약(주),의무,2025,4516715411.0,542981109597.0,0.008318365650606705,5천억~1조,중견-비대상,대형·상시,지원비 가동시간만,270435216.0,0.059874309402222374,0.3991620626814825,0.2851157590582018
222800,(주)심텍,중견,False,비대상,2622,주식회사 심텍,의무,2025,7219628352.0,1097089873840.0,0.006580708221041254,1조~5조,중견-비대상,소형·업무시간,지원비 상시,43110960.0,0.005971354465643276,0.03980902977095517,0.02843502126496798
222800,(주)심텍,중견,False,비대상,2622,주식회사 심텍,의무,2025,7219628352.0,1097089873840.0,0.006580708221041254,1조~5조,중견-비대상,소형·업무시간,지원비 가동시간만,18031200.0,0.0024975246814477577,0.01665016454298505,0.011892974673560753
222800,(주)심텍,중견,False,비대상,2622,주식회사 심텍,의무,2025,7219628352.0,1097089873840.0,0.006580708221041254,1조~5조,중견-비대상,소형·상시,지원비 상시,59830800.0,0.008287240988440287,0.05524827325626858,0.039463052325906134
222800,(주)심텍,중견,False,비대상,2622,주식회사 심텍,의무,2025,7219628352.0,1097089873840.0,0.006580708221041254,1조~5조,중견-비대상,소형·상시,지원비 가동시간만,59830800.0,0.008287240988440287,0.05524827325626858,0.039463052325906134
222800,(주)심텍,중견,False,비대상,2622,주식회사 심텍,의무,2025,7219628352.0,1097089873840.0,0.006580708221041254,1조~5조,중견-비대상,중형·업무시간,지원비 상시,76288368.0,0.01056679987950715,0.07044533253004767,0.05031809466431977
222800,(주)심텍,중견,False,비대상,2622,주식회사 심텍,의무,2025,7219628352.0,1097089873840.0,0.006580708221041254,1조~5조,중견-비대상,중형·업무시간,지원비 가동시간만,51208608.0,0.0070929700953116315,0.04728646730207755,0.03377604807291253
222800,(주)심텍,중견,False,비대상,2622,주식회사 심텍,의무,2025,7219628352.0,1097089873840.0,0.006580708221041254,1조~5조,중견-비대상,중형·상시,지원비 상시,169919472.0,0.023535764407170416,0.15690509604780278,0.11207506860557341
222800,(주)심텍,중견,False,비대상,2622,주식회사 심텍,의무,2025,7219628352.0,1097089873840.0,0.006580708221041254,1조~5조,중견-비대상,중형·상시,지원비 가동시간만,169919472.0,0.023535764407170416,0.15690509604780278,0.11207506860557341
222800,(주)심텍,중견,False,비대상,2622,주식회사 심텍,의무,2025,7219628352.0,1097089873840.0,0.006580708221041254,1조~5조,중견-비대상,대형·상시,지원비 상시,270435216.0,0.0374583292677501,0.249722195118334,0.1783729965130957
222800,(주)심텍,중견,False,비대상,2622,주식회사 심텍,의무,2025,7219628352.0,1097089873840.0,0.006580708221041254,1조~5조,중견-비대상,대형·상시,지원비 가동시간만,270435216.0,0.0374583292677501,0.249722195118334,0.1783729965130957
462520,조선내화 주식회사,중견,False,비대상,2321,조선내화,의무,2025,2481296499.0,482243738000.0,0.005145316161679221,3천억~5천억,중견-비대상,소형·업무시간,지원비 상시,43110960.0,0.01737436860825555,0.11582912405503701,0.08273508861074072
462520,조선내화 주식회사,중견,False,비대상,2321,조선내화,의무,2025,2481296499.0,482243738000.0,0.005145316161679221,3천억~5천억,중견-비대상,소형·업무시간,지원비 가동시간만,18031200.0,0.007266846185962398,0.04844564123974932,0.0346040294569638
462520,조선내화 주식회사,중견,False,비대상,2321,조선내화,의무,2025,2481296499.0,482243738000.0,0.005145316161679221,3천억~5천억,중견-비대상,소형·상시,지원비 상시,59830800.0,0.02411271688978432,0.16075144593189547,0.11482246137992534
462520,조선내화 주식회사,중견,False,비대상,2321,조선내화,의무,2025,2481296499.0,482243738000.0,0.005145316161679221,3천억~5천억,중견-비대상,소형·상시,지원비 가동시간만,59830800.0,0.02411271688978432,0.16075144593189547,0.11482246137992534
462520,조선내화 주식회사,중견,False,비대상,2321,조선내화,의무,2025,2481296499.0,482243738000.0,0.005145316161679221,3천억~5천억,중견-비대상,중형·업무시간,지원비 상시,76288368.0,0.03074536559042636,0.20496910393617576,0.14640650281155412
462520,조선내화 주식회사,중견,False,비대상,2321,조선내화,의무,2025,2481296499.0,482243738000.0,0.005145316161679221,3천억~5천억,중견-비대상,중형·업무시간,지원비 가동시간만,51208608.0,0.020637843168133208,0.13758562112088807,0.0982754436577772
462520,조선내화 주식회사,중견,False,비대상,2321,조선내화,의무,2025,2481296499.0,482243738000.0,0.005145316161679221,3천억~5천억,중견-비대상,중형·상시,지원비 상시,169919472.0,0.06848011596698747,0.45653410644658315,0.32609579031898794
462520,조선내화 주식회사,중견,False,비대상,2321,조선내화,의무,2025,2481296499.0,482243738000.0,0.005145316161679221,3천억~5천억,중견-비대상,중형·상시,지원비 가동시간만,169919472.0,0.06848011596698747,0.45653410644658315,0.32609579031898794
462520,조선내화 주식회사,중견,False,비대상,2321,조선내화,의무,2025,2481296499.0,482243738000.0,0.005145316161679221,3천억~5천억,중견-비대상,대형·상시,지원비 상시,270435216.0,0.10898948034182512,0.7265965356121675,0.5189975254372625
462520,조선내화 주식회사,중견,False,비대상,2321,조선내화,의무,2025,2481296499.0,482243738000.0,0.005145316161679221,3천억~5천억,중견-비대상,대형·상시,지원비 가동시간만,270435216.0,0.10898948034182512,0.7265965356121675,0.5189975254372625
298040,효성중공업(주),대기업,False,2차(2028),281,효성중공업(주),의무,2025,43382793554.0,4097813940685.0,0.010586813891981644,1조~5조,대기업,소형·업무시간,지원비 상시,43110960.0,0.0009937340698527946,0.0066248937990186305,0.004732066999299021
298040,효성중공업(주),대기업,False,2차(2028),281,효성중공업(주),의무,2025,43382793554.0,4097813940685.0,0.010586813891981644,1조~5조,대기업,소형·업무시간,지원비 가동시간만,18031200.0,0.00041563021933006616,0.002770868128867108,0.0019791915206193627
298040,효성중공업(주),대기업,False,2차(2028),281,효성중공업(주),의무,2025,43382793554.0,4097813940685.0,0.010586813891981644,1조~5조,대기업,소형·상시,지원비 상시,59830800.0,0.0013791366368679468,0.009194244245786312,0.006567317318418794
298040,효성중공업(주),대기업,False,2차(2028),281,효성중공업(주),의무,2025,43382793554.0,4097813940685.0,0.010586813891981644,1조~5조,대기업,소형·상시,지원비 가동시간만,59830800.0,0.0013791366368679468,0.009194244245786312,0.006567317318418794
298040,효성중공업(주),대기업,False,2차(2028),281,효성중공업(주),의무,2025,43382793554.0,4097813940685.0,0.010586813891981644,1조~5조,대기업,중형·업무시간,지원비 상시,76288368.0,0.0017584936734201162,0.01172329115613411,0.008373779397238648
298040,효성중공업(주),대기업,False,2차(2028),281,효성중공업(주),의무,2025,43382793554.0,4097813940685.0,0.010586813891981644,1조~5조,대기업,중형·업무시간,지원비 가동시간만,51208608.0,0.0011803898228973878,0.007869265485982586,0.00562090391855899
298040,효성중공업(주),대기업,False,2차(2028),281,효성중공업(주),의무,2025,43382793554.0,4097813940685.0,0.010586813891981644,1조~5조,대기업,중형·상시,지원비 상시,169919472.0,0.003916748048704969,0.026111653658033127,0.018651181184309376
298040,효성중공업(주),대기업,False,2차(2028),281,효성중공업(주),의무,2025,43382793554.0,4097813940685.0,0.010586813891981644,1조~5조,대기업,중형·상시,지원비 가동시간만,169919472.0,0.003916748048704969,0.026111653658033127,0.018651181184309376
298040,효성중공업(주),대기업,False,2차(2028),281,효성중공업(주),의무,2025,43382793554.0,4097813940685.0,0.010586813891981644,1조~5조,대기업,대형·상시,지원비 상시,270435216.0,0.006233697598643119,0.04155798399095413,0.02968427427925295
298040,효성중공업(주),대기업,False,2차(2028),281,효성중공업(주),의무,2025,43382793554.0,4097813940685.0,0.010586813891981644,1조~5조,대기업,대형·상시,지원비 가동시간만,270435216.0,0.006233697598643119,0.04155798399095413,0.02968427427925295
069620,(주)대웅제약,중견,False,비대상,212,(주)대웅제약,의무,2025,13702053738.0,1390995347493.0,0.009850538869662865,1조~5조,중견-비대상,소형·업무시간,지원비 상시,43110960.0,0.003146313744226537,0.02097542496151025,0.014982446401078748
069620,(주)대웅제약,중견,False,비대상,212,(주)대웅제약,의무,2025,13702053738.0,1390995347493.0,0.009850538869662865,1조~5조,중견-비대상,소형·업무시간,지원비 가동시간만,18031200.0,0.0013159487143152818,0.008772991428768546,0.006266422449120389
069620,(주)대웅제약,중견,False,비대상,212,(주)대웅제약,의무,2025,13702053738.0,1390995347493.0,0.009850538869662865,1조~5조,중견-비대상,소형·상시,지원비 상시,59830800.0,0.004366557097500707,0.02911038065000472,0.020793129035717655
069620,(주)대웅제약,중견,False,비대상,212,(주)대웅제약,의무,2025,13702053738.0,1390995347493.0,0.009850538869662865,1조~5조,중견-비대상,소형·상시,지원비 가동시간만,59830800.0,0.004366557097500707,0.02911038065000472,0.020793129035717655
069620,(주)대웅제약,중견,False,비대상,212,(주)대웅제약,의무,2025,13702053738.0,1390995347493.0,0.009850538869662865,1조~5조,중견-비대상,중형·업무시간,지원비 상시,76288368.0,0.005567659378566655,0.03711772919044437,0.026512663707460263
069620,(주)대웅제약,중견,False,비대상,212,(주)대웅제약,의무,2025,13702053738.0,1390995347493.0,0.009850538869662865,1조~5조,중견-비대상,중형·업무시간,지원비 가동시간만,51208608.0,0.0037372943486554,0.02491529565770267,0.017796639755501904
069620,(주)대웅제약,중견,False,비대상,212,(주)대웅제약,의무,2025,13702053738.0,1390995347493.0,0.009850538869662865,1조~5조,중견-비대상,중형·상시,지원비 상시,169919472.0,0.01240102215690201,0.08267348104601341,0.05905248646143814
069620,(주)대웅제약,중견,False,비대상,212,(주)대웅제약,의무,2025,13702053738.0,1390995347493.0,0.009850538869662865,1조~5조,중견-비대상,중형·상시,지원비 가동시간만,169919472.0,0.01240102215690201,0.08267348104601341,0.05905248646143814
069620,(주)대웅제약,중견,False,비대상,212,(주)대웅제약,의무,2025,13702053738.0,1390995347493.0,0.009850538869662865,1조~5조,중견-비대상,대형·상시,지원비 상시,270435216.0,0.019736838080703197,0.13157892053802134,0.0939849432414438
069620,(주)대웅제약,중견,False,비대상,212,(주)대웅제약,의무,2025,13702053738.0,1390995347493.0,0.009850538869662865,1조~5조,중견-비대상,대형·상시,지원비 가동시간만,270435216.0,0.019736838080703197,0.13157892053802134,0.0939849432414438
067310,하나마이크론(주),중견,False,비대상,2611,하나마이크론,의무,2025,6451076162.0,1054998015465.0,0.006114775636953809,1조~5조,중견-비대상,소형·업무시간,지원비 상시,43110960.0,0.006682754771048074,0.04455169847365383,0.031822641766895594
067310,하나마이크론(주),중견,False,비대상,2611,하나마이크론,의무,2025,6451076162.0,1054998015465.0,0.006114775636953809,1조~5조,중견-비대상,소형·업무시간,지원비 가동시간만,18031200.0,0.002795068535419347,0.018633790236128978,0.013309850168663555
067310,하나마이크론(주),중견,False,비대상,2611,하나마이크론,의무,2025,6451076162.0,1054998015465.0,0.006114775636953809,1조~5조,중견-비대상,소형·상시,지원비 상시,59830800.0,0.00927454559480056,0.06183030396533706,0.044164502832383615
067310,하나마이크론(주),중견,False,비대상,2611,하나마이크론,의무,2025,6451076162.0,1054998015465.0,0.006114775636953809,1조~5조,중견-비대상,소형·상시,지원비 가동시간만,59830800.0,0.00927454559480056,0.06183030396533706,0.044164502832383615
067310,하나마이크론(주),중견,False,비대상,2611,하나마이크론,의무,2025,6451076162.0,1054998015465.0,0.006114775636953809,1조~5조,중견-비대상,중형·업무시간,지원비 상시,76288368.0,0.011825680876219671,0.07883787250813115,0.05631276607723654
067310,하나마이크론(주),중견,False,비대상,2611,하나마이크론,의무,2025,6451076162.0,1054998015465.0,0.006114775636953809,1조~5조,중견-비대상,중형·업무시간,지원비 가동시간만,51208608.0,0.007937994640590945,0.0529199642706063,0.037799974479004496
067310,하나마이크론(주),중견,False,비대상,2611,하나마이크론,의무,2025,6451076162.0,1054998015465.0,0.006114775636953809,1조~5조,중견-비대상,중형·상시,지원비 상시,169919472.0,0.026339709489233587,0.17559806326155727,0.12542718804396946
067310,하나마이크론(주),중견,False,비대상,2611,하나마이크론,의무,2025,6451076162.0,1054998015465.0,0.006114775636953809,1조~5조,중견-비대상,중형·상시,지원비 가동시간만,169919472.0,0.026339709489233587,0.17559806326155727,0.12542718804396946
067310,하나마이크론(주),중견,False,비대상,2611,하나마이크론,의무,2025,6451076162.0,1054998015465.0,0.006114775636953809,1조~5조,중견-비대상,대형·상시,지원비 상시,270435216.0,0.04192094608849853,0.27947297392332354,0.19962355280237395
067310,하나마이크론(주),중견,False,비대상,2611,하나마이크론,의무,2025,6451076162.0,1054998015465.0,0.006114775636953809,1조~5조,중견-비대상,대형·상시,지원비 가동시간만,270435216.0,0.04192094608849853,0.27947297392332354,0.19962355280237395
004000,롯데정밀화학(주),대기업,False,비대상,20119,롯데정밀화학(주),의무,2025,11969267960.0,1750345284209.0,0.0068382324721770775,1조~5조,대기업,소형·업무시간,지원비 상시,43110960.0,0.0036018042326458203,0.0240120282176388,0.017151448726884858
004000,롯데정밀화학(주),대기업,False,비대상,20119,롯데정밀화학(주),의무,2025,11969267960.0,1750345284209.0,0.0068382324721770775,1조~5조,대기업,소형·업무시간,지원비 가동시간만,18031200.0,0.0015064580440723961,0.010043053627149308,0.0071736097336780776
004000,롯데정밀화학(주),대기업,False,비대상,20119,롯데정밀화학(주),의무,2025,11969267960.0,1750345284209.0,0.0068382324721770775,1조~5조,대기업,소형·상시,지원비 상시,59830800.0,0.0049987016916947695,0.03332467794463179,0.023803341389022712
004000,롯데정밀화학(주),대기업,False,비대상,20119,롯데정밀화학(주),의무,2025,11969267960.0,1750345284209.0,0.0068382324721770775,1조~5조,대기업,소형·상시,지원비 가동시간만,59830800.0,0.0049987016916947695,0.03332467794463179,0.023803341389022712
004000,롯데정밀화학(주),대기업,False,비대상,20119,롯데정밀화학(주),의무,2025,11969267960.0,1750345284209.0,0.0068382324721770775,1조~5조,대기업,중형·업무시간,지원비 상시,76288368.0,0.006373687033739029,0.042491246891593525,0.03035089063685252
004000,롯데정밀화학(주),대기업,False,비대상,20119,롯데정밀화학(주),의무,2025,11969267960.0,1750345284209.0,0.0068382324721770775,1조~5조,대기업,중형·업무시간,지원비 가동시간만,51208608.0,0.004278340845165605,0.028522272301104035,0.02037305164364574
004000,롯데정밀화학(주),대기업,False,비대상,20119,롯데정밀화학(주),의무,2025,11969267960.0,1750345284209.0,0.0068382324721770775,1조~5조,대기업,중형·상시,지원비 상시,169919472.0,0.014196312804413145,0.0946420853627543,0.0676014895448245
004000,롯데정밀화학(주),대기업,False,비대상,20119,롯데정밀화학(주),의무,2025,11969267960.0,1750345284209.0,0.0068382324721770775,1조~5조,대기업,중형·상시,지원비 가동시간만,169919472.0,0.014196312804413145,0.0946420853627543,0.0676014895448245
004000,롯데정밀화학(주),대기업,False,비대상,20119,롯데정밀화학(주),의무,2025,11969267960.0,1750345284209.0,0.0068382324721770775,1조~5조,대기업,대형·상시,지원비 상시,270435216.0,0.022594131646460357,0.1506275443097357,0.10759110307838265
004000,롯데정밀화학(주),대기업,False,비대상,20119,롯데정밀화학(주),의무,2025,11969267960.0,1750345284209.0,0.0068382324721770775,1조~5조,대기업,대형·상시,지원비 가동시간만,270435216.0,0.022594131646460357,0.1506275443097357,0.10759110307838265
163560,동일고무벨트(주),중견,False,비대상,2219,동일고무벨트(주),의무,2025,7996011940.0,356658348535.0,0.022419247924082522,3천억~5천억,중견-비대상,소형·업무시간,지원비 상시,43110960.0,0.005391557731966068,0.03594371821310712,0.02567408443793366
163560,동일고무벨트(주),중견,False,비대상,2219,동일고무벨트(주),의무,2025,7996011940.0,356658348535.0,0.022419247924082522,3천억~5천억,중견-비대상,소형·업무시간,지원비 가동시간만,18031200.0,0.002255024146449686,0.015033494309664575,0.010738210221188984
163560,동일고무벨트(주),중견,False,비대상,2219,동일고무벨트(주),의무,2025,7996011940.0,356658348535.0,0.022419247924082522,3천억~5천억,중견-비대상,소형·상시,지원비 상시,59830800.0,0.007482580122310322,0.04988386748206882,0.035631333915763445
163560,동일고무벨트(주),중견,False,비대상,2219,동일고무벨트(주),의무,2025,7996011940.0,356658348535.0,0.022419247924082522,3천억~5천억,중견-비대상,소형·상시,지원비 가동시간만,59830800.0,0.007482580122310322,0.04988386748206882,0.035631333915763445
163560,동일고무벨트(주),중견,False,비대상,2219,동일고무벨트(주),의무,2025,7996011940.0,356658348535.0,0.022419247924082522,3천억~5천억,중견-비대상,중형·업무시간,지원비 상시,76288368.0,0.00954080216143349,0.06360534774288994,0.04543239124492139
163560,동일고무벨트(주),중견,False,비대상,2219,동일고무벨트(주),의무,2025,7996011940.0,356658348535.0,0.022419247924082522,3천억~5천억,중견-비대상,중형·업무시간,지원비 가동시간만,51208608.0,0.006404268575917109,0.042695123839447395,0.03049651702817671
163560,동일고무벨트(주),중견,False,비대상,2219,동일고무벨트(주),의무,2025,7996011940.0,356658348535.0,0.022419247924082522,3천억~5천억,중견-비대상,중형·상시,지원비 상시,169919472.0,0.021250527547361318,0.14167018364907544,0.10119298832076819
163560,동일고무벨트(주),중견,False,비대상,2219,동일고무벨트(주),의무,2025,7996011940.0,356658348535.0,0.022419247924082522,3천억~5천억,중견-비대상,중형·상시,지원비 가동시간만,169919472.0,0.021250527547361318,0.14167018364907544,0.10119298832076819
163560,동일고무벨트(주),중견,False,비대상,2219,동일고무벨트(주),의무,2025,7996011940.0,356658348535.0,0.022419247924082522,3천억~5천억,중견-비대상,대형·상시,지원비 상시,270435216.0,0.03382126215284266,0.22547508101895106,0.16105362929925077
163560,동일고무벨트(주),중견,False,비대상,2219,동일고무벨트(주),의무,2025,7996011940.0,356658348535.0,0.022419247924082522,3천억~5천억,중견-비대상,대형·상시,지원비 가동시간만,270435216.0,0.03382126215284266,0.22547508101895106,0.16105362929925077
383220,주식회사 에프앤에프,중견,False,비대상,14111,주식회사 에프앤에프,의무,2025,33706485173.0,1694695683997.0,0.019889402853438595,1조~5조,중견-비대상,소형·업무시간,지원비 상시,43110960.0,0.0012790108425346377,0.008526738950230917,0.006090527821593512
383220,주식회사 에프앤에프,중견,False,비대상,14111,주식회사 에프앤에프,의무,2025,33706485173.0,1694695683997.0,0.019889402853438595,1조~5조,중견-비대상,소형·업무시간,지원비 가동시간만,18031200.0,0.0005349475006798865,0.0035663166711992433,0.002547369050856602
383220,주식회사 에프앤에프,중견,False,비대상,14111,주식회사 에프앤에프,의무,2025,33706485173.0,1694695683997.0,0.019889402853438595,1조~5조,중견-비대상,소형·상시,지원비 상시,59830800.0,0.001775053070437805,0.011833687136252035,0.008452633668751453
383220,주식회사 에프앤에프,중견,False,비대상,14111,주식회사 에프앤에프,의무,2025,33706485173.0,1694695683997.0,0.019889402853438595,1조~5조,중견-비대상,소형·상시,지원비 가동시간만,59830800.0,0.001775053070437805,0.011833687136252035,0.008452633668751453
383220,주식회사 에프앤에프,중견,False,비대상,14111,주식회사 에프앤에프,의무,2025,33706485173.0,1694695683997.0,0.019889402853438595,1조~5조,중견-비대상,중형·업무시간,지원비 상시,76288368.0,0.0022633142437856286,0.015088761625237526,0.01077768687516966
383220,주식회사 에프앤에프,중견,False,비대상,14111,주식회사 에프앤에프,의무,2025,33706485173.0,1694695683997.0,0.019889402853438595,1조~5조,중견-비대상,중형·업무시간,지원비 가동시간만,51208608.0,0.0015192509019308774,0.01012833934620585,0.00723452810443275
383220,주식회사 에프앤에프,중견,False,비대상,14111,주식회사 에프앤에프,의무,2025,33706485173.0,1694695683997.0,0.019889402853438595,1조~5조,중견-비대상,중형·상시,지원비 상시,169919472.0,0.005041150720043366,0.03360767146695578,0.024005479619254127
383220,주식회사 에프앤에프,중견,False,비대상,14111,주식회사 에프앤에프,의무,2025,33706485173.0,1694695683997.0,0.019889402853438595,1조~5조,중견-비대상,중형·상시,지원비 가동시간만,169919472.0,0.005041150720043366,0.03360767146695578,0.024005479619254127
383220,주식회사 에프앤에프,중견,False,비대상,14111,주식회사 에프앤에프,의무,2025,33706485173.0,1694695683997.0,0.019889402853438595,1조~5조,중견-비대상,대형·상시,지원비 상시,270435216.0,0.008023239878378878,0.053488265855859196,0.038205904182756566
383220,주식회사 에프앤에프,중견,False,비대상,14111,주식회사 에프앤에프,의무,2025,33706485173.0,1694695683997.0,0.019889402853438595,1조~5조,중견-비대상,대형·상시,지원비 가동시간만,270435216.0,0.008023239878378878,0.053488265855859196,0.038205904182756566
460850,동국씨엠 주식회사,중견,False,1차(2027),24122,동국씨엠,의무,2025,12508949425.0,1973635302655.0,0.0063380247648451285,1조~5조,중견-1차(2027),소형·업무시간,지원비 상시,43110960.0,0.0034464093294549396,0.022976062196366262,0.016411472997404475
460850,동국씨엠 주식회사,중견,False,1차(2027),24122,동국씨엠,의무,2025,12508949425.0,1973635302655.0,0.0063380247648451285,1조~5조,중견-1차(2027),소형·업무시간,지원비 가동시간만,18031200.0,0.0014414639780990241,0.009609759853993495,0.006864114181423925
460850,동국씨엠 주식회사,중견,False,1차(2027),24122,동국씨엠,의무,2025,12508949425.0,1973635302655.0,0.0063380247648451285,1조~5조,중견-1차(2027),소형·상시,지원비 상시,59830800.0,0.004783039563692216,0.031886930424614775,0.02277637887472484
460850,동국씨엠 주식회사,중견,False,1차(2027),24122,동국씨엠,의무,2025,12508949425.0,1973635302655.0,0.0063380247648451285,1조~5조,중견-1차(2027),소형·상시,지원비 가동시간만,59830800.0,0.004783039563692216,0.031886930424614775,0.02277637887472484
460850,동국씨엠 주식회사,중견,False,1차(2027),24122,동국씨엠,의무,2025,12508949425.0,1973635302655.0,0.0063380247648451285,1조~5조,중견-1차(2027),중형·업무시간,지원비 상시,76288368.0,0.006098703049157144,0.04065802032771429,0.029041443091224493
460850,동국씨엠 주식회사,중견,False,1차(2027),24122,동국씨엠,의무,2025,12508949425.0,1973635302655.0,0.0063380247648451285,1조~5조,중견-1차(2027),중형·업무시간,지원비 가동시간만,51208608.0,0.004093757697801228,0.027291717985341524,0.019494084275243944
460850,동국씨엠 주식회사,중견,False,1차(2027),24122,동국씨엠,의무,2025,12508949425.0,1973635302655.0,0.0063380247648451285,1조~5조,중견-1차(2027),중형·상시,지원비 상시,169919472.0,0.013583832360885895,0.09055888240590597,0.06468491600421855
460850,동국씨엠 주식회사,중견,False,1차(2027),24122,동국씨엠,의무,2025,12508949425.0,1973635302655.0,0.0063380247648451285,1조~5조,중견-1차(2027),중형·상시,지원비 가동시간만,169919472.0,0.013583832360885895,0.09055888240590597,0.06468491600421855
460850,동국씨엠 주식회사,중견,False,1차(2027),24122,동국씨엠,의무,2025,12508949425.0,1973635302655.0,0.0063380247648451285,1조~5조,중견-1차(2027),대형·상시,지원비 상시,270435216.0,0.02161933882788882,0.1441289255192588,0.10294923251375628
460850,동국씨엠 주식회사,중견,False,1차(2027),24122,동국씨엠,의무,2025,12508949425.0,1973635302655.0,0.0063380247648451285,1조~5조,중견-1차(2027),대형·상시,지원비 가동시간만,270435216.0,0.02161933882788882,0.1441289255192588,0.10294923251375628
484870,주식회사 엠앤씨솔루션,중견,False,2차 후보(확인 필요),292,엠앤씨솔루션,의무,2025,3979053675.0,403348735243.0,0.009865045622624288,3천억~5천억,중견-2차 후보,소형·업무시간,지원비 상시,43110960.0,0.010834475611842557,0.07222983741228371,0.05159274100877408
484870,주식회사 엠앤씨솔루션,중견,False,2차 후보(확인 필요),292,엠앤씨솔루션,의무,2025,3979053675.0,403348735243.0,0.009865045622624288,3천억~5천억,중견-2차 후보,소형·업무시간,지원비 가동시간만,18031200.0,0.004531529723584339,0.03021019815722893,0.021578712969449236
484870,주식회사 엠앤씨솔루션,중견,False,2차 후보(확인 필요),292,엠앤씨솔루션,의무,2025,3979053675.0,403348735243.0,0.009865045622624288,3천억~5천억,중견-2차 후보,소형·상시,지원비 상시,59830800.0,0.015036439537348036,0.10024293024898691,0.07160209303499064
484870,주식회사 엠앤씨솔루션,중견,False,2차 후보(확인 필요),292,엠앤씨솔루션,의무,2025,3979053675.0,403348735243.0,0.009865045622624288,3천억~5천억,중견-2차 후보,소형·상시,지원비 가동시간만,59830800.0,0.015036439537348036,0.10024293024898691,0.07160209303499064
484870,주식회사 엠앤씨솔루션,중견,False,2차 후보(확인 필요),292,엠앤씨솔루션,의무,2025,3979053675.0,403348735243.0,0.009865045622624288,3천억~5천억,중견-2차 후보,중형·업무시간,지원비 상시,76288368.0,0.01917249030323774,0.12781660202158496,0.09129757287256067
484870,주식회사 엠앤씨솔루션,중견,False,2차 후보(확인 필요),292,엠앤씨솔루션,의무,2025,3979053675.0,403348735243.0,0.009865045622624288,3천억~5천억,중견-2차 후보,중형·업무시간,지원비 가동시간만,51208608.0,0.012869544414979525,0.08579696276653016,0.06128354483323583
484870,주식회사 엠앤씨솔루션,중견,False,2차 후보(확인 필요),292,엠앤씨솔루션,의무,2025,3979053675.0,403348735243.0,0.009865045622624288,3천억~5천억,중견-2차 후보,중형·상시,지원비 상시,169919472.0,0.042703488286068424,0.2846899219071228,0.20334994421937344
484870,주식회사 엠앤씨솔루션,중견,False,2차 후보(확인 필요),292,엠앤씨솔루션,의무,2025,3979053675.0,403348735243.0,0.009865045622624288,3천억~5천억,중견-2차 후보,중형·상시,지원비 가동시간만,169919472.0,0.042703488286068424,0.2846899219071228,0.20334994421937344
484870,주식회사 엠앤씨솔루션,중견,False,2차 후보(확인 필요),292,엠앤씨솔루션,의무,2025,3979053675.0,403348735243.0,0.009865045622624288,3천억~5천억,중견-2차 후보,대형·상시,지원비 상시,270435216.0,0.06796470670881312,0.4530980447254208,0.32364146051815773
484870,주식회사 엠앤씨솔루션,중견,False,2차 후보(확인 필요),292,엠앤씨솔루션,의무,2025,3979053675.0,403348735243.0,0.009865045622624288,3천억~5천억,중견-2차 후보,대형·상시,지원비 가동시간만,270435216.0,0.06796470670881312,0.4530980447254208,0.32364146051815773
319400,현대무벡스(주),중견,False,2차 후보(확인 필요),291,현대무벡스,의무,2025,5845856019.0,355474623608.0,0.016445213331026755,3천억~5천억,중견-2차 후보,소형·업무시간,지원비 상시,43110960.0,0.0073746188513508105,0.04916412567567207,0.03511723262548005
319400,현대무벡스(주),중견,False,2차 후보(확인 필요),291,현대무벡스,의무,2025,5845856019.0,355474623608.0,0.016445213331026755,3천억~5천억,중견-2차 후보,소형·업무시간,지원비 가동시간만,18031200.0,0.0030844413446714414,0.02056294229780961,0.014687815927006864
319400,현대무벡스(주),중견,False,2차 후보(확인 필요),291,현대무벡스,의무,2025,5845856019.0,355474623608.0,0.016445213331026755,3천억~5천억,중견-2차 후보,소형·상시,지원비 상시,59830800.0,0.010234737189137056,0.0682315812609137,0.0487368437577955
319400,현대무벡스(주),중견,False,2차 후보(확인 필요),291,현대무벡스,의무,2025,5845856019.0,355474623608.0,0.016445213331026755,3천억~5천억,중견-2차 후보,소형·상시,지원비 가동시간만,59830800.0,0.010234737189137056,0.0682315812609137,0.0487368437577955
319400,현대무벡스(주),중견,False,2차 후보(확인 필요),291,현대무벡스,의무,2025,5845856019.0,355474623608.0,0.016445213331026755,3천억~5천억,중견-2차 후보,중형·업무시간,지원비 상시,76288368.0,0.013049990925546262,0.08699993950364175,0.06214281393117268
319400,현대무벡스(주),중견,False,2차 후보(확인 필요),291,현대무벡스,의무,2025,5845856019.0,355474623608.0,0.016445213331026755,3천억~5천억,중견-2차 후보,중형·업무시간,지원비 가동시간만,51208608.0,0.008759813418866894,0.05839875612577929,0.0417133972326995
319400,현대무벡스(주),중견,False,2차 후보(확인 필요),291,현대무벡스,의무,2025,5845856019.0,355474623608.0,0.016445213331026755,3천억~5천억,중견-2차 후보,중형·상시,지원비 상시,169919472.0,0.02906665361714924,0.1937776907809949,0.13841263627213923
319400,현대무벡스(주),중견,False,2차 후보(확인 필요),291,현대무벡스,의무,2025,5845856019.0,355474623608.0,0.016445213331026755,3천억~5천억,중견-2차 후보,중형·상시,지원비 가동시간만,169919472.0,0.02906665361714924,0.1937776907809949,0.13841263627213923
319400,현대무벡스(주),중견,False,2차 후보(확인 필요),291,현대무벡스,의무,2025,5845856019.0,355474623608.0,0.016445213331026755,3천억~5천억,중견-2차 후보,대형·상시,지원비 상시,270435216.0,0.046261012094899495,0.30840674729932993,0.2202905337852357
319400,현대무벡스(주),중견,False,2차 후보(확인 필요),291,현대무벡스,의무,2025,5845856019.0,355474623608.0,0.016445213331026755,3천억~5천억,중견-2차 후보,대형·상시,지원비 가동시간만,270435216.0,0.046261012094899495,0.30840674729932993,0.2202905337852357
009580,무림피앤피(주),중견,False,비대상,171,무림피앤피주식회사,의무,2025,4392609088.0,683054294673.0,0.006430834447945142,5천억~1조,중견-비대상,소형·업무시간,지원비 상시,43110960.0,0.009814431272241634,0.06542954181494423,0.046735387010674444
009580,무림피앤피(주),중견,False,비대상,171,무림피앤피주식회사,의무,2025,4392609088.0,683054294673.0,0.006430834447945142,5천억~1조,중견-비대상,소형·업무시간,지원비 가동시간만,18031200.0,0.004104895208922356,0.02736596805948238,0.01954712004248741
009580,무림피앤피(주),중견,False,비대상,171,무림피앤피주식회사,의무,2025,4392609088.0,683054294673.0,0.006430834447945142,5천억~1조,중견-비대상,소형·상시,지원비 상시,59830800.0,0.013620788647787818,0.0908052576519188,0.06486089832279913
009580,무림피앤피(주),중견,False,비대상,171,무림피앤피주식회사,의무,2025,4392609088.0,683054294673.0,0.006430834447945142,5천억~1조,중견-비대상,소형·상시,지원비 가동시간만,59830800.0,0.013620788647787818,0.0908052576519188,0.06486089832279913
009580,무림피앤피(주),중견,False,비대상,171,무림피앤피주식회사,의무,2025,4392609088.0,683054294673.0,0.006430834447945142,5천억~1조,중견-비대상,중형·업무시간,지원비 상시,76288368.0,0.01736743845665877,0.1157829230443918,0.08270208788885128
009580,무림피앤피(주),중견,False,비대상,171,무림피앤피주식회사,의무,2025,4392609088.0,683054294673.0,0.006430834447945142,5천억~1조,중견-비대상,중형·업무시간,지원비 가동시간만,51208608.0,0.01165790239333949,0.07771934928892996,0.055513820920664245
009580,무림피앤피(주),중견,False,비대상,171,무림피앤피주식회사,의무,2025,4392609088.0,683054294673.0,0.006430834447945142,5천억~1조,중견-비대상,중형·상시,지원비 상시,169919472.0,0.0386830397597174,0.2578869317314494,0.18420495123674954
009580,무림피앤피(주),중견,False,비대상,171,무림피앤피주식회사,의무,2025,4392609088.0,683054294673.0,0.006430834447945142,5천억~1조,중견-비대상,중형·상시,지원비 가동시간만,169919472.0,0.0386830397597174,0.2578869317314494,0.18420495123674954
009580,무림피앤피(주),중견,False,비대상,171,무림피앤피주식회사,의무,2025,4392609088.0,683054294673.0,0.006430834447945142,5천억~1조,중견-비대상,대형·상시,지원비 상시,270435216.0,0.061565964688000935,0.410439764586673,0.29317126041905206
009580,무림피앤피(주),중견,False,비대상,171,무림피앤피주식회사,의무,2025,4392609088.0,683054294673.0,0.006430834447945142,5천억~1조,중견-비대상,대형·상시,지원비 가동시간만,270435216.0,0.061565964688000935,0.410439764586673,0.29317126041905206
009200,무림페이퍼(주),중견,False,비대상,171,무림페이퍼(주),의무,2025,3544140754.0,507492455705.0,0.006983632395237362,5천억~1조,중견-비대상,소형·업무시간,지원비 상시,43110960.0,0.012164008991839267,0.08109339327892845,0.057923852342091756
009200,무림페이퍼(주),중견,False,비대상,171,무림페이퍼(주),의무,2025,3544140754.0,507492455705.0,0.006983632395237362,5천억~1조,중견-비대상,소형·업무시간,지원비 가동시간만,18031200.0,0.005087608323582964,0.033917388823886424,0.02422670630277602
009200,무림페이퍼(주),중견,False,비대상,171,무림페이퍼(주),의무,2025,3544140754.0,507492455705.0,0.006983632395237362,5천억~1조,중견-비대상,소형·상시,지원비 상시,59830800.0,0.01688160943734347,0.11254406291562313,0.08038861636830225
009200,무림페이퍼(주),중견,False,비대상,171,무림페이퍼(주),의무,2025,3544140754.0,507492455705.0,0.006983632395237362,5천억~1조,중견-비대상,소형·상시,지원비 가동시간만,59830800.0,0.01688160943734347,0.11254406291562313,0.08038861636830225
009200,무림페이퍼(주),중견,False,비대상,171,무림페이퍼(주),의무,2025,3544140754.0,507492455705.0,0.006983632395237362,5천억~1조,중견-비대상,중형·업무시간,지원비 상시,76288368.0,0.02152520830723192,0.14350138871487947,0.10250099193919963
009200,무림페이퍼(주),중견,False,비대상,171,무림페이퍼(주),의무,2025,3544140754.0,507492455705.0,0.006983632395237362,5천억~1조,중견-비대상,중형·업무시간,지원비 가동시간만,51208608.0,0.014448807638975616,0.09632538425983744,0.06880384589988389
009200,무림페이퍼(주),중견,False,비대상,171,무림페이퍼(주),의무,2025,3544140754.0,507492455705.0,0.006983632395237362,5천억~1조,중견-비대상,중형·상시,지원비 상시,169919472.0,0.04794377080205545,0.31962513868036974,0.22830367048597838
009200,무림페이퍼(주),중견,False,비대상,171,무림페이퍼(주),의무,2025,3544140754.0,507492455705.0,0.006983632395237362,5천억~1조,중견-비대상,중형·상시,지원비 가동시간만,169919472.0,0.04794377080205545,0.31962513868036974,0.22830367048597838
009200,무림페이퍼(주),중견,False,비대상,171,무림페이퍼(주),의무,2025,3544140754.0,507492455705.0,0.006983632395237362,5천억~1조,중견-비대상,대형·상시,지원비 상시,270435216.0,0.07630487465679248,0.5086991643786166,0.36335654598472616
009200,무림페이퍼(주),중견,False,비대상,171,무림페이퍼(주),의무,2025,3544140754.0,507492455705.0,0.006983632395237362,5천억~1조,중견-비대상,대형·상시,지원비 가동시간만,270435216.0,0.07630487465679248,0.5086991643786166,0.36335654598472616
004250,엔피씨(주),중견,False,비대상,22232,,의무,2024,2047233834.0,318831733896.0,0.0064210478956520335,3천억~5천억,중견-비대상,소형·업무시간,지원비 상시,43110960.0,0.021058151386530867,0.1403876759102058,0.1002769113644327
004250,엔피씨(주),중견,False,비대상,22232,,의무,2024,2047233834.0,318831733896.0,0.0064210478956520335,3천억~5천억,중견-비대상,소형·업무시간,지원비 가동시간만,18031200.0,0.008807591834670704,0.0587172788978047,0.041940913498431924
004250,엔피씨(주),중견,False,비대상,22232,,의무,2024,2047233834.0,318831733896.0,0.0064210478956520335,3천억~5천억,중견-비대상,소형·상시,지원비 상시,59830800.0,0.029225191087770972,0.1948346072518065,0.1391675766084332
004250,엔피씨(주),중견,False,비대상,22232,,의무,2024,2047233834.0,318831733896.0,0.0064210478956520335,3천억~5천억,중견-비대상,소형·상시,지원비 가동시간만,59830800.0,0.029225191087770972,0.1948346072518065,0.1391675766084332
004250,엔피씨(주),중견,False,비대상,22232,,의무,2024,2047233834.0,318831733896.0,0.0064210478956520335,3천억~5천억,중견-비대상,중형·업무시간,지원비 상시,76288368.0,0.03726412036232496,0.24842746908216645,0.17744819220154745
004250,엔피씨(주),중견,False,비대상,22232,,의무,2024,2047233834.0,318831733896.0,0.0064210478956520335,3천억~5천억,중견-비대상,중형·업무시간,지원비 가동시간만,51208608.0,0.0250135608104648,0.16675707206976537,0.11911219433554666
004250,엔피씨(주),중견,False,비대상,22232,,의무,2024,2047233834.0,318831733896.0,0.0064210478956520335,3천억~5천억,중견-비대상,중형·상시,지원비 상시,169919472.0,0.08299954268926957,0.5533302845951305,0.3952359175679503
004250,엔피씨(주),중견,False,비대상,22232,,의무,2024,2047233834.0,318831733896.0,0.0064210478956520335,3천억~5천억,중견-비대상,중형·상시,지원비 가동시간만,169919472.0,0.08299954268926957,0.5533302845951305,0.3952359175679503
004250,엔피씨(주),중견,False,비대상,22232,,의무,2024,2047233834.0,318831733896.0,0.0064210478956520335,3천억~5천억,중견-비대상,대형·상시,지원비 상시,270435216.0,0.1320978637167248,0.8806524247781654,0.6290374462701182
004250,엔피씨(주),중견,False,비대상,22232,,의무,2024,2047233834.0,318831733896.0,0.0064210478956520335,3천억~5천억,중견-비대상,대형·상시,지원비 가동시간만,270435216.0,0.1320978637167248,0.8806524247781654,0.6290374462701182
005500,삼진제약(주),중견,False,비대상,212,삼진제약(주),의무,2025,2317448218.0,309133530719.0,0.007496592856200198,3천억~5천억,중견-비대상,소형·업무시간,지원비 상시,43110960.0,0.01860277164561871,0.12401847763745805,0.0885846268838986
005500,삼진제약(주),중견,False,비대상,212,삼진제약(주),의무,2025,2317448218.0,309133530719.0,0.007496592856200198,3천억~5천억,중견-비대상,소형·업무시간,지원비 가동시간만,18031200.0,0.007780626924023033,0.051870846160153555,0.03705060440010968
005500,삼진제약(주),중견,False,비대상,212,삼진제약(주),의무,2025,2317448218.0,309133530719.0,0.007496592856200198,3천억~5천억,중견-비대상,소형·상시,지원비 상시,59830800.0,0.025817534793349157,0.1721168986223277,0.12294064187309123
005500,삼진제약(주),중견,False,비대상,212,삼진제약(주),의무,2025,2317448218.0,309133530719.0,0.007496592856200198,3천억~5천억,중견-비대상,소형·상시,지원비 가동시간만,59830800.0,0.025817534793349157,0.1721168986223277,0.12294064187309123
005500,삼진제약(주),중견,False,비대상,212,삼진제약(주),의무,2025,2317448218.0,309133530719.0,0.007496592856200198,3천억~5천억,중견-비대상,중형·업무시간,지원비 상시,76288368.0,0.03291912518582109,0.2194608345721406,0.15675773898010043
005500,삼진제약(주),중견,False,비대상,212,삼진제약(주),의무,2025,2317448218.0,309133530719.0,0.007496592856200198,3천억~5천억,중견-비대상,중형·업무시간,지원비 가동시간만,51208608.0,0.022096980464225414,0.14731320309483611,0.1052237164963115
005500,삼진제약(주),중견,False,비대상,212,삼진제약(주),의무,2025,2317448218.0,309133530719.0,0.007496592856200198,3천억~5천억,중견-비대상,중형·상시,지원비 상시,169919472.0,0.0733217988131116,0.4888119920874107,0.34915142291957907
005500,삼진제약(주),중견,False,비대상,212,삼진제약(주),의무,2025,2317448218.0,309133530719.0,0.007496592856200198,3천억~5천억,중견-비대상,중형·상시,지원비 가동시간만,169919472.0,0.0733217988131116,0.4888119920874107,0.34915142291957907
005500,삼진제약(주),중견,False,비대상,212,삼진제약(주),의무,2025,2317448218.0,309133530719.0,0.007496592856200198,3천억~5천억,중견-비대상,대형·상시,지원비 상시,270435216.0,0.11669525726593818,0.7779683817729213,0.5556917012663724
005500,삼진제약(주),중견,False,비대상,212,삼진제약(주),의무,2025,2317448218.0,309133530719.0,0.007496592856200198,3천억~5천억,중견-비대상,대형·상시,지원비 가동시간만,270435216.0,0.11669525726593818,0.7779683817729213,0.5556917012663724
237690,에스티팜(주),중견,False,비대상,212,에스티팜 주식회사,자율,2025,4389452680.0,293178341057.0,0.01497195414973236,3천억 미만,중견-비대상,소형·업무시간,지원비 상시,43110960.0,0.009821488723737648,0.06547659149158432,0.04676899392256023
237690,에스티팜(주),중견,False,비대상,212,에스티팜 주식회사,자율,2025,4389452680.0,293178341057.0,0.01497195414973236,3천억 미만,중견-비대상,소형·업무시간,지원비 가동시간만,18031200.0,0.004107846994719168,0.027385646631461123,0.019561176165329375
237690,에스티팜(주),중견,False,비대상,212,에스티팜 주식회사,자율,2025,4389452680.0,293178341057.0,0.01497195414973236,3천억 미만,중견-비대상,소형·상시,지원비 상시,59830800.0,0.013630583209749967,0.09087055473166646,0.06490753909404746
237690,에스티팜(주),중견,False,비대상,212,에스티팜 주식회사,자율,2025,4389452680.0,293178341057.0,0.01497195414973236,3천억 미만,중견-비대상,소형·상시,지원비 가동시간만,59830800.0,0.013630583209749967,0.09087055473166646,0.06490753909404746
237690,에스티팜(주),중견,False,비대상,212,에스티팜 주식회사,자율,2025,4389452680.0,293178341057.0,0.01497195414973236,3천억 미만,중견-비대상,중형·업무시간,지원비 상시,76288368.0,0.017379927194020917,0.11586618129347279,0.08276155806676629
237690,에스티팜(주),중견,False,비대상,212,에스티팜 주식회사,자율,2025,4389452680.0,293178341057.0,0.01497195414973236,3천억 미만,중견-비대상,중형·업무시간,지원비 가동시간만,51208608.0,0.011666285465002438,0.07777523643334959,0.05555374030953542
237690,에스티팜(주),중견,False,비대상,212,에스티팜 주식회사,자율,2025,4389452680.0,293178341057.0,0.01497195414973236,3천억 미만,중견-비대상,중형·상시,지원비 상시,169919472.0,0.03871085631568991,0.2580723754379327,0.1843374110270948
237690,에스티팜(주),중견,False,비대상,212,에스티팜 주식회사,자율,2025,4389452680.0,293178341057.0,0.01497195414973236,3천억 미만,중견-비대상,중형·상시,지원비 가동시간만,169919472.0,0.03871085631568991,0.2580723754379327,0.1843374110270948
237690,에스티팜(주),중견,False,비대상,212,에스티팜 주식회사,자율,2025,4389452680.0,293178341057.0,0.01497195414973236,3천억 미만,중견-비대상,대형·상시,지원비 상시,270435216.0,0.06161023610806986,0.41073490738713236,0.2933820767050946
237690,에스티팜(주),중견,False,비대상,212,에스티팜 주식회사,자율,2025,4389452680.0,293178341057.0,0.01497195414973236,3천억 미만,중견-비대상,대형·상시,지원비 가동시간만,270435216.0,0.06161023610806986,0.41073490738713236,0.2933820767050946
145720,(주)덴티움,중견,False,2차 후보-약,27191,덴티움,자율,2025,2903807159.0,266981328920.0,0.010876442823723135,3천억 미만,중견-비대상,소형·업무시간,지원비 상시,43110960.0,0.014846357777713572,0.09897571851809049,0.07069694179863606
145720,(주)덴티움,중견,False,2차 후보-약,27191,덴티움,자율,2025,2903807159.0,266981328920.0,0.010876442823723135,3천억 미만,중견-비대상,소형·업무시간,지원비 가동시간만,18031200.0,0.006209503253036095,0.04139668835357397,0.02956906310969569
145720,(주)덴티움,중견,False,2차 후보-약,27191,덴티움,자율,2025,2903807159.0,266981328920.0,0.010876442823723135,3천억 미만,중견-비대상,소형·상시,지원비 상시,59830800.0,0.020604260794165222,0.13736173862776815,0.09811552759126296
145720,(주)덴티움,중견,False,2차 후보-약,27191,덴티움,자율,2025,2903807159.0,266981328920.0,0.010876442823723135,3천억 미만,중견-비대상,소형·상시,지원비 가동시간만,59830800.0,0.020604260794165222,0.13736173862776815,0.09811552759126296
145720,(주)덴티움,중견,False,2차 후보-약,27191,덴티움,자율,2025,2903807159.0,266981328920.0,0.010876442823723135,3천억 미만,중견-비대상,중형·업무시간,지원비 상시,76288368.0,0.026271843763299985,0.17514562508866657,0.12510401792047612
145720,(주)덴티움,중견,False,2차 후보-약,27191,덴티움,자율,2025,2903807159.0,266981328920.0,0.010876442823723135,3천억 미만,중견-비대상,중형·업무시간,지원비 가동시간만,51208608.0,0.017634989238622507,0.11756659492415007,0.08397613923153575
145720,(주)덴티움,중견,False,2차 후보-약,27191,덴티움,자율,2025,2903807159.0,266981328920.0,0.010876442823723135,3천억 미만,중견-비대상,중형·상시,지원비 상시,169919472.0,0.05851610065542923,0.3901073377028616,0.27864809835918686
145720,(주)덴티움,중견,False,2차 후보-약,27191,덴티움,자율,2025,2903807159.0,266981328920.0,0.010876442823723135,3천억 미만,중견-비대상,중형·상시,지원비 가동시간만,169919472.0,0.05851610065542923,0.3901073377028616,0.27864809835918686
145720,(주)덴티움,중견,False,2차 후보-약,27191,덴티움,자율,2025,2903807159.0,266981328920.0,0.010876442823723135,3천억 미만,중견-비대상,대형·상시,지원비 상시,270435216.0,0.0931312587896268,0.6208750585975121,0.4434821847125086
145720,(주)덴티움,중견,False,2차 후보-약,27191,덴티움,자율,2025,2903807159.0,266981328920.0,0.010876442823723135,3천억 미만,중견-비대상,대형·상시,지원비 가동시간만,270435216.0,0.0931312587896268,0.6208750585975121,0.4434821847125086
044490,(주)태웅,중견,False,1차(2027),25912,(주)태웅,의무,2025,689068252.0,349653597289.0,0.0019707168962156073,3천억~5천억,중견-1차(2027),소형·업무시간,지원비 상시,43110960.0,0.06256413624466332,0.4170942416310888,0.29792445830792064
044490,(주)태웅,중견,False,1차(2027),25912,(주)태웅,의무,2025,689068252.0,349653597289.0,0.0019707168962156073,3천억~5천억,중견-1차(2027),소형·업무시간,지원비 가동시간만,18031200.0,0.026167509455942834,0.1744500630396189,0.12460718788544208
044490,(주)태웅,중견,False,1차(2027),25912,(주)태웅,의무,2025,689068252.0,349653597289.0,0.0019707168962156073,3천억~5천억,중견-1차(2027),소형·상시,지원비 상시,59830800.0,0.08682855410381031,0.5788570273587355,0.41346930525623965
044490,(주)태웅,중견,False,1차(2027),25912,(주)태웅,의무,2025,689068252.0,349653597289.0,0.0019707168962156073,3천억~5천억,중견-1차(2027),소형·상시,지원비 가동시간만,59830800.0,0.08682855410381031,0.5788570273587355,0.41346930525623965
044490,(주)태웅,중견,False,1차(2027),25912,(주)태웅,의무,2025,689068252.0,349653597289.0,0.0019707168962156073,3천억~5천억,중견-1차(2027),중형·업무시간,지원비 상시,76288368.0,0.11071235364359813,0.7380823576239877,0.5272016840171341
044490,(주)태웅,중견,False,1차(2027),25912,(주)태웅,의무,2025,689068252.0,349653597289.0,0.0019707168962156073,3천억~5천억,중견-1차(2027),중형·업무시간,지원비 가동시간만,51208608.0,0.07431572685487765,0.4954381790325177,0.3538844135946555
044490,(주)태웅,중견,False,1차(2027),25912,(주)태웅,의무,2025,689068252.0,349653597289.0,0.0019707168962156073,3천억~5천억,중견-1차(2027),중형·상시,지원비 상시,169919472.0,0.2465930936548213,1.6439539576988087,1.1742528269277206
044490,(주)태웅,중견,False,1차(2027),25912,(주)태웅,의무,2025,689068252.0,349653597289.0,0.0019707168962156073,3천억~5천억,중견-1차(2027),중형·상시,지원비 가동시간만,169919472.0,0.2465930936548213,1.6439539576988087,1.1742528269277206
044490,(주)태웅,중견,False,1차(2027),25912,(주)태웅,의무,2025,689068252.0,349653597289.0,0.0019707168962156073,3천억~5천억,중견-1차(2027),대형·상시,지원비 상시,270435216.0,0.39246506454922264,2.616433763661484,1.8688812597582032
044490,(주)태웅,중견,False,1차(2027),25912,(주)태웅,의무,2025,689068252.0,349653597289.0,0.0019707168962156073,3천억~5천억,중견-1차(2027),대형·상시,지원비 가동시간만,270435216.0,0.39246506454922264,2.616433763661484,1.8688812597582032
139990,아주스틸(주),중견,False,1차(2027),2419,아주스틸 주식회사,의무,2025,1184798939.0,595626053228.0,0.0019891657401132357,5천억~1조,중견-1차(2027),소형·업무시간,지원비 상시,43110960.0,0.036386730761581144,0.24257820507720762,0.17327014648371972
139990,아주스틸(주),중견,False,1차(2027),2419,아주스틸 주식회사,의무,2025,1184798939.0,595626053228.0,0.0019891657401132357,5천억~1조,중견-1차(2027),소형·업무시간,지원비 가동시간만,18031200.0,0.015218784729178425,0.1014585648611895,0.07247040347227822
139990,아주스틸(주),중견,False,1차(2027),2419,아주스틸 주식회사,의무,2025,1184798939.0,595626053228.0,0.0019891657401132357,5천억~1조,중견-1차(2027),소형·상시,지원비 상시,59830800.0,0.05049869478318295,0.3366579652212197,0.24046997515801408
139990,아주스틸(주),중견,False,1차(2027),2419,아주스틸 주식회사,의무,2025,1184798939.0,595626053228.0,0.0019891657401132357,5천억~1조,중견-1차(2027),소형·상시,지원비 가동시간만,59830800.0,0.05049869478318295,0.3366579652212197,0.24046997515801408
139990,아주스틸(주),중견,False,1차(2027),2419,아주스틸 주식회사,의무,2025,1184798939.0,595626053228.0,0.0019891657401132357,5천억~1조,중견-1차(2027),중형·업무시간,지원비 상시,76288368.0,0.06438929466326944,0.4292619644217963,0.3066156888727116
139990,아주스틸(주),중견,False,1차(2027),2419,아주스틸 주식회사,의무,2025,1184798939.0,595626053228.0,0.0019891657401132357,5천억~1조,중견-1차(2027),중형·업무시간,지원비 가동시간만,51208608.0,0.04322134863086673,0.2881423242057782,0.20581594586127014
139990,아주스틸(주),중견,False,1차(2027),2419,아주스틸 주식회사,의무,2025,1184798939.0,595626053228.0,0.0019891657401132357,5천억~1조,중견-1차(2027),중형·상시,지원비 상시,169919472.0,0.1434162931842396,0.956108621228264,0.68293472944876
139990,아주스틸(주),중견,False,1차(2027),2419,아주스틸 주식회사,의무,2025,1184798939.0,595626053228.0,0.0019891657401132357,5천억~1조,중견-1차(2027),중형·상시,지원비 가동시간만,169919472.0,0.1434162931842396,0.956108621228264,0.68293472944876
139990,아주스틸(주),중견,False,1차(2027),2419,아주스틸 주식회사,의무,2025,1184798939.0,595626053228.0,0.0019891657401132357,5천억~1조,중견-1차(2027),대형·상시,지원비 상시,270435216.0,0.22825410041998695,1.521694002799913,1.0869242877142236
139990,아주스틸(주),중견,False,1차(2027),2419,아주스틸 주식회사,의무,2025,1184798939.0,595626053228.0,0.0019891657401132357,5천억~1조,중견-1차(2027),대형·상시,지원비 가동시간만,270435216.0,0.22825410041998695,1.521694002799913,1.0869242877142236
025860,남해화학(주),대기업,False,1차(2027),20312,남해화학(주),의무,2025,3230229261.0,1600248827684.0,0.0020185793641074117,1조~5조,대기업,소형·업무시간,지원비 상시,43110960.0,0.01334609915169114,0.08897399434460761,0.06355285310329115
025860,남해화학(주),대기업,False,1차(2027),20312,남해화학(주),의무,2025,3230229261.0,1600248827684.0,0.0020185793641074117,1조~5조,대기업,소형·업무시간,지원비 가동시간만,18031200.0,0.005582018656600857,0.03721345771067238,0.026581041221908845
025860,남해화학(주),대기업,False,1차(2027),20312,남해화학(주),의무,2025,3230229261.0,1600248827684.0,0.0020185793641074117,1조~5조,대기업,소형·상시,지원비 상시,59830800.0,0.018522152815084663,0.1234810187672311,0.08820072769087936
025860,남해화학(주),대기업,False,1차(2027),20312,남해화학(주),의무,2025,3230229261.0,1600248827684.0,0.0020185793641074117,1조~5조,대기업,소형·상시,지원비 가동시간만,59830800.0,0.018522152815084663,0.1234810187672311,0.08820072769087936
025860,남해화학(주),대기업,False,1차(2027),20312,남해화학(주),의무,2025,3230229261.0,1600248827684.0,0.0020185793641074117,1조~5조,대기업,중형·업무시간,지원비 상시,76288368.0,0.023617013479836718,0.1574467565322448,0.11246196895160343
025860,남해화학(주),대기업,False,1차(2027),20312,남해화학(주),의무,2025,3230229261.0,1600248827684.0,0.0020185793641074117,1조~5조,대기업,중형·업무시간,지원비 가동시간만,51208608.0,0.015852932984746434,0.10568621989830956,0.07549015707022112
025860,남해화학(주),대기업,False,1차(2027),20312,남해화학(주),의무,2025,3230229261.0,1600248827684.0,0.0020185793641074117,1조~5조,대기업,중형·상시,지원비 상시,169919472.0,0.05260291399484044,0.3506860932989363,0.2504900666420974
025860,남해화학(주),대기업,False,1차(2027),20312,남해화학(주),의무,2025,3230229261.0,1600248827684.0,0.0020185793641074117,1조~5조,대기업,중형·상시,지원비 가동시간만,169919472.0,0.05260291399484044,0.3506860932989363,0.2504900666420974
025860,남해화학(주),대기업,False,1차(2027),20312,남해화학(주),의무,2025,3230229261.0,1600248827684.0,0.0020185793641074117,1조~5조,대기업,대형·상시,지원비 상시,270435216.0,0.08372013072418268,0.5581342048278846,0.39866728916277466
025860,남해화학(주),대기업,False,1차(2027),20312,남해화학(주),의무,2025,3230229261.0,1600248827684.0,0.0020185793641074117,1조~5조,대기업,대형·상시,지원비 가동시간만,270435216.0,0.08372013072418268,0.5581342048278846,0.39866728916277466
008040,사조동아원(주),중견,False,비대상,105,사조동아원(주),의무,2025,1041777119.0,674263587949.0,0.0015450591395108793,5천억~1조,중견-비대상,소형·업무시간,지원비 상시,43110960.0,0.04138213367690599,0.27588089117937326,0.19705777941383806
008040,사조동아원(주),중견,False,비대상,105,사조동아원(주),의무,2025,1041777119.0,674263587949.0,0.0015450591395108793,5천억~1조,중견-비대상,소형·업무시간,지원비 가동시간만,18031200.0,0.017308116746994902,0.11538744497996602,0.08241960355711858
008040,사조동아원(주),중견,False,비대상,105,사조동아원(주),의무,2025,1041777119.0,674263587949.0,0.0015450591395108793,5천억~1조,중견-비대상,소형·상시,지원비 상시,59830800.0,0.057431478296846715,0.38287652197897815,0.27348322998498437
008040,사조동아원(주),중견,False,비대상,105,사조동아원(주),의무,2025,1041777119.0,674263587949.0,0.0015450591395108793,5천억~1조,중견-비대상,소형·상시,지원비 가동시간만,59830800.0,0.057431478296846715,0.38287652197897815,0.27348322998498437
008040,사조동아원(주),중견,False,비대상,105,사조동아원(주),의무,2025,1041777119.0,674263587949.0,0.0015450591395108793,5천억~1조,중견-비대상,중형·업무시간,지원비 상시,76288368.0,0.07322906849137661,0.4881937899425107,0.3487098499589363
008040,사조동아원(주),중견,False,비대상,105,사조동아원(주),의무,2025,1041777119.0,674263587949.0,0.0015450591395108793,5천억~1조,중견-비대상,중형·업무시간,지원비 가동시간만,51208608.0,0.04915505156146552,0.3277003437431035,0.23407167410221677
008040,사조동아원(주),중견,False,비대상,105,사조동아원(주),의무,2025,1041777119.0,674263587949.0,0.0015450591395108793,5천억~1조,중견-비대상,중형·상시,지원비 상시,169919472.0,0.1631053983630447,1.0873693224202978,0.7766923731573557
008040,사조동아원(주),중견,False,비대상,105,사조동아원(주),의무,2025,1041777119.0,674263587949.0,0.0015450591395108793,5천억~1조,중견-비대상,중형·상시,지원비 가동시간만,169919472.0,0.1631053983630447,1.0873693224202978,0.7766923731573557
008040,사조동아원(주),중견,False,비대상,105,사조동아원(주),의무,2025,1041777119.0,674263587949.0,0.0015450591395108793,5천억~1조,중견-비대상,대형·상시,지원비 상시,270435216.0,0.25959028190174716,1.730601879344981,1.2361441995321294
008040,사조동아원(주),중견,False,비대상,105,사조동아원(주),의무,2025,1041777119.0,674263587949.0,0.0015450591395108793,5천억~1조,중견-비대상,대형·상시,지원비 가동시간만,270435216.0,0.25959028190174716,1.730601879344981,1.2361441995321294
013890,(주)지누스,대기업,False,2차 후보(확인 필요),320,주식회사 지누스,의무,2025,9154933544.0,387591850838.0,0.023620036190663992,3천억~5천억,대기업,소형·업무시간,지원비 상시,43110960.0,0.004709041282801474,0.03139360855200982,0.022424006108578445
013890,(주)지누스,대기업,False,2차 후보(확인 필요),320,주식회사 지누스,의무,2025,9154933544.0,387591850838.0,0.023620036190663992,3천억~5천억,대기업,소형·업무시간,지원비 가동시간만,18031200.0,0.0019695609928067,0.013130406618711335,0.009378861870508095
013890,(주)지누스,대기업,False,2차 후보(확인 필요),320,주식회사 지누스,의무,2025,9154933544.0,387591850838.0,0.023620036190663992,3천억~5천억,대기업,소형·상시,지원비 상시,59830800.0,0.006535361476131323,0.04356907650754215,0.031120768933958678
013890,(주)지누스,대기업,False,2차 후보(확인 필요),320,주식회사 지누스,의무,2025,9154933544.0,387591850838.0,0.023620036190663992,3천억~5천억,대기업,소형·상시,지원비 가동시간만,59830800.0,0.006535361476131323,0.04356907650754215,0.031120768933958678
013890,(주)지누스,대기업,False,2차 후보(확인 필요),320,주식회사 지누스,의무,2025,9154933544.0,387591850838.0,0.023620036190663992,3천억~5천억,대기업,중형·업무시간,지원비 상시,76288368.0,0.008333033509565801,0.05555355673043868,0.03968111195031334
013890,(주)지누스,대기업,False,2차 후보(확인 필요),320,주식회사 지누스,의무,2025,9154933544.0,387591850838.0,0.023620036190663992,3천억~5천억,대기업,중형·업무시간,지원비 가동시간만,51208608.0,0.005593553219571028,0.037290354797140185,0.02663596771224299
013890,(주)지누스,대기업,False,2차 후보(확인 필요),320,주식회사 지누스,의무,2025,9154933544.0,387591850838.0,0.023620036190663992,3천억~5천억,대기업,중형·상시,지원비 상시,169919472.0,0.018560426592212957,0.12373617728141971,0.08838298377244265
013890,(주)지누스,대기업,False,2차 후보(확인 필요),320,주식회사 지누스,의무,2025,9154933544.0,387591850838.0,0.023620036190663992,3천억~5천억,대기업,중형·상시,지원비 가동시간만,169919472.0,0.018560426592212957,0.12373617728141971,0.08838298377244265
013890,(주)지누스,대기업,False,2차 후보(확인 필요),320,주식회사 지누스,의무,2025,9154933544.0,387591850838.0,0.023620036190663992,3천억~5천억,대기업,대형·상시,지원비 상시,270435216.0,0.029539833872113577,0.19693222581409053,0.14066587558149324
013890,(주)지누스,대기업,False,2차 후보(확인 필요),320,주식회사 지누스,의무,2025,9154933544.0,387591850838.0,0.023620036190663992,3천억~5천억,대기업,대형·상시,지원비 가동시간만,270435216.0,0.029539833872113577,0.19693222581409053,0.14066587558149324
265520,에이피시스템(주),중견,False,비대상,29272,에이피시스템(주),의무,2025,2543830496.0,455612373698.0,0.005583321794693318,3천억~5천억,중견-비대상,소형·업무시간,지원비 상시,43110960.0,0.016947261253369296,0.11298174168912865,0.08070124406366333
265520,에이피시스템(주),중견,False,비대상,29272,에이피시스템(주),의무,2025,2543830496.0,455612373698.0,0.005583321794693318,3천억~5천억,중견-비대상,소형·업무시간,지원비 가동시간만,18031200.0,0.007088208128785637,0.04725472085857092,0.03375337204183637
265520,에이피시스템(주),중견,False,비대상,29272,에이피시스템(주),의무,2025,2543830496.0,455612373698.0,0.005583321794693318,3천억~5천억,중견-비대상,소형·상시,지원비 상시,59830800.0,0.02351996333642507,0.15679975557616715,0.11199982541154796
265520,에이피시스템(주),중견,False,비대상,29272,에이피시스템(주),의무,2025,2543830496.0,455612373698.0,0.005583321794693318,3천억~5천억,중견-비대상,소형·상시,지원비 가동시간만,59830800.0,0.02351996333642507,0.15679975557616715,0.11199982541154796
265520,에이피시스템(주),중견,False,비대상,29272,에이피시스템(주),의무,2025,2543830496.0,455612373698.0,0.005583321794693318,3천억~5천억,중견-비대상,중형·업무시간,지원비 상시,76288368.0,0.02998956421033487,0.19993042806889916,0.14280744862064224
265520,에이피시스템(주),중견,False,비대상,29272,에이피시스템(주),의무,2025,2543830496.0,455612373698.0,0.005583321794693318,3천억~5천억,중견-비대상,중형·업무시간,지원비 가동시간만,51208608.0,0.020130511085751212,0.1342034072383414,0.09585957659881529
265520,에이피시스템(주),중견,False,비대상,29272,에이피시스템(주),의무,2025,2543830496.0,455612373698.0,0.005583321794693318,3천억~5천억,중견-비대상,중형·상시,지원비 상시,169919472.0,0.0667966958754472,0.4453113058363147,0.3180795041687962
265520,에이피시스템(주),중견,False,비대상,29272,에이피시스템(주),의무,2025,2543830496.0,455612373698.0,0.005583321794693318,3천억~5천억,중견-비대상,중형·상시,지원비 가동시간만,169919472.0,0.0667966958754472,0.4453113058363147,0.3180795041687962
265520,에이피시스템(주),중견,False,비대상,29272,에이피시스템(주),의무,2025,2543830496.0,455612373698.0,0.005583321794693318,3천억~5천억,중견-비대상,대형·상시,지원비 상시,270435216.0,0.10631023428064132,0.7087348952042755,0.5062392108601967
265520,에이피시스템(주),중견,False,비대상,29272,에이피시스템(주),의무,2025,2543830496.0,455612373698.0,0.005583321794693318,3천억~5천억,중견-비대상,대형·상시,지원비 가동시간만,270435216.0,0.10631023428064132,0.7087348952042755,0.5062392108601967
058430,포스코스틸리온(주),대기업,False,1차(2027),2419,포스코스틸리온 주식회사,의무,2025,2968838692.0,1093988999026.0,0.0027137738081856543,1조~5조,대기업,소형·업무시간,지원비 상시,43110960.0,0.014521152703974527,0.09680768469316352,0.06914834620940252
058430,포스코스틸리온(주),대기업,False,1차(2027),2419,포스코스틸리온 주식회사,의무,2025,2968838692.0,1093988999026.0,0.0027137738081856543,1조~5조,대기업,소형·업무시간,지원비 가동시간만,18031200.0,0.006073485921814442,0.040489906145429605,0.028921361532449723
058430,포스코스틸리온(주),대기업,False,1차(2027),2419,포스코스틸리온 주식회사,의무,2025,2968838692.0,1093988999026.0,0.0027137738081856543,1조~5조,대기업,소형·상시,지원비 상시,59830800.0,0.02015293055874792,0.13435287039165278,0.09596633599403771
058430,포스코스틸리온(주),대기업,False,1차(2027),2419,포스코스틸리온 주식회사,의무,2025,2968838692.0,1093988999026.0,0.0027137738081856543,1조~5조,대기업,소형·상시,지원비 가동시간만,59830800.0,0.02015293055874792,0.13435287039165278,0.09596633599403771
058430,포스코스틸리온(주),대기업,False,1차(2027),2419,포스코스틸리온 주식회사,의무,2025,2968838692.0,1093988999026.0,0.0027137738081856543,1조~5조,대기업,중형·업무시간,지원비 상시,76288368.0,0.0256963668001131,0.171309112000754,0.12236365142911002
058430,포스코스틸리온(주),대기업,False,1차(2027),2419,포스코스틸리온 주식회사,의무,2025,2968838692.0,1093988999026.0,0.0027137738081856543,1조~5조,대기업,중형·업무시간,지원비 가동시간만,51208608.0,0.017248700017953013,0.11499133345302008,0.08213666675215721
058430,포스코스틸리온(주),대기업,False,1차(2027),2419,포스코스틸리온 주식회사,의무,2025,2968838692.0,1093988999026.0,0.0027137738081856543,1조~5조,대기업,중형·상시,지원비 상시,169919472.0,0.05723432278684409,0.3815621519122939,0.27254439422306714
058430,포스코스틸리온(주),대기업,False,1차(2027),2419,포스코스틸리온 주식회사,의무,2025,2968838692.0,1093988999026.0,0.0027137738081856543,1조~5조,대기업,중형·상시,지원비 가동시간만,169919472.0,0.05723432278684409,0.3815621519122939,0.27254439422306714
058430,포스코스틸리온(주),대기업,False,1차(2027),2419,포스코스틸리온 주식회사,의무,2025,2968838692.0,1093988999026.0,0.0027137738081856543,1조~5조,대기업,대형·상시,지원비 상시,270435216.0,0.09109124612554059,0.6072749741702707,0.43376783869305047
058430,포스코스틸리온(주),대기업,False,1차(2027),2419,포스코스틸리온 주식회사,의무,2025,2968838692.0,1093988999026.0,0.0027137738081856543,1조~5조,대기업,대형·상시,지원비 가동시간만,270435216.0,0.09109124612554059,0.6072749741702707,0.43376783869305047
003670,(주)포스코퓨처엠,대기업,False,비대상,282,(주) 포스코퓨처엠,의무,2025,20544020315.0,2676968855833.0,0.007674359105910203,1조~5조,대기업,소형·업무시간,지원비 상시,43110960.0,0.002098467551091886,0.013989783673945905,0.009992702624247075
003670,(주)포스코퓨처엠,대기업,False,비대상,282,(주) 포스코퓨처엠,의무,2025,20544020315.0,2676968855833.0,0.007674359105910203,1조~5조,대기업,소형·업무시간,지원비 가동시간만,18031200.0,0.0008776860479851994,0.005851240319901329,0.004179457371358093
003670,(주)포스코퓨처엠,대기업,False,비대상,282,(주) 포스코퓨처엠,의무,2025,20544020315.0,2676968855833.0,0.007674359105910203,1조~5조,대기업,소형·상시,지원비 상시,59830800.0,0.002912321886496343,0.019415479243308956,0.013868199459506398
003670,(주)포스코퓨처엠,대기업,False,비대상,282,(주) 포스코퓨처엠,의무,2025,20544020315.0,2676968855833.0,0.007674359105910203,1조~5조,대기업,소형·상시,지원비 가동시간만,59830800.0,0.002912321886496343,0.019415479243308956,0.013868199459506398
003670,(주)포스코퓨처엠,대기업,False,비대상,282,(주) 포스코퓨처엠,의무,2025,20544020315.0,2676968855833.0,0.007674359105910203,1조~5조,대기업,중형·업무시간,지원비 상시,76288368.0,0.0037134098793846523,0.02475606586256435,0.017682904187545964
003670,(주)포스코퓨처엠,대기업,False,비대상,282,(주) 포스코퓨처엠,의무,2025,20544020315.0,2676968855833.0,0.007674359105910203,1조~5조,대기업,중형·업무시간,지원비 가동시간만,51208608.0,0.002492628376277966,0.016617522508519774,0.011869658934656982
003670,(주)포스코퓨처엠,대기업,False,비대상,282,(주) 포스코퓨처엠,의무,2025,20544020315.0,2676968855833.0,0.007674359105910203,1조~5조,대기업,중형·상시,지원비 상시,169919472.0,0.008270994157649614,0.05513996105099743,0.03938568646499817
003670,(주)포스코퓨처엠,대기업,False,비대상,282,(주) 포스코퓨처엠,의무,2025,20544020315.0,2676968855833.0,0.007674359105910203,1조~5조,대기업,중형·상시,지원비 가동시간만,169919472.0,0.008270994157649614,0.05513996105099743,0.03938568646499817
003670,(주)포스코퓨처엠,대기업,False,비대상,282,(주) 포스코퓨처엠,의무,2025,20544020315.0,2676968855833.0,0.007674359105910203,1조~5조,대기업,대형·상시,지원비 상시,270435216.0,0.013163694926963471,0.08775796617975648,0.06268426155696892
003670,(주)포스코퓨처엠,대기업,False,비대상,282,(주) 포스코퓨처엠,의무,2025,20544020315.0,2676968855833.0,0.007674359105910203,1조~5조,대기업,대형·상시,지원비 가동시간만,270435216.0,0.013163694926963471,0.08775796617975648,0.06268426155696892
027740,(주)마니커,중견,False,비대상,1012,(주)마니커,의무,2025,690584233.0,368893636288.0,0.0018720415997115548,3천억~5천억,중견-비대상,소형·업무시간,지원비 상시,43110960.0,0.062426794502271815,0.41617863001514543,0.29727045001081814
027740,(주)마니커,중견,False,비대상,1012,(주)마니커,의무,2025,690584233.0,368893636288.0,0.0018720415997115548,3천억~5천억,중견-비대상,소형·업무시간,지원비 가동시간만,18031200.0,0.0261100661416346,0.17406710761089733,0.12433364829349809
027740,(주)마니커,중견,False,비대상,1012,(주)마니커,의무,2025,690584233.0,368893636288.0,0.0018720415997115548,3천억~5천억,중견-비대상,소형·상시,지원비 상시,59830800.0,0.08663794674269663,0.5775863116179775,0.4125616511556982
027740,(주)마니커,중견,False,비대상,1012,(주)마니커,의무,2025,690584233.0,368893636288.0,0.0018720415997115548,3천억~5천억,중견-비대상,소형·상시,지원비 가동시간만,59830800.0,0.08663794674269663,0.5775863116179775,0.4125616511556982
027740,(주)마니커,중견,False,비대상,1012,(주)마니커,의무,2025,690584233.0,368893636288.0,0.0018720415997115548,3천억~5천억,중견-비대상,중형·업무시간,지원비 상시,76288368.0,0.11046931620287949,0.7364621080191965,0.5260443628708547
027740,(주)마니커,중견,False,비대상,1012,(주)마니커,의무,2025,690584233.0,368893636288.0,0.0018720415997115548,3천억~5천억,중견-비대상,중형·업무시간,지원비 가동시간만,51208608.0,0.07415258784224227,0.49435058561494843,0.3531075611535346
027740,(주)마니커,중견,False,비대상,1012,(주)마니커,의무,2025,690584233.0,368893636288.0,0.0018720415997115548,3천억~5천억,중견-비대상,중형·상시,지원비 상시,169919472.0,0.24605176874925844,1.640345124995056,1.171675089282183
027740,(주)마니커,중견,False,비대상,1012,(주)마니커,의무,2025,690584233.0,368893636288.0,0.0018720415997115548,3천억~5천억,중견-비대상,중형·상시,지원비 가동시간만,169919472.0,0.24605176874925844,1.640345124995056,1.171675089282183
027740,(주)마니커,중견,False,비대상,1012,(주)마니커,의무,2025,690584233.0,368893636288.0,0.0018720415997115548,3천억~5천억,중견-비대상,대형·상시,지원비 상시,270435216.0,0.3916035192769888,2.610690128513258,1.864778663223756
027740,(주)마니커,중견,False,비대상,1012,(주)마니커,의무,2025,690584233.0,368893636288.0,0.0018720415997115548,3천억~5천억,중견-비대상,대형·상시,지원비 가동시간만,270435216.0,0.3916035192769888,2.610690128513258,1.864778663223756
195870,해성디에스(주),중견,False,비대상,262,해성디에스 주식회사,의무,2025,11552901380.0,644987651316.0,0.017911817933921756,5천억~1조,중견-비대상,소형·업무시간,지원비 상시,43110960.0,0.003731613261637658,0.024877421744251053,0.017769586960179325
195870,해성디에스(주),중견,False,비대상,262,해성디에스 주식회사,의무,2025,11552901380.0,644987651316.0,0.017911817933921756,5천억~1조,중견-비대상,소형·업무시간,지원비 가동시간만,18031200.0,0.0015607507938408456,0.010405005292272304,0.0074321466373373606
195870,해성디에스(주),중견,False,비대상,262,해성디에스 주식회사,의무,2025,11552901380.0,644987651316.0,0.017911817933921756,5천억~1조,중견-비대상,소형·상시,지원비 상시,59830800.0,0.005178854906835533,0.034525699378903554,0.02466121384207397
195870,해성디에스(주),중견,False,비대상,262,해성디에스 주식회사,의무,2025,11552901380.0,644987651316.0,0.017911817933921756,5천억~1조,중견-비대상,소형·상시,지원비 가동시간만,59830800.0,0.005178854906835533,0.034525699378903554,0.02466121384207397
195870,해성디에스(주),중견,False,비대상,262,해성디에스 주식회사,의무,2025,11552901380.0,644987651316.0,0.017911817933921756,5천억~1조,중견-비대상,중형·업무시간,지원비 상시,76288368.0,0.0066033947223048135,0.044022631482032094,0.031444736772880066
195870,해성디에스(주),중견,False,비대상,262,해성디에스 주식회사,의무,2025,11552901380.0,644987651316.0,0.017911817933921756,5천억~1조,중견-비대상,중형·업무시간,지원비 가동시간만,51208608.0,0.004432532254508001,0.029550215030053343,0.021107296450038105
195870,해성디에스(주),중견,False,비대상,262,해성디에스 주식회사,의무,2025,11552901380.0,644987651316.0,0.017911817933921756,5천억~1조,중견-비대상,중형·상시,지원비 상시,169919472.0,0.014707947935412913,0.09805298623608609,0.07003784731149007
195870,해성디에스(주),중견,False,비대상,262,해성디에스 주식회사,의무,2025,11552901380.0,644987651316.0,0.017911817933921756,5천억~1조,중견-비대상,중형·상시,지원비 가동시간만,169919472.0,0.014707947935412913,0.09805298623608609,0.07003784731149007
195870,해성디에스(주),중견,False,비대상,262,해성디에스 주식회사,의무,2025,11552901380.0,644987651316.0,0.017911817933921756,5천억~1조,중견-비대상,대형·상시,지원비 상시,270435216.0,0.02340842417889661,0.15605616119264407,0.11146868656617434
195870,해성디에스(주),중견,False,비대상,262,해성디에스 주식회사,의무,2025,11552901380.0,644987651316.0,0.017911817933921756,5천억~1조,중견-비대상,대형·상시,지원비 가동시간만,270435216.0,0.02340842417889661,0.15605616119264407,0.11146868656617434
298050,에이치에스효성첨단소재(주),대기업,False,비대상,205,에이치에스효성첨단소재(주),의무,2025,4268091589.0,488052782230.0,0.008745143444318317,3천억~5천억,대기업,소형·업무시간,지원비 상시,43110960.0,0.01010075793853823,0.06733838625692154,0.048098847326372526
298050,에이치에스효성첨단소재(주),대기업,False,비대상,205,에이치에스효성첨단소재(주),의무,2025,4268091589.0,488052782230.0,0.008745143444318317,3천억~5천억,대기업,소형·업무시간,지원비 가동시간만,18031200.0,0.004224651609274545,0.0281643440618303,0.020117388615593073
298050,에이치에스효성첨단소재(주),대기업,False,비대상,205,에이치에스효성첨단소재(주),의무,2025,4268091589.0,488052782230.0,0.008745143444318317,3천억~5천억,대기업,소형·상시,지원비 상시,59830800.0,0.014018162158047354,0.09345441438698236,0.06675315313355883
298050,에이치에스효성첨단소재(주),대기업,False,비대상,205,에이치에스효성첨단소재(주),의무,2025,4268091589.0,488052782230.0,0.008745143444318317,3천억~5천억,대기업,소형·상시,지원비 가동시간만,59830800.0,0.014018162158047354,0.09345441438698236,0.06675315313355883
298050,에이치에스효성첨단소재(주),대기업,False,비대상,205,에이치에스효성첨단소재(주),의무,2025,4268091589.0,488052782230.0,0.008745143444318317,3천억~5천억,대기업,중형·업무시간,지원비 상시,76288368.0,0.017874116899603394,0.11916077933068929,0.08511484237906378
298050,에이치에스효성첨단소재(주),대기업,False,비대상,205,에이치에스효성첨단소재(주),의무,2025,4268091589.0,488052782230.0,0.008745143444318317,3천억~5천억,대기업,중형·업무시간,지원비 가동시간만,51208608.0,0.011998010570339708,0.07998673713559805,0.05713338366828433
298050,에이치에스효성첨단소재(주),대기업,False,비대상,205,에이치에스효성첨단소재(주),의무,2025,4268091589.0,488052782230.0,0.008745143444318317,3천억~5천억,대기업,중형·상시,지원비 상시,169919472.0,0.03981158052885449,0.2654105368590299,0.1895789548993071
298050,에이치에스효성첨단소재(주),대기업,False,비대상,205,에이치에스효성첨단소재(주),의무,2025,4268091589.0,488052782230.0,0.008745143444318317,3천억~5천억,대기업,중형·상시,지원비 가동시간만,169919472.0,0.03981158052885449,0.2654105368590299,0.1895789548993071
298050,에이치에스효성첨단소재(주),대기업,False,비대상,205,에이치에스효성첨단소재(주),의무,2025,4268091589.0,488052782230.0,0.008745143444318317,3천억~5천억,대기업,대형·상시,지원비 상시,270435216.0,0.06336209295437403,0.42241395302916024,0.3017242521636859
298050,에이치에스효성첨단소재(주),대기업,False,비대상,205,에이치에스효성첨단소재(주),의무,2025,4268091589.0,488052782230.0,0.008745143444318317,3천억~5천억,대기업,대형·상시,지원비 가동시간만,270435216.0,0.06336209295437403,0.42241395302916024,0.3017242521636859
001790,대한제당(주),중견,False,비대상,105,대한제당(주),의무,2025,1474826215.0,1040646851000.0,0.0014172206580770213,1조~5조,중견-비대상,소형·업무시간,지원비 상시,43110960.0,0.02923121352301159,0.19487475682007727,0.13919625487148377
001790,대한제당(주),중견,False,비대상,105,대한제당(주),의무,2025,1474826215.0,1040646851000.0,0.0014172206580770213,1조~5조,중견-비대상,소형·업무시간,지원비 가동시간만,18031200.0,0.01222598284232424,0.0815065522821616,0.058218965915829715
001790,대한제당(주),중견,False,비대상,105,대한제당(주),의무,2025,1474826215.0,1040646851000.0,0.0014172206580770213,1조~5조,중견-비대상,소형·상시,지원비 상시,59830800.0,0.040568033976803156,0.2704535598453544,0.19318111417525316
001790,대한제당(주),중견,False,비대상,105,대한제당(주),의무,2025,1474826215.0,1040646851000.0,0.0014172206580770213,1조~5조,중견-비대상,소형·상시,지원비 가동시간만,59830800.0,0.040568033976803156,0.2704535598453544,0.19318111417525316
001790,대한제당(주),중견,False,비대상,105,대한제당(주),의무,2025,1474826215.0,1040646851000.0,0.0014172206580770213,1조~5조,중견-비대상,중형·업무시간,지원비 상시,76288368.0,0.05172702195288819,0.3448468130192546,0.24631915215661046
001790,대한제당(주),중견,False,비대상,105,대한제당(주),의무,2025,1474826215.0,1040646851000.0,0.0014172206580770213,1조~5조,중견-비대상,중형·업무시간,지원비 가동시간만,51208608.0,0.03472179127220084,0.23147860848133894,0.1653418632009564
001790,대한제당(주),중견,False,비대상,105,대한제당(주),의무,2025,1474826215.0,1040646851000.0,0.0014172206580770213,1조~5조,중견-비대상,중형·상시,지원비 상시,169919472.0,0.11521321649412097,0.7680881099608065,0.5486343642577189
001790,대한제당(주),중견,False,비대상,105,대한제당(주),의무,2025,1474826215.0,1040646851000.0,0.0014172206580770213,1조~5조,중견-비대상,중형·상시,지원비 가동시간만,169919472.0,0.11521321649412097,0.7680881099608065,0.5486343642577189
001790,대한제당(주),중견,False,비대상,105,대한제당(주),의무,2025,1474826215.0,1040646851000.0,0.0014172206580770213,1조~5조,중견-비대상,대형·상시,지원비 상시,270435216.0,0.18336751357515027,1.2224500905010018,0.8731786360721442
001790,대한제당(주),중견,False,비대상,105,대한제당(주),의무,2025,1474826215.0,1040646851000.0,0.0014172206580770213,1조~5조,중견-비대상,대형·상시,지원비 가동시간만,270435216.0,0.18336751357515027,1.2224500905010018,0.8731786360721442
001680,대상(주),중견,False,비대상,108,대상 주식회사,의무,2025,30705004724.0,3528856015820.0,0.008701121436054138,1조~5조,중견-비대상,소형·업무시간,지원비 상시,43110960.0,0.0014040369114909504,0.009360246076606337,0.006685890054718811
001680,대상(주),중견,False,비대상,108,대상 주식회사,의무,2025,30705004724.0,3528856015820.0,0.008701121436054138,1조~5조,중견-비대상,소형·업무시간,지원비 가동시간만,18031200.0,0.0005872397728669374,0.003914931819112916,0.00279637987079494
001680,대상(주),중견,False,비대상,108,대상 주식회사,의무,2025,30705004724.0,3528856015820.0,0.008701121436054138,1조~5조,중견-비대상,소형·상시,지원비 상시,59830800.0,0.0019485683372402922,0.01299045558160195,0.009278896844001391
001680,대상(주),중견,False,비대상,108,대상 주식회사,의무,2025,30705004724.0,3528856015820.0,0.008701121436054138,1조~5조,중견-비대상,소형·상시,지원비 가동시간만,59830800.0,0.0019485683372402922,0.01299045558160195,0.009278896844001391
001680,대상(주),중견,False,비대상,108,대상 주식회사,의무,2025,30705004724.0,3528856015820.0,0.008701121436054138,1조~5조,중견-비대상,중형·업무시간,지원비 상시,76288368.0,0.0024845580935661154,0.016563720623774102,0.011831229016981502
001680,대상(주),중견,False,비대상,108,대상 주식회사,의무,2025,30705004724.0,3528856015820.0,0.008701121436054138,1조~5조,중견-비대상,중형·업무시간,지원비 가동시간만,51208608.0,0.0016677609549421023,0.011118406366280684,0.00794171883305763
001680,대상(주),중견,False,비대상,108,대상 주식회사,의무,2025,30705004724.0,3528856015820.0,0.008701121436054138,1조~5조,중견-비대상,중형·상시,지원비 상시,169919472.0,0.00553393407776243,0.03689289385174954,0.026352067036963953
001680,대상(주),중견,False,비대상,108,대상 주식회사,의무,2025,30705004724.0,3528856015820.0,0.008701121436054138,1조~5조,중견-비대상,중형·상시,지원비 가동시간만,169919472.0,0.00553393407776243,0.03689289385174954,0.026352067036963953
001680,대상(주),중견,False,비대상,108,대상 주식회사,의무,2025,30705004724.0,3528856015820.0,0.008701121436054138,1조~5조,중견-비대상,대형·상시,지원비 상시,270435216.0,0.008807528884326121,0.05871685922884082,0.04194061373488629
001680,대상(주),중견,False,비대상,108,대상 주식회사,의무,2025,30705004724.0,3528856015820.0,0.008701121436054138,1조~5조,중견-비대상,대형·상시,지원비 가동시간만,270435216.0,0.008807528884326121,0.05871685922884082,0.04194061373488629
027710,(주)팜스토리,중견,False,비대상,109,(주)팜스토리,의무,2025,392421743.0,1332721783396.0,0.00029445136103354084,1조~5조,중견-비대상,소형·업무시간,지원비 상시,43110960.0,0.10985874449877259,0.7323916299918173,0.5231368785655838
027710,(주)팜스토리,중견,False,비대상,109,(주)팜스토리,의무,2025,392421743.0,1332721783396.0,0.00029445136103354084,1조~5조,중견-비대상,소형·업무시간,지원비 가동시간만,18031200.0,0.045948524315075984,0.3063234954338399,0.2188024967384571
027710,(주)팜스토리,중견,False,비대상,109,(주)팜스토리,의무,2025,392421743.0,1332721783396.0,0.00029445136103354084,1조~5조,중견-비대상,소형·상시,지원비 상시,59830800.0,0.1524655579545703,1.016437053030469,0.7260264664503349
027710,(주)팜스토리,중견,False,비대상,109,(주)팜스토리,의무,2025,392421743.0,1332721783396.0,0.00029445136103354084,1조~5조,중견-비대상,소형·상시,지원비 가동시간만,59830800.0,0.1524655579545703,1.016437053030469,0.7260264664503349
027710,(주)팜스토리,중견,False,비대상,109,(주)팜스토리,의무,2025,392421743.0,1332721783396.0,0.00029445136103354084,1조~5조,중견-비대상,중형·업무시간,지원비 상시,76288368.0,0.1944040292385124,1.2960268615900827,0.9257334725643448
027710,(주)팜스토리,중견,False,비대상,109,(주)팜스토리,의무,2025,392421743.0,1332721783396.0,0.00029445136103354084,1조~5조,중견-비대상,중형·업무시간,지원비 가동시간만,51208608.0,0.1304938090548158,0.8699587270321054,0.6213990907372181
027710,(주)팜스토리,중견,False,비대상,109,(주)팜스토리,의무,2025,392421743.0,1332721783396.0,0.00029445136103354084,1조~5조,중견-비대상,중형·상시,지원비 상시,169919472.0,0.4330021845909797,2.8866812306065315,2.061915164718951
027710,(주)팜스토리,중견,False,비대상,109,(주)팜스토리,의무,2025,392421743.0,1332721783396.0,0.00029445136103354084,1조~5조,중견-비대상,중형·상시,지원비 가동시간만,169919472.0,0.4330021845909797,2.8866812306065315,2.061915164718951
027710,(주)팜스토리,중견,False,비대상,109,(주)팜스토리,의무,2025,392421743.0,1332721783396.0,0.00029445136103354084,1조~5조,중견-비대상,대형·상시,지원비 상시,270435216.0,0.6891443219546578,4.59429547969772,3.2816396283555136
027710,(주)팜스토리,중견,False,비대상,109,(주)팜스토리,의무,2025,392421743.0,1332721783396.0,0.00029445136103354084,1조~5조,중견-비대상,대형·상시,지원비 가동시간만,270435216.0,0.6891443219546578,4.59429547969772,3.2816396283555136
002960,한국쉘석유(주),중견,False,비대상,19221,한국쉘석유 주식회사,의무,2025,893970936.0,344959163929.0,0.0025915268515203102,3천억~5천억,중견-비대상,소형·업무시간,지원비 상시,43110960.0,0.048224118104886575,0.3214941206992439,0.22963865764231703
002960,한국쉘석유(주),중견,False,비대상,19221,한국쉘석유 주식회사,의무,2025,893970936.0,344959163929.0,0.0025915268515203102,3천억~5천억,중견-비대상,소형·업무시간,지원비 가동시간만,18031200.0,0.02016978323778526,0.13446522158523508,0.09604658684659648
002960,한국쉘석유(주),중견,False,비대상,19221,한국쉘석유 주식회사,의무,2025,893970936.0,344959163929.0,0.0025915268515203102,3천억~5천억,중견-비대상,소형·상시,지원비 상시,59830800.0,0.06692700801628745,0.4461800534419164,0.3187000381727974
002960,한국쉘석유(주),중견,False,비대상,19221,한국쉘석유 주식회사,의무,2025,893970936.0,344959163929.0,0.0025915268515203102,3천억~5천억,중견-비대상,소형·상시,지원비 가동시간만,59830800.0,0.06692700801628745,0.4461800534419164,0.3187000381727974
002960,한국쉘석유(주),중견,False,비대상,19221,한국쉘석유 주식회사,의무,2025,893970936.0,344959163929.0,0.0025915268515203102,3천억~5천억,중견-비대상,중형·업무시간,지원비 상시,76288368.0,0.08533651926241145,0.5689101284160765,0.40636437744005455
002960,한국쉘석유(주),중견,False,비대상,19221,한국쉘석유 주식회사,의무,2025,893970936.0,344959163929.0,0.0025915268515203102,3천억~5천억,중견-비대상,중형·업무시간,지원비 가동시간만,51208608.0,0.05728218439531014,0.38188122930206764,0.272772306644334
002960,한국쉘석유(주),중견,False,비대상,19221,한국쉘석유 주식회사,의무,2025,893970936.0,344959163929.0,0.0025915268515203102,3천억~5천억,중견-비대상,중형·상시,지원비 상시,169919472.0,0.19007270276625637,1.2671513517750426,0.9051081084107446
002960,한국쉘석유(주),중견,False,비대상,19221,한국쉘석유 주식회사,의무,2025,893970936.0,344959163929.0,0.0025915268515203102,3천억~5천억,중견-비대상,중형·상시,지원비 가동시간만,169919472.0,0.19007270276625637,1.2671513517750426,0.9051081084107446
002960,한국쉘석유(주),중견,False,비대상,19221,한국쉘석유 주식회사,의무,2025,893970936.0,344959163929.0,0.0025915268515203102,3천억~5천억,중견-비대상,대형·상시,지원비 상시,270435216.0,0.3025100762336193,2.0167338415574623,1.4405241725410443
002960,한국쉘석유(주),중견,False,비대상,19221,한국쉘석유 주식회사,의무,2025,893970936.0,344959163929.0,0.0025915268515203102,3천억~5천억,중견-비대상,대형·상시,지원비 가동시간만,270435216.0,0.3025100762336193,2.0167338415574623,1.4405241725410443
002600,(주)조흥,중견,False,비대상,108,(주)조흥,의무,2025,992599729.0,481716330314.0,0.0020605482242069474,3천억~5천억,중견-비대상,소형·업무시간,지원비 상시,43110960.0,0.043432371317925274,0.28954914211950183,0.20682081579964415
002600,(주)조흥,중견,False,비대상,108,(주)조흥,의무,2025,992599729.0,481716330314.0,0.0020605482242069474,3천억~5천억,중견-비대상,소형·업무시간,지원비 가동시간만,18031200.0,0.018165630589246314,0.12110420392830876,0.08650300280593481
002600,(주)조흥,중견,False,비대상,108,(주)조흥,의무,2025,992599729.0,481716330314.0,0.0020605482242069474,3천억~5천억,중견-비대상,소형·상시,지원비 상시,59830800.0,0.06027686513704458,0.4018457675802972,0.2870326911287837
002600,(주)조흥,중견,False,비대상,108,(주)조흥,의무,2025,992599729.0,481716330314.0,0.0020605482242069474,3천억~5천억,중견-비대상,소형·상시,지원비 가동시간만,59830800.0,0.06027686513704458,0.4018457675802972,0.2870326911287837
002600,(주)조흥,중견,False,비대상,108,(주)조흥,의무,2025,992599729.0,481716330314.0,0.0020605482242069474,3천억~5천억,중견-비대상,중형·업무시간,지원비 상시,76288368.0,0.07685713160213849,0.51238087734759,0.3659863409625642
002600,(주)조흥,중견,False,비대상,108,(주)조흥,의무,2025,992599729.0,481716330314.0,0.0020605482242069474,3천억~5천억,중견-비대상,중형·업무시간,지원비 가동시간만,51208608.0,0.05159039087345953,0.34393593915639686,0.24566852796885488
002600,(주)조흥,중견,False,비대상,108,(주)조흥,의무,2025,992599729.0,481716330314.0,0.0020605482242069474,3천억~5천억,중견-비대상,중형·상시,지원비 상시,169919472.0,0.17118629698920662,1.1412419799280442,0.8151728428057458
002600,(주)조흥,중견,False,비대상,108,(주)조흥,의무,2025,992599729.0,481716330314.0,0.0020605482242069474,3천억~5천억,중견-비대상,중형·상시,지원비 가동시간만,169919472.0,0.17118629698920662,1.1412419799280442,0.8151728428057458
002600,(주)조흥,중견,False,비대상,108,(주)조흥,의무,2025,992599729.0,481716330314.0,0.0020605482242069474,3천억~5천억,중견-비대상,대형·상시,지원비 상시,270435216.0,0.27245143041944153,1.8163428694629435,1.2973877639021023
002600,(주)조흥,중견,False,비대상,108,(주)조흥,의무,2025,992599729.0,481716330314.0,0.0020605482242069474,3천억~5천억,중견-비대상,대형·상시,지원비 가동시간만,270435216.0,0.27245143041944153,1.8163428694629435,1.2973877639021023
101530,해태제과식품주식회사,중견,False,비대상,108,해태제과식품(주),의무,2025,3196206465.0,597709502110.0,0.005347424549412272,5천억~1조,중견-비대상,소형·업무시간,지원비 상시,43110960.0,0.013488164945564617,0.08992109963709745,0.06422935688364104
101530,해태제과식품주식회사,중견,False,비대상,108,해태제과식품(주),의무,2025,3196206465.0,597709502110.0,0.005347424549412272,5천억~1조,중견-비대상,소형·업무시간,지원비 가동시간만,18031200.0,0.005641437809931969,0.03760958539954646,0.026863989571104613
101530,해태제과식품주식회사,중견,False,비대상,108,해태제과식품(주),의무,2025,3196206465.0,597709502110.0,0.005347424549412272,5천억~1조,중견-비대상,소형·상시,지원비 상시,59830800.0,0.018719316369319713,0.12479544246213144,0.08913960175866531
101530,해태제과식품주식회사,중견,False,비대상,108,해태제과식품(주),의무,2025,3196206465.0,597709502110.0,0.005347424549412272,5천억~1조,중견-비대상,소형·상시,지원비 가동시간만,59830800.0,0.018719316369319713,0.12479544246213144,0.08913960175866531
101530,해태제과식품주식회사,중견,False,비대상,108,해태제과식품(주),의무,2025,3196206465.0,597709502110.0,0.005347424549412272,5천억~1조,중견-비대상,중형·업무시간,지원비 상시,76288368.0,0.02386841051583944,0.15912273677226293,0.11365909769447352
101530,해태제과식품주식회사,중견,False,비대상,108,해태제과식품(주),의무,2025,3196206465.0,597709502110.0,0.005347424549412272,5천억~1조,중견-비대상,중형·업무시간,지원비 가동시간만,51208608.0,0.01602168338020679,0.10681122253471194,0.07629373038193711
101530,해태제과식품주식회사,중견,False,비대상,108,해태제과식품(주),의무,2025,3196206465.0,597709502110.0,0.005347424549412272,5천억~1조,중견-비대상,중형·상시,지원비 상시,169919472.0,0.05316285848886799,0.35441905659245326,0.2531564689946095
101530,해태제과식품주식회사,중견,False,비대상,108,해태제과식품(주),의무,2025,3196206465.0,597709502110.0,0.005347424549412272,5천억~1조,중견-비대상,중형·상시,지원비 가동시간만,169919472.0,0.05316285848886799,0.35441905659245326,0.2531564689946095
101530,해태제과식품주식회사,중견,False,비대상,108,해태제과식품(주),의무,2025,3196206465.0,597709502110.0,0.005347424549412272,5천억~1조,중견-비대상,대형·상시,지원비 상시,270435216.0,0.08461130998932512,0.564075399928834,0.4029109999491672
101530,해태제과식품주식회사,중견,False,비대상,108,해태제과식품(주),의무,2025,3196206465.0,597709502110.0,0.005347424549412272,5천억~1조,중견-비대상,대형·상시,지원비 가동시간만,270435216.0,0.08461130998932512,0.564075399928834,0.4029109999491672
170900,동아에스티(주),중견,False,비대상,212,동아에스티(주),의무,2025,14781521614.0,745140777481.0,0.019837220107547942,5천억~1조,중견-비대상,소형·업무시간,지원비 상시,43110960.0,0.0029165441235203,0.019443627490135333,0.013888305350096667
170900,동아에스티(주),중견,False,비대상,212,동아에스티(주),의무,2025,14781521614.0,745140777481.0,0.019837220107547942,5천억~1조,중견-비대상,소형·업무시간,지원비 가동시간만,18031200.0,0.001219847352042711,0.008132315680284741,0.0058087969144891
170900,동아에스티(주),중견,False,비대상,212,동아에스티(주),의무,2025,14781521614.0,745140777481.0,0.019837220107547942,5천억~1조,중견-비대상,소형·상시,지원비 상시,59830800.0,0.004047675304505359,0.02698450203003573,0.019274644307168378
170900,동아에스티(주),중견,False,비대상,212,동아에스티(주),의무,2025,14781521614.0,745140777481.0,0.019837220107547942,5천억~1조,중견-비대상,소형·상시,지원비 가동시간만,59830800.0,0.004047675304505359,0.02698450203003573,0.019274644307168378
170900,동아에스티(주),중견,False,비대상,212,동아에스티(주),의무,2025,14781521614.0,745140777481.0,0.019837220107547942,5천억~1조,중견-비대상,중형·업무시간,지원비 상시,76288368.0,0.005161063251278888,0.03440708834185926,0.02457649167275661
170900,동아에스티(주),중견,False,비대상,212,동아에스티(주),의무,2025,14781521614.0,745140777481.0,0.019837220107547942,5천억~1조,중견-비대상,중형·업무시간,지원비 가동시간만,51208608.0,0.0034643664798012994,0.023095776532008665,0.016496983237149043
170900,동아에스티(주),중견,False,비대상,212,동아에스티(주),의무,2025,14781521614.0,745140777481.0,0.019837220107547942,5천억~1조,중견-비대상,중형·상시,지원비 상시,169919472.0,0.01149539786479522,0.07663598576530148,0.05473998983235819
170900,동아에스티(주),중견,False,비대상,212,동아에스티(주),의무,2025,14781521614.0,745140777481.0,0.019837220107547942,5천억~1조,중견-비대상,중형·상시,지원비 가동시간만,169919472.0,0.01149539786479522,0.07663598576530148,0.05473998983235819
170900,동아에스티(주),중견,False,비대상,212,동아에스티(주),의무,2025,14781521614.0,745140777481.0,0.019837220107547942,5천억~1조,중견-비대상,대형·상시,지원비 상시,270435216.0,0.018295492376364225,0.1219699491757615,0.08712139226840107
170900,동아에스티(주),중견,False,비대상,212,동아에스티(주),의무,2025,14781521614.0,745140777481.0,0.019837220107547942,5천억~1조,중견-비대상,대형·상시,지원비 가동시간만,270435216.0,0.018295492376364225,0.1219699491757615,0.08712139226840107
136490,(주)선진,대기업,False,비대상,109,주식회사 선진,의무,2025,7113607721.0,990913890530.0,0.007178835405360215,5천억~1조,대기업,소형·업무시간,지원비 상시,43110960.0,0.006060351047012703,0.04040234031341802,0.028858814509584305
136490,(주)선진,대기업,False,비대상,109,주식회사 선진,의무,2025,7113607721.0,990913890530.0,0.007178835405360215,5천억~1조,대기업,소형·업무시간,지원비 가동시간만,18031200.0,0.002534747586203032,0.016898317241353544,0.01207022660096682
136490,(주)선진,대기업,False,비대상,109,주식회사 선진,의무,2025,7113607721.0,990913890530.0,0.007178835405360215,5천억~1조,대기업,소형·상시,지원비 상시,59830800.0,0.00841075335421915,0.056071689028127675,0.04005120644866263
136490,(주)선진,대기업,False,비대상,109,주식회사 선진,의무,2025,7113607721.0,990913890530.0,0.007178835405360215,5천억~1조,대기업,소형·상시,지원비 가동시간만,59830800.0,0.00841075335421915,0.056071689028127675,0.04005120644866263
136490,(주)선진,대기업,False,비대상,109,주식회사 선진,의무,2025,7113607721.0,990913890530.0,0.007178835405360215,5천억~1조,대기업,중형·업무시간,지원비 상시,76288368.0,0.010724286605626281,0.07149524403750855,0.051068031455363254
136490,(주)선진,대기업,False,비대상,109,주식회사 선진,의무,2025,7113607721.0,990913890530.0,0.007178835405360215,5천억~1조,대기업,중형·업무시간,지원비 가동시간만,51208608.0,0.00719868314481661,0.04799122096544407,0.034279443546745766
136490,(주)선진,대기업,False,비대상,109,주식회사 선진,의무,2025,7113607721.0,990913890530.0,0.007178835405360215,5천억~1조,대기업,중형·상시,지원비 상시,169919472.0,0.023886539525982388,0.1592435968398826,0.11374542631420186
136490,(주)선진,대기업,False,비대상,109,주식회사 선진,의무,2025,7113607721.0,990913890530.0,0.007178835405360215,5천억~1조,대기업,중형·상시,지원비 가동시간만,169919472.0,0.023886539525982388,0.1592435968398826,0.11374542631420186
136490,(주)선진,대기업,False,비대상,109,주식회사 선진,의무,2025,7113607721.0,990913890530.0,0.007178835405360215,5천억~1조,대기업,대형·상시,지원비 상시,270435216.0,0.03801660516107056,0.2534440344071371,0.18103145314795507
136490,(주)선진,대기업,False,비대상,109,주식회사 선진,의무,2025,7113607721.0,990913890530.0,0.007178835405360215,5천억~1조,대기업,대형·상시,지원비 가동시간만,270435216.0,0.03801660516107056,0.2534440344071371,0.18103145314795507
248170,샘표식품(주),중견,False,비대상,108,샘표식품 주식회사,의무,2025,3478516827.0,396010099635.0,0.008783909375559177,3천억~5천억,중견-비대상,소형·업무시간,지원비 상시,43110960.0,0.012393488990875593,0.08262325993917063,0.05901661424226473
248170,샘표식품(주),중견,False,비대상,108,샘표식품 주식회사,의무,2025,3478516827.0,396010099635.0,0.008783909375559177,3천억~5천억,중견-비대상,소형·업무시간,지원비 가동시간만,18031200.0,0.005183588551316788,0.03455725700877859,0.02468375500627042
248170,샘표식품(주),중견,False,비대상,108,샘표식품 주식회사,의무,2025,3478516827.0,396010099635.0,0.008783909375559177,3천억~5천억,중견-비대상,소형·상시,지원비 상시,59830800.0,0.017200089283914796,0.11466726189276533,0.08190518706626095
248170,샘표식품(주),중견,False,비대상,108,샘표식품 주식회사,의무,2025,3478516827.0,396010099635.0,0.008783909375559177,3천억~5천억,중견-비대상,소형·상시,지원비 가동시간만,59830800.0,0.017200089283914796,0.11466726189276533,0.08190518706626095
248170,샘표식품(주),중견,False,비대상,108,샘표식품 주식회사,의무,2025,3478516827.0,396010099635.0,0.008783909375559177,3천억~5천억,중견-비대상,중형·업무시간,지원비 상시,76288368.0,0.021931291925298482,0.14620861283532324,0.10443472345380231
248170,샘표식품(주),중견,False,비대상,108,샘표식품 주식회사,의무,2025,3478516827.0,396010099635.0,0.008783909375559177,3천억~5천억,중견-비대상,중형·업무시간,지원비 가동시간만,51208608.0,0.014721391485739678,0.09814260990493119,0.070101864217808
248170,샘표식품(주),중견,False,비대상,108,샘표식품 주식회사,의무,2025,3478516827.0,396010099635.0,0.008783909375559177,3천억~5천억,중견-비대상,중형·상시,지원비 상시,169919472.0,0.04884825356631802,0.3256550237754535,0.23261073126818108
248170,샘표식품(주),중견,False,비대상,108,샘표식품 주식회사,의무,2025,3478516827.0,396010099635.0,0.008783909375559177,3천억~5천억,중견-비대상,중형·상시,지원비 가동시간만,169919472.0,0.04884825356631802,0.3256550237754535,0.23261073126818108
248170,샘표식품(주),중견,False,비대상,108,샘표식품 주식회사,의무,2025,3478516827.0,396010099635.0,0.008783909375559177,3천억~5천억,중견-비대상,대형·상시,지원비 상시,270435216.0,0.07774440356329489,0.5182960237552993,0.3702114455394995
248170,샘표식품(주),중견,False,비대상,108,샘표식품 주식회사,의무,2025,3478516827.0,396010099635.0,0.008783909375559177,3천억~5천억,중견-비대상,대형·상시,지원비 가동시간만,270435216.0,0.07774440356329489,0.5182960237552993,0.3702114455394995
264900,(주)크라운제과,중견,False,비대상,106,(주)크라운제과,의무,2025,1622808096.0,444838419779.0,0.0036480843916454576,3천억~5천억,중견-비대상,소형·업무시간,지원비 상시,43110960.0,0.026565654994119527,0.17710436662746354,0.1265031190196168
264900,(주)크라운제과,중견,False,비대상,106,(주)크라운제과,의무,2025,1622808096.0,444838419779.0,0.0036480843916454576,3천억~5천억,중견-비대상,소형·업무시간,지원비 가동시간만,18031200.0,0.01111111045381425,0.07407406969209501,0.052910049780067865
264900,(주)크라운제과,중견,False,비대상,106,(주)크라운제과,의무,2025,1622808096.0,444838419779.0,0.0036480843916454576,3천억~5천억,중견-비대상,소형·상시,지원비 상시,59830800.0,0.036868684687656375,0.24579123125104255,0.17556516517931609
264900,(주)크라운제과,중견,False,비대상,106,(주)크라운제과,의무,2025,1622808096.0,444838419779.0,0.0036480843916454576,3천억~5천억,중견-비대상,소형·상시,지원비 가동시간만,59830800.0,0.036868684687656375,0.24579123125104255,0.17556516517931609
264900,(주)크라운제과,중견,False,비대상,106,(주)크라운제과,의무,2025,1622808096.0,444838419779.0,0.0036480843916454576,3천억~5천억,중견-비대상,중형·업무시간,지원비 상시,76288368.0,0.04701009822913775,0.31340065486091834,0.22385761061494167
264900,(주)크라운제과,중견,False,비대상,106,(주)크라운제과,의무,2025,1622808096.0,444838419779.0,0.0036480843916454576,3천억~5천억,중견-비대상,중형·업무시간,지원비 가동시간만,51208608.0,0.03155555368883247,0.21037035792554984,0.15026454137539275
264900,(주)크라운제과,중견,False,비대상,106,(주)크라운제과,의무,2025,1622808096.0,444838419779.0,0.0036480843916454576,3천억~5천억,중견-비대상,중형·상시,지원비 상시,169919472.0,0.1047070645129441,0.6980470967529608,0.4986050691092577
264900,(주)크라운제과,중견,False,비대상,106,(주)크라운제과,의무,2025,1622808096.0,444838419779.0,0.0036480843916454576,3천억~5천억,중견-비대상,중형·상시,지원비 가동시간만,169919472.0,0.1047070645129441,0.6980470967529608,0.4986050691092577
264900,(주)크라운제과,중견,False,비대상,106,(주)크라운제과,의무,2025,1622808096.0,444838419779.0,0.0036480843916454576,3천억~5천억,중견-비대상,대형·상시,지원비 상시,270435216.0,0.16664645478820683,1.1109763652547122,0.7935545466105087
264900,(주)크라운제과,중견,False,비대상,106,(주)크라운제과,의무,2025,1622808096.0,444838419779.0,0.0036480843916454576,3천억~5천억,중견-비대상,대형·상시,지원비 가동시간만,270435216.0,0.16664645478820683,1.1109763652547122,0.7935545466105087
009450,(주)경동나비엔,중견,False,비대상,28520,주식회사 경동나비엔,의무,2025,27780926703.0,1263544598017.0,0.02198650268981343,1조~5조,중견-비대상,소형·업무시간,지원비 상시,43110960.0,0.001551818643808759,0.010345457625391727,0.007389612589565519
009450,(주)경동나비엔,중견,False,비대상,28520,주식회사 경동나비엔,의무,2025,27780926703.0,1263544598017.0,0.02198650268981343,1조~5조,중견-비대상,소형·업무시간,지원비 가동시간만,18031200.0,0.0006490496228857927,0.004326997485905286,0.0030907124899323462
009450,(주)경동나비엔,중견,False,비대상,28520,주식회사 경동나비엔,의무,2025,27780926703.0,1263544598017.0,0.02198650268981343,1조~5조,중견-비대상,소형·상시,지원비 상시,59830800.0,0.0021536646577574032,0.014357764385049356,0.010255545989320968
009450,(주)경동나비엔,중견,False,비대상,28520,주식회사 경동나비엔,의무,2025,27780926703.0,1263544598017.0,0.02198650268981343,1조~5조,중견-비대상,소형·상시,지원비 가동시간만,59830800.0,0.0021536646577574032,0.014357764385049356,0.010255545989320968
009450,(주)경동나비엔,중견,False,비대상,28520,주식회사 경동나비엔,의무,2025,27780926703.0,1263544598017.0,0.02198650268981343,1조~5조,중견-비대상,중형·업무시간,지원비 상시,76288368.0,0.0027460699499186176,0.01830713299945745,0.013076523571041037
009450,(주)경동나비엔,중견,False,비대상,28520,주식회사 경동나비엔,의무,2025,27780926703.0,1263544598017.0,0.02198650268981343,1조~5조,중견-비대상,중형·업무시간,지원비 가동시간만,51208608.0,0.0018433009289956514,0.01228867285997101,0.008777623471407864
009450,(주)경동나비엔,중견,False,비대상,28520,주식회사 경동나비엔,의무,2025,27780926703.0,1263544598017.0,0.02198650268981343,1조~5조,중견-비대상,중형·상시,지원비 상시,169919472.0,0.0061164076280310255,0.04077605085354017,0.029125750609671548
009450,(주)경동나비엔,중견,False,비대상,28520,주식회사 경동나비엔,의무,2025,27780926703.0,1263544598017.0,0.02198650268981343,1조~5조,중견-비대상,중형·상시,지원비 가동시간만,169919472.0,0.0061164076280310255,0.04077605085354017,0.029125750609671548
009450,(주)경동나비엔,중견,False,비대상,28520,주식회사 경동나비엔,의무,2025,27780926703.0,1263544598017.0,0.02198650268981343,1조~5조,중견-비대상,대형·상시,지원비 상시,270435216.0,0.009734564253063462,0.06489709502042308,0.04635506787173077
009450,(주)경동나비엔,중견,False,비대상,28520,주식회사 경동나비엔,의무,2025,27780926703.0,1263544598017.0,0.02198650268981343,1조~5조,중견-비대상,대형·상시,지원비 가동시간만,270435216.0,0.009734564253063462,0.06489709502042308,0.04635506787173077
023410,유진기업(주),중견,False,비대상,23322,유진기업 (주),의무,2025,7647846917.0,746219587758.0,0.010248788751281355,5천억~1조,중견-비대상,소형·업무시간,지원비 상시,43110960.0,0.005637006136219973,0.037580040908133154,0.02684288636295225
023410,유진기업(주),중견,False,비대상,23322,유진기업 (주),의무,2025,7647846917.0,746219587758.0,0.010248788751281355,5천억~1조,중견-비대상,소형·업무시간,지원비 가동시간만,18031200.0,0.0023576831748448553,0.01571788783229904,0.011227062737356455
023410,유진기업(주),중견,False,비대상,23322,유진기업 (주),의무,2025,7647846917.0,746219587758.0,0.010248788751281355,5천억~1조,중견-비대상,소형·상시,지원비 상시,59830800.0,0.007823221443803385,0.052154809625355895,0.03725343544668278
023410,유진기업(주),중견,False,비대상,23322,유진기업 (주),의무,2025,7647846917.0,746219587758.0,0.010248788751281355,5천억~1조,중견-비대상,소형·상시,지원비 가동시간만,59830800.0,0.007823221443803385,0.052154809625355895,0.03725343544668278
023410,유진기업(주),중견,False,비대상,23322,유진기업 (주),의무,2025,7647846917.0,746219587758.0,0.010248788751281355,5천억~1조,중견-비대상,중형·업무시간,지원비 상시,76288368.0,0.009975143177934506,0.06650095451956338,0.04750068179968813
023410,유진기업(주),중견,False,비대상,23322,유진기업 (주),의무,2025,7647846917.0,746219587758.0,0.010248788751281355,5천억~1조,중견-비대상,중형·업무시간,지원비 가동시간만,51208608.0,0.006695820216559389,0.04463880144372927,0.03188485817409233
023410,유진기업(주),중견,False,비대상,23322,유진기업 (주),의무,2025,7647846917.0,746219587758.0,0.010248788751281355,5천억~1조,중견-비대상,중형·상시,지원비 상시,169919472.0,0.022217948900401612,0.14811965933601073,0.1057997566685791
023410,유진기업(주),중견,False,비대상,23322,유진기업 (주),의무,2025,7647846917.0,746219587758.0,0.010248788751281355,5천억~1조,중견-비대상,중형·상시,지원비 가동시간만,169919472.0,0.022217948900401612,0.14811965933601073,0.1057997566685791
023410,유진기업(주),중견,False,비대상,23322,유진기업 (주),의무,2025,7647846917.0,746219587758.0,0.010248788751281355,5천억~1조,중견-비대상,대형·상시,지원비 상시,270435216.0,0.035360960925991294,0.23573973950660865,0.16838552821900618
023410,유진기업(주),중견,False,비대상,23322,유진기업 (주),의무,2025,7647846917.0,746219587758.0,0.010248788751281355,5천억~1조,중견-비대상,대형·상시,지원비 가동시간만,270435216.0,0.035360960925991294,0.23573973950660865,0.16838552821900618
005850,에스엘(주),중견,False,2차 후보(확인 필요),303,에스엘 주식회사,의무,2025,42637327101.0,2969029410392.0,0.014360695435270413,1조~5조,중견-2차 후보,소형·업무시간,지원비 상시,43110960.0,0.001011108409724607,0.006740722731497381,0.004814801951069558
005850,에스엘(주),중견,False,2차 후보(확인 필요),303,에스엘 주식회사,의무,2025,42637327101.0,2969029410392.0,0.014360695435270413,1조~5조,중견-2차 후보,소형·업무시간,지원비 가동시간만,18031200.0,0.00042289705349698396,0.002819313689979893,0.002013795492842781
005850,에스엘(주),중견,False,2차 후보(확인 필요),303,에스엘 주식회사,의무,2025,42637327101.0,2969029410392.0,0.014360695435270413,1조~5조,중견-2차 후보,소형·상시,지원비 상시,59830800.0,0.0014032493138763558,0.009354995425842373,0.006682139589887409
005850,에스엘(주),중견,False,2차 후보(확인 필요),303,에스엘 주식회사,의무,2025,42637327101.0,2969029410392.0,0.014360695435270413,1조~5조,중견-2차 후보,소형·상시,지원비 가동시간만,59830800.0,0.0014032493138763558,0.009354995425842373,0.006682139589887409
005850,에스엘(주),중견,False,2차 후보(확인 필요),303,에스엘 주식회사,의무,2025,42637327101.0,2969029410392.0,0.014360695435270413,1조~5조,중견-2차 후보,중형·업무시간,지원비 상시,76288368.0,0.0017892389881590575,0.011928259921060384,0.008520185657900275
005850,에스엘(주),중견,False,2차 후보(확인 필요),303,에스엘 주식회사,의무,2025,42637327101.0,2969029410392.0,0.014360695435270413,1조~5조,중견-2차 후보,중형·업무시간,지원비 가동시간만,51208608.0,0.0012010276319314344,0.008006850879542896,0.005719179199673498
005850,에스엘(주),중견,False,2차 후보(확인 필요),303,에스엘 주식회사,의무,2025,42637327101.0,2969029410392.0,0.014360695435270413,1조~5조,중견-2차 후보,중형·상시,지원비 상시,169919472.0,0.003985228051408851,0.026568187009392338,0.018977276435280244
005850,에스엘(주),중견,False,2차 후보(확인 필요),303,에스엘 주식회사,의무,2025,42637327101.0,2969029410392.0,0.014360695435270413,1조~5조,중견-2차 후보,중형·상시,지원비 가동시간만,169919472.0,0.003985228051408851,0.026568187009392338,0.018977276435280244
005850,에스엘(주),중견,False,2차 후보(확인 필요),303,에스엘 주식회사,의무,2025,42637327101.0,2969029410392.0,0.014360695435270413,1조~5조,중견-2차 후보,대형·상시,지원비 상시,270435216.0,0.006342686898721128,0.042284579324807524,0.030203270946291088
005850,에스엘(주),중견,False,2차 후보(확인 필요),303,에스엘 주식회사,의무,2025,42637327101.0,2969029410392.0,0.014360695435270413,1조~5조,중견-2차 후보,대형·상시,지원비 가동시간만,270435216.0,0.006342686898721128,0.042284579324807524,0.030203270946291088
086450,동국제약(주),중견,False,비대상,212,동국제약(주),의무,2025,8233420526.0,766904458040.0,0.010735914284606445,5천억~1조,중견-비대상,소형·업무시간,지원비 상시,43110960.0,0.005236093536563761,0.03490729024375841,0.02493377874554172
086450,동국제약(주),중견,False,비대상,212,동국제약(주),의무,2025,8233420526.0,766904458040.0,0.010735914284606445,5천억~1조,중견-비대상,소형·업무시간,지원비 가동시간만,18031200.0,0.002190001098943018,0.014600007326286787,0.010428576661633418
086450,동국제약(주),중견,False,비대상,212,동국제약(주),의무,2025,8233420526.0,766904458040.0,0.010735914284606445,5천억~1조,중견-비대상,소형·상시,지원비 상시,59830800.0,0.007266821828310923,0.048445478855406156,0.03460391346814725
086450,동국제약(주),중견,False,비대상,212,동국제약(주),의무,2025,8233420526.0,766904458040.0,0.010735914284606445,5천억~1조,중견-비대상,소형·상시,지원비 가동시간만,59830800.0,0.007266821828310923,0.048445478855406156,0.03460391346814725
086450,동국제약(주),중견,False,비대상,212,동국제약(주),의무,2025,8233420526.0,766904458040.0,0.010735914284606445,5천억~1조,중견-비대상,중형·업무시간,지원비 상시,76288368.0,0.009265695558618914,0.0617713037241261,0.04412235980294721
086450,동국제약(주),중견,False,비대상,212,동국제약(주),의무,2025,8233420526.0,766904458040.0,0.010735914284606445,5천억~1조,중견-비대상,중형·업무시간,지원비 가동시간만,51208608.0,0.0062196031209981704,0.04146402080665448,0.029617157719038906
086450,동국제약(주),중견,False,비대상,212,동국제약(주),의무,2025,8233420526.0,766904458040.0,0.010735914284606445,5천억~1조,중견-비대상,중형·상시,지원비 상시,169919472.0,0.020637773992403022,0.1375851599493535,0.09827511424953819
086450,동국제약(주),중견,False,비대상,212,동국제약(주),의무,2025,8233420526.0,766904458040.0,0.010735914284606445,5천억~1조,중견-비대상,중형·상시,지원비 가동시간만,169919472.0,0.020637773992403022,0.1375851599493535,0.09827511424953819
086450,동국제약(주),중견,False,비대상,212,동국제약(주),의무,2025,8233420526.0,766904458040.0,0.010735914284606445,5천억~1조,중견-비대상,대형·상시,지원비 상시,270435216.0,0.03284603466396537,0.21897356442643584,0.15640968887602558
086450,동국제약(주),중견,False,비대상,212,동국제약(주),의무,2025,8233420526.0,766904458040.0,0.010735914284606445,5천억~1조,중견-비대상,대형·상시,지원비 가동시간만,270435216.0,0.03284603466396537,0.21897356442643584,0.15640968887602558
083450,(주)글로벌스탠다드테크놀로지,중견,False,비대상,29271,글로벌스탠다드테크놀로지,의무,2025,4966895700.0,337312845528.0,0.014724893421195555,3천억~5천억,중견-비대상,소형·업무시간,지원비 상시,43110960.0,0.008679658805800976,0.05786439203867317,0.04133170859905226
083450,(주)글로벌스탠다드테크놀로지,중견,False,비대상,29271,글로벌스탠다드테크놀로지,의무,2025,4966895700.0,337312845528.0,0.014724893421195555,3천억~5천억,중견-비대상,소형·업무시간,지원비 가동시간만,18031200.0,0.003630275546152499,0.024201836974349994,0.017287026410249998
083450,(주)글로벌스탠다드테크놀로지,중견,False,비대상,29271,글로벌스탠다드테크놀로지,의무,2025,4966895700.0,337312845528.0,0.014724893421195555,3천억~5천억,중견-비대상,소형·상시,지원비 상시,59830800.0,0.012045914312233293,0.08030609541488862,0.05736149672492044
083450,(주)글로벌스탠다드테크놀로지,중견,False,비대상,29271,글로벌스탠다드테크놀로지,의무,2025,4966895700.0,337312845528.0,0.014724893421195555,3천억~5천억,중견-비대상,소형·상시,지원비 가동시간만,59830800.0,0.012045914312233293,0.08030609541488862,0.05736149672492044
083450,(주)글로벌스탠다드테크놀로지,중견,False,비대상,29271,글로벌스탠다드테크놀로지,의무,2025,4966895700.0,337312845528.0,0.014724893421195555,3천억~5천억,중견-비대상,중형·업무시간,지원비 상시,76288368.0,0.015359365810721575,0.10239577207147715,0.07313983719391226
083450,(주)글로벌스탠다드테크놀로지,중견,False,비대상,29271,글로벌스탠다드테크놀로지,의무,2025,4966895700.0,337312845528.0,0.014724893421195555,3천억~5천억,중견-비대상,중형·업무시간,지원비 가동시간만,51208608.0,0.010309982551073097,0.06873321700715398,0.04909515500510999
083450,(주)글로벌스탠다드테크놀로지,중견,False,비대상,29271,글로벌스탠다드테크놀로지,의무,2025,4966895700.0,337312845528.0,0.014724893421195555,3천억~5천억,중견-비대상,중형·상시,지원비 상시,169919472.0,0.03421039664674255,0.22806931097828367,0.16290665069877405
083450,(주)글로벌스탠다드테크놀로지,중견,False,비대상,29271,글로벌스탠다드테크놀로지,의무,2025,4966895700.0,337312845528.0,0.014724893421195555,3천억~5천억,중견-비대상,중형·상시,지원비 가동시간만,169919472.0,0.03421039664674255,0.22806931097828367,0.16290665069877405
083450,(주)글로벌스탠다드테크놀로지,중견,False,비대상,29271,글로벌스탠다드테크놀로지,의무,2025,4966895700.0,337312845528.0,0.014724893421195555,3천억~5천억,중견-비대상,대형·상시,지원비 상시,270435216.0,0.05444753269129449,0.3629835512752966,0.2592739651966404
083450,(주)글로벌스탠다드테크놀로지,중견,False,비대상,29271,글로벌스탠다드테크놀로지,의무,2025,4966895700.0,337312845528.0,0.014724893421195555,3천억~5천억,중견-비대상,대형·상시,지원비 가동시간만,270435216.0,0.05444753269129449,0.3629835512752966,0.2592739651966404
005010,(주)휴스틸,중견,False,1차(2027),2413,주식회사 휴스틸,의무,2025,1101618707.0,461857122739.0,0.00238519371633148,3천억~5천억,중견-1차(2027),소형·업무시간,지원비 상시,43110960.0,0.03913419382410687,0.26089462549404585,0.18635330392431845
005010,(주)휴스틸,중견,False,1차(2027),2413,주식회사 휴스틸,의무,2025,1101618707.0,461857122739.0,0.00238519371633148,3천억~5천억,중견-1차(2027),소형·업무시간,지원비 가동시간만,18031200.0,0.016367913766736717,0.10911942511157811,0.07794244650827008
005010,(주)휴스틸,중견,False,1차(2027),2413,주식회사 휴스틸,의무,2025,1101618707.0,461857122739.0,0.00238519371633148,3천억~5천억,중견-1차(2027),소형·상시,지원비 상시,59830800.0,0.054311713862353644,0.362078092415691,0.2586272088683507
005010,(주)휴스틸,중견,False,1차(2027),2413,주식회사 휴스틸,의무,2025,1101618707.0,461857122739.0,0.00238519371633148,3천억~5천억,중견-1차(2027),소형·상시,지원비 가동시간만,59830800.0,0.054311713862353644,0.362078092415691,0.2586272088683507
005010,(주)휴스틸,중견,False,1차(2027),2413,주식회사 휴스틸,의무,2025,1101618707.0,461857122739.0,0.00238519371633148,3천억~5천억,중견-1차(2027),중형·업무시간,지원비 상시,76288368.0,0.06925115515490243,0.4616743676993496,0.32976740549953537
005010,(주)휴스틸,중견,False,1차(2027),2413,주식회사 휴스틸,의무,2025,1101618707.0,461857122739.0,0.00238519371633148,3천억~5천억,중견-1차(2027),중형·업무시간,지원비 가동시간만,51208608.0,0.04648487509753227,0.30989916731688183,0.221356548083487
005010,(주)휴스틸,중견,False,1차(2027),2413,주식회사 휴스틸,의무,2025,1101618707.0,461857122739.0,0.00238519371633148,3천억~5천억,중견-1차(2027),중형·상시,지원비 상시,169919472.0,0.15424526736908437,1.0283017824605625,0.734501273186116
005010,(주)휴스틸,중견,False,1차(2027),2413,주식회사 휴스틸,의무,2025,1101618707.0,461857122739.0,0.00238519371633148,3천억~5천억,중견-1차(2027),중형·상시,지원비 가동시간만,169919472.0,0.15424526736908437,1.0283017824605625,0.734501273186116
005010,(주)휴스틸,중견,False,1차(2027),2413,주식회사 휴스틸,의무,2025,1101618707.0,461857122739.0,0.00238519371633148,3천억~5천억,중견-1차(2027),대형·상시,지원비 상시,270435216.0,0.2454889466578385,1.6365929777189234,1.1689949840849452
005010,(주)휴스틸,중견,False,1차(2027),2413,주식회사 휴스틸,의무,2025,1101618707.0,461857122739.0,0.00238519371633148,3천억~5천억,중견-1차(2027),대형·상시,지원비 가동시간만,270435216.0,0.2454889466578385,1.6365929777189234,1.1689949840849452
003520,영진약품(주),대기업,False,비대상,212,영진약품주식회사,자율,2025,1284290000.0,254255894053.0,0.005051171005429231,3천억 미만,대기업,소형·업무시간,지원비 상시,43110960.0,0.03356793247630987,0.22378621650873246,0.15984729750623747
003520,영진약품(주),대기업,False,비대상,212,영진약품주식회사,자율,2025,1284290000.0,254255894053.0,0.005051171005429231,3천억 미만,대기업,소형·업무시간,지원비 가동시간만,18031200.0,0.014039819666897664,0.09359879777931776,0.06685628412808411
003520,영진약품(주),대기업,False,비대상,212,영진약품주식회사,자율,2025,1284290000.0,254255894053.0,0.005051171005429231,3천억 미만,대기업,소형·상시,지원비 상시,59830800.0,0.04658667434925134,0.3105778289950089,0.22184130642500638
003520,영진약품(주),대기업,False,비대상,212,영진약품주식회사,자율,2025,1284290000.0,254255894053.0,0.005051171005429231,3천억 미만,대기업,소형·상시,지원비 가동시간만,59830800.0,0.04658667434925134,0.3105778289950089,0.22184130642500638
003520,영진약품(주),대기업,False,비대상,212,영진약품주식회사,자율,2025,1284290000.0,254255894053.0,0.005051171005429231,3천억 미만,대기업,중형·업무시간,지원비 상시,76288368.0,0.05940120066340157,0.39600800442267714,0.2828628603019122
003520,영진약품(주),대기업,False,비대상,212,영진약품주식회사,자율,2025,1284290000.0,254255894053.0,0.005051171005429231,3천억 미만,대기업,중형·업무시간,지원비 가동시간만,51208608.0,0.03987308785398937,0.26582058569326245,0.18987184692375889
003520,영진약품(주),대기업,False,비대상,212,영진약품주식회사,자율,2025,1284290000.0,254255894053.0,0.005051171005429231,3천억 미만,대기업,중형·상시,지원비 상시,169919472.0,0.1323061551518738,0.8820410343458254,0.6300293102470181
003520,영진약품(주),대기업,False,비대상,212,영진약품주식회사,자율,2025,1284290000.0,254255894053.0,0.005051171005429231,3천억 미만,대기업,중형·상시,지원비 가동시간만,169919472.0,0.1323061551518738,0.8820410343458254,0.6300293102470181
003520,영진약품(주),대기업,False,비대상,212,영진약품주식회사,자율,2025,1284290000.0,254255894053.0,0.005051171005429231,3천억 미만,대기업,대형·상시,지원비 상시,270435216.0,0.21057176805861605,1.4038117870574403,1.0027227050410288
003520,영진약품(주),대기업,False,비대상,212,영진약품주식회사,자율,2025,1284290000.0,254255894053.0,0.005051171005429231,3천억 미만,대기업,대형·상시,지원비 가동시간만,270435216.0,0.21057176805861605,1.4038117870574403,1.0027227050410288
002390,(주)한독,중견,False,비대상,212,(주)한독,의무,2025,11263542125.0,520261293469.0,0.02164977919056195,5천억~1조,중견-비대상,소형·업무시간,지원비 상시,43110960.0,0.00382747802792099,0.025516520186139934,0.01822608584724281
002390,(주)한독,중견,False,비대상,212,(주)한독,의무,2025,11263542125.0,520261293469.0,0.02164977919056195,5천억~1조,중견-비대상,소형·업무시간,지원비 가동시간만,18031200.0,0.0016008463234650529,0.010672308823100354,0.007623077730785966
002390,(주)한독,중견,False,비대상,212,(주)한독,의무,2025,11263542125.0,520261293469.0,0.02164977919056195,5천억~1조,중견-비대상,소형·상시,지원비 상시,59830800.0,0.005311899164224949,0.03541266109483299,0.025294757924880708
002390,(주)한독,중견,False,비대상,212,(주)한독,의무,2025,11263542125.0,520261293469.0,0.02164977919056195,5천억~1조,중견-비대상,소형·상시,지원비 가동시간만,59830800.0,0.005311899164224949,0.03541266109483299,0.025294757924880708
002390,(주)한독,중견,False,비대상,212,(주)한독,의무,2025,11263542125.0,520261293469.0,0.02164977919056195,5천억~1조,중견-비대상,중형·업무시간,지원비 상시,76288368.0,0.006773035263096688,0.04515356842064459,0.03225254887188899
002390,(주)한독,중견,False,비대상,212,(주)한독,의무,2025,11263542125.0,520261293469.0,0.02164977919056195,5천억~1조,중견-비대상,중형·업무시간,지원비 가동시간만,51208608.0,0.00454640355864075,0.030309357057605003,0.021649540755432146
002390,(주)한독,중견,False,비대상,212,(주)한독,의무,2025,11263542125.0,520261293469.0,0.02164977919056195,5천억~1조,중견-비대상,중형·상시,지원비 상시,169919472.0,0.015085793626398853,0.1005719575093257,0.07183711250666121
002390,(주)한독,중견,False,비대상,212,(주)한독,의무,2025,11263542125.0,520261293469.0,0.02164977919056195,5천억~1조,중견-비대상,중형·상시,지원비 가동시간만,169919472.0,0.015085793626398853,0.1005719575093257,0.07183711250666121
002390,(주)한독,중견,False,비대상,212,(주)한독,의무,2025,11263542125.0,520261293469.0,0.02164977919056195,5천억~1조,중견-비대상,대형·상시,지원비 상시,270435216.0,0.024009784222296767,0.1600652281486451,0.11433230582046079
002390,(주)한독,중견,False,비대상,212,(주)한독,의무,2025,11263542125.0,520261293469.0,0.02164977919056195,5천억~1조,중견-비대상,대형·상시,지원비 가동시간만,270435216.0,0.024009784222296767,0.1600652281486451,0.11433230582046079
005720,(주)넥센,중견,False,비대상,221,(주)넥센,의무,2025,2280809175.0,580785146202.0,0.003927113477187178,5천억~1조,중견-비대상,소형·업무시간,지원비 상시,43110960.0,0.01890160758407156,0.12601071722714374,0.09000765516224553
005720,(주)넥센,중견,False,비대상,221,(주)넥센,의무,2025,2280809175.0,580785146202.0,0.003927113477187178,5천억~1조,중견-비대상,소형·업무시간,지원비 가동시간만,18031200.0,0.00790561533934552,0.052704102262303466,0.037645787330216764
005720,(주)넥센,중견,False,비대상,221,(주)넥센,의무,2025,2280809175.0,580785146202.0,0.003927113477187178,5천억~1조,중견-비대상,소형·상시,지원비 상시,59830800.0,0.02623226908055559,0.1748817938703706,0.1249155670502647
005720,(주)넥센,중견,False,비대상,221,(주)넥센,의무,2025,2280809175.0,580785146202.0,0.003927113477187178,5천억~1조,중견-비대상,소형·상시,지원비 가동시간만,59830800.0,0.02623226908055559,0.1748817938703706,0.1249155670502647
005720,(주)넥센,중견,False,비대상,221,(주)넥센,의무,2025,2280809175.0,580785146202.0,0.003927113477187178,5천억~1조,중견-비대상,중형·업무시간,지원비 상시,76288368.0,0.03344793980846732,0.2229862653897821,0.15927590384984436
005720,(주)넥센,중견,False,비대상,221,(주)넥센,의무,2025,2280809175.0,580785146202.0,0.003927113477187178,5천억~1조,중견-비대상,중형·업무시간,지원비 가동시간만,51208608.0,0.022451947563741276,0.14967965042494183,0.1069140360178156
005720,(주)넥센,중견,False,비대상,221,(주)넥센,의무,2025,2280809175.0,580785146202.0,0.003927113477187178,5천억~1조,중견-비대상,중형·상시,지원비 상시,169919472.0,0.07449964418877787,0.49666429459185246,0.35476021042275174
005720,(주)넥센,중견,False,비대상,221,(주)넥센,의무,2025,2280809175.0,580785146202.0,0.003927113477187178,5천억~1조,중견-비대상,중형·상시,지원비 가동시간만,169919472.0,0.07449964418877787,0.49666429459185246,0.35476021042275174
005720,(주)넥센,중견,False,비대상,221,(주)넥센,의무,2025,2280809175.0,580785146202.0,0.003927113477187178,5천억~1조,중견-비대상,대형·상시,지원비 상시,270435216.0,0.11856985624411126,0.790465708294075,0.5646183630671965
005720,(주)넥센,중견,False,비대상,221,(주)넥센,의무,2025,2280809175.0,580785146202.0,0.003927113477187178,5천억~1조,중견-비대상,대형·상시,지원비 가동시간만,270435216.0,0.11856985624411126,0.790465708294075,0.5646183630671965
004710,한솔테크닉스(주),중견,False,비대상,26299,한솔테크닉스(주),의무,2025,3005855754.0,549743934298.0,0.005467737916632681,5천억~1조,중견-비대상,소형·업무시간,지원비 상시,43110960.0,0.014342324957753113,0.09561549971835409,0.06829678551311005
004710,한솔테크닉스(주),중견,False,비대상,26299,한솔테크닉스(주),의무,2025,3005855754.0,549743934298.0,0.005467737916632681,5천억~1조,중견-비대상,소형·업무시간,지원비 가동시간만,18031200.0,0.005998691046968982,0.039991273646459886,0.028565195461757058
004710,한솔테크닉스(주),중견,False,비대상,26299,한솔테크닉스(주),의무,2025,3005855754.0,549743934298.0,0.005467737916632681,5천억~1조,중견-비대상,소형·상시,지원비 상시,59830800.0,0.019904747564942534,0.13269831709961688,0.09478451221401206
004710,한솔테크닉스(주),중견,False,비대상,26299,한솔테크닉스(주),의무,2025,3005855754.0,549743934298.0,0.005467737916632681,5천억~1조,중견-비대상,소형·상시,지원비 가동시간만,59830800.0,0.019904747564942534,0.13269831709961688,0.09478451221401206
004710,한솔테크닉스(주),중견,False,비대상,26299,한솔테크닉스(주),의무,2025,3005855754.0,549743934298.0,0.005467737916632681,5천억~1조,중견-비대상,중형·업무시간,지원비 상시,76288368.0,0.02537991648417604,0.16919944322784028,0.12085674516274304
004710,한솔테크닉스(주),중견,False,비대상,26299,한솔테크닉스(주),의무,2025,3005855754.0,549743934298.0,0.005467737916632681,5천억~1조,중견-비대상,중형·업무시간,지원비 가동시간만,51208608.0,0.01703628257339191,0.11357521715594608,0.08112515511139004
004710,한솔테크닉스(주),중견,False,비대상,26299,한솔테크닉스(주),의무,2025,3005855754.0,549743934298.0,0.005467737916632681,5천억~1조,중견-비대상,중형·상시,지원비 상시,169919472.0,0.05652948308443679,0.376863220562912,0.26918801468779424
004710,한솔테크닉스(주),중견,False,비대상,26299,한솔테크닉스(주),의무,2025,3005855754.0,549743934298.0,0.005467737916632681,5천억~1조,중견-비대상,중형·상시,지원비 가동시간만,169919472.0,0.05652948308443679,0.376863220562912,0.26918801468779424
004710,한솔테크닉스(주),중견,False,비대상,26299,한솔테크닉스(주),의무,2025,3005855754.0,549743934298.0,0.005467737916632681,5천억~1조,중견-비대상,대형·상시,지원비 상시,270435216.0,0.08996945899354025,0.5997963932902683,0.4284259952073345
004710,한솔테크닉스(주),중견,False,비대상,26299,한솔테크닉스(주),의무,2025,3005855754.0,549743934298.0,0.005467737916632681,5천억~1조,중견-비대상,대형·상시,지원비 가동시간만,270435216.0,0.08996945899354025,0.5997963932902683,0.4284259952073345
068760,(주)셀트리온제약,대기업,False,비대상,212,(주)셀트리온제약,의무,2025,3639496938.0,536400308882.0,0.006785038855748747,5천억~1조,대기업,소형·업무시간,지원비 상시,43110960.0,0.01184530739671143,0.07896871597807621,0.056406225698625856
068760,(주)셀트리온제약,대기업,False,비대상,212,(주)셀트리온제약,의무,2025,3639496938.0,536400308882.0,0.006785038855748747,5천억~1조,대기업,소형·업무시간,지원비 가동시간만,18031200.0,0.0049543110784724615,0.03302874052314975,0.02359195751653553
068760,(주)셀트리온제약,대기업,False,비대상,212,(주)셀트리온제약,의무,2025,3639496938.0,536400308882.0,0.006785038855748747,5천억~1조,대기업,소형·상시,지원비 상시,59830800.0,0.016439304942204077,0.10959536628136052,0.07828240448668607
068760,(주)셀트리온제약,대기업,False,비대상,212,(주)셀트리온제약,의무,2025,3639496938.0,536400308882.0,0.006785038855748747,5천억~1조,대기업,소형·상시,지원비 가동시간만,59830800.0,0.016439304942204077,0.10959536628136052,0.07828240448668607
068760,(주)셀트리온제약,대기업,False,비대상,212,(주)셀트리온제약,의무,2025,3639496938.0,536400308882.0,0.006785038855748747,5천억~1조,대기업,중형·업무시간,지원비 상시,76288368.0,0.020961239781100757,0.13974159854067175,0.09981542752905123
068760,(주)셀트리온제약,대기업,False,비대상,212,(주)셀트리온제약,의무,2025,3639496938.0,536400308882.0,0.006785038855748747,5천억~1조,대기업,중형·업무시간,지원비 가동시간만,51208608.0,0.01407024346286179,0.09380162308574527,0.0670011593469609
068760,(주)셀트리온제약,대기업,False,비대상,212,(주)셀트리온제약,의무,2025,3639496938.0,536400308882.0,0.006785038855748747,5천억~1조,대기업,중형·상시,지원비 상시,169919472.0,0.046687626035859575,0.31125084023906385,0.22232202874218845
068760,(주)셀트리온제약,대기업,False,비대상,212,(주)셀트리온제약,의무,2025,3639496938.0,536400308882.0,0.006785038855748747,5천억~1조,대기업,중형·상시,지원비 가동시간만,169919472.0,0.046687626035859575,0.31125084023906385,0.22232202874218845
068760,(주)셀트리온제약,대기업,False,비대상,212,(주)셀트리온제약,의무,2025,3639496938.0,536400308882.0,0.006785038855748747,5천억~1조,대기업,대형·상시,지원비 상시,270435216.0,0.07430565833876242,0.49537105559174954,0.35383646827982107
068760,(주)셀트리온제약,대기업,False,비대상,212,(주)셀트리온제약,의무,2025,3639496938.0,536400308882.0,0.006785038855748747,5천억~1조,대기업,대형·상시,지원비 가동시간만,270435216.0,0.07430565833876242,0.49537105559174954,0.35383646827982107
161390,한국타이어앤테크놀로지(주),대기업,False,비대상,221,한국타이어앤테크놀로지(주),의무,2025,43409325779.0,3648437885609.0,0.011898058056634308,1조~5조,대기업,소형·업무시간,지원비 상시,43110960.0,0.0009931266894003606,0.006620844596002404,0.004729174711430289
161390,한국타이어앤테크놀로지(주),대기업,False,비대상,221,한국타이어앤테크놀로지(주),의무,2025,43409325779.0,3648437885609.0,0.011898058056634308,1조~5조,대기업,소형·업무시간,지원비 가동시간만,18031200.0,0.00041537618187847784,0.002769174545856519,0.001977981818468942
161390,한국타이어앤테크놀로지(주),대기업,False,비대상,221,한국타이어앤테크놀로지(주),의무,2025,43409325779.0,3648437885609.0,0.011898058056634308,1조~5조,대기업,소형·상시,지원비 상시,59830800.0,0.0013782936944149492,0.009188624629432995,0.006563303306737853
161390,한국타이어앤테크놀로지(주),대기업,False,비대상,221,한국타이어앤테크놀로지(주),의무,2025,43409325779.0,3648437885609.0,0.011898058056634308,1조~5조,대기업,소형·상시,지원비 가동시간만,59830800.0,0.0013782936944149492,0.009188624629432995,0.006563303306737853
161390,한국타이어앤테크놀로지(주),대기업,False,비대상,221,한국타이어앤테크놀로지(주),의무,2025,43409325779.0,3648437885609.0,0.011898058056634308,1조~5조,대기업,중형·업무시간,지원비 상시,76288368.0,0.00175741886405676,0.0117161257603784,0.008368661257413142
161390,한국타이어앤테크놀로지(주),대기업,False,비대상,221,한국타이어앤테크놀로지(주),의무,2025,43409325779.0,3648437885609.0,0.011898058056634308,1조~5조,대기업,중형·업무시간,지원비 가동시간만,51208608.0,0.001179668356534877,0.007864455710232515,0.005617468364451796
161390,한국타이어앤테크놀로지(주),대기업,False,비대상,221,한국타이어앤테크놀로지(주),의무,2025,43409325779.0,3648437885609.0,0.011898058056634308,1조~5조,대기업,중형·상시,지원비 상시,169919472.0,0.003914354092138456,0.026095693947589704,0.018639781391135504
161390,한국타이어앤테크놀로지(주),대기업,False,비대상,221,한국타이어앤테크놀로지(주),의무,2025,43409325779.0,3648437885609.0,0.011898058056634308,1조~5조,대기업,중형·상시,지원비 가동시간만,169919472.0,0.003914354092138456,0.026095693947589704,0.018639781391135504
161390,한국타이어앤테크놀로지(주),대기업,False,비대상,221,한국타이어앤테크놀로지(주),의무,2025,43409325779.0,3648437885609.0,0.011898058056634308,1조~5조,대기업,대형·상시,지원비 상시,270435216.0,0.00622988749875557,0.04153258332503714,0.029666130946455094
161390,한국타이어앤테크놀로지(주),대기업,False,비대상,221,한국타이어앤테크놀로지(주),의무,2025,43409325779.0,3648437885609.0,0.011898058056634308,1조~5조,대기업,대형·상시,지원비 가동시간만,270435216.0,0.00622988749875557,0.04153258332503714,0.029666130946455094
185750,(주)종근당,중견,False,비대상,212,(주) 종근당,의무,2025,11311719004.0,1681192200410.0,0.006728391317329071,1조~5조,중견-비대상,소형·업무시간,지원비 상시,43110960.0,0.0038111767083990767,0.02540784472266051,0.01814846051618608
185750,(주)종근당,중견,False,비대상,212,(주) 종근당,의무,2025,11311719004.0,1681192200410.0,0.006728391317329071,1조~5조,중견-비대상,소형·업무시간,지원비 가동시간만,18031200.0,0.0015940282810794617,0.010626855207196412,0.007590610862283151
185750,(주)종근당,중견,False,비대상,212,(주) 종근당,의무,2025,11311719004.0,1681192200410.0,0.006728391317329071,1조~5조,중견-비대상,소형·상시,지원비 상시,59830800.0,0.005289275659945487,0.03526183773296991,0.025187026952121366
185750,(주)종근당,중견,False,비대상,212,(주) 종근당,의무,2025,11311719004.0,1681192200410.0,0.006728391317329071,1조~5조,중견-비대상,소형·상시,지원비 가동시간만,59830800.0,0.005289275659945487,0.03526183773296991,0.025187026952121366
185750,(주)종근당,중견,False,비대상,212,(주) 종근당,의무,2025,11311719004.0,1681192200410.0,0.006728391317329071,1조~5조,중견-비대상,중형·업무시간,지원비 상시,76288368.0,0.006744188745585286,0.04496125830390191,0.03211518450278708
185750,(주)종근당,중견,False,비대상,212,(주) 종근당,의무,2025,11311719004.0,1681192200410.0,0.006728391317329071,1조~5조,중견-비대상,중형·업무시간,지원비 가동시간만,51208608.0,0.004527040318265671,0.030180268788437808,0.02155733484888415
185750,(주)종근당,중견,False,비대상,212,(주) 종근당,의무,2025,11311719004.0,1681192200410.0,0.006728391317329071,1조~5조,중견-비대상,중형·상시,지원비 상시,169919472.0,0.015021542874245182,0.10014361916163454,0.07153115654402468
185750,(주)종근당,중견,False,비대상,212,(주) 종근당,의무,2025,11311719004.0,1681192200410.0,0.006728391317329071,1조~5조,중견-비대상,중형·상시,지원비 가동시간만,169919472.0,0.015021542874245182,0.10014361916163454,0.07153115654402468
185750,(주)종근당,중견,False,비대상,212,(주) 종근당,의무,2025,11311719004.0,1681192200410.0,0.006728391317329071,1조~5조,중견-비대상,대형·상시,지원비 상시,270435216.0,0.0239075259829536,0.159383506553024,0.11384536182358858
185750,(주)종근당,중견,False,비대상,212,(주) 종근당,의무,2025,11311719004.0,1681192200410.0,0.006728391317329071,1조~5조,중견-비대상,대형·상시,지원비 가동시간만,270435216.0,0.0239075259829536,0.159383506553024,0.11384536182358858
195940,에이치케이이노엔 주식회사,중견,False,비대상,212,에이치케이이노엔(주),의무,2025,8936998362.0,1063151055391.0,0.008406141645331103,1조~5조,중견-비대상,소형·업무시간,지원비 상시,43110960.0,0.004823874667282836,0.03215916444855224,0.022970831748965886
195940,에이치케이이노엔 주식회사,중견,False,비대상,212,에이치케이이노엔(주),의무,2025,8936998362.0,1063151055391.0,0.008406141645331103,1조~5조,중견-비대상,소형·업무시간,지원비 가동시간만,18031200.0,0.0020175901650232395,0.013450601100154929,0.009607572214396377
195940,에이치케이이노엔 주식회사,중견,False,비대상,212,에이치케이이노엔(주),의무,2025,8936998362.0,1063151055391.0,0.008406141645331103,1조~5조,중견-비대상,소형·상시,지원비 상시,59830800.0,0.006694731002122567,0.04463154001415045,0.03187967143867889
195940,에이치케이이노엔 주식회사,중견,False,비대상,212,에이치케이이노엔(주),의무,2025,8936998362.0,1063151055391.0,0.008406141645331103,1조~5조,중견-비대상,소형·상시,지원비 가동시간만,59830800.0,0.006694731002122567,0.04463154001415045,0.03187967143867889
195940,에이치케이이노엔 주식회사,중견,False,비대상,212,에이치케이이노엔(주),의무,2025,8936998362.0,1063151055391.0,0.008406141645331103,1조~5조,중견-비대상,중형·업무시간,지원비 상시,76288368.0,0.008536240570925597,0.056908270472837315,0.04064876462345522
195940,에이치케이이노엔 주식회사,중견,False,비대상,212,에이치케이이노엔(주),의무,2025,8936998362.0,1063151055391.0,0.008406141645331103,1조~5조,중견-비대상,중형·업무시간,지원비 가동시간만,51208608.0,0.0057299560686659996,0.03819970712444,0.027285505088885713
195940,에이치케이이노엔 주식회사,중견,False,비대상,212,에이치케이이노엔(주),의무,2025,8936998362.0,1063151055391.0,0.008406141645331103,1조~5조,중견-비대상,중형·상시,지원비 상시,169919472.0,0.01901303604602809,0.12675357364018727,0.09053826688584805
195940,에이치케이이노엔 주식회사,중견,False,비대상,212,에이치케이이노엔(주),의무,2025,8936998362.0,1063151055391.0,0.008406141645331103,1조~5조,중견-비대상,중형·상시,지원비 가동시간만,169919472.0,0.01901303604602809,0.12675357364018727,0.09053826688584805
195940,에이치케이이노엔 주식회사,중견,False,비대상,212,에이치케이이노엔(주),의무,2025,8936998362.0,1063151055391.0,0.008406141645331103,1조~5조,중견-비대상,대형·상시,지원비 상시,270435216.0,0.030260184129594005,0.20173456086396002,0.1440961149028286
195940,에이치케이이노엔 주식회사,중견,False,비대상,212,에이치케이이노엔(주),의무,2025,8936998362.0,1063151055391.0,0.008406141645331103,1조~5조,중견-비대상,대형·상시,지원비 가동시간만,270435216.0,0.030260184129594005,0.20173456086396002,0.1440961149028286
009520,(주)포스코엠텍,대기업,False,1차(2027),24199,(주) 포스코엠텍,의무,2025,2793895809.0,357432185147.0,0.007816575913137098,3천억~5천억,대기업,소형·업무시간,지원비 상시,43110960.0,0.015430410776638951,0.10286940517759302,0.07347814655542358
009520,(주)포스코엠텍,대기업,False,1차(2027),24199,(주) 포스코엠텍,의무,2025,2793895809.0,357432185147.0,0.007816575913137098,3천억~5천억,대기업,소형·업무시간,지원비 가동시간만,18031200.0,0.006453783975020094,0.04302522650013396,0.03073230464295283
009520,(주)포스코엠텍,대기업,False,1차(2027),24199,(주) 포스코엠텍,의무,2025,2793895809.0,357432185147.0,0.007816575913137098,3천억~5천억,대기업,소형·상시,지원비 상시,59830800.0,0.021414828644384855,0.14276552429589906,0.10197537449707074
009520,(주)포스코엠텍,대기업,False,1차(2027),24199,(주) 포스코엠텍,의무,2025,2793895809.0,357432185147.0,0.007816575913137098,3천억~5천억,대기업,소형·상시,지원비 가동시간만,59830800.0,0.021414828644384855,0.14276552429589906,0.10197537449707074
009520,(주)포스코엠텍,대기업,False,1차(2027),24199,(주) 포스코엠텍,의무,2025,2793895809.0,357432185147.0,0.007816575913137098,3천억~5천억,대기업,중형·업무시간,지원비 상시,76288368.0,0.02730537329067592,0.18203582193783951,0.13002558709845677
009520,(주)포스코엠텍,대기업,False,1차(2027),24199,(주) 포스코엠텍,의무,2025,2793895809.0,357432185147.0,0.007816575913137098,3천억~5천억,대기업,중형·업무시간,지원비 가동시간만,51208608.0,0.018328746489057066,0.12219164326038044,0.08727974518598602
009520,(주)포스코엠텍,대기업,False,1차(2027),24199,(주) 포스코엠텍,의무,2025,2793895809.0,357432185147.0,0.007816575913137098,3천억~5천억,대기업,중형·상시,지원비 상시,169919472.0,0.060818113350052994,0.4054540890003533,0.2896100635716809
009520,(주)포스코엠텍,대기업,False,1차(2027),24199,(주) 포스코엠텍,의무,2025,2793895809.0,357432185147.0,0.007816575913137098,3천억~5천억,대기업,중형·상시,지원비 가동시간만,169919472.0,0.060818113350052994,0.4054540890003533,0.2896100635716809
009520,(주)포스코엠텍,대기업,False,1차(2027),24199,(주) 포스코엠텍,의무,2025,2793895809.0,357432185147.0,0.007816575913137098,3천억~5천억,대기업,대형·상시,지원비 상시,270435216.0,0.09679502547261955,0.6453001698174637,0.4609286927267598
009520,(주)포스코엠텍,대기업,False,1차(2027),24199,(주) 포스코엠텍,의무,2025,2793895809.0,357432185147.0,0.007816575913137098,3천억~5천억,대기업,대형·상시,지원비 가동시간만,270435216.0,0.09679502547261955,0.6453001698174637,0.4609286927267598
046890,서울반도체(주),중견,False,비대상,2612,서울반도체 주식회사,의무,2025,5119916443.0,756089894386.0,0.006771571053938956,5천억~1조,중견-비대상,소형·업무시간,지원비 상시,43110960.0,0.00842024679112522,0.056134978607501475,0.040096413291072476
046890,서울반도체(주),중견,False,비대상,2612,서울반도체 주식회사,의무,2025,5119916443.0,756089894386.0,0.006771571053938956,5천억~1조,중견-비대상,소형·업무시간,지원비 가동시간만,18031200.0,0.0035217762244249967,0.023478508162833315,0.016770362973452368
046890,서울반도체(주),중견,False,비대상,2612,서울반도체 주식회사,의무,2025,5119916443.0,756089894386.0,0.006771571053938956,5천억~1조,중견-비대상,소형·상시,지원비 상시,59830800.0,0.011685893835592036,0.07790595890394691,0.055647113502819215
046890,서울반도체(주),중견,False,비대상,2612,서울반도체 주식회사,의무,2025,5119916443.0,756089894386.0,0.006771571053938956,5천억~1조,중견-비대상,소형·상시,지원비 가동시간만,59830800.0,0.011685893835592036,0.07790595890394691,0.055647113502819215
046890,서울반도체(주),중견,False,비대상,2612,서울반도체 주식회사,의무,2025,5119916443.0,756089894386.0,0.006771571053938956,5천억~1조,중견-비대상,중형·업무시간,지원비 상시,76288368.0,0.014900315044067214,0.09933543362711478,0.07095388116222483
046890,서울반도체(주),중견,False,비대상,2612,서울반도체 주식회사,의무,2025,5119916443.0,756089894386.0,0.006771571053938956,5천억~1조,중견-비대상,중형·업무시간,지원비 가동시간만,51208608.0,0.01000184447736699,0.06667896318244662,0.04762783084460472
046890,서울반도체(주),중견,False,비대상,2612,서울반도체 주식회사,의무,2025,5119916443.0,756089894386.0,0.006771571053938956,5천억~1조,중견-비대상,중형·상시,지원비 상시,169919472.0,0.03318793849308138,0.22125292328720922,0.15803780234800657
046890,서울반도체(주),중견,False,비대상,2612,서울반도체 주식회사,의무,2025,5119916443.0,756089894386.0,0.006771571053938956,5천억~1조,중견-비대상,중형·상시,지원비 가동시간만,169919472.0,0.03318793849308138,0.22125292328720922,0.15803780234800657
046890,서울반도체(주),중견,False,비대상,2612,서울반도체 주식회사,의무,2025,5119916443.0,756089894386.0,0.006771571053938956,5천억~1조,중견-비대상,대형·상시,지원비 상시,270435216.0,0.052820240136876,0.35213493424584,0.25152495303274286
046890,서울반도체(주),중견,False,비대상,2612,서울반도체 주식회사,의무,2025,5119916443.0,756089894386.0,0.006771571053938956,5천억~1조,중견-비대상,대형·상시,지원비 가동시간만,270435216.0,0.052820240136876,0.35213493424584,0.25152495303274286
192820,코스맥스(주),중견,False,비대상,20423,코스맥스(주),의무,2025,17346982064.0,1526414620755.0,0.01136452824031506,1조~5조,중견-비대상,소형·업무시간,지원비 상시,43110960.0,0.0024852138453217,0.016568092302144666,0.011834351644389047
192820,코스맥스(주),중견,False,비대상,20423,코스맥스(주),의무,2025,17346982064.0,1526414620755.0,0.01136452824031506,1조~5조,중견-비대상,소형·업무시간,지원비 가동시간만,18031200.0,0.0010394430531763764,0.006929620354509176,0.004949728824649412
192820,코스맥스(주),중견,False,비대상,20423,코스맥스(주),의무,2025,17346982064.0,1526414620755.0,0.01136452824031506,1조~5조,중견-비대상,소형·상시,지원비 상시,59830800.0,0.003449061040085249,0.022993740267234993,0.016424100190882137
192820,코스맥스(주),중견,False,비대상,20423,코스맥스(주),의무,2025,17346982064.0,1526414620755.0,0.01136452824031506,1조~5조,중견-비대상,소형·상시,지원비 가동시간만,59830800.0,0.003449061040085249,0.022993740267234993,0.016424100190882137
192820,코스맥스(주),중견,False,비대상,20423,코스맥스(주),의무,2025,17346982064.0,1526414620755.0,0.01136452824031506,1조~5조,중견-비대상,중형·업무시간,지원비 상시,76288368.0,0.004397789063166233,0.02931859375444155,0.020941852681743964
192820,코스맥스(주),중견,False,비대상,20423,코스맥스(주),의무,2025,17346982064.0,1526414620755.0,0.01136452824031506,1조~5조,중견-비대상,중형·업무시간,지원비 가동시간만,51208608.0,0.002952018271020909,0.01968012180680606,0.014057229862004328
192820,코스맥스(주),중견,False,비대상,20423,코스맥스(주),의무,2025,17346982064.0,1526414620755.0,0.01136452824031506,1조~5조,중견-비대상,중형·상시,지원비 상시,169919472.0,0.009795333353842106,0.06530222235894738,0.04664444454210527
192820,코스맥스(주),중견,False,비대상,20423,코스맥스(주),의무,2025,17346982064.0,1526414620755.0,0.01136452824031506,1조~5조,중견-비대상,중형·상시,지원비 가동시간만,169919472.0,0.009795333353842106,0.06530222235894738,0.04664444454210527
192820,코스맥스(주),중견,False,비대상,20423,코스맥스(주),의무,2025,17346982064.0,1526414620755.0,0.01136452824031506,1조~5조,중견-비대상,대형·상시,지원비 상시,270435216.0,0.015589755901185326,0.10393170600790218,0.07423693286278726
192820,코스맥스(주),중견,False,비대상,20423,코스맥스(주),의무,2025,17346982064.0,1526414620755.0,0.01136452824031506,1조~5조,중견-비대상,대형·상시,지원비 가동시간만,270435216.0,0.015589755901185326,0.10393170600790218,0.07423693286278726
336260,두산퓨얼셀 주식회사,대기업,False,2차(2028),28111,두산퓨얼셀 주식회사,의무,2025,8037131228.0,454852507957.0,0.017669752474487398,3천억~5천억,대기업,소형·업무시간,지원비 상시,43110960.0,0.005363973634001239,0.035759824226674924,0.025542731590482093
336260,두산퓨얼셀 주식회사,대기업,False,2차(2028),28111,두산퓨얼셀 주식회사,의무,2025,8037131228.0,454852507957.0,0.017669752474487398,3천억~5천억,대기업,소형·업무시간,지원비 가동시간만,18031200.0,0.002243487071255271,0.01495658047503514,0.010683271767882243
336260,두산퓨얼셀 주식회사,대기업,False,2차(2028),28111,두산퓨얼셀 주식회사,의무,2025,8037131228.0,454852507957.0,0.017669752474487398,3천억~5천억,대기업,소형·상시,지원비 상시,59830800.0,0.007444298009165217,0.04962865339443478,0.03544903813888199
336260,두산퓨얼셀 주식회사,대기업,False,2차(2028),28111,두산퓨얼셀 주식회사,의무,2025,8037131228.0,454852507957.0,0.017669752474487398,3천억~5천억,대기업,소형·상시,지원비 가동시간만,59830800.0,0.007444298009165217,0.04962865339443478,0.03544903813888199
336260,두산퓨얼셀 주식회사,대기업,False,2차(2028),28111,두산퓨얼셀 주식회사,의무,2025,8037131228.0,454852507957.0,0.017669752474487398,3천억~5천억,대기업,중형·업무시간,지원비 상시,76288368.0,0.009491989845110937,0.06327993230073958,0.04519995164338542
336260,두산퓨얼셀 주식회사,대기업,False,2차(2028),28111,두산퓨얼셀 주식회사,의무,2025,8037131228.0,454852507957.0,0.017669752474487398,3천억~5천억,대기업,중형·업무시간,지원비 가동시간만,51208608.0,0.00637150328236497,0.0424766885490998,0.030340491820785572
336260,두산퓨얼셀 주식회사,대기업,False,2차(2028),28111,두산퓨얼셀 주식회사,의무,2025,8037131228.0,454852507957.0,0.017669752474487398,3천억~5천억,대기업,중형·상시,지원비 상시,169919472.0,0.02114180634602922,0.14094537564019477,0.10067526831442486
336260,두산퓨얼셀 주식회사,대기업,False,2차(2028),28111,두산퓨얼셀 주식회사,의무,2025,8037131228.0,454852507957.0,0.017669752474487398,3천억~5천억,대기업,중형·상시,지원비 가동시간만,169919472.0,0.02114180634602922,0.14094537564019477,0.10067526831442486
336260,두산퓨얼셀 주식회사,대기업,False,2차(2028),28111,두산퓨얼셀 주식회사,의무,2025,8037131228.0,454852507957.0,0.017669752474487398,3천억~5천억,대기업,대형·상시,지원비 상시,270435216.0,0.033648227001426785,0.22432151334284522,0.16022965238774659
336260,두산퓨얼셀 주식회사,대기업,False,2차(2028),28111,두산퓨얼셀 주식회사,의무,2025,8037131228.0,454852507957.0,0.017669752474487398,3천억~5천억,대기업,대형·상시,지원비 가동시간만,270435216.0,0.033648227001426785,0.22432151334284522,0.16022965238774659
000670,(주)영풍,대기업,False,비대상,24213,영풍,의무,2025,1775282890.0,1192666327316.0,0.0014884992133509225,1조~5조,대기업,소형·업무시간,지원비 상시,43110960.0,0.024283994535653976,0.16189329690435986,0.1156380692173999
000670,(주)영풍,대기업,False,비대상,24213,영풍,의무,2025,1775282890.0,1192666327316.0,0.0014884992133509225,1조~5조,대기업,소형·업무시간,지원비 가동시간만,18031200.0,0.010156803798182271,0.06771202532121515,0.048365732372296535
000670,(주)영풍,대기업,False,비대상,24213,영풍,의무,2025,1775282890.0,1192666327316.0,0.0014884992133509225,1조~5조,대기업,소형·상시,지원비 상시,59830800.0,0.03370212169396845,0.22468081129312298,0.16048629378080215
000670,(주)영풍,대기업,False,비대상,24213,영풍,의무,2025,1775282890.0,1192666327316.0,0.0014884992133509225,1조~5조,대기업,소형·상시,지원비 가동시간만,59830800.0,0.03370212169396845,0.22468081129312298,0.16048629378080215
000670,(주)영풍,대기업,False,비대상,24213,영풍,의무,2025,1775282890.0,1192666327316.0,0.0014884992133509225,1조~5조,대기업,중형·업무시간,지원비 상시,76288368.0,0.04297251352430936,0.2864834234953957,0.2046310167824255
000670,(주)영풍,대기업,False,비대상,24213,영풍,의무,2025,1775282890.0,1192666327316.0,0.0014884992133509225,1조~5조,대기업,중형·업무시간,지원비 가동시간만,51208608.0,0.02884532278683765,0.192302151912251,0.13735867993732215
000670,(주)영풍,대기업,False,비대상,24213,영풍,의무,2025,1775282890.0,1192666327316.0,0.0014884992133509225,1조~5조,대기업,중형·상시,지원비 상시,169919472.0,0.09571402561087039,0.6380935040724692,0.45578107433747805
000670,(주)영풍,대기업,False,비대상,24213,영풍,의무,2025,1775282890.0,1192666327316.0,0.0014884992133509225,1조~5조,대기업,중형·상시,지원비 가동시간만,169919472.0,0.09571402561087039,0.6380935040724692,0.45578107433747805
000670,(주)영풍,대기업,False,비대상,24213,영풍,의무,2025,1775282890.0,1192666327316.0,0.0014884992133509225,1조~5조,대기업,대형·상시,지원비 상시,270435216.0,0.15233359005673738,1.0155572670449158,0.7253980478892257
000670,(주)영풍,대기업,False,비대상,24213,영풍,의무,2025,1775282890.0,1192666327316.0,0.0014884992133509225,1조~5조,대기업,대형·상시,지원비 가동시간만,270435216.0,0.15233359005673738,1.0155572670449158,0.7253980478892257
004090,한국석유공업(주),중견,False,비대상,23999,한국석유공업(주),의무,2025,828266994.0,369560363319.0,0.0022412224800337963,3천억~5천억,중견-비대상,소형·업무시간,지원비 상시,43110960.0,0.052049593080851414,0.34699728720567613,0.24785520514691153
004090,한국석유공업(주),중견,False,비대상,23999,한국석유공업(주),의무,2025,828266994.0,369560363319.0,0.0022412224800337963,3천억~5천억,중견-비대상,소형·업무시간,지원비 가동시간만,18031200.0,0.02176979178286561,0.14513194521910408,0.10366567515650292
004090,한국석유공업(주),중견,False,비대상,23999,한국석유공업(주),의무,2025,828266994.0,369560363319.0,0.0022412224800337963,3천억~5천억,중견-비대상,소형·상시,지원비 상시,59830800.0,0.07223612727950862,0.4815741818633908,0.3439815584738506
004090,한국석유공업(주),중견,False,비대상,23999,한국석유공업(주),의무,2025,828266994.0,369560363319.0,0.0022412224800337963,3천억~5천억,중견-비대상,소형·상시,지원비 가동시간만,59830800.0,0.07223612727950862,0.4815741818633908,0.3439815584738506
004090,한국석유공업(주),중견,False,비대상,23999,한국석유공업(주),의무,2025,828266994.0,369560363319.0,0.0022412224800337963,3천억~5천억,중견-비대상,중형·업무시간,지원비 상시,76288368.0,0.09210600996132413,0.6140400664088276,0.4386000474348769
004090,한국석유공업(주),중견,False,비대상,23999,한국석유공업(주),의무,2025,828266994.0,369560363319.0,0.0022412224800337963,3천억~5천억,중견-비대상,중형·업무시간,지원비 가동시간만,51208608.0,0.061826208663338336,0.41217472442225556,0.2944105174444683
004090,한국석유공업(주),중견,False,비대상,23999,한국석유공업(주),의무,2025,828266994.0,369560363319.0,0.0022412224800337963,3천억~5천억,중견-비대상,중형·상시,지원비 상시,169919472.0,0.20515060147380448,1.36767067649203,0.9769076260657357
004090,한국석유공업(주),중견,False,비대상,23999,한국석유공업(주),의무,2025,828266994.0,369560363319.0,0.0022412224800337963,3천억~5천억,중견-비대상,중형·상시,지원비 가동시간만,169919472.0,0.20515060147380448,1.36767067649203,0.9769076260657357
004090,한국석유공업(주),중견,False,비대상,23999,한국석유공업(주),의무,2025,828266994.0,369560363319.0,0.0022412224800337963,3천억~5천억,중견-비대상,대형·상시,지원비 상시,270435216.0,0.32650729530337896,2.1767153020225263,1.5547966443018046
004090,한국석유공업(주),중견,False,비대상,23999,한국석유공업(주),의무,2025,828266994.0,369560363319.0,0.0022412224800337963,3천억~5천억,중견-비대상,대형·상시,지원비 가동시간만,270435216.0,0.32650729530337896,2.1767153020225263,1.5547966443018046
025000,KPX케미칼(주),중견,False,비대상,20119,KPX케미칼(주),의무,2025,3807687299.0,613426770079.0,0.006207240186973953,5천억~1조,중견-비대상,소형·업무시간,지원비 상시,43110960.0,0.01132208519626128,0.0754805679750752,0.053914691410768004
025000,KPX케미칼(주),중견,False,비대상,20119,KPX케미칼(주),의무,2025,3807687299.0,613426770079.0,0.006207240186973953,5천억~1조,중견-비대상,소형·업무시간,지원비 가동시간만,18031200.0,0.00473547289577468,0.03156981930516453,0.022549870932260383
025000,KPX케미칼(주),중견,False,비대상,20119,KPX케미칼(주),의무,2025,3807687299.0,613426770079.0,0.006207240186973953,5천억~1조,중견-비대상,소형·상시,지원비 상시,59830800.0,0.015713160063252348,0.10475440042168231,0.07482457172977308
025000,KPX케미칼(주),중견,False,비대상,20119,KPX케미칼(주),의무,2025,3807687299.0,613426770079.0,0.006207240186973953,5천억~1조,중견-비대상,소형·상시,지원비 가동시간만,59830800.0,0.015713160063252348,0.10475440042168231,0.07482457172977308
025000,KPX케미칼(주),중견,False,비대상,20119,KPX케미칼(주),의무,2025,3807687299.0,613426770079.0,0.006207240186973953,5천억~1조,중견-비대상,중형·업무시간,지원비 상시,76288368.0,0.020035355324486692,0.13356903549657795,0.09540645392612711
025000,KPX케미칼(주),중견,False,비대상,20119,KPX케미칼(주),의무,2025,3807687299.0,613426770079.0,0.006207240186973953,5천억~1조,중견-비대상,중형·업무시간,지원비 가동시간만,51208608.0,0.013448743024000091,0.08965828682666727,0.06404163344761948
025000,KPX케미칼(주),중견,False,비대상,20119,KPX케미칼(주),의무,2025,3807687299.0,613426770079.0,0.006207240186973953,5천억~1조,중견-비대상,중형·상시,지원비 상시,169919472.0,0.04462537457963667,0.29750249719757776,0.21250178371255557
025000,KPX케미칼(주),중견,False,비대상,20119,KPX케미칼(주),의무,2025,3807687299.0,613426770079.0,0.006207240186973953,5천억~1조,중견-비대상,중형·상시,지원비 가동시간만,169919472.0,0.04462537457963667,0.29750249719757776,0.21250178371255557
025000,KPX케미칼(주),중견,False,비대상,20119,KPX케미칼(주),의무,2025,3807687299.0,613426770079.0,0.006207240186973953,5천억~1조,중견-비대상,대형·상시,지원비 상시,270435216.0,0.07102348348590061,0.47348988990600405,0.3382070642185743
025000,KPX케미칼(주),중견,False,비대상,20119,KPX케미칼(주),의무,2025,3807687299.0,613426770079.0,0.006207240186973953,5천억~1조,중견-비대상,대형·상시,지원비 가동시간만,270435216.0,0.07102348348590061,0.47348988990600405,0.3382070642185743
096530,(주)씨젠,중견,False,비대상,2130,주식회사 씨젠,의무,2025,41417280897.0,345322484874.0,0.11993797887824242,3천억~5천억,중견-비대상,소형·업무시간,지원비 상시,43110960.0,0.0010408930539697182,0.0069392870264647875,0.004956633590331992
096530,(주)씨젠,중견,False,비대상,2130,주식회사 씨젠,의무,2025,41417280897.0,345322484874.0,0.11993797887824242,3천억~5천억,중견-비대상,소형·업무시간,지원비 가동시간만,18031200.0,0.00043535450926490113,0.002902363395099341,0.002073116710785244
096530,(주)씨젠,중견,False,비대상,2130,주식회사 씨젠,의무,2025,41417280897.0,345322484874.0,0.11993797887824242,3천억~5천억,중견-비대상,소형·상시,지원비 상시,59830800.0,0.001444585417106263,0.009630569447375085,0.006878978176696491
096530,(주)씨젠,중견,False,비대상,2130,주식회사 씨젠,의무,2025,41417280897.0,345322484874.0,0.11993797887824242,3천억~5천억,중견-비대상,소형·상시,지원비 가동시간만,59830800.0,0.001444585417106263,0.009630569447375085,0.006878978176696491
096530,(주)씨젠,중견,False,비대상,2130,주식회사 씨젠,의무,2025,41417280897.0,345322484874.0,0.11993797887824242,3천억~5천억,중견-비대상,중형·업무시간,지원비 상시,76288368.0,0.0018419453510171364,0.012279635673447574,0.00877116833817684
096530,(주)씨젠,중견,False,비대상,2130,주식회사 씨젠,의무,2025,41417280897.0,345322484874.0,0.11993797887824242,3천억~5천억,중견-비대상,중형·업무시간,지원비 가동시간만,51208608.0,0.0012364068063123192,0.008242712042082129,0.005887651458630093
096530,(주)씨젠,중견,False,비대상,2130,주식회사 씨젠,의무,2025,41417280897.0,345322484874.0,0.11993797887824242,3천억~5천억,중견-비대상,중형·상시,지원비 상시,169919472.0,0.004102622584581787,0.027350817230545242,0.019536298021818034
096530,(주)씨젠,중견,False,비대상,2130,주식회사 씨젠,의무,2025,41417280897.0,345322484874.0,0.11993797887824242,3천억~5천억,중견-비대상,중형·상시,지원비 가동시간만,169919472.0,0.004102622584581787,0.027350817230545242,0.019536298021818034
096530,(주)씨젠,중견,False,비대상,2130,주식회사 씨젠,의무,2025,41417280897.0,345322484874.0,0.11993797887824242,3천억~5천억,중견-비대상,대형·상시,지원비 상시,270435216.0,0.006529526085320308,0.043530173902135386,0.03109298135866814
096530,(주)씨젠,중견,False,비대상,2130,주식회사 씨젠,의무,2025,41417280897.0,345322484874.0,0.11993797887824242,3천억~5천억,중견-비대상,대형·상시,지원비 가동시간만,270435216.0,0.006529526085320308,0.043530173902135386,0.03109298135866814
011070,엘지이노텍(주),대기업,False,비대상,262,엘지이노텍(주),의무,2025,251396678810.0,21596008000000.0,0.011640886538382463,5조 이상,대기업,소형·업무시간,지원비 상시,43110960.0,0.00017148579768065393,0.0011432386512043595,0.0008165990365745425
011070,엘지이노텍(주),대기업,False,비대상,262,엘지이노텍(주),의무,2025,251396678810.0,21596008000000.0,0.011640886538382463,5조 이상,대기업,소형·업무시간,지원비 가동시간만,18031200.0,7.17240978892469e-05,0.0004781606525949793,0.00034154332328212804
011070,엘지이노텍(주),대기업,False,비대상,262,엘지이노텍(주),의무,2025,251396678810.0,21596008000000.0,0.011640886538382463,5조 이상,대기업,소형·상시,지원비 상시,59830800.0,0.00023799359754159195,0.001586623983610613,0.0011333028454361522
011070,엘지이노텍(주),대기업,False,비대상,262,엘지이노텍(주),의무,2025,251396678810.0,21596008000000.0,0.011640886538382463,5조 이상,대기업,소형·상시,지원비 가동시간만,59830800.0,0.00023799359754159195,0.001586623983610613,0.0011333028454361522
011070,엘지이노텍(주),대기업,False,비대상,262,엘지이노텍(주),의무,2025,251396678810.0,21596008000000.0,0.011640886538382463,5조 이상,대기업,중형·업무시간,지원비 상시,76288368.0,0.0003034581377968682,0.0020230542519791214,0.0014450387514136581
011070,엘지이노텍(주),대기업,False,비대상,262,엘지이노텍(주),의무,2025,251396678810.0,21596008000000.0,0.011640886538382463,5조 이상,대기업,중형·업무시간,지원비 가동시간만,51208608.0,0.00020369643800546117,0.001357976253369741,0.0009699830381212437
011070,엘지이노텍(주),대기업,False,비대상,262,엘지이노텍(주),의무,2025,251396678810.0,21596008000000.0,0.011640886538382463,5조 이상,대기업,중형·상시,지원비 상시,169919472.0,0.0006759018170181211,0.004506012113454141,0.0032185800810386723
011070,엘지이노텍(주),대기업,False,비대상,262,엘지이노텍(주),의무,2025,251396678810.0,21596008000000.0,0.011640886538382463,5조 이상,대기업,중형·상시,지원비 가동시간만,169919472.0,0.0006759018170181211,0.004506012113454141,0.0032185800810386723
011070,엘지이노텍(주),대기업,False,비대상,262,엘지이노텍(주),의무,2025,251396678810.0,21596008000000.0,0.011640886538382463,5조 이상,대기업,대형·상시,지원비 상시,270435216.0,0.0010757310608879957,0.007171540405919971,0.005122528861371408
011070,엘지이노텍(주),대기업,False,비대상,262,엘지이노텍(주),의무,2025,251396678810.0,21596008000000.0,0.011640886538382463,5조 이상,대기업,대형·상시,지원비 가동시간만,270435216.0,0.0010757310608879957,0.007171540405919971,0.005122528861371408
010140,삼성중공업(주),대기업,False,비대상,3111,삼성중공업(주),의무,2025,101984057692.0,10634952868811.0,0.009589516657952235,5조 이상,대기업,소형·업무시간,지원비 상시,43110960.0,0.00042272254091123285,0.0028181502727415526,0.00201296448052968
010140,삼성중공업(주),대기업,False,비대상,3111,삼성중공업(주),의무,2025,101984057692.0,10634952868811.0,0.009589516657952235,5조 이상,대기업,소형·업무시간,지원비 가동시간만,18031200.0,0.00017680410456363352,0.0011786940304242233,0.0008419243074458739
010140,삼성중공업(주),대기업,False,비대상,3111,삼성중공업(주),의무,2025,101984057692.0,10634952868811.0,0.009589516657952235,5조 이상,대기업,소형·상시,지원비 상시,59830800.0,0.0005866681651429658,0.003911121100953105,0.002793657929252218
010140,삼성중공업(주),대기업,False,비대상,3111,삼성중공업(주),의무,2025,101984057692.0,10634952868811.0,0.009589516657952235,5조 이상,대기업,소형·상시,지원비 가동시간만,59830800.0,0.0005866681651429658,0.003911121100953105,0.002793657929252218
010140,삼성중공업(주),대기업,False,비대상,3111,삼성중공업(주),의무,2025,101984057692.0,10634952868811.0,0.009589516657952235,5조 이상,대기업,중형·업무시간,지원비 상시,76288368.0,0.0007480420933083185,0.004986947288722124,0.003562105206230088
010140,삼성중공업(주),대기업,False,비대상,3111,삼성중공업(주),의무,2025,101984057692.0,10634952868811.0,0.009589516657952235,5조 이상,대기업,중형·업무시간,지원비 가동시간만,51208608.0,0.0005021236569607192,0.0033474910464047947,0.0023910650331462817
010140,삼성중공업(주),대기업,False,비대상,3111,삼성중공업(주),의무,2025,101984057692.0,10634952868811.0,0.009589516657952235,5조 이상,대기업,중형·상시,지원비 상시,169919472.0,0.0016661375890060226,0.011107583926706818,0.007933988519076299
010140,삼성중공업(주),대기업,False,비대상,3111,삼성중공업(주),의무,2025,101984057692.0,10634952868811.0,0.009589516657952235,5조 이상,대기업,중형·상시,지원비 가동시간만,169919472.0,0.0016661375890060226,0.011107583926706818,0.007933988519076299
010140,삼성중공업(주),대기업,False,비대상,3111,삼성중공업(주),의무,2025,101984057692.0,10634952868811.0,0.009589516657952235,5조 이상,대기업,대형·상시,지원비 상시,270435216.0,0.0026517401064462052,0.017678267376308034,0.012627333840220025
010140,삼성중공업(주),대기업,False,비대상,3111,삼성중공업(주),의무,2025,101984057692.0,10634952868811.0,0.009589516657952235,5조 이상,대기업,대형·상시,지원비 가동시간만,270435216.0,0.0026517401064462052,0.017678267376308034,0.012627333840220025
190510,(주)나무가,중견,False,비대상,262,(주) 나무가,의무,2025,772729936.0,345652437683.0,0.0022355691780443204,3천억~5천억,중견-비대상,소형·업무시간,지원비 상시,43110960.0,0.05579046183089767,0.3719364122059845,0.26566886586141747
190510,(주)나무가,중견,False,비대상,262,(주) 나무가,의무,2025,772729936.0,345652437683.0,0.0022355691780443204,3천억~5천억,중견-비대상,소형·업무시간,지원비 가동시간만,18031200.0,0.023334413693531345,0.15556275795687566,0.1111162556834826
190510,(주)나무가,중견,False,비대상,262,(주) 나무가,의무,2025,772729936.0,345652437683.0,0.0022355691780443204,3천억~5천억,중견-비대상,소형·상시,지원비 상시,59830800.0,0.07742782725580856,0.5161855150387238,0.3687039393133741
190510,(주)나무가,중견,False,비대상,262,(주) 나무가,의무,2025,772729936.0,345652437683.0,0.0022355691780443204,3천억~5천억,중견-비대상,소형·상시,지원비 가동시간만,59830800.0,0.07742782725580856,0.5161855150387238,0.3687039393133741
190510,(주)나무가,중견,False,비대상,262,(주) 나무가,의무,2025,772729936.0,345652437683.0,0.0022355691780443204,3천억~5천억,중견-비대상,중형·업무시간,지원비 상시,76288368.0,0.09872578302699535,0.6581718868466357,0.47012277631902544
190510,(주)나무가,중견,False,비대상,262,(주) 나무가,의무,2025,772729936.0,345652437683.0,0.0022355691780443204,3천억~5천억,중견-비대상,중형·업무시간,지원비 가동시간만,51208608.0,0.06626973488962902,0.4417982325975268,0.31557016614109057
190510,(주)나무가,중견,False,비대상,262,(주) 나무가,의무,2025,772729936.0,345652437683.0,0.0022355691780443204,3천억~5천억,중견-비대상,중형·상시,지원비 상시,169919472.0,0.2198950294064963,1.4659668627099753,1.0471191876499824
190510,(주)나무가,중견,False,비대상,262,(주) 나무가,의무,2025,772729936.0,345652437683.0,0.0022355691780443204,3천억~5천억,중견-비대상,중형·상시,지원비 가동시간만,169919472.0,0.2198950294064963,1.4659668627099753,1.0471191876499824
190510,(주)나무가,중견,False,비대상,262,(주) 나무가,의무,2025,772729936.0,345652437683.0,0.0022355691780443204,3천억~5천억,중견-비대상,대형·상시,지원비 상시,270435216.0,0.34997377919625466,2.3331585279750313,1.6665418056964507
190510,(주)나무가,중견,False,비대상,262,(주) 나무가,의무,2025,772729936.0,345652437683.0,0.0022355691780443204,3천억~5천억,중견-비대상,대형·상시,지원비 가동시간만,270435216.0,0.34997377919625466,2.3331585279750313,1.6665418056964507
002240,고려제강(주),중견,False,1차(2027),2411,고려제강(주),의무,2025,3676089106.0,562153886362.0,0.0065392932347936765,5천억~1조,중견-1차(2027),소형·업무시간,지원비 상시,43110960.0,0.011727397991968043,0.07818265327978696,0.055844752342704966
002240,고려제강(주),중견,False,1차(2027),2411,고려제강(주),의무,2025,3676089106.0,562153886362.0,0.0065392932347936765,5천억~1조,중견-1차(2027),소형·업무시간,지원비 가동시간만,18031200.0,0.004904995357857356,0.03269996905238238,0.0233571207517017
002240,고려제강(주),중견,False,1차(2027),2411,고려제강(주),의무,2025,3676089106.0,562153886362.0,0.0065392932347936765,5천억~1조,중견-1차(2027),소형·상시,지원비 상시,59830800.0,0.0162756664147085,0.10850444276472335,0.07750317340337382
002240,고려제강(주),중견,False,1차(2027),2411,고려제강(주),의무,2025,3676089106.0,562153886362.0,0.0065392932347936765,5천억~1조,중견-1차(2027),소형·상시,지원비 가동시간만,59830800.0,0.0162756664147085,0.10850444276472335,0.07750317340337382
002240,고려제강(주),중견,False,1차(2027),2411,고려제강(주),의무,2025,3676089106.0,562153886362.0,0.0065392932347936765,5천억~1조,중견-1차(2027),중형·업무시간,지원비 상시,76288368.0,0.02075258945042558,0.13835059633617053,0.0988218545258361
002240,고려제강(주),중견,False,1차(2027),2411,고려제강(주),의무,2025,3676089106.0,562153886362.0,0.0065392932347936765,5천억~1조,중견-1차(2027),중형·업무시간,지원비 가동시간만,51208608.0,0.013930186816314893,0.09286791210876595,0.06633422293483282
002240,고려제강(주),중견,False,1차(2027),2411,고려제강(주),의무,2025,3676089106.0,562153886362.0,0.0065392932347936765,5천억~1조,중견-1차(2027),중형·상시,지원비 상시,169919472.0,0.04622289261777214,0.3081526174518143,0.22010901246558165
002240,고려제강(주),중견,False,1차(2027),2411,고려제강(주),의무,2025,3676089106.0,562153886362.0,0.0065392932347936765,5천억~1조,중견-1차(2027),중형·상시,지원비 가동시간만,169919472.0,0.04622289261777214,0.3081526174518143,0.22010901246558165
002240,고려제강(주),중견,False,1차(2027),2411,고려제강(주),의무,2025,3676089106.0,562153886362.0,0.0065392932347936765,5천억~1조,중견-1차(2027),대형·상시,지원비 상시,270435216.0,0.07356601219448243,0.49044008129654953,0.35031434378324966
002240,고려제강(주),중견,False,1차(2027),2411,고려제강(주),의무,2025,3676089106.0,562153886362.0,0.0065392932347936765,5천억~1조,중견-1차(2027),대형·상시,지원비 가동시간만,270435216.0,0.07356601219448243,0.49044008129654953,0.35031434378324966
108320,(주)엘엑스세미콘,대기업,False,비대상,2612,주식회사 엘엑스세미콘,의무,2025,30276238589.0,1639070665791.0,0.01847158833410576,1조~5조,대기업,소형·업무시간,지원비 상시,43110960.0,0.0014239206060313954,0.009492804040209303,0.006780574314435217
108320,(주)엘엑스세미콘,대기업,False,비대상,2612,주식회사 엘엑스세미콘,의무,2025,30276238589.0,1639070665791.0,0.01847158833410576,1조~5조,대기업,소형·업무시간,지원비 가동시간만,18031200.0,0.0005955561470093289,0.003970374313395526,0.002835981652425376
108320,(주)엘엑스세미콘,대기업,False,비대상,2612,주식회사 엘엑스세미콘,의무,2025,30276238589.0,1639070665791.0,0.01847158833410576,1조~5조,대기업,소형·상시,지원비 상시,59830800.0,0.001976163578712773,0.013174423858085156,0.009410302755775111
108320,(주)엘엑스세미콘,대기업,False,비대상,2612,주식회사 엘엑스세미콘,의무,2025,30276238589.0,1639070665791.0,0.01847158833410576,1조~5조,대기업,소형·상시,지원비 가동시간만,59830800.0,0.001976163578712773,0.013174423858085156,0.009410302755775111
108320,(주)엘엑스세미콘,대기업,False,비대상,2612,주식회사 엘엑스세미콘,의무,2025,30276238589.0,1639070665791.0,0.01847158833410576,1조~5조,대기업,중형·업무시간,지원비 상시,76288368.0,0.0025197439165285606,0.01679829277685707,0.011998780554897908
108320,(주)엘엑스세미콘,대기업,False,비대상,2612,주식회사 엘엑스세미콘,의무,2025,30276238589.0,1639070665791.0,0.01847158833410576,1조~5조,대기업,중형·업무시간,지원비 가동시간만,51208608.0,0.001691379457506494,0.011275863050043295,0.008054187892888068
108320,(주)엘엑스세미콘,대기업,False,비대상,2612,주식회사 엘엑스세미콘,의무,2025,30276238589.0,1639070665791.0,0.01847158833410576,1조~5조,대기업,중형·상시,지원비 상시,169919472.0,0.005612304563544276,0.03741536375696184,0.026725259826401313
108320,(주)엘엑스세미콘,대기업,False,비대상,2612,주식회사 엘엑스세미콘,의무,2025,30276238589.0,1639070665791.0,0.01847158833410576,1조~5조,대기업,중형·상시,지원비 가동시간만,169919472.0,0.005612304563544276,0.03741536375696184,0.026725259826401313
108320,(주)엘엑스세미콘,대기업,False,비대상,2612,주식회사 엘엑스세미콘,의무,2025,30276238589.0,1639070665791.0,0.01847158833410576,1조~5조,대기업,대형·상시,지원비 상시,270435216.0,0.008932259375781735,0.059548395838544904,0.0425345684561035
108320,(주)엘엑스세미콘,대기업,False,비대상,2612,주식회사 엘엑스세미콘,의무,2025,30276238589.0,1639070665791.0,0.01847158833410576,1조~5조,대기업,대형·상시,지원비 가동시간만,270435216.0,0.008932259375781735,0.059548395838544904,0.0425345684561035
033240,자화전자(주),중견,False,비대상,26292,자화전자주식회사,의무,2025,7059223529.0,791892619718.0,0.008914369642078306,5천억~1조,중견-비대상,소형·업무시간,지원비 상시,43110960.0,0.006107039934759941,0.040713599565066275,0.02908114254647591
033240,자화전자(주),중견,False,비대상,26292,자화전자주식회사,의무,2025,7059223529.0,791892619718.0,0.008914369642078306,5천억~1조,중견-비대상,소형·업무시간,지원비 가동시간만,18031200.0,0.002554275257884386,0.01702850171922924,0.012163215513735172
033240,자화전자(주),중견,False,비대상,26292,자화전자주식회사,의무,2025,7059223529.0,791892619718.0,0.008914369642078306,5천억~1조,중견-비대상,소형·상시,지원비 상시,59830800.0,0.008475549719343644,0.0565036647956243,0.04035976056830307
033240,자화전자(주),중견,False,비대상,26292,자화전자주식회사,의무,2025,7059223529.0,791892619718.0,0.008914369642078306,5천억~1조,중견-비대상,소형·상시,지원비 가동시간만,59830800.0,0.008475549719343644,0.0565036647956243,0.04035976056830307
033240,자화전자(주),중견,False,비대상,26292,자화전자주식회사,의무,2025,7059223529.0,791892619718.0,0.008914369642078306,5천억~1조,중견-비대상,중형·업무시간,지원비 상시,76288368.0,0.01080690640926721,0.07204604272844808,0.051461459091748624
033240,자화전자(주),중견,False,비대상,26292,자화전자주식회사,의무,2025,7059223529.0,791892619718.0,0.008914369642078306,5천억~1조,중견-비대상,중형·업무시간,지원비 가동시간만,51208608.0,0.007254141732391656,0.04836094488261104,0.03454353205900789
033240,자화전자(주),중견,False,비대상,26292,자화전자주식회사,의무,2025,7059223529.0,791892619718.0,0.008914369642078306,5천억~1조,중견-비대상,중형·상시,지원비 상시,169919472.0,0.02407056120293595,0.16047040801957302,0.11462172001398072
033240,자화전자(주),중견,False,비대상,26292,자화전자주식회사,의무,2025,7059223529.0,791892619718.0,0.008914369642078306,5천억~1조,중견-비대상,중형·상시,지원비 가동시간만,169919472.0,0.02407056120293595,0.16047040801957302,0.11462172001398072
033240,자화전자(주),중견,False,비대상,26292,자화전자주식회사,의무,2025,7059223529.0,791892619718.0,0.008914369642078306,5천억~1조,중견-비대상,대형·상시,지원비 상시,270435216.0,0.03830948473143327,0.2553965648762218,0.18242611776872988
033240,자화전자(주),중견,False,비대상,26292,자화전자주식회사,의무,2025,7059223529.0,791892619718.0,0.008914369642078306,5천억~1조,중견-비대상,대형·상시,지원비 가동시간만,270435216.0,0.03830948473143327,0.2553965648762218,0.18242611776872988
131290,(주)티에스이,중견,False,2차 후보-약,27212,티 에스 이,의무,2025,3578999426.0,311150388580.0,0.011502474550436893,3천억~5천억,중견-비대상,소형·업무시간,지원비 상시,43110960.0,0.01204553420344695,0.080303561356313,0.05735968668308072
131290,(주)티에스이,중견,False,2차 후보-약,27212,티 에스 이,의무,2025,3578999426.0,311150388580.0,0.011502474550436893,3천억~5천억,중견-비대상,소형·업무시간,지원비 가동시간만,18031200.0,0.0050380561307192566,0.033587040871461714,0.02399074347961551
131290,(주)티에스이,중견,False,2차 후보-약,27212,티 에스 이,의무,2025,3578999426.0,311150388580.0,0.011502474550436893,3천억~5천억,중견-비대상,소형·상시,지원비 상시,59830800.0,0.016717186251932078,0.11144790834621386,0.07960564881872419
131290,(주)티에스이,중견,False,2차 후보-약,27212,티 에스 이,의무,2025,3578999426.0,311150388580.0,0.011502474550436893,3천억~5천억,중견-비대상,소형·상시,지원비 가동시간만,59830800.0,0.016717186251932078,0.11144790834621386,0.07960564881872419
131290,(주)티에스이,중견,False,2차 후보-약,27212,티 에스 이,의무,2025,3578999426.0,311150388580.0,0.011502474550436893,3천억~5천억,중견-비대상,중형·업무시간,지원비 상시,76288368.0,0.02131555748397038,0.14210371655980256,0.10150265468557326
131290,(주)티에스이,중견,False,2차 후보-약,27212,티 에스 이,의무,2025,3578999426.0,311150388580.0,0.011502474550436893,3천억~5천억,중견-비대상,중형·업무시간,지원비 가동시간만,51208608.0,0.014308079411242689,0.09538719607495126,0.06813371148210805
131290,(주)티에스이,중견,False,2차 후보-약,27212,티 에스 이,의무,2025,3578999426.0,311150388580.0,0.011502474550436893,3천억~5천억,중견-비대상,중형·상시,지원비 상시,169919472.0,0.0474768089554871,0.31651205970324736,0.2260800426451767
131290,(주)티에스이,중견,False,2차 후보-약,27212,티 에스 이,의무,2025,3578999426.0,311150388580.0,0.011502474550436893,3천억~5천억,중견-비대상,중형·상시,지원비 가동시간만,169919472.0,0.0474768089554871,0.31651205970324736,0.2260800426451767
131290,(주)티에스이,중견,False,2차 후보-약,27212,티 에스 이,의무,2025,3578999426.0,311150388580.0,0.011502474550436893,3천억~5천억,중견-비대상,대형·상시,지원비 상시,270435216.0,0.07556168185873299,0.5037445457248867,0.3598175326606333
131290,(주)티에스이,중견,False,2차 후보-약,27212,티 에스 이,의무,2025,3578999426.0,311150388580.0,0.011502474550436893,3천억~5천억,중견-비대상,대형·상시,지원비 가동시간만,270435216.0,0.07556168185873299,0.5037445457248867,0.3598175326606333
109610,에스와이(주),중견,False,1차(2027),25112,에스와이주식회사,의무,2025,417860857.0,342919596684.0,0.001218538867538265,3천억~5천억,중견-1차(2027),소형·업무시간,지원비 상시,43110960.0,0.10317061116830094,0.6878040744553396,0.49128862461095685
109610,에스와이(주),중견,False,1차(2027),25112,에스와이주식회사,의무,2025,417860857.0,342919596684.0,0.001218538867538265,3천억~5천억,중견-1차(2027),소형·업무시간,지원비 가동시간만,18031200.0,0.04315120619206503,0.2876747079471002,0.2054819342479287
109610,에스와이(주),중견,False,1차(2027),25112,에스와이주식회사,의무,2025,417860857.0,342919596684.0,0.001218538867538265,3천억~5천억,중견-1차(2027),소형·상시,지원비 상시,59830800.0,0.14318354781912487,0.9545569854608326,0.681826418186309
109610,에스와이(주),중견,False,1차(2027),25112,에스와이주식회사,의무,2025,417860857.0,342919596684.0,0.001218538867538265,3천억~5천억,중견-1차(2027),소형·상시,지원비 가동시간만,59830800.0,0.14318354781912487,0.9545569854608326,0.681826418186309
109610,에스와이(주),중견,False,1차(2027),25112,에스와이주식회사,의무,2025,417860857.0,342919596684.0,0.001218538867538265,3천억~5천억,중견-1차(2027),중형·업무시간,지원비 상시,76288368.0,0.1825688305617006,1.217125537078004,0.8693753836271457
109610,에스와이(주),중견,False,1차(2027),25112,에스와이주식회사,의무,2025,417860857.0,342919596684.0,0.001218538867538265,3천억~5천억,중견-1차(2027),중형·업무시간,지원비 가동시간만,51208608.0,0.12254942558546468,0.8169961705697646,0.5835686932641175
109610,에스와이(주),중견,False,1차(2027),25112,에스와이주식회사,의무,2025,417860857.0,342919596684.0,0.001218538867538265,3천억~5천억,중견-1차(2027),중형·상시,지원비 상시,169919472.0,0.40664127580631465,2.7109418387087643,1.9363870276491173
109610,에스와이(주),중견,False,1차(2027),25112,에스와이주식회사,의무,2025,417860857.0,342919596684.0,0.001218538867538265,3천억~5천억,중견-1차(2027),중형·상시,지원비 가동시간만,169919472.0,0.40664127580631465,2.7109418387087643,1.9363870276491173
109610,에스와이(주),중견,False,1차(2027),25112,에스와이주식회사,의무,2025,417860857.0,342919596684.0,0.001218538867538265,3천억~5천억,중견-1차(2027),대형·상시,지원비 상시,270435216.0,0.6471896361424444,4.314597574282963,3.0818554102021163
109610,에스와이(주),중견,False,1차(2027),25112,에스와이주식회사,의무,2025,417860857.0,342919596684.0,0.001218538867538265,3천억~5천억,중견-1차(2027),대형·상시,지원비 가동시간만,270435216.0,0.6471896361424444,4.314597574282963,3.0818554102021163
041650,상신브레이크(주),중견,False,2차 후보(확인 필요),303,상신브레이크(주),의무,2025,2739503394.0,389018846221.0,0.00704208400341535,3천억~5천억,중견-2차 후보,소형·업무시간,지원비 상시,43110960.0,0.015736779189403697,0.10491186126269134,0.07493704375906522
041650,상신브레이크(주),중견,False,2차 후보(확인 필요),303,상신브레이크(주),의무,2025,2739503394.0,389018846221.0,0.00704208400341535,3천억~5천억,중견-2차 후보,소형·업무시간,지원비 가동시간만,18031200.0,0.0065819228548836765,0.04387948569922451,0.03134248978516036
041650,상신브레이크(주),중견,False,2차 후보(확인 필요),303,상신브레이크(주),의무,2025,2739503394.0,389018846221.0,0.00704208400341535,3천억~5천억,중견-2차 후보,소형·상시,지원비 상시,59830800.0,0.02184001674575038,0.1456001116383359,0.10400007974166847
041650,상신브레이크(주),중견,False,2차 후보(확인 필요),303,상신브레이크(주),의무,2025,2739503394.0,389018846221.0,0.00704208400341535,3천억~5천억,중견-2차 후보,소형·상시,지원비 가동시간만,59830800.0,0.02184001674575038,0.1456001116383359,0.10400007974166847
041650,상신브레이크(주),중견,False,2차 후보(확인 필요),303,상신브레이크(주),의무,2025,2739503394.0,389018846221.0,0.00704208400341535,3천억~5천억,중견-2차 후보,중형·업무시간,지원비 상시,76288368.0,0.027847517242389663,0.18565011494926442,0.1326072249637603
041650,상신브레이크(주),중견,False,2차 후보(확인 필요),303,상신브레이크(주),의무,2025,2739503394.0,389018846221.0,0.00704208400341535,3천억~5천억,중견-2차 후보,중형·업무시간,지원비 가동시간만,51208608.0,0.01869266090786964,0.12461773938579761,0.08901267098985542
041650,상신브레이크(주),중견,False,2차 후보(확인 필요),303,상신브레이크(주),의무,2025,2739503394.0,389018846221.0,0.00704208400341535,3천억~5천억,중견-2차 후보,중형·상시,지원비 상시,169919472.0,0.06202564755793108,0.4135043170528739,0.29536022646633847
041650,상신브레이크(주),중견,False,2차 후보(확인 필요),303,상신브레이크(주),의무,2025,2739503394.0,389018846221.0,0.00704208400341535,3천억~5천억,중견-2차 후보,중형·상시,지원비 가동시간만,169919472.0,0.06202564755793108,0.4135043170528739,0.29536022646633847
041650,상신브레이크(주),중견,False,2차 후보(확인 필요),303,상신브레이크(주),의무,2025,2739503394.0,389018846221.0,0.00704208400341535,3천억~5천억,중견-2차 후보,대형·상시,지원비 상시,270435216.0,0.09871687569079171,0.6581125046052781,0.47008036043234147
041650,상신브레이크(주),중견,False,2차 후보(확인 필요),303,상신브레이크(주),의무,2025,2739503394.0,389018846221.0,0.00704208400341535,3천억~5천억,중견-2차 후보,대형·상시,지원비 가동시간만,270435216.0,0.09871687569079171,0.6581125046052781,0.47008036043234147
272290,(주)이녹스첨단소재,중견,False,비대상,2629,주식회사 이녹스첨단소재,의무,2025,3556347850.0,397080900924.0,0.008956229931292196,3천억~5천억,중견-비대상,소형·업무시간,지원비 상시,43110960.0,0.01212225626354295,0.08081504175695299,0.057725029826395
272290,(주)이녹스첨단소재,중견,False,비대상,2629,주식회사 이녹스첨단소재,의무,2025,3556347850.0,397080900924.0,0.008956229931292196,3천억~5천억,중견-비대상,소형·업무시간,지원비 가동시간만,18031200.0,0.005070145205284123,0.03380096803522749,0.024143548596591062
272290,(주)이녹스첨단소재,중견,False,비대상,2629,주식회사 이녹스첨단소재,의무,2025,3556347850.0,397080900924.0,0.008956229931292196,3천억~5천억,중견-비대상,소형·상시,지원비 상시,59830800.0,0.0168236636357155,0.11215775757143666,0.08011268397959762
272290,(주)이녹스첨단소재,중견,False,비대상,2629,주식회사 이녹스첨단소재,의무,2025,3556347850.0,397080900924.0,0.008956229931292196,3천억~5천억,중견-비대상,소형·상시,지원비 가동시간만,59830800.0,0.0168236636357155,0.11215775757143666,0.08011268397959762
272290,(주)이녹스첨단소재,중견,False,비대상,2629,주식회사 이녹스첨단소재,의무,2025,3556347850.0,397080900924.0,0.008956229931292196,3천억~5천억,중견-비대상,중형·업무시간,지원비 상시,76288368.0,0.021451323441265737,0.14300882294177156,0.10214915924412254
272290,(주)이녹스첨단소재,중견,False,비대상,2629,주식회사 이녹스첨단소재,의무,2025,3556347850.0,397080900924.0,0.008956229931292196,3천억~5천억,중견-비대상,중형·업무시간,지원비 가동시간만,51208608.0,0.014399212383006909,0.09599474922004607,0.06856767801431862
272290,(주)이녹스첨단소재,중견,False,비대상,2629,주식회사 이녹스첨단소재,의무,2025,3556347850.0,397080900924.0,0.008956229931292196,3천억~5천억,중견-비대상,중형·상시,지원비 상시,169919472.0,0.04777920472543202,0.3185280315028801,0.22752002250205725
272290,(주)이녹스첨단소재,중견,False,비대상,2629,주식회사 이녹스첨단소재,의무,2025,3556347850.0,397080900924.0,0.008956229931292196,3천억~5천억,중견-비대상,중형·상시,지원비 가동시간만,169919472.0,0.04777920472543202,0.3185280315028801,0.22752002250205725
272290,(주)이녹스첨단소재,중견,False,비대상,2629,주식회사 이녹스첨단소재,의무,2025,3556347850.0,397080900924.0,0.008956229931292196,3천억~5천억,중견-비대상,대형·상시,지원비 상시,270435216.0,0.07604295963343406,0.5069530642228938,0.36210933158778125
272290,(주)이녹스첨단소재,중견,False,비대상,2629,주식회사 이녹스첨단소재,의무,2025,3556347850.0,397080900924.0,0.008956229931292196,3천억~5천억,중견-비대상,대형·상시,지원비 가동시간만,270435216.0,0.07604295963343406,0.5069530642228938,0.36210933158778125
004560,현대비앤지스틸(주),대기업,False,1차(2027),24122,현대비앤지스틸 주식회사,의무,2025,8815017527.0,739197686220.0,0.011925115150288058,5천억~1조,대기업,소형·업무시간,지원비 상시,43110960.0,0.004890626691093135,0.0326041779406209,0.02328869852901493
004560,현대비앤지스틸(주),대기업,False,1차(2027),24122,현대비앤지스틸 주식회사,의무,2025,8815017527.0,739197686220.0,0.011925115150288058,5천억~1조,대기업,소형·업무시간,지원비 가동시간만,18031200.0,0.002045509262434391,0.013636728416229274,0.009740520297306625
004560,현대비앤지스틸(주),대기업,False,1차(2027),24122,현대비앤지스틸 주식회사,의무,2025,8815017527.0,739197686220.0,0.011925115150288058,5천억~1조,대기업,소형·상시,지원비 상시,59830800.0,0.006787371643532297,0.04524914429021532,0.032320817350153803
004560,현대비앤지스틸(주),대기업,False,1차(2027),24122,현대비앤지스틸 주식회사,의무,2025,8815017527.0,739197686220.0,0.011925115150288058,5천억~1조,대기업,소형·상시,지원비 가동시간만,59830800.0,0.006787371643532297,0.04524914429021532,0.032320817350153803
004560,현대비앤지스틸(주),대기업,False,1차(2027),24122,현대비앤지스틸 주식회사,의무,2025,8815017527.0,739197686220.0,0.011925115150288058,5천억~1조,대기업,중형·업무시간,지원비 상시,76288368.0,0.008654363733972414,0.05769575822648276,0.04121125587605912
004560,현대비앤지스틸(주),대기업,False,1차(2027),24122,현대비앤지스틸 주식회사,의무,2025,8815017527.0,739197686220.0,0.011925115150288058,5천억~1조,대기업,중형·업무시간,지원비 가동시간만,51208608.0,0.005809246305313671,0.03872830870209114,0.027663077644350813
004560,현대비앤지스틸(주),대기업,False,1차(2027),24122,현대비앤지스틸 주식회사,의무,2025,8815017527.0,739197686220.0,0.011925115150288058,5천억~1조,대기업,중형·상시,지원비 상시,169919472.0,0.019276135467631725,0.12850756978421152,0.0917911212744368
004560,현대비앤지스틸(주),대기업,False,1차(2027),24122,현대비앤지스틸 주식회사,의무,2025,8815017527.0,739197686220.0,0.011925115150288058,5천억~1조,대기업,중형·상시,지원비 가동시간만,169919472.0,0.019276135467631725,0.12850756978421152,0.0917911212744368
004560,현대비앤지스틸(주),대기업,False,1차(2027),24122,현대비앤지스틸 주식회사,의무,2025,8815017527.0,739197686220.0,0.011925115150288058,5천억~1조,대기업,대형·상시,지원비 상시,270435216.0,0.030678919828765985,0.20452613219177324,0.1460900944226952
004560,현대비앤지스틸(주),대기업,False,1차(2027),24122,현대비앤지스틸 주식회사,의무,2025,8815017527.0,739197686220.0,0.011925115150288058,5천억~1조,대기업,대형·상시,지원비 가동시간만,270435216.0,0.030678919828765985,0.20452613219177324,0.1460900944226952
456040,OCI(주),대기업,False,비대상,20129,오씨아이 주식회사,의무,2025,12341177296.0,1794178493000.0,0.006878455707806771,1조~5조,대기업,소형·업무시간,지원비 상시,43110960.0,0.003493261539478332,0.023288410263188883,0.01663457875942063
456040,OCI(주),대기업,False,비대상,20129,오씨아이 주식회사,의무,2025,12341177296.0,1794178493000.0,0.006878455707806771,1조~5조,대기업,소형·업무시간,지원비 가동시간만,18031200.0,0.0014610599594776293,0.009740399729850864,0.0069574283784649025
456040,OCI(주),대기업,False,비대상,20129,오씨아이 주식회사,의무,2025,12341177296.0,1794178493000.0,0.006878455707806771,1조~5조,대기업,소형·상시,지원비 상시,59830800.0,0.004848062592812134,0.03232041728541423,0.023086012346724447
456040,OCI(주),대기업,False,비대상,20129,오씨아이 주식회사,의무,2025,12341177296.0,1794178493000.0,0.006878455707806771,1조~5조,대기업,소형·상시,지원비 가동시간만,59830800.0,0.004848062592812134,0.03232041728541423,0.023086012346724447
456040,OCI(주),대기업,False,비대상,20129,오씨아이 주식회사,의무,2025,12341177296.0,1794178493000.0,0.006878455707806771,1조~5조,대기업,중형·업무시간,지원비 상시,76288368.0,0.00618161186491717,0.04121074576611447,0.02943624697579605
456040,OCI(주),대기업,False,비대상,20129,오씨아이 주식회사,의무,2025,12341177296.0,1794178493000.0,0.006878455707806771,1조~5조,대기업,중형·업무시간,지원비 가동시간만,51208608.0,0.004149410284916467,0.02766273523277645,0.019759096594840323
456040,OCI(주),대기업,False,비대상,20129,오씨아이 주식회사,의무,2025,12341177296.0,1794178493000.0,0.006878455707806771,1조~5조,대기업,중형·상시,지원비 상시,169919472.0,0.01376849776358646,0.09178998509057641,0.06556427506469743
456040,OCI(주),대기업,False,비대상,20129,오씨아이 주식회사,의무,2025,12341177296.0,1794178493000.0,0.006878455707806771,1조~5조,대기업,중형·상시,지원비 가동시간만,169919472.0,0.01376849776358646,0.09178998509057641,0.06556427506469743
456040,OCI(주),대기업,False,비대상,20129,오씨아이 주식회사,의무,2025,12341177296.0,1794178493000.0,0.006878455707806771,1조~5조,대기업,대형·상시,지원비 상시,270435216.0,0.021913242919510845,0.14608828613007233,0.10434877580719451
456040,OCI(주),대기업,False,비대상,20129,오씨아이 주식회사,의무,2025,12341177296.0,1794178493000.0,0.006878455707806771,1조~5조,대기업,대형·상시,지원비 가동시간만,270435216.0,0.021913242919510845,0.14608828613007233,0.10434877580719451
000020,동화약품(주),중견,False,비대상,212,동화약품(주),의무,2025,3059071171.0,388660153296.0,0.007870812443873658,3천억~5천억,중견-비대상,소형·업무시간,지원비 상시,43110960.0,0.014092826740577982,0.09395217827051988,0.06710869876465705
000020,동화약품(주),중견,False,비대상,212,동화약품(주),의무,2025,3059071171.0,388660153296.0,0.007870812443873658,3천억~5천억,중견-비대상,소형·업무시간,지원비 가동시간만,18031200.0,0.0058943381804698785,0.03929558786979919,0.028068277049856566
000020,동화약품(주),중견,False,비대상,212,동화약품(주),의무,2025,3059071171.0,388660153296.0,0.007870812443873658,3천억~5천억,중견-비대상,소형·상시,지원비 상시,59830800.0,0.019558485780650052,0.1303899052043337,0.09313564657452406
000020,동화약품(주),중견,False,비대상,212,동화약품(주),의무,2025,3059071171.0,388660153296.0,0.007870812443873658,3천억~5천억,중견-비대상,소형·상시,지원비 가동시간만,59830800.0,0.019558485780650052,0.1303899052043337,0.09313564657452406
000020,동화약품(주),중견,False,비대상,212,동화약품(주),의무,2025,3059071171.0,388660153296.0,0.007870812443873658,3천억~5천억,중견-비대상,중형·업무시간,지원비 상시,76288368.0,0.024938408992642557,0.16625605995095039,0.11875432853639314
000020,동화약품(주),중견,False,비대상,212,동화약품(주),의무,2025,3059071171.0,388660153296.0,0.007870812443873658,3천억~5천억,중견-비대상,중형·업무시간,지원비 가동시간만,51208608.0,0.016739920432534455,0.1115994695502297,0.07971390682159264
000020,동화약품(주),중견,False,비대상,212,동화약품(주),의무,2025,3059071171.0,388660153296.0,0.007870812443873658,3천억~5천억,중견-비대상,중형·상시,지원비 상시,169919472.0,0.055546099617046145,0.37030733078030764,0.2645052362716483
000020,동화약품(주),중견,False,비대상,212,동화약품(주),의무,2025,3059071171.0,388660153296.0,0.007870812443873658,3천억~5천억,중견-비대상,중형·상시,지원비 가동시간만,169919472.0,0.055546099617046145,0.37030733078030764,0.2645052362716483
000020,동화약품(주),중견,False,비대상,212,동화약품(주),의무,2025,3059071171.0,388660153296.0,0.007870812443873658,3천억~5천억,중견-비대상,대형·상시,지원비 상시,270435216.0,0.08840435572853823,0.5893623715235883,0.4209731225168487
000020,동화약품(주),중견,False,비대상,212,동화약품(주),의무,2025,3059071171.0,388660153296.0,0.007870812443873658,3천억~5천억,중견-비대상,대형·상시,지원비 가동시간만,270435216.0,0.08840435572853823,0.5893623715235883,0.4209731225168487
011210,현대위아(주),대기업,False,2차 후보(확인 필요),303,현대위아(주),의무,2025,30095775825.0,7278797000000.0,0.004134718391651807,5조 이상,대기업,소형·업무시간,지원비 상시,43110960.0,0.001432458835774173,0.00954972557182782,0.006821232551305585
011210,현대위아(주),대기업,False,2차 후보(확인 필요),303,현대위아(주),의무,2025,30095775825.0,7278797000000.0,0.004134718391651807,5조 이상,대기업,소형·업무시간,지원비 가동시간만,18031200.0,0.0005991272697154336,0.0039941817981028905,0.0028529869986449216
011210,현대위아(주),대기업,False,2차 후보(확인 필요),303,현대위아(주),의무,2025,30095775825.0,7278797000000.0,0.004134718391651807,5조 이상,대기업,소형·상시,지원비 상시,59830800.0,0.001988013213146666,0.013253421420977773,0.009466729586412695
011210,현대위아(주),대기업,False,2차 후보(확인 필요),303,현대위아(주),의무,2025,30095775825.0,7278797000000.0,0.004134718391651807,5조 이상,대기업,소형·상시,지원비 가동시간만,59830800.0,0.001988013213146666,0.013253421420977773,0.009466729586412695
011210,현대위아(주),대기업,False,2차 후보(확인 필요),303,현대위아(주),의무,2025,30095775825.0,7278797000000.0,0.004134718391651807,5조 이상,대기업,중형·업무시간,지원비 상시,76288368.0,0.0025348530120505707,0.016899020080337137,0.012070728628812241
011210,현대위아(주),대기업,False,2차 후보(확인 필요),303,현대위아(주),의무,2025,30095775825.0,7278797000000.0,0.004134718391651807,5조 이상,대기업,중형·업무시간,지원비 가동시간만,51208608.0,0.0017015214459918312,0.01134347630661221,0.008102483076151577
011210,현대위아(주),대기업,False,2차 후보(확인 필요),303,현대위아(주),의무,2025,30095775825.0,7278797000000.0,0.004134718391651807,5조 이상,대기업,중형·상시,지원비 상시,169919472.0,0.005645957525336531,0.037639716835576875,0.026885512025412055
011210,현대위아(주),대기업,False,2차 후보(확인 필요),303,현대위아(주),의무,2025,30095775825.0,7278797000000.0,0.004134718391651807,5조 이상,대기업,중형·상시,지원비 가동시간만,169919472.0,0.005645957525336531,0.037639716835576875,0.026885512025412055
011210,현대위아(주),대기업,False,2차 후보(확인 필요),303,현대위아(주),의무,2025,30095775825.0,7278797000000.0,0.004134718391651807,5조 이상,대기업,대형·상시,지원비 상시,270435216.0,0.00898581972342293,0.05990546482281953,0.04278961773058538
011210,현대위아(주),대기업,False,2차 후보(확인 필요),303,현대위아(주),의무,2025,30095775825.0,7278797000000.0,0.004134718391651807,5조 이상,대기업,대형·상시,지원비 가동시간만,270435216.0,0.00898581972342293,0.05990546482281953,0.04278961773058538
096770,SK이노베이션(주),대기업,False,비대상,192,SK이노베이션 (주),의무,2025,51987726117.0,4850904693000.0,0.010717119672959116,1조~5조,대기업,소형·업무시간,지원비 상시,43110960.0,0.0008292526567324264,0.005528351044882843,0.003948822174916316
096770,SK이노베이션(주),대기업,False,비대상,192,SK이노베이션 (주),의무,2025,51987726117.0,4850904693000.0,0.010717119672959116,1조~5조,대기업,소형·업무시간,지원비 가동시간만,18031200.0,0.00034683571194131903,0.002312238079608794,0.0016515986282919955
096770,SK이노베이션(주),대기업,False,비대상,192,SK이노베이션 (주),의무,2025,51987726117.0,4850904693000.0,0.010717119672959116,1조~5조,대기업,소형·상시,지원비 상시,59830800.0,0.0011508639532598313,0.0076724263550655425,0.00548030453933253
096770,SK이노베이션(주),대기업,False,비대상,192,SK이노베이션 (주),의무,2025,51987726117.0,4850904693000.0,0.010717119672959116,1조~5조,대기업,소형·상시,지원비 가동시간만,59830800.0,0.0011508639532598313,0.0076724263550655425,0.00548030453933253
096770,SK이노베이션(주),대기업,False,비대상,192,SK이노베이션 (주),의무,2025,51987726117.0,4850904693000.0,0.010717119672959116,1조~5조,대기업,중형·업무시간,지원비 상시,76288368.0,0.0014674303667044535,0.009782869111363024,0.006987763650973588
096770,SK이노베이션(주),대기업,False,비대상,192,SK이노베이션 (주),의무,2025,51987726117.0,4850904693000.0,0.010717119672959116,1조~5조,대기업,중형·업무시간,지원비 가동시간만,51208608.0,0.0009850134219133461,0.006566756146088974,0.004690540104349267
096770,SK이노베이션(주),대기업,False,비대상,192,SK이노베이션 (주),의무,2025,51987726117.0,4850904693000.0,0.010717119672959116,1조~5조,대기업,중형·상시,지원비 상시,169919472.0,0.003268453627257921,0.021789690848386143,0.015564064891704386
096770,SK이노베이션(주),대기업,False,비대상,192,SK이노베이션 (주),의무,2025,51987726117.0,4850904693000.0,0.010717119672959116,1조~5조,대기업,중형·상시,지원비 가동시간만,169919472.0,0.003268453627257921,0.021789690848386143,0.015564064891704386
096770,SK이노베이션(주),대기업,False,비대상,192,SK이노베이션 (주),의무,2025,51987726117.0,4850904693000.0,0.010717119672959116,1조~5조,대기업,대형·상시,지원비 상시,270435216.0,0.005201905068734437,0.034679367124896256,0.024770976517783035
096770,SK이노베이션(주),대기업,False,비대상,192,SK이노베이션 (주),의무,2025,51987726117.0,4850904693000.0,0.010717119672959116,1조~5조,대기업,대형·상시,지원비 가동시간만,270435216.0,0.005201905068734437,0.034679367124896256,0.024770976517783035
034020,두산에너빌리티(주),대기업,False,1차(2027),29119,두산에너빌리티 (주),의무,2025,79877601764.0,7117023000000.0,0.011223457021847478,5조 이상,대기업,소형·업무시간,지원비 상시,43110960.0,0.0005397127486046991,0.003598084990697994,0.0025700607076414245
034020,두산에너빌리티(주),대기업,False,1차(2027),29119,두산에너빌리티 (주),의무,2025,79877601764.0,7117023000000.0,0.011223457021847478,5조 이상,대기업,소형·업무시간,지원비 가동시간만,18031200.0,0.00022573537013884752,0.0015049024675923169,0.0010749303339945122
034020,두산에너빌리티(주),대기업,False,1차(2027),29119,두산에너빌리티 (주),의무,2025,79877601764.0,7117023000000.0,0.011223457021847478,5조 이상,대기업,소형·상시,지원비 상시,59830800.0,0.0007490310009152668,0.004993540006101778,0.003566814290072699
034020,두산에너빌리티(주),대기업,False,1차(2027),29119,두산에너빌리티 (주),의무,2025,79877601764.0,7117023000000.0,0.011223457021847478,5조 이상,대기업,소형·상시,지원비 가동시간만,59830800.0,0.0007490310009152668,0.004993540006101778,0.003566814290072699
034020,두산에너빌리티(주),대기업,False,1차(2027),29119,두산에너빌리티 (주),의무,2025,79877601764.0,7117023000000.0,0.011223457021847478,5조 이상,대기업,중형·업무시간,지원비 상시,76288368.0,0.0009550658296601785,0.006367105531067857,0.004547932522191327
034020,두산에너빌리티(주),대기업,False,1차(2027),29119,두산에너빌리티 (주),의무,2025,79877601764.0,7117023000000.0,0.011223457021847478,5조 이상,대기업,중형·업무시간,지원비 가동시간만,51208608.0,0.000641088451194327,0.004273923007962179,0.0030528021485444145
034020,두산에너빌리티(주),대기업,False,1차(2027),29119,두산에너빌리티 (주),의무,2025,79877601764.0,7117023000000.0,0.011223457021847478,5조 이상,대기업,중형·상시,지원비 상시,169919472.0,0.0021272480425993576,0.014181653617329051,0.010129752583806466
034020,두산에너빌리티(주),대기업,False,1차(2027),29119,두산에너빌리티 (주),의무,2025,79877601764.0,7117023000000.0,0.011223457021847478,5조 이상,대기업,중형·상시,지원비 가동시간만,169919472.0,0.0021272480425993576,0.014181653617329051,0.010129752583806466
034020,두산에너빌리티(주),대기업,False,1차(2027),29119,두산에너빌리티 (주),의무,2025,79877601764.0,7117023000000.0,0.011223457021847478,5조 이상,대기업,대형·상시,지원비 상시,270435216.0,0.003385620124137006,0.022570800827580038,0.016122000591128602
034020,두산에너빌리티(주),대기업,False,1차(2027),29119,두산에너빌리티 (주),의무,2025,79877601764.0,7117023000000.0,0.011223457021847478,5조 이상,대기업,대형·상시,지원비 가동시간만,270435216.0,0.003385620124137006,0.022570800827580038,0.016122000591128602
005380,현대자동차(주),대기업,False,비대상,30121,현대자동차(주),의무,2025,693590307180.0,78766791000000.0,0.008805618438613298,5조 이상,대기업,소형·업무시간,지원비 상시,43110960.0,6.215623193363323e-05,0.0004143748795575549,0.00029598205682682496
005380,현대자동차(주),대기업,False,비대상,30121,현대자동차(주),의무,2025,693590307180.0,78766791000000.0,0.008805618438613298,5조 이상,대기업,소형·업무시간,지원비 가동시간만,18031200.0,2.599690309011276e-05,0.0001733126872674184,0.00012379477661958457
005380,현대자동차(주),대기업,False,비대상,30121,현대자동차(주),의무,2025,693590307180.0,78766791000000.0,0.008805618438613298,5조 이상,대기업,소형·상시,지원비 상시,59830800.0,8.626245116264688e-05,0.0005750830077509792,0.0004107735769649852
005380,현대자동차(주),대기업,False,비대상,30121,현대자동차(주),의무,2025,693590307180.0,78766791000000.0,0.008805618438613298,5조 이상,대기업,소형·상시,지원비 가동시간만,59830800.0,8.626245116264688e-05,0.0005750830077509792,0.0004107735769649852
005380,현대자동차(주),대기업,False,비대상,30121,현대자동차(주),의무,2025,693590307180.0,78766791000000.0,0.008805618438613298,5조 이상,대기업,중형·업무시간,지원비 상시,76288368.0,0.00010999053361944072,0.0007332702241296047,0.0005237644458068605
005380,현대자동차(주),대기업,False,비대상,30121,현대자동차(주),의무,2025,693590307180.0,78766791000000.0,0.008805618438613298,5조 이상,대기업,중형·업무시간,지원비 가동시간만,51208608.0,7.383120477592024e-05,0.0004922080318394683,0.0003515771655996202
005380,현대자동차(주),대기업,False,비대상,30121,현대자동차(주),의무,2025,693590307180.0,78766791000000.0,0.008805618438613298,5조 이상,대기업,중형·상시,지원비 상시,169919472.0,0.0002449853613019171,0.0016332357420127809,0.001166596958580558
005380,현대자동차(주),대기업,False,비대상,30121,현대자동차(주),의무,2025,693590307180.0,78766791000000.0,0.008805618438613298,5조 이상,대기업,중형·상시,지원비 가동시간만,169919472.0,0.0002449853613019171,0.0016332357420127809,0.001166596958580558
005380,현대자동차(주),대기업,False,비대상,30121,현대자동차(주),의무,2025,693590307180.0,78766791000000.0,0.008805618438613298,5조 이상,대기업,대형·상시,지원비 상시,270435216.0,0.0003899062792551639,0.0025993751950344262,0.001856696567881733
005380,현대자동차(주),대기업,False,비대상,30121,현대자동차(주),의무,2025,693590307180.0,78766791000000.0,0.008805618438613298,5조 이상,대기업,대형·상시,지원비 가동시간만,270435216.0,0.0003899062792551639,0.0025993751950344262,0.001856696567881733
095610,(주)테스,중견,False,비대상,29271,주식회사 테스,의무,2025,1412354741.0,347392290853.0,0.004065590337459854,3천억~5천억,중견-비대상,소형·업무시간,지원비 상시,43110960.0,0.030524172680211934,0.20349448453474622,0.14535320323910444
095610,(주)테스,중견,False,비대상,29271,주식회사 테스,의무,2025,1412354741.0,347392290853.0,0.004065590337459854,3천억~5천억,중견-비대상,소형·업무시간,지원비 가동시간만,18031200.0,0.012766764238871912,0.0851117615924794,0.060794115423199575
095610,(주)테스,중견,False,비대상,29271,주식회사 테스,의무,2025,1412354741.0,347392290853.0,0.004065590337459854,3천억~5천억,중견-비대상,소형·상시,지원비 상시,59830800.0,0.04236244497443861,0.28241629982959077,0.2017259284497077
095610,(주)테스,중견,False,비대상,29271,주식회사 테스,의무,2025,1412354741.0,347392290853.0,0.004065590337459854,3천억~5천억,중견-비대상,소형·상시,지원비 가동시간만,59830800.0,0.04236244497443861,0.28241629982959077,0.2017259284497077
095610,(주)테스,중견,False,비대상,29271,주식회사 테스,의무,2025,1412354741.0,347392290853.0,0.004065590337459854,3천억~5천억,중견-비대상,중형·업무시간,지원비 상시,76288368.0,0.05401501887973625,0.3601001258649083,0.25721437561779165
095610,(주)테스,중견,False,비대상,29271,주식회사 테스,의무,2025,1412354741.0,347392290853.0,0.004065590337459854,3천억~5천억,중견-비대상,중형·업무시간,지원비 가동시간만,51208608.0,0.036257610438396225,0.24171740292264152,0.1726552878018868
095610,(주)테스,중견,False,비대상,29271,주식회사 테스,의무,2025,1412354741.0,347392290853.0,0.004065590337459854,3천억~5천억,중견-비대상,중형·상시,지원비 상시,169919472.0,0.12030934372740566,0.8020622915160377,0.5729016367971698
095610,(주)테스,중견,False,비대상,29271,주식회사 테스,의무,2025,1412354741.0,347392290853.0,0.004065590337459854,3천억~5천억,중견-비대상,중형·상시,지원비 가동시간만,169919472.0,0.12030934372740566,0.8020622915160377,0.5729016367971698
095610,(주)테스,중견,False,비대상,29271,주식회사 테스,의무,2025,1412354741.0,347392290853.0,0.004065590337459854,3천억~5천억,중견-비대상,대형·상시,지원비 상시,270435216.0,0.19147825128446253,1.2765216752297501,0.9118011965926787
095610,(주)테스,중견,False,비대상,29271,주식회사 테스,의무,2025,1412354741.0,347392290853.0,0.004065590337459854,3천억~5천억,중견-비대상,대형·상시,지원비 가동시간만,270435216.0,0.19147825128446253,1.2765216752297501,0.9118011965926787
051900,(주)LG생활건강,대기업,False,비대상,20422,(주)엘지생활건강,의무,2025,74045561340.0,3040730093373.0,0.02435124429536699,1조~5조,대기업,소형·업무시간,지원비 상시,43110960.0,0.0005822220700312405,0.0038814804668749372,0.0027724860477678125
051900,(주)LG생활건강,대기업,False,비대상,20422,(주)엘지생활건강,의무,2025,74045561340.0,3040730093373.0,0.02435124429536699,1조~5조,대기업,소형·업무시간,지원비 가동시간만,18031200.0,0.00024351493423359873,0.001623432894890658,0.0011595949249218987
051900,(주)LG생활건강,대기업,False,비대상,20422,(주)엘지생활건강,의무,2025,74045561340.0,3040730093373.0,0.02435124429536699,1조~5조,대기업,소형·상시,지원비 상시,59830800.0,0.0008080268272296684,0.005386845514864457,0.003847746796331755
051900,(주)LG생활건강,대기업,False,비대상,20422,(주)엘지생활건강,의무,2025,74045561340.0,3040730093373.0,0.02435124429536699,1조~5조,대기업,소형·상시,지원비 가동시간만,59830800.0,0.0008080268272296684,0.005386845514864457,0.003847746796331755
051900,(주)LG생활건강,대기업,False,비대상,20422,(주)엘지생활건강,의무,2025,74045561340.0,3040730093373.0,0.02435124429536699,1조~5조,대기업,중형·업무시간,지원비 상시,76288368.0,0.0010302895490210623,0.006868596993473748,0.004906140709624106
051900,(주)LG생활건강,대기업,False,비대상,20422,(주)엘지생활건강,의무,2025,74045561340.0,3040730093373.0,0.02435124429536699,1조~5조,대기업,중형·업무시간,지원비 가동시간만,51208608.0,0.0006915824132234204,0.0046105494214894694,0.0032932495867781923
051900,(주)LG생활건강,대기업,False,비대상,20422,(주)엘지생활건강,의무,2025,74045561340.0,3040730093373.0,0.02435124429536699,1조~5조,대기업,중형·상시,지원비 상시,169919472.0,0.0022947961893322586,0.015298641262215057,0.010927600901582183
051900,(주)LG생활건강,대기업,False,비대상,20422,(주)엘지생활건강,의무,2025,74045561340.0,3040730093373.0,0.02435124429536699,1조~5조,대기업,중형·상시,지원비 가동시간만,169919472.0,0.0022947961893322586,0.015298641262215057,0.010927600901582183
051900,(주)LG생활건강,대기업,False,비대상,20422,(주)엘지생활건강,의무,2025,74045561340.0,3040730093373.0,0.02435124429536699,1조~5조,대기업,대형·상시,지원비 상시,270435216.0,0.0036522812590781017,0.024348541727187343,0.017391815519419533
051900,(주)LG생활건강,대기업,False,비대상,20422,(주)엘지생활건강,의무,2025,74045561340.0,3040730093373.0,0.02435124429536699,1조~5조,대기업,대형·상시,지원비 가동시간만,270435216.0,0.0036522812590781017,0.024348541727187343,0.017391815519419533
489790,한화비전(주),대기업,False,비대상,264,한화비전,의무,2025,96400930929.0,821603769063.0,0.11733262986237353,5천억~1조,대기업,소형·업무시간,지원비 상시,43110960.0,0.0004472048100007617,0.0029813654000050782,0.0021295467142893416
489790,한화비전(주),대기업,False,비대상,264,한화비전,의무,2025,96400930929.0,821603769063.0,0.11733262986237353,5천억~1조,대기업,소형·업무시간,지원비 가동시간만,18031200.0,0.00018704383688244788,0.0012469589125496524,0.000890684937535466
489790,한화비전(주),대기업,False,비대상,264,한화비전,의무,2025,96400930929.0,821603769063.0,0.11733262986237353,5천억~1조,대기업,소형·상시,지원비 상시,59830800.0,0.0006206454587463043,0.004137636391642029,0.002955454565458592
489790,한화비전(주),대기업,False,비대상,264,한화비전,의무,2025,96400930929.0,821603769063.0,0.11733262986237353,5천억~1조,대기업,소형·상시,지원비 가동시간만,59830800.0,0.0006206454587463043,0.004137636391642029,0.002955454565458592
489790,한화비전(주),대기업,False,비대상,264,한화비전,의무,2025,96400930929.0,821603769063.0,0.11733262986237353,5천억~1조,대기업,중형·업무시간,지원비 상시,76288368.0,0.0007913654698644658,0.005275769799096439,0.0037684069993545993
489790,한화비전(주),대기업,False,비대상,264,한화비전,의무,2025,96400930929.0,821603769063.0,0.11733262986237353,5천억~1조,대기업,중형·업무시간,지원비 가동시간만,51208608.0,0.000531204496746152,0.003541363311641013,0.0025295452226007237
489790,한화비전(주),대기업,False,비대상,264,한화비전,의무,2025,96400930929.0,821603769063.0,0.11733262986237353,5천억~1조,대기업,중형·상시,지원비 상시,169919472.0,0.0017626331028395043,0.01175088735226336,0.008393490965902401
489790,한화비전(주),대기업,False,비대상,264,한화비전,의무,2025,96400930929.0,821603769063.0,0.11733262986237353,5천억~1조,대기업,중형·상시,지원비 가동시간만,169919472.0,0.0017626331028395043,0.01175088735226336,0.008393490965902401
489790,한화비전(주),대기업,False,비대상,264,한화비전,의무,2025,96400930929.0,821603769063.0,0.11733262986237353,5천억~1조,대기업,대형·상시,지원비 상시,270435216.0,0.0028053174735332954,0.01870211649022197,0.013358654635872835
489790,한화비전(주),대기업,False,비대상,264,한화비전,의무,2025,96400930929.0,821603769063.0,0.11733262986237353,5천억~1조,대기업,대형·상시,지원비 가동시간만,270435216.0,0.0028053174735332954,0.01870211649022197,0.013358654635872835
104480,(주)티케이케미칼,대기업,False,비대상,20501,주식회사 티케이케미칼,의무,2025,570689111.0,345756223802.0,0.0016505534006722887,3천억~5천억,대기업,소형·업무시간,지원비 상시,43110960.0,0.07554193547596881,0.5036129031731255,0.3597235022665181
104480,(주)티케이케미칼,대기업,False,비대상,20501,주식회사 티케이케미칼,의무,2025,570689111.0,345756223802.0,0.0016505534006722887,3천억~5천억,대기업,소형·업무시간,지원비 가동시간만,18031200.0,0.03159548632074741,0.2106365754716494,0.15045469676546386
104480,(주)티케이케미칼,대기업,False,비대상,20501,주식회사 티케이케미칼,의무,2025,570689111.0,345756223802.0,0.0016505534006722887,3천억~5천억,대기업,소형·상시,지원비 상시,59830800.0,0.1048395682461164,0.6989304549741094,0.499236039267221
104480,(주)티케이케미칼,대기업,False,비대상,20501,주식회사 티케이케미칼,의무,2025,570689111.0,345756223802.0,0.0016505534006722887,3천억~5천억,대기업,소형·상시,지원비 가동시간만,59830800.0,0.1048395682461164,0.6989304549741094,0.499236039267221
104480,(주)티케이케미칼,대기업,False,비대상,20501,주식회사 티케이케미칼,의무,2025,570689111.0,345756223802.0,0.0016505534006722887,3천억~5천억,대기업,중형·업무시간,지원비 상시,76288368.0,0.13367763030614405,0.8911842020409604,0.6365601443149717
104480,(주)티케이케미칼,대기업,False,비대상,20501,주식회사 티케이케미칼,의무,2025,570689111.0,345756223802.0,0.0016505534006722887,3천억~5천억,대기업,중형·업무시간,지원비 가동시간만,51208608.0,0.08973118115092264,0.5982078743394843,0.42729133881391734
104480,(주)티케이케미칼,대기업,False,비대상,20501,주식회사 티케이케미칼,의무,2025,570689111.0,345756223802.0,0.0016505534006722887,3천억~5천억,대기업,중형·상시,지원비 상시,169919472.0,0.29774437381897056,1.9849624921264708,1.4178303515189075
104480,(주)티케이케미칼,대기업,False,비대상,20501,주식회사 티케이케미칼,의무,2025,570689111.0,345756223802.0,0.0016505534006722887,3천억~5천억,대기업,중형·상시,지원비 가동시간만,169919472.0,0.29774437381897056,1.9849624921264708,1.4178303515189075
104480,(주)티케이케미칼,대기업,False,비대상,20501,주식회사 티케이케미칼,의무,2025,570689111.0,345756223802.0,0.0016505534006722887,3천억~5천억,대기업,대형·상시,지원비 상시,270435216.0,0.47387484847244615,3.1591656564829744,2.256546897487839
104480,(주)티케이케미칼,대기업,False,비대상,20501,주식회사 티케이케미칼,의무,2025,570689111.0,345756223802.0,0.0016505534006722887,3천억~5천억,대기업,대형·상시,지원비 가동시간만,270435216.0,0.47387484847244615,3.1591656564829744,2.256546897487839
000860,강남제비스코(주),중견,False,비대상,20411,,의무,2024,1026766631.0,313072053266.0,0.0032796495895710412,3천억~5천억,중견-비대상,소형·업무시간,지원비 상시,43110960.0,0.0419871066105965,0.27991404407064335,0.1999386029076024
000860,강남제비스코(주),중견,False,비대상,20411,,의무,2024,1026766631.0,313072053266.0,0.0032796495895710412,3천억~5천억,중견-비대상,소형·업무시간,지원비 가동시간만,18031200.0,0.017561147251580287,0.11707431501053524,0.08362451072181089
000860,강남제비스코(주),중견,False,비대상,20411,,의무,2024,1026766631.0,313072053266.0,0.0032796495895710412,3천억~5천억,중견-비대상,소형·상시,지원비 상시,59830800.0,0.058271079516607316,0.3884738634440487,0.2774813310314634
000860,강남제비스코(주),중견,False,비대상,20411,,의무,2024,1026766631.0,313072053266.0,0.0032796495895710412,3천억~5천억,중견-비대상,소형·상시,지원비 가동시간만,59830800.0,0.058271079516607316,0.3884738634440487,0.2774813310314634
000860,강남제비스코(주),중견,False,비대상,20411,,의무,2024,1026766631.0,313072053266.0,0.0032796495895710412,3천억~5천억,중견-비대상,중형·업무시간,지원비 상시,76288368.0,0.07429961755350423,0.4953307836900282,0.35380770263573447
000860,강남제비스코(주),중견,False,비대상,20411,,의무,2024,1026766631.0,313072053266.0,0.0032796495895710412,3천억~5천억,중견-비대상,중형·업무시간,지원비 가동시간만,51208608.0,0.04987365819448801,0.33249105462992007,0.23749361044994294
000860,강남제비스코(주),중견,False,비대상,20411,,의무,2024,1026766631.0,313072053266.0,0.0032796495895710412,3천억~5천억,중견-비대상,중형·상시,지원비 상시,169919472.0,0.16548986582716477,1.1032657721810983,0.788046980129356
000860,강남제비스코(주),중견,False,비대상,20411,,의무,2024,1026766631.0,313072053266.0,0.0032796495895710412,3천억~5천억,중견-비대상,중형·상시,지원비 가동시간만,169919472.0,0.16548986582716477,1.1032657721810983,0.788046980129356
000860,강남제비스코(주),중견,False,비대상,20411,,의무,2024,1026766631.0,313072053266.0,0.0032796495895710412,3천억~5천억,중견-비대상,대형·상시,지원비 상시,270435216.0,0.26338527941506507,1.7559018627671004,1.2542156162622147
000860,강남제비스코(주),중견,False,비대상,20411,,의무,2024,1026766631.0,313072053266.0,0.0032796495895710412,3천억~5천억,중견-비대상,대형·상시,지원비 가동시간만,270435216.0,0.26338527941506507,1.7559018627671004,1.2542156162622147
024900,디와이덕양(주),중견,False,2차 후보(확인 필요),303,디와이덕양(주),의무,2025,2749290293.0,1723701715475.0,0.0015949919109074964,1조~5조,중견-2차 후보,소형·업무시간,지원비 상시,43110960.0,0.015680759543568505,0.10453839695712337,0.0746702835408024
024900,디와이덕양(주),중견,False,2차 후보(확인 필요),303,디와이덕양(주),의무,2025,2749290293.0,1723701715475.0,0.0015949919109074964,1조~5조,중견-2차 후보,소형·업무시간,지원비 가동시간만,18031200.0,0.006558492584762493,0.04372328389841662,0.031230917070297584
024900,디와이덕양(주),중견,False,2차 후보(확인 필요),303,디와이덕양(주),의무,2025,2749290293.0,1723701715475.0,0.0015949919109074964,1조~5조,중견-2차 후보,소형·상시,지원비 상시,59830800.0,0.02176227084943918,0.14508180566292786,0.10362986118780562
024900,디와이덕양(주),중견,False,2차 후보(확인 필요),303,디와이덕양(주),의무,2025,2749290293.0,1723701715475.0,0.0015949919109074964,1조~5조,중견-2차 후보,소형·상시,지원비 가동시간만,59830800.0,0.02176227084943918,0.14508180566292786,0.10362986118780562
024900,디와이덕양(주),중견,False,2차 후보(확인 필요),303,디와이덕양(주),의무,2025,2749290293.0,1723701715475.0,0.0015949919109074964,1조~5조,중견-2차 후보,중형·업무시간,지원비 상시,76288368.0,0.02774838589953149,0.18498923933020994,0.13213517095014995
024900,디와이덕양(주),중견,False,2차 후보(확인 필요),303,디와이덕양(주),의무,2025,2749290293.0,1723701715475.0,0.0015949919109074964,1조~5조,중견-2차 후보,중형·업무시간,지원비 가동시간만,51208608.0,0.018626118940725477,0.12417412627150319,0.08869580447964515
024900,디와이덕양(주),중견,False,2차 후보(확인 필요),303,디와이덕양(주),의무,2025,2749290293.0,1723701715475.0,0.0015949919109074964,1조~5조,중견-2차 후보,중형·상시,지원비 상시,169919472.0,0.06180484921240727,0.4120323280827151,0.294308805773368
024900,디와이덕양(주),중견,False,2차 후보(확인 필요),303,디와이덕양(주),의무,2025,2749290293.0,1723701715475.0,0.0015949919109074964,1조~5조,중견-2차 후보,중형·상시,지원비 가동시간만,169919472.0,0.06180484921240727,0.4120323280827151,0.294308805773368
024900,디와이덕양(주),중견,False,2차 후보(확인 필요),303,디와이덕양(주),의무,2025,2749290293.0,1723701715475.0,0.0015949919109074964,1조~5조,중견-2차 후보,대형·상시,지원비 상시,270435216.0,0.09836546423946509,0.655769761596434,0.4684069725688814
024900,디와이덕양(주),중견,False,2차 후보(확인 필요),303,디와이덕양(주),의무,2025,2749290293.0,1723701715475.0,0.0015949919109074964,1조~5조,중견-2차 후보,대형·상시,지원비 가동시간만,270435216.0,0.09836546423946509,0.655769761596434,0.4684069725688814
069260,티케이지휴켐스(주),중견,False,비대상,2049,티케이지휴켐스,의무,2025,2870090726.0,1082236125709.0,0.0026520004810592804,1조~5조,중견-비대상,소형·업무시간,지원비 상시,43110960.0,0.015020765583979662,0.10013843722653108,0.07152745516180792
069260,티케이지휴켐스(주),중견,False,비대상,2049,티케이지휴켐스,의무,2025,2870090726.0,1082236125709.0,0.0026520004810592804,1조~5조,중견-비대상,소형·업무시간,지원비 가동시간만,18031200.0,0.006282449483793775,0.041882996558625166,0.029916426113303692
069260,티케이지휴켐스(주),중견,False,비대상,2049,티케이지휴켐스,의무,2025,2870090726.0,1082236125709.0,0.0026520004810592804,1조~5조,중견-비대상,소형·상시,지원비 상시,59830800.0,0.020846309650770254,0.1389753976718017,0.09926814119414407
069260,티케이지휴켐스(주),중견,False,비대상,2049,티케이지휴켐스,의무,2025,2870090726.0,1082236125709.0,0.0026520004810592804,1조~5조,중견-비대상,소형·상시,지원비 가동시간만,59830800.0,0.020846309650770254,0.1389753976718017,0.09926814119414407
069260,티케이지휴켐스(주),중견,False,비대상,2049,티케이지휴켐스,의무,2025,2870090726.0,1082236125709.0,0.0026520004810592804,1조~5조,중견-비대상,중형·업무시간,지원비 상시,76288368.0,0.026580472634160208,0.1772031508944014,0.12657367921028673
069260,티케이지휴켐스(주),중견,False,비대상,2049,티케이지휴켐스,의무,2025,2870090726.0,1082236125709.0,0.0026520004810592804,1조~5조,중견-비대상,중형·업무시간,지원비 가동시간만,51208608.0,0.01784215653397432,0.11894771022649547,0.08496265016178249
069260,티케이지휴켐스(주),중견,False,비대상,2049,티케이지휴켐스,의무,2025,2870090726.0,1082236125709.0,0.0026520004810592804,1조~5조,중견-비대상,중형·상시,지원비 상시,169919472.0,0.059203519408187515,0.3946901293879168,0.2819215209913692
069260,티케이지휴켐스(주),중견,False,비대상,2049,티케이지휴켐스,의무,2025,2870090726.0,1082236125709.0,0.0026520004810592804,1조~5조,중견-비대상,중형·상시,지원비 가동시간만,169919472.0,0.059203519408187515,0.3946901293879168,0.2819215209913692
069260,티케이지휴켐스(주),중견,False,비대상,2049,티케이지휴켐스,의무,2025,2870090726.0,1082236125709.0,0.0026520004810592804,1조~5조,중견-비대상,대형·상시,지원비 상시,270435216.0,0.09422531962148153,0.6281687974765436,0.4486919981975312
069260,티케이지휴켐스(주),중견,False,비대상,2049,티케이지휴켐스,의무,2025,2870090726.0,1082236125709.0,0.0026520004810592804,1조~5조,중견-비대상,대형·상시,지원비 가동시간만,270435216.0,0.09422531962148153,0.6281687974765436,0.4486919981975312
110790,(주)크리스에프앤씨,중견,False,비대상,1419,주식회사 크리스에프앤씨,의무,2025,769948682.0,314218387790.0,0.002450361633560974,3천억~5천억,중견-비대상,소형·업무시간,지원비 상시,43110960.0,0.05599199142469602,0.3732799428313068,0.26662853059379055
110790,(주)크리스에프앤씨,중견,False,비대상,1419,주식회사 크리스에프앤씨,의무,2025,769948682.0,314218387790.0,0.002450361633560974,3천억~5천억,중견-비대상,소형·업무시간,지원비 가동시간만,18031200.0,0.023418703637705558,0.15612469091803705,0.11151763637002647
110790,(주)크리스에프앤씨,중견,False,비대상,1419,주식회사 크리스에프앤씨,의무,2025,769948682.0,314218387790.0,0.002450361633560974,3천억~5천억,중견-비대상,소형·상시,지원비 상시,59830800.0,0.07770751661602299,0.5180501107734866,0.3700357934096333
110790,(주)크리스에프앤씨,중견,False,비대상,1419,주식회사 크리스에프앤씨,의무,2025,769948682.0,314218387790.0,0.002450361633560974,3천억~5천억,중견-비대상,소형·상시,지원비 가동시간만,59830800.0,0.07770751661602299,0.5180501107734866,0.3700357934096333
110790,(주)크리스에프앤씨,중견,False,비대상,1419,주식회사 크리스에프앤씨,의무,2025,769948682.0,314218387790.0,0.002450361633560974,3천억~5천억,중견-비대상,중형·업무시간,지원비 상시,76288368.0,0.09908240611807424,0.660549374120495,0.47182098151463925
110790,(주)크리스에프앤씨,중견,False,비대상,1419,주식회사 크리스에프앤씨,의무,2025,769948682.0,314218387790.0,0.002450361633560974,3천억~5천억,중견-비대상,중형·업무시간,지원비 가동시간만,51208608.0,0.06650911833108379,0.44339412220722524,0.3167100872908752
110790,(주)크리스에프앤씨,중견,False,비대상,1419,주식회사 크리스에프앤씨,의무,2025,769948682.0,314218387790.0,0.002450361633560974,3천억~5천억,중견-비대상,중형·상시,지원비 상시,169919472.0,0.22068934718950528,1.4712623145967019,1.0509016532833586
110790,(주)크리스에프앤씨,중견,False,비대상,1419,주식회사 크리스에프앤씨,의무,2025,769948682.0,314218387790.0,0.002450361633560974,3천억~5천억,중견-비대상,중형·상시,지원비 가동시간만,169919472.0,0.22068934718950528,1.4712623145967019,1.0509016532833586
110790,(주)크리스에프앤씨,중견,False,비대상,1419,주식회사 크리스에프앤씨,의무,2025,769948682.0,314218387790.0,0.002450361633560974,3천억~5천억,중견-비대상,대형·상시,지원비 상시,270435216.0,0.3512379751044239,2.3415865006961596,1.6725617862115425
110790,(주)크리스에프앤씨,중견,False,비대상,1419,주식회사 크리스에프앤씨,의무,2025,769948682.0,314218387790.0,0.002450361633560974,3천억~5천억,중견-비대상,대형·상시,지원비 가동시간만,270435216.0,0.3512379751044239,2.3415865006961596,1.6725617862115425
011280,태림포장(주),중견,False,비대상,1721,태림포장(주),의무,2025,2534357892.0,713412669000.0,0.0035524430699449775,5천억~1조,중견-비대상,소형·업무시간,지원비 상시,43110960.0,0.017010604593804542,0.11340403062536362,0.08100287901811688
011280,태림포장(주),중견,False,비대상,1721,태림포장(주),의무,2025,2534357892.0,713412669000.0,0.0035524430699449775,5천억~1조,중견-비대상,소형·업무시간,지원비 가동시간만,18031200.0,0.00711470154113498,0.04743134360756653,0.03387953114826181
011280,태림포장(주),중견,False,비대상,1721,태림포장(주),의무,2025,2534357892.0,713412669000.0,0.0035524430699449775,5천억~1조,중견-비대상,소형·상시,지원비 상시,59830800.0,0.023607873295584253,0.15738582197056167,0.11241844426468692
011280,태림포장(주),중견,False,비대상,1721,태림포장(주),의무,2025,2534357892.0,713412669000.0,0.0035524430699449775,5천억~1조,중견-비대상,소형·상시,지원비 가동시간만,59830800.0,0.023607873295584253,0.15738582197056167,0.11241844426468692
011280,태림포장(주),중견,False,비대상,1721,태림포장(주),의무,2025,2534357892.0,713412669000.0,0.0035524430699449775,5천억~1조,중견-비대상,중형·업무시간,지원비 상시,76288368.0,0.030101655429492908,0.20067770286328604,0.14334121633091862
011280,태림포장(주),중견,False,비대상,1721,태림포장(주),의무,2025,2534357892.0,713412669000.0,0.0035524430699449775,5천억~1조,중견-비대상,중형·업무시간,지원비 가동시간만,51208608.0,0.020205752376823344,0.13470501584548897,0.09621786846106355
011280,태림포장(주),중견,False,비대상,1721,태림포장(주),의무,2025,2534357892.0,713412669000.0,0.0035524430699449775,5천억~1조,중견-비대상,중형·상시,지원비 상시,169919472.0,0.06704636015945928,0.44697573439639515,0.31926838171171085
011280,태림포장(주),중견,False,비대상,1721,태림포장(주),의무,2025,2534357892.0,713412669000.0,0.0035524430699449775,5천억~1조,중견-비대상,중형·상시,지원비 가동시간만,169919472.0,0.06704636015945928,0.44697573439639515,0.31926838171171085
011280,태림포장(주),중견,False,비대상,1721,태림포장(주),의무,2025,2534357892.0,713412669000.0,0.0035524430699449775,5천억~1조,중견-비대상,대형·상시,지원비 상시,270435216.0,0.10670758729604082,0.7113839153069388,0.5081313680763849
011280,태림포장(주),중견,False,비대상,1721,태림포장(주),의무,2025,2534357892.0,713412669000.0,0.0035524430699449775,5천억~1조,중견-비대상,대형·상시,지원비 가동시간만,270435216.0,0.10670758729604082,0.7113839153069388,0.5081313680763849
042660,한화오션(주),대기업,False,비대상,3111,한화오션(주),의무,2025,89945053922.0,12903594354486.0,0.006970542583023012,5조 이상,대기업,소형·업무시간,지원비 상시,43110960.0,0.00047930328706440777,0.003195355247096052,0.0022823966050686084
042660,한화오션(주),대기업,False,비대상,3111,한화오션(주),의무,2025,89945053922.0,12903594354486.0,0.006970542583023012,5조 이상,대기업,소형·업무시간,지원비 가동시간만,18031200.0,0.00020046905542617815,0.0013364603695078545,0.0009546145496484674
042660,한화오션(주),대기업,False,비대상,3111,한화오션(주),의무,2025,89945053922.0,12903594354486.0,0.006970542583023012,5조 이상,대기업,소형·상시,지원비 상시,59830800.0,0.0006651927748232275,0.004434618498821517,0.003167584642015369
042660,한화오션(주),대기업,False,비대상,3111,한화오션(주),의무,2025,89945053922.0,12903594354486.0,0.006970542583023012,5조 이상,대기업,소형·상시,지원비 가동시간만,59830800.0,0.0006651927748232275,0.004434618498821517,0.003167584642015369
042660,한화오션(주),대기업,False,비대상,3111,한화오션(주),의무,2025,89945053922.0,12903594354486.0,0.006970542583023012,5조 이상,대기업,중형·업무시간,지원비 상시,76288368.0,0.0008481663490485755,0.005654442326990504,0.004038887376421788
042660,한화오션(주),대기업,False,비대상,3111,한화오션(주),의무,2025,89945053922.0,12903594354486.0,0.006970542583023012,5조 이상,대기업,중형·업무시간,지원비 가동시간만,51208608.0,0.000569332117410346,0.0037955474494023064,0.0027111053210016473
042660,한화오션(주),대기업,False,비대상,3111,한화오션(주),의무,2025,89945053922.0,12903594354486.0,0.006970542583023012,5조 이상,대기업,중형·상시,지원비 상시,169919472.0,0.0018891474804979662,0.012594316536653107,0.008995940383323648
042660,한화오션(주),대기업,False,비대상,3111,한화오션(주),의무,2025,89945053922.0,12903594354486.0,0.006970542583023012,5조 이상,대기업,중형·상시,지원비 가동시간만,169919472.0,0.0018891474804979662,0.012594316536653107,0.008995940383323648
042660,한화오션(주),대기업,False,비대상,3111,한화오션(주),의무,2025,89945053922.0,12903594354486.0,0.006970542583023012,5조 이상,대기업,대형·상시,지원비 상시,270435216.0,0.0030066713422009883,0.020044475614673256,0.014317482581909468
042660,한화오션(주),대기업,False,비대상,3111,한화오션(주),의무,2025,89945053922.0,12903594354486.0,0.006970542583023012,5조 이상,대기업,대형·상시,지원비 가동시간만,270435216.0,0.0030066713422009883,0.020044475614673256,0.014317482581909468
039240,경남스틸(주),중견,False,1차(2027),24199,경남스틸(주),의무,2025,68881443.0,357139177502.0,0.00019287002753881367,3천억~5천억,중견-1차(2027),소형·업무시간,지원비 상시,43110960.0,0.6258719057322885,4.17247937154859,2.9803424082489927
039240,경남스틸(주),중견,False,1차(2027),24199,경남스틸(주),의무,2025,68881443.0,357139177502.0,0.00019287002753881367,3천억~5천억,중견-1차(2027),소형·업무시간,지원비 가동시간만,18031200.0,0.26177151950780125,1.7451434633853418,1.246531045275244
039240,경남스틸(주),중견,False,1차(2027),24199,경남스틸(주),의무,2025,68881443.0,357139177502.0,0.00019287002753881367,3천억~5천억,중견-1차(2027),소형·상시,지원비 상시,59830800.0,0.8686054965486133,5.790703310324089,4.136216650231492
039240,경남스틸(주),중견,False,1차(2027),24199,경남스틸(주),의무,2025,68881443.0,357139177502.0,0.00019287002753881367,3천억~5천억,중견-1차(2027),소형·상시,지원비 가동시간만,59830800.0,0.8686054965486133,5.790703310324089,4.136216650231492
039240,경남스틸(주),중견,False,1차(2027),24199,경남스틸(주),의무,2025,68881443.0,357139177502.0,0.00019287002753881367,3천억~5천억,중견-1차(2027),중형·업무시간,지원비 상시,76288368.0,1.1075315016266427,7.383543344177619,5.273959531555442
039240,경남스틸(주),중견,False,1차(2027),24199,경남스틸(주),의무,2025,68881443.0,357139177502.0,0.00019287002753881367,3천억~5천억,중견-1차(2027),중형·업무시간,지원비 가동시간만,51208608.0,0.7434311154021556,4.95620743601437,3.5401481685816933
039240,경남스틸(주),중견,False,1차(2027),24199,경남스틸(주),의무,2025,68881443.0,357139177502.0,0.00019287002753881367,3천억~5천억,중견-1차(2027),중형·상시,지원비 상시,169919472.0,2.4668396101980616,16.445597401320413,11.746855286657437
039240,경남스틸(주),중견,False,1차(2027),24199,경남스틸(주),의무,2025,68881443.0,357139177502.0,0.00019287002753881367,3천억~5천억,중견-1차(2027),중형·상시,지원비 가동시간만,169919472.0,2.4668396101980616,16.445597401320413,11.746855286657437
039240,경남스틸(주),중견,False,1차(2027),24199,경남스틸(주),의무,2025,68881443.0,357139177502.0,0.00019287002753881367,3천억~5천억,중견-1차(2027),대형·상시,지원비 상시,270435216.0,3.9260968443997317,26.17397896266488,18.695699259046343
039240,경남스틸(주),중견,False,1차(2027),24199,경남스틸(주),의무,2025,68881443.0,357139177502.0,0.00019287002753881367,3천억~5천억,중견-1차(2027),대형·상시,지원비 가동시간만,270435216.0,3.9260968443997317,26.17397896266488,18.695699259046343
336370,솔루스첨단소재 주식회사,중견,False,비대상,26299,솔루스첨단소재,자율,2025,5323993952.0,124091735705.0,0.04290369476865558,3천억 미만,중견-비대상,소형·업무시간,지원비 상시,43110960.0,0.008097484780914342,0.05398323187276228,0.03855945133768734
336370,솔루스첨단소재 주식회사,중견,False,비대상,26299,솔루스첨단소재,자율,2025,5323993952.0,124091735705.0,0.04290369476865558,3천억 미만,중견-비대상,소형·업무시간,지원비 가동시간만,18031200.0,0.0033867807068463027,0.02257853804564202,0.016127527175458584
336370,솔루스첨단소재 주식회사,중견,False,비대상,26299,솔루스첨단소재,자율,2025,5323993952.0,124091735705.0,0.04290369476865558,3천억 미만,중견-비대상,소형·상시,지원비 상시,59830800.0,0.011237954163626367,0.07491969442417579,0.05351406744583984
336370,솔루스첨단소재 주식회사,중견,False,비대상,26299,솔루스첨단소재,자율,2025,5323993952.0,124091735705.0,0.04290369476865558,3천억 미만,중견-비대상,소형·상시,지원비 가동시간만,59830800.0,0.011237954163626367,0.07491969442417579,0.05351406744583984
336370,솔루스첨단소재 주식회사,중견,False,비대상,26299,솔루스첨단소재,자율,2025,5323993952.0,124091735705.0,0.04290369476865558,3천억 미만,중견-비대상,중형·업무시간,지원비 상시,76288368.0,0.014329161281511538,0.0955277418767436,0.06823410134053114
336370,솔루스첨단소재 주식회사,중견,False,비대상,26299,솔루스첨단소재,자율,2025,5323993952.0,124091735705.0,0.04290369476865558,3천억 미만,중견-비대상,중형·업무시간,지원비 가동시간만,51208608.0,0.009618457207443499,0.06412304804962334,0.04580217717830237
336370,솔루스첨단소재 주식회사,중견,False,비대상,26299,솔루스첨단소재,자율,2025,5323993952.0,124091735705.0,0.04290369476865558,3천억 미만,중견-비대상,중형·상시,지원비 상시,169919472.0,0.031915789824698886,0.21277193216465923,0.15197995154618515
336370,솔루스첨단소재 주식회사,중견,False,비대상,26299,솔루스첨단소재,자율,2025,5323993952.0,124091735705.0,0.04290369476865558,3천억 미만,중견-비대상,중형·상시,지원비 가동시간만,169919472.0,0.031915789824698886,0.21277193216465923,0.15197995154618515
336370,솔루스첨단소재 주식회사,중견,False,비대상,26299,솔루스첨단소재,자율,2025,5323993952.0,124091735705.0,0.04290369476865558,3천억 미만,중견-비대상,대형·상시,지원비 상시,270435216.0,0.05079555281959118,0.3386370187972746,0.2418835848551961
336370,솔루스첨단소재 주식회사,중견,False,비대상,26299,솔루스첨단소재,자율,2025,5323993952.0,124091735705.0,0.04290369476865558,3천억 미만,중견-비대상,대형·상시,지원비 가동시간만,270435216.0,0.05079555281959118,0.3386370187972746,0.2418835848551961
007160,사조산업(주),중견,False,비대상,102,사조산업(주),의무,2025,2541043570.0,478608273836.0,0.005309234522073295,3천억~5천억,중견-비대상,소형·업무시간,지원비 상시,43110960.0,0.01696584840534631,0.11310565603564209,0.08078975431117291
007160,사조산업(주),중견,False,비대상,102,사조산업(주),의무,2025,2541043570.0,478608273836.0,0.005309234522073295,3천억~5천억,중견-비대상,소형·업무시간,지원비 가동시간만,18031200.0,0.00709598222276842,0.04730654815178947,0.033790391536992474
007160,사조산업(주),중견,False,비대상,102,사조산업(주),의무,2025,2541043570.0,478608273836.0,0.005309234522073295,3천억~5천억,중견-비대상,소형·상시,지원비 상시,59830800.0,0.023545759193731575,0.1569717279582105,0.11212266282729322
007160,사조산업(주),중견,False,비대상,102,사조산업(주),의무,2025,2541043570.0,478608273836.0,0.005309234522073295,3천억~5천억,중견-비대상,소형·상시,지원비 가동시간만,59830800.0,0.023545759193731575,0.1569717279582105,0.11212266282729322
007160,사조산업(주),중견,False,비대상,102,사조산업(주),의무,2025,2541043570.0,478608273836.0,0.005309234522073295,3천억~5천억,중견-비대상,중형·업무시간,지원비 상시,76288368.0,0.030022455695240206,0.2001497046349347,0.14296407473923908
007160,사조산업(주),중견,False,비대상,102,사조산업(주),의무,2025,2541043570.0,478608273836.0,0.005309234522073295,3천억~5천억,중견-비대상,중형·업무시간,지원비 가동시간만,51208608.0,0.02015258951266231,0.13435059675108207,0.09596471196505862
007160,사조산업(주),중견,False,비대상,102,사조산업(주),의무,2025,2541043570.0,478608273836.0,0.005309234522073295,3천억~5천억,중견-비대상,중형·상시,지원비 상시,169919472.0,0.06686995611019766,0.4457997074013178,0.3184283624295127
007160,사조산업(주),중견,False,비대상,102,사조산업(주),의무,2025,2541043570.0,478608273836.0,0.005309234522073295,3천억~5천억,중견-비대상,중형·상시,지원비 가동시간만,169919472.0,0.06686995611019766,0.4457997074013178,0.3184283624295127
007160,사조산업(주),중견,False,비대상,102,사조산업(주),의무,2025,2541043570.0,478608273836.0,0.005309234522073295,3천억~5천억,중견-비대상,대형·상시,지원비 상시,270435216.0,0.10642683155566672,0.7095122103711115,0.5067944359793654
007160,사조산업(주),중견,False,비대상,102,사조산업(주),의무,2025,2541043570.0,478608273836.0,0.005309234522073295,3천억~5천억,중견-비대상,대형·상시,지원비 가동시간만,270435216.0,0.10642683155566672,0.7095122103711115,0.5067944359793654
084850,(주)아이티엠반도체,중견,False,비대상,2629,주식회사 아이티엠반도체,의무,2025,1577591517.0,512406126111.0,0.0030787912880226847,5천억~1조,중견-비대상,소형·업무시간,지원비 상시,43110960.0,0.0273270739196045,0.18218049279736334,0.1301289234266881
084850,(주)아이티엠반도체,중견,False,비대상,2629,주식회사 아이티엠반도체,의무,2025,1577591517.0,512406126111.0,0.0030787912880226847,5천억~1조,중견-비대상,소형·업무시간,지원비 가동시간만,18031200.0,0.01142957464318059,0.0761971642878706,0.054426545919907574
084850,(주)아이티엠반도체,중견,False,비대상,2629,주식회사 아이티엠반도체,의무,2025,1577591517.0,512406126111.0,0.0030787912880226847,5천억~1조,중견-비대상,소형·상시,지원비 상시,59830800.0,0.037925406770553775,0.2528360451370252,0.18059717509787512
084850,(주)아이티엠반도체,중견,False,비대상,2629,주식회사 아이티엠반도체,의무,2025,1577591517.0,512406126111.0,0.0030787912880226847,5천억~1조,중견-비대상,소형·상시,지원비 가동시간만,59830800.0,0.037925406770553775,0.2528360451370252,0.18059717509787512
084850,(주)아이티엠반도체,중견,False,비대상,2629,주식회사 아이티엠반도체,의무,2025,1577591517.0,512406126111.0,0.0030787912880226847,5천억~1조,중견-비대상,중형·업무시간,지원비 상시,76288368.0,0.04835749126305679,0.3223832750870453,0.23027376791931803
084850,(주)아이티엠반도체,중견,False,비대상,2629,주식회사 아이티엠반도체,의무,2025,1577591517.0,512406126111.0,0.0030787912880226847,5천억~1조,중견-비대상,중형·업무시간,지원비 가동시간만,51208608.0,0.03245999198663287,0.21639994657755252,0.1545713904125375
084850,(주)아이티엠반도체,중견,False,비대상,2629,주식회사 아이티엠반도체,의무,2025,1577591517.0,512406126111.0,0.0030787912880226847,5천억~1조,중견-비대상,중형·상시,지원비 상시,169919472.0,0.10770815522837272,0.7180543681891515,0.5128959772779653
084850,(주)아이티엠반도체,중견,False,비대상,2629,주식회사 아이티엠반도체,의무,2025,1577591517.0,512406126111.0,0.0030787912880226847,5천억~1조,중견-비대상,중형·상시,지원비 가동시간만,169919472.0,0.10770815522837272,0.7180543681891515,0.5128959772779653
084850,(주)아이티엠반도체,중견,False,비대상,2629,주식회사 아이티엠반도체,의무,2025,1577591517.0,512406126111.0,0.0030787912880226847,5천억~1조,중견-비대상,대형·상시,지원비 상시,270435216.0,0.17142283860290305,1.1428189240193538,0.8162992314423956
084850,(주)아이티엠반도체,중견,False,비대상,2629,주식회사 아이티엠반도체,의무,2025,1577591517.0,512406126111.0,0.0030787912880226847,5천억~1조,중견-비대상,대형·상시,지원비 가동시간만,270435216.0,0.17142283860290305,1.1428189240193538,0.8162992314423956
306200,(주)세아제강,대기업,False,1차(2027),2413,(주)세아제강,의무,2025,11197653511.0,1372127828938.0,0.008160794697726351,1조~5조,대기업,소형·업무시간,지원비 상시,43110960.0,0.0038499994626240226,0.025666663084160154,0.01833333077440011
306200,(주)세아제강,대기업,False,1차(2027),2413,(주)세아제강,의무,2025,11197653511.0,1372127828938.0,0.008160794697726351,1조~5조,대기업,소형·업무시간,지원비 가동시간만,18031200.0,0.001610265934937804,0.010735106232918696,0.007667933023513353
306200,(주)세아제강,대기업,False,1차(2027),2413,(주)세아제강,의무,2025,11197653511.0,1372127828938.0,0.008160794697726351,1조~5조,대기업,소형·상시,지원비 상시,59830800.0,0.005343155147748168,0.03562103431832112,0.025443595941657945
306200,(주)세아제강,대기업,False,1차(2027),2413,(주)세아제강,의무,2025,11197653511.0,1372127828938.0,0.008160794697726351,1조~5조,대기업,소형·상시,지원비 가동시간만,59830800.0,0.005343155147748168,0.03562103431832112,0.025443595941657945
306200,(주)세아제강,대기업,False,1차(2027),2413,(주)세아제강,의무,2025,11197653511.0,1372127828938.0,0.008160794697726351,1조~5조,대기업,중형·업무시간,지원비 상시,76288368.0,0.006812888782909582,0.04541925855273055,0.03244232753766468
306200,(주)세아제강,대기업,False,1차(2027),2413,(주)세아제강,의무,2025,11197653511.0,1372127828938.0,0.008160794697726351,1조~5조,대기업,중형·업무시간,지원비 가동시간만,51208608.0,0.004573155255223364,0.030487701701489095,0.021776929786777924
306200,(주)세아제강,대기업,False,1차(2027),2413,(주)세아제강,의무,2025,11197653511.0,1372127828938.0,0.008160794697726351,1조~5조,대기업,중형·상시,지원비 상시,169919472.0,0.015174560619604798,0.101163737464032,0.07225981247430856
306200,(주)세아제강,대기업,False,1차(2027),2413,(주)세아제강,의무,2025,11197653511.0,1372127828938.0,0.008160794697726351,1조~5조,대기업,중형·상시,지원비 가동시간만,169919472.0,0.015174560619604798,0.101163737464032,0.07225981247430856
306200,(주)세아제강,대기업,False,1차(2027),2413,(주)세아제강,의무,2025,11197653511.0,1372127828938.0,0.008160794697726351,1조~5조,대기업,대형·상시,지원비 상시,270435216.0,0.02415106126782172,0.1610070751188115,0.1150050536562939
306200,(주)세아제강,대기업,False,1차(2027),2413,(주)세아제강,의무,2025,11197653511.0,1372127828938.0,0.008160794697726351,1조~5조,대기업,대형·상시,지원비 가동시간만,270435216.0,0.02415106126782172,0.1610070751188115,0.1150050536562939
016380,KG스틸(주),중견,False,1차(2027),24122,케이지스틸 주식회사,의무,2025,12629078198.0,2926388205392.0,0.004315585394559192,1조~5조,중견-1차(2027),소형·업무시간,지원비 상시,43110960.0,0.003413626816154108,0.022757512107694052,0.01625536579121004
016380,KG스틸(주),중견,False,1차(2027),24122,케이지스틸 주식회사,의무,2025,12629078198.0,2926388205392.0,0.004315585394559192,1조~5조,중견-1차(2027),소형·업무시간,지원비 가동시간만,18031200.0,0.0014277526607488664,0.00951835107165911,0.006798822194042222
016380,KG스틸(주),중견,False,1차(2027),24122,케이지스틸 주식회사,의무,2025,12629078198.0,2926388205392.0,0.004315585394559192,1조~5조,중견-1차(2027),소형·상시,지원비 상시,59830800.0,0.0047375429197576025,0.03158361946505068,0.022559728189321917
016380,KG스틸(주),중견,False,1차(2027),24122,케이지스틸 주식회사,의무,2025,12629078198.0,2926388205392.0,0.004315585394559192,1조~5조,중견-1차(2027),소형·상시,지원비 가동시간만,59830800.0,0.0047375429197576025,0.03158361946505068,0.022559728189321917
016380,KG스틸(주),중견,False,1차(2027),24122,케이지스틸 주식회사,의무,2025,12629078198.0,2926388205392.0,0.004315585394559192,1조~5조,중견-1차(2027),중형·업무시간,지원비 상시,76288368.0,0.006040691711932022,0.040271278079546814,0.028765198628247727
016380,KG스틸(주),중견,False,1차(2027),24122,케이지스틸 주식회사,의무,2025,12629078198.0,2926388205392.0,0.004315585394559192,1조~5조,중견-1차(2027),중형·업무시간,지원비 가동시간만,51208608.0,0.004054817556526781,0.027032117043511873,0.01930865503107991
016380,KG스틸(주),중견,False,1차(2027),24122,케이지스틸 주식회사,의무,2025,12629078198.0,2926388205392.0,0.004315585394559192,1조~5조,중견-1차(2027),중형·상시,지원비 상시,169919472.0,0.013454621892111591,0.08969747928074394,0.06406962805767424
016380,KG스틸(주),중견,False,1차(2027),24122,케이지스틸 주식회사,의무,2025,12629078198.0,2926388205392.0,0.004315585394559192,1조~5조,중견-1차(2027),중형·상시,지원비 가동시간만,169919472.0,0.013454621892111591,0.08969747928074394,0.06406962805767424
016380,KG스틸(주),중견,False,1차(2027),24122,케이지스틸 주식회사,의무,2025,12629078198.0,2926388205392.0,0.004315585394559192,1조~5조,중견-1차(2027),대형·상시,지원비 상시,270435216.0,0.02141369399730436,0.1427579599820291,0.10196997141573506
016380,KG스틸(주),중견,False,1차(2027),24122,케이지스틸 주식회사,의무,2025,12629078198.0,2926388205392.0,0.004315585394559192,1조~5조,중견-1차(2027),대형·상시,지원비 가동시간만,270435216.0,0.02141369399730436,0.1427579599820291,0.10196997141573506
033530,에스제이지세종(주),중견,False,2차 후보(확인 필요),303,에스제이지세종,의무,2025,4088093799.0,562029556108.0,0.007273805718171927,5천억~1조,중견-2차 후보,소형·업무시간,지원비 상시,43110960.0,0.01054549188928725,0.070303279261915,0.050216628044225
033530,에스제이지세종(주),중견,False,2차 후보(확인 필요),303,에스제이지세종,의무,2025,4088093799.0,562029556108.0,0.007273805718171927,5천억~1조,중견-2차 후보,소형·업무시간,지원비 가동시간만,18031200.0,0.004410662006926226,0.029404413379508172,0.02100315241393441
033530,에스제이지세종(주),중견,False,2차 후보(확인 필요),303,에스제이지세종,의무,2025,4088093799.0,562029556108.0,0.007273805718171927,5천억~1조,중견-2차 후보,소형·상시,지원비 상시,59830800.0,0.014635378477527931,0.09756918985018621,0.06969227846441872
033530,에스제이지세종(주),중견,False,2차 후보(확인 필요),303,에스제이지세종,의무,2025,4088093799.0,562029556108.0,0.007273805718171927,5천억~1조,중견-2차 후보,소형·상시,지원비 가동시간만,59830800.0,0.014635378477527931,0.09756918985018621,0.06969227846441872
033530,에스제이지세종(주),중견,False,2차 후보(확인 필요),303,에스제이지세종,의무,2025,4088093799.0,562029556108.0,0.007273805718171927,5천억~1조,중견-2차 후보,중형·업무시간,지원비 상시,76288368.0,0.018661109982031507,0.12440739988021003,0.08886242848586431
033530,에스제이지세종(주),중견,False,2차 후보(확인 필요),303,에스제이지세종,의무,2025,4088093799.0,562029556108.0,0.007273805718171927,5천억~1조,중견-2차 후보,중형·업무시간,지원비 가동시간만,51208608.0,0.012526280099670483,0.08350853399780321,0.05964895285557373
033530,에스제이지세종(주),중견,False,2차 후보(확인 필요),303,에스제이지세종,의무,2025,4088093799.0,562029556108.0,0.007273805718171927,5천억~1조,중견-2차 후보,중형·상시,지원비 상시,169919472.0,0.04156447487617933,0.27709649917452883,0.1979260708389492
033530,에스제이지세종(주),중견,False,2차 후보(확인 필요),303,에스제이지세종,의무,2025,4088093799.0,562029556108.0,0.007273805718171927,5천억~1조,중견-2차 후보,중형·상시,지원비 가동시간만,169919472.0,0.04156447487617933,0.27709649917452883,0.1979260708389492
033530,에스제이지세종(주),중견,False,2차 후보(확인 필요),303,에스제이지세종,의무,2025,4088093799.0,562029556108.0,0.007273805718171927,5천억~1조,중견-2차 후보,대형·상시,지원비 상시,270435216.0,0.06615191071842626,0.4410127381228417,0.31500909865917265
033530,에스제이지세종(주),중견,False,2차 후보(확인 필요),303,에스제이지세종,의무,2025,4088093799.0,562029556108.0,0.007273805718171927,5천억~1조,중견-2차 후보,대형·상시,지원비 가동시간만,270435216.0,0.06615191071842626,0.4410127381228417,0.31500909865917265
010690,(주)화신,중견,False,2차 후보(확인 필요),30391,(주)화신,의무,2025,5156319004.0,1114907012807.0,0.004624887048667801,1조~5조,중견-2차 후보,소형·업무시간,지원비 상시,43110960.0,0.008360801565333097,0.05573867710222065,0.03981334078730047
010690,(주)화신,중견,False,2차 후보(확인 필요),30391,(주)화신,의무,2025,5156319004.0,1114907012807.0,0.004624887048667801,1조~5조,중견-2차 후보,소형·업무시간,지원비 가동시간만,18031200.0,0.0034969132022305734,0.023312754681537155,0.016651967629669397
010690,(주)화신,중견,False,2차 후보(확인 필요),30391,(주)화신,의무,2025,5156319004.0,1114907012807.0,0.004624887048667801,1조~5조,중견-2차 후보,소형·상시,지원비 상시,59830800.0,0.011603393807401448,0.07735595871600964,0.055254256225721186
010690,(주)화신,중견,False,2차 후보(확인 필요),30391,(주)화신,의무,2025,5156319004.0,1114907012807.0,0.004624887048667801,1조~5조,중견-2차 후보,소형·상시,지원비 가동시간만,59830800.0,0.011603393807401448,0.07735595871600964,0.055254256225721186
010690,(주)화신,중견,False,2차 후보(확인 필요),30391,(주)화신,의무,2025,5156319004.0,1114907012807.0,0.004624887048667801,1조~5조,중견-2차 후보,중형·업무시간,지원비 상시,76288368.0,0.014795121857437353,0.09863414571624901,0.07045296122589216
010690,(주)화신,중견,False,2차 후보(확인 필요),30391,(주)화신,의무,2025,5156319004.0,1114907012807.0,0.004624887048667801,1조~5조,중견-2차 후보,중형·업무시간,지원비 가동시간만,51208608.0,0.009931233494334828,0.06620822329556551,0.04729158806826109
010690,(주)화신,중견,False,2차 후보(확인 필요),30391,(주)화신,의무,2025,5156319004.0,1114907012807.0,0.004624887048667801,1조~5조,중견-2차 후보,중형·상시,지원비 상시,169919472.0,0.03295363841302011,0.2196909227534674,0.15692208768104815
010690,(주)화신,중견,False,2차 후보(확인 필요),30391,(주)화신,의무,2025,5156319004.0,1114907012807.0,0.004624887048667801,1조~5조,중견-2차 후보,중형·상시,지원비 가동시간만,169919472.0,0.03295363841302011,0.2196909227534674,0.15692208768104815
010690,(주)화신,중견,False,2차 후보(확인 필요),30391,(주)화신,의무,2025,5156319004.0,1114907012807.0,0.004624887048667801,1조~5조,중견-2차 후보,대형·상시,지원비 상시,270435216.0,0.05244734000945454,0.3496489333963636,0.24974923814025976
010690,(주)화신,중견,False,2차 후보(확인 필요),30391,(주)화신,의무,2025,5156319004.0,1114907012807.0,0.004624887048667801,1조~5조,중견-2차 후보,대형·상시,지원비 가동시간만,270435216.0,0.05244734000945454,0.3496489333963636,0.24974923814025976
023000,(주)삼원강재,대기업,False,2차 후보(확인 필요),303,(주)삼원강재,의무,2025,719672906.0,359287042852.0,0.002003058335439201,3천억~5천억,대기업,소형·업무시간,지원비 상시,43110960.0,0.05990354734849501,0.39935698232330014,0.2852549873737858
023000,(주)삼원강재,대기업,False,2차 후보(확인 필요),303,(주)삼원강재,의무,2025,719672906.0,359287042852.0,0.002003058335439201,3천억~5천억,대기업,소형·업무시간,지원비 가동시간만,18031200.0,0.02505471562104354,0.16703143747362362,0.11930816962401687
023000,(주)삼원강재,대기업,False,2차 후보(확인 필요),303,(주)삼원강재,의무,2025,719672906.0,359287042852.0,0.002003058335439201,3천억~5천억,대기업,소형·상시,지원비 상시,59830800.0,0.08313610183346266,0.5542406788897511,0.39588619920696505
023000,(주)삼원강재,대기업,False,2차 후보(확인 필요),303,(주)삼원강재,의무,2025,719672906.0,359287042852.0,0.002003058335439201,3천억~5천억,대기업,소형·상시,지원비 가동시간만,59830800.0,0.08313610183346266,0.5542406788897511,0.39588619920696505
023000,(주)삼원강재,대기업,False,2차 후보(확인 필요),303,(주)삼원강재,의무,2025,719672906.0,359287042852.0,0.002003058335439201,3천억~5천억,대기업,중형·업무시간,지원비 상시,76288368.0,0.10600422409121513,0.7066948272747676,0.5047820194819769
023000,(주)삼원강재,대기업,False,2차 후보(확인 필요),303,(주)삼원강재,의무,2025,719672906.0,359287042852.0,0.002003058335439201,3천억~5천억,대기업,중형·업무시간,지원비 가동시간만,51208608.0,0.07115539236376366,0.4743692824250911,0.33883520173220794
023000,(주)삼원강재,대기업,False,2차 후보(확인 필요),303,(주)삼원강재,의무,2025,719672906.0,359287042852.0,0.002003058335439201,3천억~5천억,대기업,중형·상시,지원비 상시,169919472.0,0.23610652920703395,1.5740435280468932,1.1243168057477808
023000,(주)삼원강재,대기업,False,2차 후보(확인 필요),303,(주)삼원강재,의무,2025,719672906.0,359287042852.0,0.002003058335439201,3천억~5천억,대기업,중형·상시,지원비 가동시간만,169919472.0,0.23610652920703395,1.5740435280468932,1.1243168057477808
023000,(주)삼원강재,대기업,False,2차 후보(확인 필요),303,(주)삼원강재,의무,2025,719672906.0,359287042852.0,0.002003058335439201,3천억~5천억,대기업,대형·상시,지원비 상시,270435216.0,0.3757751802872512,2.505167868581675,1.789405620415482
023000,(주)삼원강재,대기업,False,2차 후보(확인 필요),303,(주)삼원강재,의무,2025,719672906.0,359287042852.0,0.002003058335439201,3천억~5천억,대기업,대형·상시,지원비 가동시간만,270435216.0,0.3757751802872512,2.505167868581675,1.789405620415482
079430,(주)현대리바트,대기업,False,비대상,32029,(주)현대리바트,의무,2025,8512811713.0,1477292211832.0,0.005762442694017323,1조~5조,대기업,소형·업무시간,지원비 상시,43110960.0,0.005064244512088153,0.03376163008058768,0.024115450057562635
079430,(주)현대리바트,대기업,False,비대상,32029,(주)현대리바트,의무,2025,8512811713.0,1477292211832.0,0.005762442694017323,1조~5조,대기업,소형·업무시간,지원비 가동시간만,18031200.0,0.002118125081101509,0.014120833874010058,0.010086309910007186
079430,(주)현대리바트,대기업,False,비대상,32029,(주)현대리바트,의무,2025,8512811713.0,1477292211832.0,0.005762442694017323,1조~5조,대기업,소형·상시,지원비 상시,59830800.0,0.007028324132745916,0.04685549421830611,0.03346821015593293
079430,(주)현대리바트,대기업,False,비대상,32029,(주)현대리바트,의무,2025,8512811713.0,1477292211832.0,0.005762442694017323,1조~5조,대기업,소형·상시,지원비 가동시간만,59830800.0,0.007028324132745916,0.04685549421830611,0.03346821015593293
079430,(주)현대리바트,대기업,False,비대상,32029,(주)현대리바트,의무,2025,8512811713.0,1477292211832.0,0.005762442694017323,1조~5조,대기업,중형·업무시간,지원비 상시,76288368.0,0.00896159466131493,0.05974396440876619,0.04267426029197585
079430,(주)현대리바트,대기업,False,비대상,32029,(주)현대리바트,의무,2025,8512811713.0,1477292211832.0,0.005762442694017323,1조~5조,대기업,중형·업무시간,지원비 가동시간만,51208608.0,0.006015475230328285,0.040103168202188566,0.028645120144420406
079430,(주)현대리바트,대기업,False,비대상,32029,(주)현대리바트,의무,2025,8512811713.0,1477292211832.0,0.005762442694017323,1조~5조,대기업,중형·상시,지원비 상시,169919472.0,0.0199604405369984,0.13306960357998934,0.09504971684284953
079430,(주)현대리바트,대기업,False,비대상,32029,(주)현대리바트,의무,2025,8512811713.0,1477292211832.0,0.005762442694017323,1조~5조,대기업,중형·상시,지원비 가동시간만,169919472.0,0.0199604405369984,0.13306960357998934,0.09504971684284953
079430,(주)현대리바트,대기업,False,비대상,32029,(주)현대리바트,의무,2025,8512811713.0,1477292211832.0,0.005762442694017323,1조~5조,대기업,대형·상시,지원비 상시,270435216.0,0.03176802508001154,0.2117868338667436,0.15127630990481686
079430,(주)현대리바트,대기업,False,비대상,32029,(주)현대리바트,의무,2025,8512811713.0,1477292211832.0,0.005762442694017323,1조~5조,대기업,대형·상시,지원비 가동시간만,270435216.0,0.03176802508001154,0.2117868338667436,0.15127630990481686
071970,에이치디현대마린엔진(주),대기업,False,2차 후보(확인 필요),29119,에이치디현대마린엔진,의무,2025,2126045978.0,379847863143.0,0.005597098692114045,3천억~5천억,대기업,소형·업무시간,지원비 상시,43110960.0,0.020277529482478577,0.13518352988319052,0.09655966420227893
071970,에이치디현대마린엔진(주),대기업,False,2차 후보(확인 필요),29119,에이치디현대마린엔진,의무,2025,2126045978.0,379847863143.0,0.005597098692114045,3천억~5천억,대기업,소형·업무시간,지원비 가동시간만,18031200.0,0.008481095981264805,0.0565406398750987,0.04038617133935621
071970,에이치디현대마린엔진(주),대기업,False,2차 후보(확인 필요),29119,에이치디현대마린엔진,의무,2025,2126045978.0,379847863143.0,0.005597098692114045,3천억~5천억,대기업,소형·상시,지원비 상시,59830800.0,0.02814181848328776,0.1876121232219184,0.13400865944422743
071970,에이치디현대마린엔진(주),대기업,False,2차 후보(확인 필요),29119,에이치디현대마린엔진,의무,2025,2126045978.0,379847863143.0,0.005597098692114045,3천억~5천억,대기업,소형·상시,지원비 가동시간만,59830800.0,0.02814181848328776,0.1876121232219184,0.13400865944422743
071970,에이치디현대마린엔진(주),대기업,False,2차 후보(확인 필요),29119,에이치디현대마린엔진,의무,2025,2126045978.0,379847863143.0,0.005597098692114045,3천억~5천억,대기업,중형·업무시간,지원비 상시,76288368.0,0.03588274608800582,0.23921830725337212,0.17087021946669437
071970,에이치디현대마린엔진(주),대기업,False,2차 후보(확인 필요),29119,에이치디현대마린엔진,의무,2025,2126045978.0,379847863143.0,0.005597098692114045,3천억~5천억,대기업,중형·업무시간,지원비 가동시간만,51208608.0,0.024086312586792044,0.1605754172452803,0.11469672660377164
071970,에이치디현대마린엔진(주),대기업,False,2차 후보(확인 필요),29119,에이치디현대마린엔진,의무,2025,2126045978.0,379847863143.0,0.005597098692114045,3천억~5천억,대기업,중형·상시,지원비 상시,169919472.0,0.07992276449253724,0.5328184299502483,0.3805845928216059
071970,에이치디현대마린엔진(주),대기업,False,2차 후보(확인 필요),29119,에이치디현대마린엔진,의무,2025,2126045978.0,379847863143.0,0.005597098692114045,3천억~5천억,대기업,중형·상시,지원비 가동시간만,169919472.0,0.07992276449253724,0.5328184299502483,0.3805845928216059
071970,에이치디현대마린엔진(주),대기업,False,2차 후보(확인 필요),29119,에이치디현대마린엔진,의무,2025,2126045978.0,379847863143.0,0.005597098692114045,3천억~5천억,대기업,대형·상시,지원비 상시,270435216.0,0.12720101954446067,0.8480067969630711,0.605719140687908
071970,에이치디현대마린엔진(주),대기업,False,2차 후보(확인 필요),29119,에이치디현대마린엔진,의무,2025,2126045978.0,379847863143.0,0.005597098692114045,3천억~5천억,대기업,대형·상시,지원비 가동시간만,270435216.0,0.12720101954446067,0.8480067969630711,0.605719140687908
102710,(주)이엔에프테크놀로지,중견,False,비대상,2049,주식회사 이엔에프테크놀로지,의무,2025,2674181795.0,598981663495.0,0.004464547010331515,5천억~1조,중견-비대상,소형·업무시간,지원비 상시,43110960.0,0.016121177730177464,0.1074745182011831,0.07676751300084508
102710,(주)이엔에프테크놀로지,중견,False,비대상,2049,주식회사 이엔에프테크놀로지,의무,2025,2674181795.0,598981663495.0,0.004464547010331515,5천억~1조,중견-비대상,소형·업무시간,지원비 가동시간만,18031200.0,0.0067426979099601565,0.044951319399734374,0.03210808528552456
102710,(주)이엔에프테크놀로지,중견,False,비대상,2049,주식회사 이엔에프테크놀로지,의무,2025,2674181795.0,598981663495.0,0.004464547010331515,5천억~1조,중견-비대상,소형·상시,지원비 상시,59830800.0,0.022373497610322337,0.14915665073548226,0.10654046481105876
102710,(주)이엔에프테크놀로지,중견,False,비대상,2049,주식회사 이엔에프테크놀로지,의무,2025,2674181795.0,598981663495.0,0.004464547010331515,5천억~1조,중견-비대상,소형·상시,지원비 가동시간만,59830800.0,0.022373497610322337,0.14915665073548226,0.10654046481105876
102710,(주)이엔에프테크놀로지,중견,False,비대상,2049,주식회사 이엔에프테크놀로지,의무,2025,2674181795.0,598981663495.0,0.004464547010331515,5천억~1조,중견-비대상,중형·업무시간,지원비 상시,76288368.0,0.028527741884504153,0.19018494589669435,0.13584638992621026
102710,(주)이엔에프테크놀로지,중견,False,비대상,2049,주식회사 이엔에프테크놀로지,의무,2025,2674181795.0,598981663495.0,0.004464547010331515,5천억~1조,중견-비대상,중형·업무시간,지원비 가동시간만,51208608.0,0.019149262064286843,0.12766174709524564,0.09118696221088975
102710,(주)이엔에프테크놀로지,중견,False,비대상,2049,주식회사 이엔에프테크놀로지,의무,2025,2674181795.0,598981663495.0,0.004464547010331515,5천억~1조,중견-비대상,중형·상시,지원비 상시,169919472.0,0.06354073321331544,0.4236048880887696,0.3025749200634069
102710,(주)이엔에프테크놀로지,중견,False,비대상,2049,주식회사 이엔에프테크놀로지,의무,2025,2674181795.0,598981663495.0,0.004464547010331515,5천억~1조,중견-비대상,중형·상시,지원비 가동시간만,169919472.0,0.06354073321331544,0.4236048880887696,0.3025749200634069
102710,(주)이엔에프테크놀로지,중견,False,비대상,2049,주식회사 이엔에프테크놀로지,의무,2025,2674181795.0,598981663495.0,0.004464547010331515,5천억~1조,중견-비대상,대형·상시,지원비 상시,270435216.0,0.10112820919865696,0.6741880613243798,0.48156290094598564
102710,(주)이엔에프테크놀로지,중견,False,비대상,2049,주식회사 이엔에프테크놀로지,의무,2025,2674181795.0,598981663495.0,0.004464547010331515,5천억~1조,중견-비대상,대형·상시,지원비 가동시간만,270435216.0,0.10112820919865696,0.6741880613243798,0.48156290094598564
062040,산일전기(주),중견,False,2차(2028),28112,산일전기,의무,2025,1664544868.0,501946220880.0,0.003316181691898706,5천억~1조,중견-2차(2028),소형·업무시간,지원비 상시,43110960.0,0.025899548176072356,0.17266365450714904,0.12333118179082075
062040,산일전기(주),중견,False,2차(2028),28112,산일전기,의무,2025,1664544868.0,501946220880.0,0.003316181691898706,5천억~1조,중견-2차(2028),소형·업무시간,지원비 가동시간만,18031200.0,0.010832510643984635,0.07221673762656423,0.05158338401897446
062040,산일전기(주),중견,False,2차(2028),28112,산일전기,의무,2025,1664544868.0,501946220880.0,0.003316181691898706,5천억~1조,중견-2차(2028),소형·상시,지원비 상시,59830800.0,0.03594423986413084,0.23962826576087226,0.17116304697205162
062040,산일전기(주),중견,False,2차(2028),28112,산일전기,의무,2025,1664544868.0,501946220880.0,0.003316181691898706,5천억~1조,중견-2차(2028),소형·상시,지원비 가동시간만,59830800.0,0.03594423986413084,0.23962826576087226,0.17116304697205162
062040,산일전기(주),중견,False,2차(2028),28112,산일전기,의무,2025,1664544868.0,501946220880.0,0.003316181691898706,5천억~1조,중견-2차(2028),중형·업무시간,지원비 상시,76288368.0,0.045831367761004084,0.30554245174002725,0.21824460838573376
062040,산일전기(주),중견,False,2차(2028),28112,산일전기,의무,2025,1664544868.0,501946220880.0,0.003316181691898706,5천억~1조,중견-2차(2028),중형·업무시간,지원비 가동시간만,51208608.0,0.030764330228916364,0.20509553485944243,0.14649681061388747
062040,산일전기(주),중견,False,2차(2028),28112,산일전기,의무,2025,1664544868.0,501946220880.0,0.003316181691898706,5천억~1조,중견-2차(2028),중형·상시,지원비 상시,169919472.0,0.10208164121413157,0.6805442747608772,0.4861030534006266
062040,산일전기(주),중견,False,2차(2028),28112,산일전기,의무,2025,1664544868.0,501946220880.0,0.003316181691898706,5천억~1조,중견-2차(2028),중형·상시,지원비 가동시간만,169919472.0,0.10208164121413157,0.6805442747608772,0.4861030534006266
062040,산일전기(주),중견,False,2차(2028),28112,산일전기,의무,2025,1664544868.0,501946220880.0,0.003316181691898706,5천억~1조,중견-2차(2028),대형·상시,지원비 상시,270435216.0,0.16246796418587137,1.0831197612391426,0.7736569723136733
062040,산일전기(주),중견,False,2차(2028),28112,산일전기,의무,2025,1664544868.0,501946220880.0,0.003316181691898706,5천억~1조,중견-2차(2028),대형·상시,지원비 가동시간만,270435216.0,0.16246796418587137,1.0831197612391426,0.7736569723136733
079960,동양이엔피(주),중견,False,2차(2028),2811,동양이엔피 주식회사,의무,2025,1180702523.0,540648656071.0,0.0021838628649896168,5천억~1조,중견-2차(2028),소형·업무시간,지원비 상시,43110960.0,0.036512973556168137,0.24341982370778759,0.1738713026484197
079960,동양이엔피(주),중견,False,2차(2028),2811,동양이엔피 주식회사,의무,2025,1180702523.0,540648656071.0,0.0021838628649896168,5천억~1조,중견-2차(2028),소형·업무시간,지원비 가동시간만,18031200.0,0.01527158589801709,0.10181057265344728,0.0727218376096052
079960,동양이엔피(주),중견,False,2차(2028),2811,동양이엔피 주식회사,의무,2025,1180702523.0,540648656071.0,0.0021838628649896168,5천억~1조,중견-2차(2028),소형·상시,지원비 상시,59830800.0,0.050673898661602164,0.3378259910773478,0.2413042793409627
079960,동양이엔피(주),중견,False,2차(2028),2811,동양이엔피 주식회사,의무,2025,1180702523.0,540648656071.0,0.0021838628649896168,5천억~1조,중견-2차(2028),소형·상시,지원비 가동시간만,59830800.0,0.050673898661602164,0.3378259910773478,0.2413042793409627
079960,동양이엔피(주),중견,False,2차(2028),2811,동양이엔피 주식회사,의무,2025,1180702523.0,540648656071.0,0.0021838628649896168,5천억~1조,중견-2차(2028),중형·업무시간,지원비 상시,76288368.0,0.06461269160851958,0.4307512773901306,0.30767948385009325
079960,동양이엔피(주),중견,False,2차(2028),2811,동양이엔피 주식회사,의무,2025,1180702523.0,540648656071.0,0.0021838628649896168,5천억~1조,중견-2차(2028),중형·업무시간,지원비 가동시간만,51208608.0,0.04337130395036854,0.2891420263357903,0.20653001881127878
079960,동양이엔피(주),중견,False,2차(2028),2811,동양이엔피 주식회사,의무,2025,1180702523.0,540648656071.0,0.0021838628649896168,5천억~1조,중견-2차(2028),중형·상시,지원비 상시,169919472.0,0.14391387219895016,0.9594258146596677,0.685304153328334
079960,동양이엔피(주),중견,False,2차(2028),2811,동양이엔피 주식회사,의무,2025,1180702523.0,540648656071.0,0.0021838628649896168,5천억~1조,중견-2차(2028),중형·상시,지원비 가동시간만,169919472.0,0.14391387219895016,0.9594258146596677,0.685304153328334
079960,동양이엔피(주),중견,False,2차(2028),2811,동양이엔피 주식회사,의무,2025,1180702523.0,540648656071.0,0.0021838628649896168,5천억~1조,중견-2차(2028),대형·상시,지원비 상시,270435216.0,0.2290460219504418,1.526973479669612,1.0906953426211514
079960,동양이엔피(주),중견,False,2차(2028),2811,동양이엔피 주식회사,의무,2025,1180702523.0,540648656071.0,0.0021838628649896168,5천억~1조,중견-2차(2028),대형·상시,지원비 가동시간만,270435216.0,0.2290460219504418,1.526973479669612,1.0906953426211514
097950,CJ제일제당(주),대기업,False,비대상,108,CJ제일제당㈜,의무,2025,77970209076.0,7281140720000.0,0.010708515612372342,5조 이상,대기업,소형·업무시간,지원비 상시,43110960.0,0.0005529157932355728,0.0036861052882371523,0.0026329323487408233
097950,CJ제일제당(주),대기업,False,비대상,108,CJ제일제당㈜,의무,2025,77970209076.0,7281140720000.0,0.010708515612372342,5조 이상,대기업,소형·업무시간,지원비 가동시간만,18031200.0,0.00023125755610613313,0.0015417170407075543,0.0011012264576482531
097950,CJ제일제당(주),대기업,False,비대상,108,CJ제일제당㈜,의무,2025,77970209076.0,7281140720000.0,0.010708515612372342,5조 이상,대기업,소형·상시,지원비 상시,59830800.0,0.0007673546179885327,0.005115697453256884,0.003654069609469203
097950,CJ제일제당(주),대기업,False,비대상,108,CJ제일제당㈜,의무,2025,77970209076.0,7281140720000.0,0.010708515612372342,5조 이상,대기업,소형·상시,지원비 가동시간만,59830800.0,0.0007673546179885327,0.005115697453256884,0.003654069609469203
097950,CJ제일제당(주),대기업,False,비대상,108,CJ제일제당㈜,의무,2025,77970209076.0,7281140720000.0,0.010708515612372342,5조 이상,대기업,중형·업무시간,지원비 상시,76288368.0,0.0009784296964708578,0.006522864643139052,0.004659189030813609
097950,CJ제일제당(주),대기업,False,비대상,108,CJ제일제당㈜,의무,2025,77970209076.0,7281140720000.0,0.010708515612372342,5조 이상,대기업,중형·업무시간,지원비 가동시간만,51208608.0,0.0006567714593414181,0.004378476395609454,0.0031274831397210385
097950,CJ제일제당(주),대기업,False,비대상,108,CJ제일제당㈜,의무,2025,77970209076.0,7281140720000.0,0.010708515612372342,5조 이상,대기업,중형·상시,지원비 상시,169919472.0,0.002179287115087433,0.014528580767249551,0.010377557690892537
097950,CJ제일제당(주),대기업,False,비대상,108,CJ제일제당㈜,의무,2025,77970209076.0,7281140720000.0,0.010708515612372342,5조 이상,대기업,중형·상시,지원비 가동시간만,169919472.0,0.002179287115087433,0.014528580767249551,0.010377557690892537
097950,CJ제일제당(주),대기업,False,비대상,108,CJ제일제당㈜,의무,2025,77970209076.0,7281140720000.0,0.010708515612372342,5조 이상,대기업,대형·상시,지원비 상시,270435216.0,0.0034684428733081675,0.023122952488721118,0.0165163946348008
097950,CJ제일제당(주),대기업,False,비대상,108,CJ제일제당㈜,의무,2025,77970209076.0,7281140720000.0,0.010708515612372342,5조 이상,대기업,대형·상시,지원비 가동시간만,270435216.0,0.0034684428733081675,0.023122952488721118,0.0165163946348008
108670,(주)엘엑스하우시스,대기업,False,비대상,2222,주식회사 엘엑스하우시스,의무,2025,44454649162.0,2642115000000.0,0.01682540281630436,1조~5조,대기업,소형·업무시간,지원비 상시,43110960.0,0.0009697739339455053,0.006465159559636701,0.004617971114026216
108670,(주)엘엑스하우시스,대기업,False,비대상,2222,주식회사 엘엑스하우시스,의무,2025,44454649162.0,2642115000000.0,0.01682540281630436,1조~5조,대기업,소형·업무시간,지원비 가동시간만,18031200.0,0.0004056088697110478,0.0027040591314069855,0.0019314708081478468
108670,(주)엘엑스하우시스,대기업,False,비대상,2222,주식회사 엘엑스하우시스,의무,2025,44454649162.0,2642115000000.0,0.01682540281630436,1조~5조,대기업,소형·상시,지원비 상시,59830800.0,0.0013458839767684768,0.00897255984512318,0.006408971317945128
108670,(주)엘엑스하우시스,대기업,False,비대상,2222,주식회사 엘엑스하우시스,의무,2025,44454649162.0,2642115000000.0,0.01682540281630436,1조~5조,대기업,소형·상시,지원비 가동시간만,59830800.0,0.0013458839767684768,0.00897255984512318,0.006408971317945128
108670,(주)엘엑스하우시스,대기업,False,비대상,2222,주식회사 엘엑스하우시스,의무,2025,44454649162.0,2642115000000.0,0.01682540281630436,1조~5조,대기업,중형·업무시간,지원비 상시,76288368.0,0.0017160942542138334,0.011440628361425556,0.008171877401018254
108670,(주)엘엑스하우시스,대기업,False,비대상,2222,주식회사 엘엑스하우시스,의무,2025,44454649162.0,2642115000000.0,0.01682540281630436,1조~5조,대기업,중형·업무시간,지원비 가동시간만,51208608.0,0.0011519291899793759,0.0076795279331958385,0.005485377095139885
108670,(주)엘엑스하우시스,대기업,False,비대상,2222,주식회사 엘엑스하우시스,의무,2025,44454649162.0,2642115000000.0,0.01682540281630436,1조~5조,대기업,중형·상시,지원비 상시,169919472.0,0.0038223104940224746,0.025482069960149827,0.018201478542964163
108670,(주)엘엑스하우시스,대기업,False,비대상,2222,주식회사 엘엑스하우시스,의무,2025,44454649162.0,2642115000000.0,0.01682540281630436,1조~5조,대기업,중형·상시,지원비 가동시간만,169919472.0,0.0038223104940224746,0.025482069960149827,0.018201478542964163
108670,(주)엘엑스하우시스,대기업,False,비대상,2222,주식회사 엘엑스하우시스,의무,2025,44454649162.0,2642115000000.0,0.01682540281630436,1조~5조,대기업,대형·상시,지원비 상시,270435216.0,0.006083395574993516,0.04055597049995677,0.028968550357111978
108670,(주)엘엑스하우시스,대기업,False,비대상,2222,주식회사 엘엑스하우시스,의무,2025,44454649162.0,2642115000000.0,0.01682540281630436,1조~5조,대기업,대형·상시,지원비 가동시간만,270435216.0,0.006083395574993516,0.04055597049995677,0.028968550357111978
285130,에스케이케미칼(주),대기업,False,비대상,20202,에스케이케미칼(주),의무,2025,26699334578.0,1440380625560.0,0.01853630499064764,1조~5조,대기업,소형·업무시간,지원비 상시,43110960.0,0.0016146829380355803,0.010764552920237203,0.007688966371598001
285130,에스케이케미칼(주),대기업,False,비대상,20202,에스케이케미칼(주),의무,2025,26699334578.0,1440380625560.0,0.01853630499064764,1조~5조,대기업,소형·업무시간,지원비 가동시간만,18031200.0,0.0006753426737030944,0.004502284491353963,0.0032159174938242593
285130,에스케이케미칼(주),대기업,False,비대상,20202,에스케이케미칼(주),의무,2025,26699334578.0,1440380625560.0,0.01853630499064764,1조~5조,대기업,소형·상시,지원비 상시,59830800.0,0.0022409097809239042,0.014939398539492695,0.010670998956780496
285130,에스케이케미칼(주),대기업,False,비대상,20202,에스케이케미칼(주),의무,2025,26699334578.0,1440380625560.0,0.01853630499064764,1조~5조,대기업,소형·상시,지원비 가동시간만,59830800.0,0.0022409097809239042,0.014939398539492695,0.010670998956780496
285130,에스케이케미칼(주),대기업,False,비대상,20202,에스케이케미칼(주),의무,2025,26699334578.0,1440380625560.0,0.01853630499064764,1조~5조,대기업,중형·업무시간,지원비 상시,76288368.0,0.002857313457649274,0.019048756384328493,0.013606254560234638
285130,에스케이케미칼(주),대기업,False,비대상,20202,에스케이케미칼(주),의무,2025,26699334578.0,1440380625560.0,0.01853630499064764,1조~5조,대기업,중형·업무시간,지원비 가동시간만,51208608.0,0.001917973193316788,0.012786487955445255,0.009133205682460895
285130,에스케이케미칼(주),대기업,False,비대상,20202,에스케이케미칼(주),의무,2025,26699334578.0,1440380625560.0,0.01853630499064764,1조~5조,대기업,중형·상시,지원비 상시,169919472.0,0.006364183777823888,0.042427891852159255,0.030305637037256607
285130,에스케이케미칼(주),대기업,False,비대상,20202,에스케이케미칼(주),의무,2025,26699334578.0,1440380625560.0,0.01853630499064764,1조~5조,대기업,중형·상시,지원비 가동시간만,169919472.0,0.006364183777823888,0.042427891852159255,0.030305637037256607
285130,에스케이케미칼(주),대기업,False,비대상,20202,에스케이케미칼(주),의무,2025,26699334578.0,1440380625560.0,0.01853630499064764,1조~5조,대기업,대형·상시,지원비 상시,270435216.0,0.010128912209776048,0.06752608139850698,0.04823291528464784
285130,에스케이케미칼(주),대기업,False,비대상,20202,에스케이케미칼(주),의무,2025,26699334578.0,1440380625560.0,0.01853630499064764,1조~5조,대기업,대형·상시,지원비 가동시간만,270435216.0,0.010128912209776048,0.06752608139850698,0.04823291528464784
083420,그린케미칼(주),중견,False,비대상,20421,그린케미칼,의무,2025,470387032.0,304057102221.0,0.0015470351738671286,3천억~5천억,중견-비대상,소형·업무시간,지원비 상시,43110960.0,0.09164997558861274,0.6109998372574182,0.4364284551838702
083420,그린케미칼(주),중견,False,비대상,20421,그린케미칼,의무,2025,470387032.0,304057102221.0,0.0015470351738671286,3천억~5천억,중견-비대상,소형·업무시간,지원비 가동시간만,18031200.0,0.038332689409685934,0.25555126273123957,0.1825366162365997
083420,그린케미칼(주),중견,False,비대상,20421,그린케미칼,의무,2025,470387032.0,304057102221.0,0.0015470351738671286,3천억~5천억,중견-비대상,소형·상시,지원비 상시,59830800.0,0.1271948330412306,0.8479655536082041,0.6056896811487172
083420,그린케미칼(주),중견,False,비대상,20421,그린케미칼,의무,2025,470387032.0,304057102221.0,0.0015470351738671286,3천억~5천억,중견-비대상,소형·상시,지원비 가동시간만,59830800.0,0.1271948330412306,0.8479655536082041,0.6056896811487172
083420,그린케미칼(주),중견,False,비대상,20421,그린케미칼,의무,2025,470387032.0,304057102221.0,0.0015470351738671286,3천억~5천억,중견-비대상,중형·업무시간,지원비 상시,76288368.0,0.16218212410243488,1.081214160682899,0.7722958290592137
083420,그린케미칼(주),중견,False,비대상,20421,그린케미칼,의무,2025,470387032.0,304057102221.0,0.0015470351738671286,3천억~5천억,중견-비대상,중형·업무시간,지원비 가동시간만,51208608.0,0.10886483792350807,0.7257655861567205,0.5184039901119432
083420,그린케미칼(주),중견,False,비대상,20421,그린케미칼,의무,2025,470387032.0,304057102221.0,0.0015470351738671286,3천억~5천억,중견-비대상,중형·상시,지원비 상시,169919472.0,0.36123332583709494,2.4082221722473,1.7201586944623568
083420,그린케미칼(주),중견,False,비대상,20421,그린케미칼,의무,2025,470387032.0,304057102221.0,0.0015470351738671286,3천억~5천억,중견-비대상,중형·상시,지원비 가동시간만,169919472.0,0.36123332583709494,2.4082221722473,1.7201586944623568
083420,그린케미칼(주),중견,False,비대상,20421,그린케미칼,의무,2025,470387032.0,304057102221.0,0.0015470351738671286,3천억~5천억,중견-비대상,대형·상시,지원비 상시,270435216.0,0.5749206453463623,3.8328043023090825,2.7377173587922017
083420,그린케미칼(주),중견,False,비대상,20421,그린케미칼,의무,2025,470387032.0,304057102221.0,0.0015470351738671286,3천억~5천억,중견-비대상,대형·상시,지원비 가동시간만,270435216.0,0.5749206453463623,3.8328043023090825,2.7377173587922017
003850,(주)보령,중견,False,비대상,212,보령,의무,2025,8554353365.0,967810858971.0,0.008838868964639637,5천억~1조,중견-비대상,소형·업무시간,지원비 상시,43110960.0,0.00503965152718472,0.033597676847898134,0.023998340605641526
003850,(주)보령,중견,False,비대상,212,보령,의무,2025,8554353365.0,967810858971.0,0.008838868964639637,5천억~1조,중견-비대상,소형·업무시간,지원비 가동시간만,18031200.0,0.002107839041788286,0.014052260278588573,0.01003732877042041
003850,(주)보령,중견,False,비대상,212,보령,의무,2025,8554353365.0,967810858971.0,0.008838868964639637,5천억~1조,중견-비대상,소형·상시,지원비 상시,59830800.0,0.006994193184115676,0.04662795456077117,0.03330568182912227
003850,(주)보령,중견,False,비대상,212,보령,의무,2025,8554353365.0,967810858971.0,0.008838868964639637,5천억~1조,중견-비대상,소형·상시,지원비 가동시간만,59830800.0,0.006994193184115676,0.04662795456077117,0.03330568182912227
003850,(주)보령,중견,False,비대상,212,보령,의무,2025,8554353365.0,967810858971.0,0.008838868964639637,5천억~1조,중견-비대상,중형·업무시간,지원비 상시,76288368.0,0.008918075364075167,0.05945383576050111,0.04246702554321508
003850,(주)보령,중견,False,비대상,212,보령,의무,2025,8554353365.0,967810858971.0,0.008838868964639637,5천억~1조,중견-비대상,중형·업무시간,지원비 가동시간만,51208608.0,0.005986262878678732,0.03990841919119155,0.028506013707993966
003850,(주)보령,중견,False,비대상,212,보령,의무,2025,8554353365.0,967810858971.0,0.008838868964639637,5천억~1조,중견-비대상,중형·상시,지원비 상시,169919472.0,0.019863508642888522,0.13242339095259015,0.09458813639470724
003850,(주)보령,중견,False,비대상,212,보령,의무,2025,8554353365.0,967810858971.0,0.008838868964639637,5천억~1조,중견-비대상,중형·상시,지원비 가동시간만,169919472.0,0.019863508642888522,0.13242339095259015,0.09458813639470724
003850,(주)보령,중견,False,비대상,212,보령,의무,2025,8554353365.0,967810858971.0,0.008838868964639637,5천억~1조,중견-비대상,대형·상시,지원비 상시,270435216.0,0.03161375319220286,0.2107583546146857,0.15054168186763267
003850,(주)보령,중견,False,비대상,212,보령,의무,2025,8554353365.0,967810858971.0,0.008838868964639637,5천억~1조,중견-비대상,대형·상시,지원비 가동시간만,270435216.0,0.03161375319220286,0.2107583546146857,0.15054168186763267
000990,주식회사 DB하이텍,대기업,False,비대상,2611,주식회사 디비하이텍,의무,2025,19559794970.0,1213775673521.0,0.016114835217663957,1조~5조,대기업,소형·업무시간,지원비 상시,43110960.0,0.0022040599130063376,0.014693732753375583,0.010495523395268274
000990,주식회사 DB하이텍,대기업,False,비대상,2611,주식회사 디비하이텍,의무,2025,19559794970.0,1213775673521.0,0.016114835217663957,1조~5조,대기업,소형·업무시간,지원비 가동시간만,18031200.0,0.0009218501537288865,0.00614566769152591,0.0043897626368042215
000990,주식회사 DB하이텍,대기업,False,비대상,2611,주식회사 디비하이텍,의무,2025,19559794970.0,1213775673521.0,0.016114835217663957,1조~5조,대기업,소형·상시,지원비 상시,59830800.0,0.003058866419191305,0.020392442794608702,0.014566030567577644
000990,주식회사 DB하이텍,대기업,False,비대상,2611,주식회사 디비하이텍,의무,2025,19559794970.0,1213775673521.0,0.016114835217663957,1조~5조,대기업,소형·상시,지원비 가동시간만,59830800.0,0.003058866419191305,0.020392442794608702,0.014566030567577644
000990,주식회사 DB하이텍,대기업,False,비대상,2611,주식회사 디비하이텍,의무,2025,19559794970.0,1213775673521.0,0.016114835217663957,1조~5조,대기업,중형·업무시간,지원비 상시,76288368.0,0.0039002641958674885,0.026001761305783258,0.01857268664698804
000990,주식회사 DB하이텍,대기업,False,비대상,2611,주식회사 디비하이텍,의무,2025,19559794970.0,1213775673521.0,0.016114835217663957,1조~5조,대기업,중형·업무시간,지원비 가동시간만,51208608.0,0.0026180544365900374,0.017453696243933583,0.012466925888523989
000990,주식회사 DB하이텍,대기업,False,비대상,2611,주식회사 디비하이텍,의무,2025,19559794970.0,1213775673521.0,0.016114835217663957,1조~5조,대기업,중형·상시,지원비 상시,169919472.0,0.008687180630503307,0.05791453753668871,0.04136752681192051
000990,주식회사 DB하이텍,대기업,False,비대상,2611,주식회사 디비하이텍,의무,2025,19559794970.0,1213775673521.0,0.016114835217663957,1조~5조,대기업,중형·상시,지원비 가동시간만,169919472.0,0.008687180630503307,0.05791453753668871,0.04136752681192051
000990,주식회사 DB하이텍,대기업,False,비대상,2611,주식회사 디비하이텍,의무,2025,19559794970.0,1213775673521.0,0.016114835217663957,1조~5조,대기업,대형·상시,지원비 상시,270435216.0,0.013826076214744699,0.09217384143163132,0.06583845816545095
000990,주식회사 DB하이텍,대기업,False,비대상,2611,주식회사 디비하이텍,의무,2025,19559794970.0,1213775673521.0,0.016114835217663957,1조~5조,대기업,대형·상시,지원비 가동시간만,270435216.0,0.013826076214744699,0.09217384143163132,0.06583845816545095
104700,한국철강(주),중견,False,1차(2027),2411,한국철강주식회사,의무,2025,2221156943.0,486605490510.0,0.004564594905561087,3천억~5천억,중견-1차(2027),소형·업무시간,지원비 상시,43110960.0,0.01940923631527464,0.1293949087684976,0.09242493483464113
104700,한국철강(주),중견,False,1차(2027),2411,한국철강주식회사,의무,2025,2221156943.0,486605490510.0,0.004564594905561087,3천억~5천억,중견-1차(2027),소형·업무시간,지원비 가동시간만,18031200.0,0.008117931538708024,0.05411954359138683,0.038656816850990594
104700,한국철강(주),중견,False,1차(2027),2411,한국철강주식회사,의무,2025,2221156943.0,486605490510.0,0.004564594905561087,3천억~5천억,중견-1차(2027),소형·상시,지원비 상시,59830800.0,0.026936772832985716,0.1795784855532381,0.1282703468237415
104700,한국철강(주),중견,False,1차(2027),2411,한국철강주식회사,의무,2025,2221156943.0,486605490510.0,0.004564594905561087,3천억~5천억,중견-1차(2027),소형·상시,지원비 가동시간만,59830800.0,0.026936772832985716,0.1795784855532381,0.1282703468237415
104700,한국철강(주),중견,False,1차(2027),2411,한국철강주식회사,의무,2025,2221156943.0,486605490510.0,0.004564594905561087,3천억~5천억,중견-1차(2027),중형·업무시간,지원비 상시,76288368.0,0.0343462303464974,0.22897486897664934,0.16355347784046384
104700,한국철강(주),중견,False,1차(2027),2411,한국철강주식회사,의무,2025,2221156943.0,486605490510.0,0.004564594905561087,3천억~5천억,중견-1차(2027),중형·업무시간,지원비 가동시간만,51208608.0,0.023054925569930787,0.1536995037995386,0.10978535985681327
104700,한국철강(주),중견,False,1차(2027),2411,한국철강주식회사,의무,2025,2221156943.0,486605490510.0,0.004564594905561087,3천억~5천억,중견-1차(2027),중형·상시,지원비 상시,169919472.0,0.07650043484567944,0.5100028989711962,0.3642877849794259
104700,한국철강(주),중견,False,1차(2027),2411,한국철강주식회사,의무,2025,2221156943.0,486605490510.0,0.004564594905561087,3천억~5천억,중견-1차(2027),중형·상시,지원비 가동시간만,169919472.0,0.07650043484567944,0.5100028989711962,0.3642877849794259
104700,한국철강(주),중견,False,1차(2027),2411,한국철강주식회사,의무,2025,2221156943.0,486605490510.0,0.004564594905561087,3천억~5천억,중견-1차(2027),대형·상시,지원비 상시,270435216.0,0.12175421320509543,0.8116947547006362,0.5797819676433116
104700,한국철강(주),중견,False,1차(2027),2411,한국철강주식회사,의무,2025,2221156943.0,486605490510.0,0.004564594905561087,3천억~5천억,중견-1차(2027),대형·상시,지원비 가동시간만,270435216.0,0.12175421320509543,0.8116947547006362,0.5797819676433116
092780,디와이피(주),중견,False,2차 후보(확인 필요),301,디와이피(주),의무,2025,971938956.0,374959053687.0,0.0025921202500455787,3천억~5천억,중견-2차 후보,소형·업무시간,지원비 상시,43110960.0,0.044355625148952256,0.2957041676596817,0.21121726261405838
092780,디와이피(주),중견,False,2차 후보(확인 필요),301,디와이피(주),의무,2025,971938956.0,374959053687.0,0.0025921202500455787,3천억~5천억,중견-2차 후보,소형·업무시간,지원비 가동시간만,18031200.0,0.018551782381691057,0.1236785492112737,0.08834182086519551
092780,디와이피(주),중견,False,2차 후보(확인 필요),301,디와이피(주),의무,2025,971938956.0,374959053687.0,0.0025921202500455787,3천억~5천억,중견-2차 후보,소형·상시,지원비 상시,59830800.0,0.061558186993793056,0.4103879132919537,0.29313422377996695
092780,디와이피(주),중견,False,2차 후보(확인 필요),301,디와이피(주),의무,2025,971938956.0,374959053687.0,0.0025921202500455787,3천억~5천억,중견-2차 후보,소형·상시,지원비 가동시간만,59830800.0,0.061558186993793056,0.4103879132919537,0.29313422377996695
092780,디와이피(주),중견,False,2차 후보(확인 필요),301,디와이피(주),의무,2025,971938956.0,374959053687.0,0.0025921202500455787,3천억~5천억,중견-2차 후보,중형·업무시간,지원비 상시,76288368.0,0.0784909047312638,0.5232726982084254,0.37376621300601814
092780,디와이피(주),중견,False,2차 후보(확인 필요),301,디와이피(주),의무,2025,971938956.0,374959053687.0,0.0025921202500455787,3천억~5천억,중견-2차 후보,중형·업무시간,지원비 가동시간만,51208608.0,0.0526870619640026,0.35124707976001734,0.25089077125715525
092780,디와이피(주),중견,False,2차 후보(확인 필요),301,디와이피(주),의무,2025,971938956.0,374959053687.0,0.0025921202500455787,3천억~5천억,중견-2차 후보,중형·상시,지원비 상시,169919472.0,0.1748252510623723,1.1655016737491484,0.8325011955351062
092780,디와이피(주),중견,False,2차 후보(확인 필요),301,디와이피(주),의무,2025,971938956.0,374959053687.0,0.0025921202500455787,3천억~5천억,중견-2차 후보,중형·상시,지원비 가동시간만,169919472.0,0.1748252510623723,1.1655016737491484,0.8325011955351062
092780,디와이피(주),중견,False,2차 후보(확인 필요),301,디와이피(주),의무,2025,971938956.0,374959053687.0,0.0025921202500455787,3천억~5천억,중견-2차 후보,대형·상시,지원비 상시,270435216.0,0.2782430052119446,1.8549533680796306,1.3249666914854505
092780,디와이피(주),중견,False,2차 후보(확인 필요),301,디와이피(주),의무,2025,971938956.0,374959053687.0,0.0025921202500455787,3천억~5천억,중견-2차 후보,대형·상시,지원비 가동시간만,270435216.0,0.2782430052119446,1.8549533680796306,1.3249666914854505
457190,주식회사 이수스페셜티케미컬,중견,False,비대상,20111,이수스페셜티케미컬,의무,2025,2991431371.0,411470361000.0,0.007270101699986114,3천억~5천억,중견-비대상,소형·업무시간,지원비 상시,43110960.0,0.014411482214812943,0.09607654809875296,0.06862610578482355
457190,주식회사 이수스페셜티케미컬,중견,False,비대상,20111,이수스페셜티케미컬,의무,2025,2991431371.0,411470361000.0,0.007270101699986114,3천억~5천억,중견-비대상,소형·업무시간,지원비 가동시간만,18031200.0,0.006027616135473094,0.04018410756982063,0.02870293397844331
457190,주식회사 이수스페셜티케미컬,중견,False,비대상,20111,이수스페셜티케미컬,의무,2025,2991431371.0,411470361000.0,0.007270101699986114,3천억~5천억,중견-비대상,소형·상시,지원비 상시,59830800.0,0.020000726267706177,0.1333381751180412,0.0952415536557437
457190,주식회사 이수스페셜티케미컬,중견,False,비대상,20111,이수스페셜티케미컬,의무,2025,2991431371.0,411470361000.0,0.007270101699986114,3천억~5천억,중견-비대상,소형·상시,지원비 가동시간만,59830800.0,0.020000726267706177,0.1333381751180412,0.0952415536557437
457190,주식회사 이수스페셜티케미컬,중견,False,비대상,20111,이수스페셜티케미컬,의무,2025,2991431371.0,411470361000.0,0.007270101699986114,3천억~5천억,중견-비대상,중형·업무시간,지원비 상시,76288368.0,0.025502295904083438,0.17001530602722292,0.12143950430515923
457190,주식회사 이수스페셜티케미컬,중견,False,비대상,20111,이수스페셜티케미컬,의무,2025,2991431371.0,411470361000.0,0.007270101699986114,3천억~5천억,중견-비대상,중형·업무시간,지원비 가동시간만,51208608.0,0.017118429824743587,0.1141228654982906,0.08151633249877899
457190,주식회사 이수스페셜티케미컬,중견,False,비대상,20111,이수스페셜티케미컬,의무,2025,2991431371.0,411470361000.0,0.007270101699986114,3천억~5천억,중견-비대상,중형·상시,지원비 상시,169919472.0,0.056802062600285544,0.37868041733523694,0.2704860123823121
457190,주식회사 이수스페셜티케미컬,중견,False,비대상,20111,이수스페셜티케미컬,의무,2025,2991431371.0,411470361000.0,0.007270101699986114,3천억~5천억,중견-비대상,중형·상시,지원비 가동시간만,169919472.0,0.056802062600285544,0.37868041733523694,0.2704860123823121
457190,주식회사 이수스페셜티케미컬,중견,False,비대상,20111,이수스페셜티케미컬,의무,2025,2991431371.0,411470361000.0,0.007270101699986114,3천억~5천억,중견-비대상,대형·상시,지원비 상시,270435216.0,0.09040328273003191,0.6026885515335462,0.4304918225239615
457190,주식회사 이수스페셜티케미컬,중견,False,비대상,20111,이수스페셜티케미컬,의무,2025,2991431371.0,411470361000.0,0.007270101699986114,3천억~5천억,중견-비대상,대형·상시,지원비 가동시간만,270435216.0,0.09040328273003191,0.6026885515335462,0.4304918225239615
007980,티피(주),중견,False,비대상,141,티피(주),의무,2025,2161350315.0,763138039835.0,0.0028321878902371465,5천억~1조,중견-비대상,소형·업무시간,지원비 상시,43110960.0,0.019946308426174772,0.13297538950783183,0.09498242107702273
007980,티피(주),중견,False,비대상,141,티피(주),의무,2025,2161350315.0,763138039835.0,0.0028321878902371465,5천억~1조,중견-비대상,소형·업무시간,지원비 가동시간만,18031200.0,0.008342562459616825,0.05561708306411217,0.039726487902937264
007980,티피(주),중견,False,비대상,141,티피(주),의무,2025,2161350315.0,763138039835.0,0.0028321878902371465,5천억~1조,중견-비대상,소형·상시,지원비 상시,59830800.0,0.027682139070546737,0.1845475938036449,0.1318197098597464
007980,티피(주),중견,False,비대상,141,티피(주),의무,2025,2161350315.0,763138039835.0,0.0028321878902371465,5천억~1조,중견-비대상,소형·상시,지원비 가동시간만,59830800.0,0.027682139070546737,0.1845475938036449,0.1318197098597464
007980,티피(주),중견,False,비대상,141,티피(주),의무,2025,2161350315.0,763138039835.0,0.0028321878902371465,5천억~1조,중견-비대상,중형·업무시간,지원비 상시,76288368.0,0.035296623351869734,0.2353108223457982,0.1680791588184273
007980,티피(주),중견,False,비대상,141,티피(주),의무,2025,2161350315.0,763138039835.0,0.0028321878902371465,5천억~1조,중견-비대상,중형·업무시간,지원비 가동시간만,51208608.0,0.023692877385311784,0.15795251590207857,0.11282322564434183
007980,티피(주),중견,False,비대상,141,티피(주),의무,2025,2161350315.0,763138039835.0,0.0028321878902371465,5천억~1조,중견-비대상,중형·상시,지원비 상시,169919472.0,0.07861727496035274,0.5241151664023516,0.3743679760016797
007980,티피(주),중견,False,비대상,141,티피(주),의무,2025,2161350315.0,763138039835.0,0.0028321878902371465,5천억~1조,중견-비대상,중형·상시,지원비 가동시간만,169919472.0,0.07861727496035274,0.5241151664023516,0.3743679760016797
007980,티피(주),중견,False,비대상,141,티피(주),의무,2025,2161350315.0,763138039835.0,0.0028321878902371465,5천억~1조,중견-비대상,대형·상시,지원비 상시,270435216.0,0.12512326859887127,0.834155123992475,0.5958250885660537
007980,티피(주),중견,False,비대상,141,티피(주),의무,2025,2161350315.0,763138039835.0,0.0028321878902371465,5천억~1조,중견-비대상,대형·상시,지원비 가동시간만,270435216.0,0.12512326859887127,0.834155123992475,0.5958250885660537
066570,LG전자(주),대기업,False,비대상,264,엘지전자(주),의무,2025,710400590316.0,29554826000000.0,0.02403670352571184,5조 이상,대기업,소형·업무시간,지원비 상시,43110960.0,6.0685422545642037e-05,0.0004045694836376136,0.00028897820259829546
066570,LG전자(주),대기업,False,비대상,264,엘지전자(주),의무,2025,710400590316.0,29554826000000.0,0.02403670352571184,5조 이상,대기업,소형·업무시간,지원비 가동시간만,18031200.0,2.538173566547766e-05,0.00016921157110318441,0.000120865407930846
066570,LG전자(주),대기업,False,비대상,264,엘지전자(주),의무,2025,710400590316.0,29554826000000.0,0.02403670352571184,5조 이상,대기업,소형·상시,지원비 상시,59830800.0,8.422121379908495e-05,0.0005614747586605664,0.00040105339904326177
066570,LG전자(주),대기업,False,비대상,264,엘지전자(주),의무,2025,710400590316.0,29554826000000.0,0.02403670352571184,5조 이상,대기업,소형·상시,지원비 가동시간만,59830800.0,8.422121379908495e-05,0.0005614747586605664,0.00040105339904326177
066570,LG전자(주),대기업,False,비대상,264,엘지전자(주),의무,2025,710400590316.0,29554826000000.0,0.02403670352571184,5조 이상,대기업,중형·업무시간,지원비 상시,76288368.0,0.00010738781617012093,0.000715918774467473,0.0005113705531910521
066570,LG전자(주),대기업,False,비대상,264,엘지전자(주),의무,2025,710400590316.0,29554826000000.0,0.02403670352571184,5조 이상,대기업,중형·업무시간,지원비 가동시간만,51208608.0,7.208412928995654e-05,0.0004805608619330437,0.0003432577585236027
066570,LG전자(주),대기업,False,비대상,264,엘지전자(주),의무,2025,710400590316.0,29554826000000.0,0.02403670352571184,5조 이상,대기업,중형·상시,지원비 상시,169919472.0,0.0002391882471894013,0.0015945883145960086,0.0011389916532828634
066570,LG전자(주),대기업,False,비대상,264,엘지전자(주),의무,2025,710400590316.0,29554826000000.0,0.02403670352571184,5조 이상,대기업,중형·상시,지원비 가동시간만,169919472.0,0.0002391882471894013,0.0015945883145960086,0.0011389916532828634
066570,LG전자(주),대기업,False,비대상,264,엘지전자(주),의무,2025,710400590316.0,29554826000000.0,0.02403670352571184,5조 이상,대기업,대형·상시,지원비 상시,270435216.0,0.000380679886371864,0.0025378659091457602,0.0018127613636755432
066570,LG전자(주),대기업,False,비대상,264,엘지전자(주),의무,2025,710400590316.0,29554826000000.0,0.02403670352571184,5조 이상,대기업,대형·상시,지원비 가동시간만,270435216.0,0.000380679886371864,0.0025378659091457602,0.0018127613636755432
213500,한솔제지(주),중견,False,비대상,171,한솔제지(주),의무,2025,13913497469.0,2169056497597.0,0.0064145389870730145,1조~5조,중견-비대상,소형·업무시간,지원비 상시,43110960.0,0.0030984991441622405,0.020656660961081603,0.014754757829344003
213500,한솔제지(주),중견,False,비대상,171,한솔제지(주),의무,2025,13913497469.0,2169056497597.0,0.0064145389870730145,1조~5조,중견-비대상,소형·업무시간,지원비 가동시간만,18031200.0,0.001295950212387249,0.00863966808258166,0.006171191487558328
213500,한솔제지(주),중견,False,비대상,171,한솔제지(주),의무,2025,13913497469.0,2169056497597.0,0.0064145389870730145,1조~5조,중견-비대상,소형·상시,지원비 상시,59830800.0,0.004300198432012235,0.028667989546748235,0.020477135390534452
213500,한솔제지(주),중견,False,비대상,171,한솔제지(주),의무,2025,13913497469.0,2169056497597.0,0.0064145389870730145,1조~5조,중견-비대상,소형·상시,지원비 가동시간만,59830800.0,0.004300198432012235,0.028667989546748235,0.020477135390534452
213500,한솔제지(주),중견,False,비대상,171,한솔제지(주),의무,2025,13913497469.0,2169056497597.0,0.0064145389870730145,1조~5조,중견-비대상,중형·업무시간,지원비 상시,76288368.0,0.005483047534954779,0.03655365023303186,0.02610975016645133
213500,한솔제지(주),중견,False,비대상,171,한솔제지(주),의무,2025,13913497469.0,2169056497597.0,0.0064145389870730145,1조~5조,중견-비대상,중형·업무시간,지원비 가동시간만,51208608.0,0.003680498603179787,0.024536657354531914,0.017526183824665652
213500,한솔제지(주),중견,False,비대상,171,한솔제지(주),의무,2025,13913497469.0,2169056497597.0,0.0064145389870730145,1조~5조,중견-비대상,중형·상시,지원비 상시,169919472.0,0.012212563546914747,0.08141709031276499,0.05815506450911785
213500,한솔제지(주),중견,False,비대상,171,한솔제지(주),의무,2025,13913497469.0,2169056497597.0,0.0064145389870730145,1조~5조,중견-비대상,중형·상시,지원비 가동시간만,169919472.0,0.012212563546914747,0.08141709031276499,0.05815506450911785
213500,한솔제지(주),중견,False,비대상,171,한솔제지(주),의무,2025,13913497469.0,2169056497597.0,0.0064145389870730145,1조~5조,중견-비대상,대형·상시,지원비 상시,270435216.0,0.019436896912695303,0.12957931275130202,0.09255665196521573
213500,한솔제지(주),중견,False,비대상,171,한솔제지(주),의무,2025,13913497469.0,2169056497597.0,0.0064145389870730145,1조~5조,중견-비대상,대형·상시,지원비 가동시간만,270435216.0,0.019436896912695303,0.12957931275130202,0.09255665196521573
272550,주식회사 삼양패키징,중견,False,비대상,22232,(주)삼양패키징,의무,2025,3724971857.0,418914127885.0,0.008891969998258394,3천억~5천억,중견-비대상,소형·업무시간,지원비 상시,43110960.0,0.011573499520267651,0.07715666346845101,0.055111902477465
272550,주식회사 삼양패키징,중견,False,비대상,22232,(주)삼양패키징,의무,2025,3724971857.0,418914127885.0,0.008891969998258394,3천억~5천억,중견-비대상,소형·업무시간,지원비 가동시간만,18031200.0,0.004840627175777344,0.03227084783851563,0.023050605598939733
272550,주식회사 삼양패키징,중견,False,비대상,22232,(주)삼양패키징,의무,2025,3724971857.0,418914127885.0,0.008891969998258394,3천억~5천억,중견-비대상,소형·상시,지원비 상시,59830800.0,0.01606208108326119,0.1070805405550746,0.07648610039648185
272550,주식회사 삼양패키징,중견,False,비대상,22232,(주)삼양패키징,의무,2025,3724971857.0,418914127885.0,0.008891969998258394,3천억~5천억,중견-비대상,소형·상시,지원비 가동시간만,59830800.0,0.01606208108326119,0.1070805405550746,0.07648610039648185
272550,주식회사 삼양패키징,중견,False,비대상,22232,(주)삼양패키징,의무,2025,3724971857.0,418914127885.0,0.008891969998258394,3천억~5천억,중견-비대상,중형·업무시간,지원비 상시,76288368.0,0.020480253523697964,0.13653502349131977,0.09752501677951411
272550,주식회사 삼양패키징,중견,False,비대상,22232,(주)삼양패키징,의무,2025,3724971857.0,418914127885.0,0.008891969998258394,3천억~5천억,중견-비대상,중형·업무시간,지원비 가동시간만,51208608.0,0.013747381179207659,0.09164920786138439,0.06546371990098884
272550,주식회사 삼양패키징,중견,False,비대상,22232,(주)삼양패키징,의무,2025,3724971857.0,418914127885.0,0.008891969998258394,3천억~5천억,중견-비대상,중형·상시,지원비 상시,169919472.0,0.04561631027646178,0.30410873517641185,0.21722052512600845
272550,주식회사 삼양패키징,중견,False,비대상,22232,(주)삼양패키징,의무,2025,3724971857.0,418914127885.0,0.008891969998258394,3천억~5천억,중견-비대상,중형·상시,지원비 가동시간만,169919472.0,0.04561631027646178,0.30410873517641185,0.21722052512600845
272550,주식회사 삼양패키징,중견,False,비대상,22232,(주)삼양패키징,의무,2025,3724971857.0,418914127885.0,0.008891969998258394,3천억~5천억,중견-비대상,대형·상시,지원비 상시,270435216.0,0.07260060649634056,0.4840040433089372,0.34571717379209793
272550,주식회사 삼양패키징,중견,False,비대상,22232,(주)삼양패키징,의무,2025,3724971857.0,418914127885.0,0.008891969998258394,3천억~5천억,중견-비대상,대형·상시,지원비 가동시간만,270435216.0,0.07260060649634056,0.4840040433089372,0.34571717379209793
298020,효성티앤씨(주),대기업,False,비대상,2050,효성티앤씨(주),의무,2025,5727076289.0,4325171696629.0,0.001324126922744739,1조~5조,대기업,소형·업무시간,지원비 상시,43110960.0,0.007527568662356263,0.050183791082375084,0.035845565058839346
298020,효성티앤씨(주),대기업,False,비대상,2050,효성티앤씨(주),의무,2025,5727076289.0,4325171696629.0,0.001324126922744739,1조~5조,대기업,소형·업무시간,지원비 가동시간만,18031200.0,0.003148412748514026,0.02098941832342684,0.014992441659590601
298020,효성티앤씨(주),대기업,False,비대상,2050,효성티앤씨(주),의무,2025,5727076289.0,4325171696629.0,0.001324126922744739,1조~5조,대기업,소형·상시,지원비 상시,59830800.0,0.010447005938251087,0.06964670625500724,0.049747647325005175
298020,효성티앤씨(주),대기업,False,비대상,2050,효성티앤씨(주),의무,2025,5727076289.0,4325171696629.0,0.001324126922744739,1조~5조,대기업,소형·상시,지원비 가동시간만,59830800.0,0.010447005938251087,0.06964670625500724,0.049747647325005175
298020,효성티앤씨(주),대기업,False,비대상,2050,효성티앤씨(주),의무,2025,5727076289.0,4325171696629.0,0.001324126922744739,1조~5조,대기업,중형·업무시간,지원비 상시,76288368.0,0.013320648119622072,0.08880432079748048,0.06343165771248604
298020,효성티앤씨(주),대기업,False,비대상,2050,효성티앤씨(주),의무,2025,5727076289.0,4325171696629.0,0.001324126922744739,1조~5조,대기업,중형·업무시간,지원비 가동시간만,51208608.0,0.008941492205779835,0.05960994803853223,0.042578534313237305
298020,효성티앤씨(주),대기업,False,비대상,2050,효성티앤씨(주),의무,2025,5727076289.0,4325171696629.0,0.001324126922744739,1조~5조,대기업,중형·상시,지원비 상시,169919472.0,0.029669496864633087,0.19779664576422057,0.1412833184030147
298020,효성티앤씨(주),대기업,False,비대상,2050,효성티앤씨(주),의무,2025,5727076289.0,4325171696629.0,0.001324126922744739,1조~5조,대기업,중형·상시,지원비 가동시간만,169919472.0,0.029669496864633087,0.19779664576422057,0.1412833184030147
298020,효성티앤씨(주),대기업,False,비대상,2050,효성티앤씨(주),의무,2025,5727076289.0,4325171696629.0,0.001324126922744739,1조~5조,대기업,대형·상시,지원비 상시,270435216.0,0.04722046684089491,0.31480311227263275,0.2248593659090234
298020,효성티앤씨(주),대기업,False,비대상,2050,효성티앤씨(주),의무,2025,5727076289.0,4325171696629.0,0.001324126922744739,1조~5조,대기업,대형·상시,지원비 가동시간만,270435216.0,0.04722046684089491,0.31480311227263275,0.2248593659090234
271560,(주)오리온,중견,False,비대상,108,(주)오리온,의무,2025,8766974901.0,1145838309534.0,0.007651144867520997,1조~5조,중견-비대상,소형·업무시간,지원비 상시,43110960.0,0.004917427104197888,0.03278284736131926,0.02341631954379947
271560,(주)오리온,중견,False,비대상,108,(주)오리온,의무,2025,8766974901.0,1145838309534.0,0.007651144867520997,1조~5조,중견-비대상,소형·업무시간,지원비 가동시간만,18031200.0,0.002056718560691132,0.013711457071274216,0.009793897908053009
271560,(주)오리온,중견,False,비대상,108,(주)오리온,의무,2025,8766974901.0,1145838309534.0,0.007651144867520997,1조~5조,중견-비대상,소형·상시,지원비 상시,59830800.0,0.0068245661332023925,0.04549710755468262,0.03249793396763044
271560,(주)오리온,중견,False,비대상,108,(주)오리온,의무,2025,8766974901.0,1145838309534.0,0.007651144867520997,1조~5조,중견-비대상,소형·상시,지원비 가동시간만,59830800.0,0.0068245661332023925,0.04549710755468262,0.03249793396763044
271560,(주)오리온,중견,False,비대상,108,(주)오리온,의무,2025,8766974901.0,1145838309534.0,0.007651144867520997,1조~5조,중견-비대상,중형·업무시간,지원비 상시,76288368.0,0.008701789255869572,0.058011928372463814,0.041437091694617005
271560,(주)오리온,중견,False,비대상,108,(주)오리온,의무,2025,8766974901.0,1145838309534.0,0.007651144867520997,1조~5조,중견-비대상,중형·업무시간,지원비 가동시간만,51208608.0,0.005841080712362815,0.03894053808241877,0.027814670058870547
271560,(주)오리온,중견,False,비대상,108,(주)오리온,의무,2025,8766974901.0,1145838309534.0,0.007651144867520997,1조~5조,중견-비대상,중형·상시,지원비 상시,169919472.0,0.019381767818294794,0.12921178545529866,0.09229413246807046
271560,(주)오리온,중견,False,비대상,108,(주)오리온,의무,2025,8766974901.0,1145838309534.0,0.007651144867520997,1조~5조,중견-비대상,중형·상시,지원비 가동시간만,169919472.0,0.019381767818294794,0.12921178545529866,0.09229413246807046
271560,(주)오리온,중견,False,비대상,108,(주)오리온,의무,2025,8766974901.0,1145838309534.0,0.007651144867520997,1조~5조,중견-비대상,대형·상시,지원비 상시,270435216.0,0.030847038922074816,0.20564692614716545,0.1468906615336896
271560,(주)오리온,중견,False,비대상,108,(주)오리온,의무,2025,8766974901.0,1145838309534.0,0.007651144867520997,1조~5조,중견-비대상,대형·상시,지원비 가동시간만,270435216.0,0.030847038922074816,0.20564692614716545,0.1468906615336896
084010,대한제강(주),중견,False,1차(2027),2411,대한제강 주식회사,의무,2025,3585570399.0,731269024453.0,0.004903216571605859,5천억~1조,중견-1차(2027),소형·업무시간,지원비 상시,43110960.0,0.01202345936702943,0.08015639578019619,0.05725456841442586
084010,대한제강(주),중견,False,1차(2027),2411,대한제강 주식회사,의무,2025,3585570399.0,731269024453.0,0.004903216571605859,5천억~1조,중견-1차(2027),소형·업무시간,지원비 가동시간만,18031200.0,0.005028823309403944,0.03352548872935963,0.023946777663828307
084010,대한제강(주),중견,False,1차(2027),2411,대한제강 주식회사,의무,2025,3585570399.0,731269024453.0,0.004903216571605859,5천억~1조,중견-1차(2027),소형·상시,지원비 상시,59830800.0,0.016686550072113088,0.11124366714742058,0.07945976224815757
084010,대한제강(주),중견,False,1차(2027),2411,대한제강 주식회사,의무,2025,3585570399.0,731269024453.0,0.004903216571605859,5천억~1조,중견-1차(2027),소형·상시,지원비 가동시간만,59830800.0,0.016686550072113088,0.11124366714742058,0.07945976224815757
084010,대한제강(주),중견,False,1차(2027),2411,대한제강 주식회사,의무,2025,3585570399.0,731269024453.0,0.004903216571605859,5천억~1조,중견-1차(2027),중형·업무시간,지원비 상시,76288368.0,0.021276494256332688,0.1418432950422179,0.10131663931586994
084010,대한제강(주),중견,False,1차(2027),2411,대한제강 주식회사,의무,2025,3585570399.0,731269024453.0,0.004903216571605859,5천억~1조,중견-1차(2027),중형·업무시간,지원비 가동시간만,51208608.0,0.014281858198707201,0.09521238799138133,0.0680088485652724
084010,대한제강(주),중견,False,1차(2027),2411,대한제강 주식회사,의무,2025,3585570399.0,731269024453.0,0.004903216571605859,5천억~1조,중견-1차(2027),중형·상시,지원비 상시,169919472.0,0.047389802204801164,0.31593201469867443,0.22566572478476749
084010,대한제강(주),중견,False,1차(2027),2411,대한제강 주식회사,의무,2025,3585570399.0,731269024453.0,0.004903216571605859,5천억~1조,중견-1차(2027),중형·상시,지원비 가동시간만,169919472.0,0.047389802204801164,0.31593201469867443,0.22566572478476749
084010,대한제강(주),중견,False,1차(2027),2411,대한제강 주식회사,의무,2025,3585570399.0,731269024453.0,0.004903216571605859,5천억~1조,중견-1차(2027),대형·상시,지원비 상시,270435216.0,0.07542320632595115,0.502821375506341,0.3591581253616722
084010,대한제강(주),중견,False,1차(2027),2411,대한제강 주식회사,의무,2025,3585570399.0,731269024453.0,0.004903216571605859,5천억~1조,중견-1차(2027),대형·상시,지원비 가동시간만,270435216.0,0.07542320632595115,0.502821375506341,0.3591581253616722
005070,코스모신소재(주),중견,False,비대상,204,코스모신소재(주),의무,2025,1368182508.0,456295847107.0,0.0029984548767527253,3천억~5천억,중견-비대상,소형·업무시간,지원비 상시,43110960.0,0.03150965587406852,0.21006437249379015,0.15004598035270725
005070,코스모신소재(주),중견,False,비대상,204,코스모신소재(주),의무,2025,1368182508.0,456295847107.0,0.0029984548767527253,3천억~5천억,중견-비대상,소형·업무시간,지원비 가동시간만,18031200.0,0.013178943521473526,0.08785962347649018,0.06275687391177869
005070,코스모신소재(주),중견,False,비대상,204,코스모신소재(주),의무,2025,1368182508.0,456295847107.0,0.0029984548767527253,3천억~5천억,중견-비대상,소형·상시,지원비 상시,59830800.0,0.043730130775798515,0.29153420517199014,0.20823871797999294
005070,코스모신소재(주),중견,False,비대상,204,코스모신소재(주),의무,2025,1368182508.0,456295847107.0,0.0029984548767527253,3천억~5천억,중견-비대상,소형·상시,지원비 가동시간만,59830800.0,0.043730130775798515,0.29153420517199014,0.20823871797999294
005070,코스모신소재(주),중견,False,비대상,204,코스모신소재(주),의무,2025,1368182508.0,456295847107.0,0.0029984548767527253,3천억~5천억,중견-비대상,중형·업무시간,지원비 상시,76288368.0,0.05575891195357981,0.37172607969053206,0.26551862835038004
005070,코스모신소재(주),중견,False,비대상,204,코스모신소재(주),의무,2025,1368182508.0,456295847107.0,0.0029984548767527253,3천억~5천억,중견-비대상,중형·업무시간,지원비 가동시간만,51208608.0,0.03742819960098481,0.2495213306732321,0.1782295219094515
005070,코스모신소재(주),중견,False,비대상,204,코스모신소재(주),의무,2025,1368182508.0,456295847107.0,0.0029984548767527253,3천억~5천억,중견-비대상,중형·상시,지원비 상시,169919472.0,0.12419357140326778,0.827957142688452,0.5913979590631799
005070,코스모신소재(주),중견,False,비대상,204,코스모신소재(주),의무,2025,1368182508.0,456295847107.0,0.0029984548767527253,3천억~5천억,중견-비대상,중형·상시,지원비 가동시간만,169919472.0,0.12419357140326778,0.827957142688452,0.5913979590631799
005070,코스모신소재(주),중견,False,비대상,204,코스모신소재(주),의무,2025,1368182508.0,456295847107.0,0.0029984548767527253,3천억~5천억,중견-비대상,대형·상시,지원비 상시,270435216.0,0.1976601911066093,1.3177346073773955,0.941239005269568
005070,코스모신소재(주),중견,False,비대상,204,코스모신소재(주),의무,2025,1368182508.0,456295847107.0,0.0029984548767527253,3천억~5천억,중견-비대상,대형·상시,지원비 가동시간만,270435216.0,0.1976601911066093,1.3177346073773955,0.941239005269568
019540,(주)일지테크,중견,False,2차 후보(확인 필요),303,일지테크,의무,2025,1776986671.0,443620147723.0,0.004005649157552612,3천억~5천억,중견-2차 후보,소형·업무시간,지원비 상시,43110960.0,0.02426071095724049,0.16173807304826995,0.11552719503447853
019540,(주)일지테크,중견,False,2차 후보(확인 필요),303,일지테크,의무,2025,1776986671.0,443620147723.0,0.004005649157552612,3천억~5천억,중견-2차 후보,소형·업무시간,지원비 가동시간만,18031200.0,0.01014706541937815,0.06764710279585434,0.04831935913989596
019540,(주)일지테크,중견,False,2차 후보(확인 필요),303,일지테크,의무,2025,1776986671.0,443620147723.0,0.004005649157552612,3천억~5천억,중견-2차 후보,소형·상시,지원비 상시,59830800.0,0.03366980798248205,0.22446538654988032,0.16033241896420025
019540,(주)일지테크,중견,False,2차 후보(확인 필요),303,일지테크,의무,2025,1776986671.0,443620147723.0,0.004005649157552612,3천억~5천억,중견-2차 후보,소형·상시,지원비 가동시간만,59830800.0,0.03366980798248205,0.22446538654988032,0.16033241896420025
019540,(주)일지테크,중견,False,2차 후보(확인 필요),303,일지테크,의무,2025,1776986671.0,443620147723.0,0.004005649157552612,3천억~5천억,중견-2차 후보,중형·업무시간,지원비 상시,76288368.0,0.042931311328896285,0.2862087421926419,0.2044348158518871
019540,(주)일지테크,중견,False,2차 후보(확인 필요),303,일지테크,의무,2025,1776986671.0,443620147723.0,0.004005649157552612,3천억~5천억,중견-2차 후보,중형·업무시간,지원비 가동시간만,51208608.0,0.02881766579103395,0.19211777194022636,0.13722697995730454
019540,(주)일지테크,중견,False,2차 후보(확인 필요),303,일지테크,의무,2025,1776986671.0,443620147723.0,0.004005649157552612,3천억~5천억,중견-2차 후보,중형·상시,지원비 상시,169919472.0,0.09562225467024901,0.6374816978016602,0.4553440698583287
019540,(주)일지테크,중견,False,2차 후보(확인 필요),303,일지테크,의무,2025,1776986671.0,443620147723.0,0.004005649157552612,3천억~5천억,중견-2차 후보,중형·상시,지원비 가동시간만,169919472.0,0.09562225467024901,0.6374816978016602,0.4553440698583287
019540,(주)일지테크,중견,False,2차 후보(확인 필요),303,일지테크,의무,2025,1776986671.0,443620147723.0,0.004005649157552612,3천억~5천억,중견-2차 후보,대형·상시,지원비 상시,270435216.0,0.15218753208081887,1.0145835472054592,0.724702533718185
019540,(주)일지테크,중견,False,2차 후보(확인 필요),303,일지테크,의무,2025,1776986671.0,443620147723.0,0.004005649157552612,3천억~5천억,중견-2차 후보,대형·상시,지원비 가동시간만,270435216.0,0.15218753208081887,1.0145835472054592,0.724702533718185
047810,한국항공우주산업(주),중견,False,비대상,31311,한국항공우주산업주식회사,의무,2025,71381437254.0,3625239285458.0,0.01969013122536046,1조~5조,중견-비대상,소형·업무시간,지원비 상시,43110960.0,0.0006039519748894408,0.004026346499262938,0.002875961785187813
047810,한국항공우주산업(주),중견,False,비대상,31311,한국항공우주산업주식회사,의무,2025,71381437254.0,3625239285458.0,0.01969013122536046,1조~5조,중견-비대상,소형·업무시간,지원비 가동시간만,18031200.0,0.00025260348759634406,0.0016840232506422936,0.0012028737504587812
047810,한국항공우주산업(주),중견,False,비대상,31311,한국항공우주산업주식회사,의무,2025,71381437254.0,3625239285458.0,0.01969013122536046,1조~5조,중견-비대상,소형·상시,지원비 상시,59830800.0,0.0008381842997515053,0.005587895331676702,0.003991353808340501
047810,한국항공우주산업(주),중견,False,비대상,31311,한국항공우주산업주식회사,의무,2025,71381437254.0,3625239285458.0,0.01969013122536046,1조~5조,중견-비대상,소형·상시,지원비 가동시간만,59830800.0,0.0008381842997515053,0.005587895331676702,0.003991353808340501
047810,한국항공우주산업(주),중견,False,비대상,31311,한국항공우주산업주식회사,의무,2025,71381437254.0,3625239285458.0,0.01969013122536046,1조~5조,중견-비대상,중형·업무시간,지원비 상시,76288368.0,0.0010687423920667139,0.007124949280444759,0.00508924948603197
047810,한국항공우주산업(주),중견,False,비대상,31311,한국항공우주산업주식회사,의무,2025,71381437254.0,3625239285458.0,0.01969013122536046,1조~5조,중견-비대상,중형·업무시간,지원비 가동시간만,51208608.0,0.0007173939047736171,0.0047826260318241135,0.0034161614513029386
047810,한국항공우주산업(주),중견,False,비대상,31311,한국항공우주산업주식회사,의무,2025,71381437254.0,3625239285458.0,0.01969013122536046,1조~5조,중견-비대상,중형·상시,지원비 상시,169919472.0,0.002380443411294275,0.015869622741961832,0.011335444815687023
047810,한국항공우주산업(주),중견,False,비대상,31311,한국항공우주산업주식회사,의무,2025,71381437254.0,3625239285458.0,0.01969013122536046,1조~5조,중견-비대상,중형·상시,지원비 가동시간만,169919472.0,0.002380443411294275,0.015869622741961832,0.011335444815687023
047810,한국항공우주산업(주),중견,False,비대상,31311,한국항공우주산업주식회사,의무,2025,71381437254.0,3625239285458.0,0.01969013122536046,1조~5조,중견-비대상,대형·상시,지원비 상시,270435216.0,0.003788593034876804,0.02525728689917869,0.018040919213699064
047810,한국항공우주산업(주),중견,False,비대상,31311,한국항공우주산업주식회사,의무,2025,71381437254.0,3625239285458.0,0.01969013122536046,1조~5조,중견-비대상,대형·상시,지원비 가동시간만,270435216.0,0.003788593034876804,0.02525728689917869,0.018040919213699064
064760,(주)티씨케이,중견,False,비대상,23999,(주)티씨케이,의무,2025,1474380424.0,301334302844.0,0.0048928396471452605,3천억~5천억,중견-비대상,소형·업무시간,지원비 상시,43110960.0,0.029240051819895838,0.1949336787993056,0.13923834199950402
064760,(주)티씨케이,중견,False,비대상,23999,(주)티씨케이,의무,2025,1474380424.0,301334302844.0,0.0048928396471452605,3천억~5천억,중견-비대상,소형·업무시간,지원비 가동시간만,18031200.0,0.0122296794683975,0.08153119645598333,0.058236568897130955
064760,(주)티씨케이,중견,False,비대상,23999,(주)티씨케이,의무,2025,1474380424.0,301334302844.0,0.0048928396471452605,3천억~5천억,중견-비대상,소형·상시,지원비 상시,59830800.0,0.040580300054228066,0.2705353336948538,0.19323952406775272
064760,(주)티씨케이,중견,False,비대상,23999,(주)티씨케이,의무,2025,1474380424.0,301334302844.0,0.0048928396471452605,3천억~5천억,중견-비대상,소형·상시,지원비 가동시간만,59830800.0,0.040580300054228066,0.2705353336948538,0.19323952406775272
064760,(주)티씨케이,중견,False,비대상,23999,(주)티씨케이,의무,2025,1474380424.0,301334302844.0,0.0048928396471452605,3천억~5천억,중견-비대상,중형·업무시간,지원비 상시,76288368.0,0.05174266204174724,0.34495108027831495,0.24639362877022497
064760,(주)티씨케이,중견,False,비대상,23999,(주)티씨케이,의무,2025,1474380424.0,301334302844.0,0.0048928396471452605,3천억~5천억,중견-비대상,중형·업무시간,지원비 가동시간만,51208608.0,0.0347322896902489,0.23154859793499266,0.16539185566785192
064760,(주)티씨케이,중견,False,비대상,23999,(주)티씨케이,의무,2025,1474380424.0,301334302844.0,0.0048928396471452605,3천억~5천억,중견-비대상,중형·상시,지원비 상시,169919472.0,0.11524805215400771,0.7683203476933848,0.5488002483524177
064760,(주)티씨케이,중견,False,비대상,23999,(주)티씨케이,의무,2025,1474380424.0,301334302844.0,0.0048928396471452605,3천억~5천억,중견-비대상,중형·상시,지원비 가동시간만,169919472.0,0.11524805215400771,0.7683203476933848,0.5488002483524177
064760,(주)티씨케이,중견,False,비대상,23999,(주)티씨케이,의무,2025,1474380424.0,301334302844.0,0.0048928396471452605,3천억~5천억,중견-비대상,대형·상시,지원비 상시,270435216.0,0.18342295624511087,1.222819708300739,0.8734426487862423
064760,(주)티씨케이,중견,False,비대상,23999,(주)티씨케이,의무,2025,1474380424.0,301334302844.0,0.0048928396471452605,3천억~5천억,중견-비대상,대형·상시,지원비 가동시간만,270435216.0,0.18342295624511087,1.222819708300739,0.8734426487862423
009830,한화솔루션(주),대기업,False,비대상,20111,한화솔루션(주),의무,2025,92236877219.0,5739541000000.0,0.016070427446898627,5조 이상,대기업,소형·업무시간,지원비 상시,43110960.0,0.0004673939675737365,0.0031159597838249097,0.0022256855598749357
009830,한화솔루션(주),대기업,False,비대상,20111,한화솔루션(주),의무,2025,92236877219.0,5739541000000.0,0.016070427446898627,5조 이상,대기업,소형·업무시간,지원비 가동시간만,18031200.0,0.000195487971228559,0.0013032531415237266,0.0009308951010883762
009830,한화솔루션(주),대기업,False,비대상,20111,한화솔루션(주),의무,2025,92236877219.0,5739541000000.0,0.016070427446898627,5조 이상,대기업,소형·상시,지원비 상시,59830800.0,0.0006486646318038549,0.004324430878692365,0.0030888791990659756
009830,한화솔루션(주),대기업,False,비대상,20111,한화솔루션(주),의무,2025,92236877219.0,5739541000000.0,0.016070427446898627,5조 이상,대기업,소형·상시,지원비 가동시간만,59830800.0,0.0006486646318038549,0.004324430878692365,0.0030888791990659756
009830,한화솔루션(주),대기업,False,비대상,20111,한화솔루션(주),의무,2025,92236877219.0,5739541000000.0,0.016070427446898627,5조 이상,대기업,중형·업무시간,지원비 상시,76288368.0,0.000827091834634285,0.005513945564228567,0.003938532545877548
009830,한화솔루션(주),대기업,False,비대상,20111,한화솔루션(주),의무,2025,92236877219.0,5739541000000.0,0.016070427446898627,5조 이상,대기업,중형·업무시간,지원비 가동시간만,51208608.0,0.0005551858382891075,0.0037012389219273833,0.0026437420870909886
009830,한화솔루션(주),대기업,False,비대상,20111,한화솔루션(주),의무,2025,92236877219.0,5739541000000.0,0.016070427446898627,5조 이상,대기업,중형·상시,지원비 상시,169919472.0,0.0018422075543229478,0.012281383695486318,0.008772416925347372
009830,한화솔루션(주),대기업,False,비대상,20111,한화솔루션(주),의무,2025,92236877219.0,5739541000000.0,0.016070427446898627,5조 이상,대기업,중형·상시,지원비 가동시간만,169919472.0,0.0018422075543229478,0.012281383695486318,0.008772416925347372
009830,한화솔루션(주),대기업,False,비대상,20111,한화솔루션(주),의무,2025,92236877219.0,5739541000000.0,0.016070427446898627,5조 이상,대기업,대형·상시,지원비 상시,270435216.0,0.0029319641357534237,0.019546427571689493,0.01396173397977821
009830,한화솔루션(주),대기업,False,비대상,20111,한화솔루션(주),의무,2025,92236877219.0,5739541000000.0,0.016070427446898627,5조 이상,대기업,대형·상시,지원비 가동시간만,270435216.0,0.0029319641357534237,0.019546427571689493,0.01396173397977821
483650,(주)달바글로벌,중견,False,비대상,20423,주식회사 달바글로벌,의무,2025,1118892954.0,502589078688.0,0.002226257993748791,5천억~1조,중견-비대상,소형·업무시간,지원비 상시,43110960.0,0.03853001294349021,0.25686675295660144,0.18347625211185817
483650,(주)달바글로벌,중견,False,비대상,20423,주식회사 달바글로벌,의무,2025,1118892954.0,502589078688.0,0.002226257993748791,5천억~1조,중견-비대상,소형·업무시간,지원비 가동시간만,18031200.0,0.01611521453910237,0.10743476359401581,0.07673911685286842
483650,(주)달바글로벌,중견,False,비대상,20423,주식회사 달바글로벌,의무,2025,1118892954.0,502589078688.0,0.002226257993748791,5천억~1조,중견-비대상,소형·상시,지원비 상시,59830800.0,0.053473211879748773,0.3564880791983252,0.254634342284518
483650,(주)달바글로벌,중견,False,비대상,20423,주식회사 달바글로벌,의무,2025,1118892954.0,502589078688.0,0.002226257993748791,5천억~1조,중견-비대상,소형·상시,지원비 가동시간만,59830800.0,0.053473211879748773,0.3564880791983252,0.254634342284518
483650,(주)달바글로벌,중견,False,비대상,20423,주식회사 달바글로벌,의무,2025,1118892954.0,502589078688.0,0.002226257993748791,5천억~1조,중견-비대상,중형·업무시간,지원비 상시,76288368.0,0.06818200769543857,0.4545467179695905,0.3246762271211361
483650,(주)달바글로벌,중견,False,비대상,20423,주식회사 달바글로벌,의무,2025,1118892954.0,502589078688.0,0.002226257993748791,5천억~1조,중견-비대상,중형·업무시간,지원비 가동시간만,51208608.0,0.045767209291050735,0.3051147286070049,0.21793909186214636
483650,(주)달바글로벌,중견,False,비대상,20423,주식회사 달바글로벌,의무,2025,1118892954.0,502589078688.0,0.002226257993748791,5천억~1조,중견-비대상,중형·상시,지원비 상시,169919472.0,0.15186392173848653,1.0124261449232435,0.723161532088031
483650,(주)달바글로벌,중견,False,비대상,20423,주식회사 달바글로벌,의무,2025,1118892954.0,502589078688.0,0.002226257993748791,5천억~1조,중견-비대상,중형·상시,지원비 가동시간만,169919472.0,0.15186392173848653,1.0124261449232435,0.723161532088031
483650,(주)달바글로벌,중견,False,비대상,20423,주식회사 달바글로벌,의무,2025,1118892954.0,502589078688.0,0.002226257993748791,5천억~1조,중견-비대상,대형·상시,지원비 상시,270435216.0,0.24169891769646445,1.6113261179764298,1.1509472271260213
483650,(주)달바글로벌,중견,False,비대상,20423,주식회사 달바글로벌,의무,2025,1118892954.0,502589078688.0,0.002226257993748791,5천억~1조,중견-비대상,대형·상시,지원비 가동시간만,270435216.0,0.24169891769646445,1.6113261179764298,1.1509472271260213
014830,(주)유니드,대기업,False,비대상,20129,(주)유니드,의무,2025,4019919445.0,601750378042.0,0.006680377099355016,5천억~1조,대기업,소형·업무시간,지원비 상시,43110960.0,0.01072433430317159,0.07149556202114393,0.051068258586531384
014830,(주)유니드,대기업,False,비대상,20129,(주)유니드,의무,2025,4019919445.0,601750378042.0,0.006680377099355016,5천억~1조,대기업,소형·업무시간,지원비 가동시간만,18031200.0,0.004485463016535646,0.029903086776904307,0.021359347697788793
014830,(주)유니드,대기업,False,비대상,20129,(주)유니드,의무,2025,4019919445.0,601750378042.0,0.006680377099355016,5천억~1조,대기업,소형·상시,지원비 상시,59830800.0,0.014883581827595553,0.09922387885063702,0.07087419917902645
014830,(주)유니드,대기업,False,비대상,20129,(주)유니드,의무,2025,4019919445.0,601750378042.0,0.006680377099355016,5천억~1조,대기업,소형·상시,지원비 가동시간만,59830800.0,0.014883581827595553,0.09922387885063702,0.07087419917902645
014830,(주)유니드,대기업,False,비대상,20129,(주)유니드,의무,2025,4019919445.0,601750378042.0,0.006680377099355016,5천억~1조,대기업,중형·업무시간,지원비 상시,76288368.0,0.01897758625359718,0.12651724169064785,0.09036945835046277
014830,(주)유니드,대기업,False,비대상,20129,(주)유니드,의무,2025,4019919445.0,601750378042.0,0.006680377099355016,5천억~1조,대기업,중형·업무시간,지원비 가동시간만,51208608.0,0.012738714966961235,0.08492476644640823,0.06066054746172017
014830,(주)유니드,대기업,False,비대상,20129,(주)유니드,의무,2025,4019919445.0,601750378042.0,0.006680377099355016,5천억~1조,대기업,중형·상시,지원비 상시,169919472.0,0.04226937239037137,0.28179581593580916,0.2012827256684351
014830,(주)유니드,대기업,False,비대상,20129,(주)유니드,의무,2025,4019919445.0,601750378042.0,0.006680377099355016,5천억~1조,대기업,중형·상시,지원비 가동시간만,169919472.0,0.04226937239037137,0.28179581593580916,0.2012827256684351
014830,(주)유니드,대기업,False,비대상,20129,(주)유니드,의무,2025,4019919445.0,601750378042.0,0.006680377099355016,5천억~1조,대기업,대형·상시,지원비 상시,270435216.0,0.0672737898607319,0.44849193240487933,0.3203513802891995
014830,(주)유니드,대기업,False,비대상,20129,(주)유니드,의무,2025,4019919445.0,601750378042.0,0.006680377099355016,5천억~1조,대기업,대형·상시,지원비 가동시간만,270435216.0,0.0672737898607319,0.44849193240487933,0.3203513802891995
103590,일진전기(주),중견,False,2차(2028),2830,일진전기 주식회사,의무,2025,5737883760.0,2018227476000.0,0.0028430312381695073,1조~5조,중견-2차(2028),소형·업무시간,지원비 상시,43110960.0,0.007513390267773566,0.05008926845182378,0.03577804889415984
103590,일진전기(주),중견,False,2차(2028),2830,일진전기 주식회사,의무,2025,5737883760.0,2018227476000.0,0.0028430312381695073,1조~5조,중견-2차(2028),소형·업무시간,지원비 가동시간만,18031200.0,0.0031424826215022523,0.02094988414334835,0.014964202959534536
103590,일진전기(주),중견,False,2차(2028),2830,일진전기 주식회사,의무,2025,5737883760.0,2018227476000.0,0.0028430312381695073,1조~5조,중견-2차(2028),소형·상시,지원비 상시,59830800.0,0.01042732869862111,0.06951552465747407,0.04965394618391005
103590,일진전기(주),중견,False,2차(2028),2830,일진전기 주식회사,의무,2025,5737883760.0,2018227476000.0,0.0028430312381695073,1조~5조,중견-2차(2028),소형·상시,지원비 가동시간만,59830800.0,0.01042732869862111,0.06951552465747407,0.04965394618391005
103590,일진전기(주),중견,False,2차(2028),2830,일진전기 주식회사,의무,2025,5737883760.0,2018227476000.0,0.0028430312381695073,1조~5조,중견-2차(2028),중형·업무시간,지원비 상시,76288368.0,0.013295558291337712,0.08863705527558474,0.06331218233970339
103590,일진전기(주),중견,False,2차(2028),2830,일진전기 주식회사,의무,2025,5737883760.0,2018227476000.0,0.0028430312381695073,1조~5조,중견-2차(2028),중형·업무시간,지원비 가동시간만,51208608.0,0.008924650645066397,0.05949767096710931,0.04249833640507808
103590,일진전기(주),중견,False,2차(2028),2830,일진전기 주식회사,의무,2025,5737883760.0,2018227476000.0,0.0028430312381695073,1조~5조,중견-2차(2028),중형·상시,지원비 상시,169919472.0,0.029613613504083952,0.19742409002722636,0.14101720716230454
103590,일진전기(주),중견,False,2차(2028),2830,일진전기 주식회사,의무,2025,5737883760.0,2018227476000.0,0.0028430312381695073,1조~5조,중견-2차(2028),중형·상시,지원비 가동시간만,169919472.0,0.029613613504083952,0.19742409002722636,0.14101720716230454
103590,일진전기(주),중견,False,2차(2028),2830,일진전기 주식회사,의무,2025,5737883760.0,2018227476000.0,0.0028430312381695073,1조~5조,중견-2차(2028),대형·상시,지원비 상시,270435216.0,0.047131525717767415,0.31421017145178276,0.22443583675127343
103590,일진전기(주),중견,False,2차(2028),2830,일진전기 주식회사,의무,2025,5737883760.0,2018227476000.0,0.0028430312381695073,1조~5조,중견-2차(2028),대형·상시,지원비 가동시간만,270435216.0,0.047131525717767415,0.31421017145178276,0.22443583675127343
268280,미원스페셜티케미칼(주),중견,False,비대상,201,미원스페셜티케미칼주식회사,의무,2025,946277546.0,506002585210.0,0.001870104172703541,5천억~1조,중견-비대상,소형·업무시간,지원비 상시,43110960.0,0.04555847296835257,0.30372315312235043,0.21694510937310746
268280,미원스페셜티케미칼(주),중견,False,비대상,201,미원스페셜티케미칼주식회사,의무,2025,946277546.0,506002585210.0,0.001870104172703541,5천억~1조,중견-비대상,소형·업무시간,지원비 가동시간만,18031200.0,0.0190548746255467,0.12703249750364465,0.09073749821688905
268280,미원스페셜티케미칼(주),중견,False,비대상,201,미원스페셜티케미칼주식회사,의무,2025,946277546.0,506002585210.0,0.001870104172703541,5천억~1조,중견-비대상,소형·상시,지원비 상시,59830800.0,0.06322753853022314,0.4215169235348209,0.30108351681058637
268280,미원스페셜티케미칼(주),중견,False,비대상,201,미원스페셜티케미칼주식회사,의무,2025,946277546.0,506002585210.0,0.001870104172703541,5천억~1조,중견-비대상,소형·상시,지원비 가동시간만,59830800.0,0.06322753853022314,0.4215169235348209,0.30108351681058637
268280,미원스페셜티케미칼(주),중견,False,비대상,201,미원스페셜티케미칼주식회사,의무,2025,946277546.0,506002585210.0,0.001870104172703541,5천억~1조,중견-비대상,중형·업무시간,지원비 상시,76288368.0,0.0806194422793585,0.5374629485290566,0.3839021060921833
268280,미원스페셜티케미칼(주),중견,False,비대상,201,미원스페셜티케미칼주식회사,의무,2025,946277546.0,506002585210.0,0.001870104172703541,5천억~1조,중견-비대상,중형·업무시간,지원비 가동시간만,51208608.0,0.05411584393655263,0.36077229291035084,0.2576944949359649
268280,미원스페셜티케미칼(주),중견,False,비대상,201,미원스페셜티케미칼주식회사,의무,2025,946277546.0,506002585210.0,0.001870104172703541,5천억~1조,중견-비대상,중형·상시,지원비 상시,169919472.0,0.1795662094258337,1.1971080628388915,0.8550771877420653
268280,미원스페셜티케미칼(주),중견,False,비대상,201,미원스페셜티케미칼주식회사,의무,2025,946277546.0,506002585210.0,0.001870104172703541,5천억~1조,중견-비대상,중형·상시,지원비 가동시간만,169919472.0,0.1795662094258337,1.1971080628388915,0.8550771877420653
268280,미원스페셜티케미칼(주),중견,False,비대상,201,미원스페셜티케미칼주식회사,의무,2025,946277546.0,506002585210.0,0.001870104172703541,5천억~1조,중견-비대상,대형·상시,지원비 상시,270435216.0,0.2857884741566086,1.9052564943773906,1.3608974959838505
268280,미원스페셜티케미칼(주),중견,False,비대상,201,미원스페셜티케미칼주식회사,의무,2025,946277546.0,506002585210.0,0.001870104172703541,5천억~1조,중견-비대상,대형·상시,지원비 가동시간만,270435216.0,0.2857884741566086,1.9052564943773906,1.3608974959838505
068270,(주)셀트리온,대기업,False,비대상,21100,(주)셀트리온,의무,2025,17227456392.0,2928637506047.0,0.005882413359942652,1조~5조,대기업,소형·업무시간,지원비 상시,43110960.0,0.002502456486845014,0.01668304324563343,0.011916459461166734
068270,(주)셀트리온,대기업,False,비대상,21100,(주)셀트리온,의무,2025,17227456392.0,2928637506047.0,0.005882413359942652,1조~5조,대기업,소형·업무시간,지원비 가동시간만,18031200.0,0.0010466548043838462,0.006977698695892308,0.004984070497065935
068270,(주)셀트리온,대기업,False,비대상,21100,(주)셀트리온,의무,2025,17227456392.0,2928637506047.0,0.005882413359942652,1조~5조,대기업,소형·상시,지원비 상시,59830800.0,0.0034729909418191257,0.02315327294546084,0.0165380521039006
068270,(주)셀트리온,대기업,False,비대상,21100,(주)셀트리온,의무,2025,17227456392.0,2928637506047.0,0.005882413359942652,1조~5조,대기업,소형·상시,지원비 가동시간만,59830800.0,0.0034729909418191257,0.02315327294546084,0.0165380521039006
068270,(주)셀트리온,대기업,False,비대상,21100,(주)셀트리온,의무,2025,17227456392.0,2928637506047.0,0.005882413359942652,1조~5조,대기업,중형·업무시간,지원비 상시,76288368.0,0.0044283013269112905,0.029522008846075275,0.021087149175768052
068270,(주)셀트리온,대기업,False,비대상,21100,(주)셀트리온,의무,2025,17227456392.0,2928637506047.0,0.005882413359942652,1조~5조,대기업,중형·업무시간,지원비 가동시간만,51208608.0,0.002972499644450123,0.019816664296334156,0.014154760211667254
068270,(주)셀트리온,대기업,False,비대상,21100,(주)셀트리온,의무,2025,17227456392.0,2928637506047.0,0.005882413359942652,1조~5조,대기업,중형·상시,지원비 상시,169919472.0,0.009863294274766317,0.06575529516510879,0.04696806797507771
068270,(주)셀트리온,대기업,False,비대상,21100,(주)셀트리온,의무,2025,17227456392.0,2928637506047.0,0.005882413359942652,1조~5조,대기업,중형·상시,지원비 가동시간만,169919472.0,0.009863294274766317,0.06575529516510879,0.04696806797507771
068270,(주)셀트리온,대기업,False,비대상,21100,(주)셀트리온,의무,2025,17227456392.0,2928637506047.0,0.005882413359942652,1조~5조,대기업,대형·상시,지원비 상시,270435216.0,0.01569791905702245,0.104652793713483,0.07475199550963071
068270,(주)셀트리온,대기업,False,비대상,21100,(주)셀트리온,의무,2025,17227456392.0,2928637506047.0,0.005882413359942652,1조~5조,대기업,대형·상시,지원비 가동시간만,270435216.0,0.01569791905702245,0.104652793713483,0.07475199550963071
041440,(주)현대에버다임,대기업,False,2차(2028),29241,현대에버다임,자율,2025,2654310511.0,272553841786.0,0.009738664821624764,3천억 미만,대기업,소형·업무시간,지원비 상시,43110960.0,0.01624186764183748,0.10827911761224986,0.07734222686589276
041440,(주)현대에버다임,대기업,False,2차(2028),29241,현대에버다임,자율,2025,2654310511.0,272553841786.0,0.009738664821624764,3천억 미만,대기업,소형·업무시간,지원비 가동시간만,18031200.0,0.006793176580236208,0.04528784386824138,0.0323484599058867
041440,(주)현대에버다임,대기업,False,2차(2028),29241,현대에버다임,자율,2025,2654310511.0,272553841786.0,0.009738664821624764,3천억 미만,대기업,소형·상시,지원비 상시,59830800.0,0.022540995016238324,0.15027330010825551,0.10733807150589679
041440,(주)현대에버다임,대기업,False,2차(2028),29241,현대에버다임,자율,2025,2654310511.0,272553841786.0,0.009738664821624764,3천억 미만,대기업,소형·상시,지원비 가동시간만,59830800.0,0.022540995016238324,0.15027330010825551,0.10733807150589679
041440,(주)현대에버다임,대기업,False,2차(2028),29241,현대에버다임,자율,2025,2654310511.0,272553841786.0,0.009738664821624764,3천억 미만,대기업,중형·업무시간,지원비 상시,76288368.0,0.028741312549472098,0.191608750329814,0.1368633930927243
041440,(주)현대에버다임,대기업,False,2차(2028),29241,현대에버다임,자율,2025,2654310511.0,272553841786.0,0.009738664821624764,3천억 미만,대기업,중형·업무시간,지원비 가동시간만,51208608.0,0.01929262148787083,0.12861747658580552,0.09186962613271824
041440,(주)현대에버다임,대기업,False,2차(2028),29241,현대에버다임,자율,2025,2654310511.0,272553841786.0,0.009738664821624764,3천억 미만,대기업,중형·상시,지원비 상시,169919472.0,0.06401642584611685,0.42677617230744563,0.3048401230767469
041440,(주)현대에버다임,대기업,False,2차(2028),29241,현대에버다임,자율,2025,2654310511.0,272553841786.0,0.009738664821624764,3천억 미만,대기업,중형·상시,지원비 가동시간만,169919472.0,0.06401642584611685,0.42677617230744563,0.3048401230767469
041440,(주)현대에버다임,대기업,False,2차(2028),29241,현대에버다임,자율,2025,2654310511.0,272553841786.0,0.009738664821624764,3천억 미만,대기업,대형·상시,지원비 상시,270435216.0,0.10188529747339722,0.6792353164893149,0.4851680832066535
041440,(주)현대에버다임,대기업,False,2차(2028),29241,현대에버다임,자율,2025,2654310511.0,272553841786.0,0.009738664821624764,3천억 미만,대기업,대형·상시,지원비 가동시간만,270435216.0,0.10188529747339722,0.6792353164893149,0.4851680832066535
016800,(주)퍼시스,중견,False,비대상,32029,(주)퍼시스,의무,2025,3284240424.0,308596578959.0,0.010642504317704516,3천억~5천억,중견-비대상,소형·업무시간,지원비 상시,43110960.0,0.013126615117748762,0.08751076745165841,0.06250769103689886
016800,(주)퍼시스,중견,False,비대상,32029,(주)퍼시스,의무,2025,3284240424.0,308596578959.0,0.010642504317704516,3천억~5천억,중견-비대상,소형·업무시간,지원비 가동시간만,18031200.0,0.005490219250769444,0.036601461671796294,0.026143901194140208
016800,(주)퍼시스,중견,False,비대상,32029,(주)퍼시스,의무,2025,3284240424.0,308596578959.0,0.010642504317704516,3천억~5천억,중견-비대상,소형·상시,지원비 상시,59830800.0,0.01821754569573497,0.12145030463823316,0.08675021759873797
016800,(주)퍼시스,중견,False,비대상,32029,(주)퍼시스,의무,2025,3284240424.0,308596578959.0,0.010642504317704516,3천억~5천억,중견-비대상,소형·상시,지원비 가동시간만,59830800.0,0.01821754569573497,0.12145030463823316,0.08675021759873797
016800,(주)퍼시스,중견,False,비대상,32029,(주)퍼시스,의무,2025,3284240424.0,308596578959.0,0.010642504317704516,3천억~5천억,중견-비대상,중형·업무시간,지원비 상시,76288368.0,0.023228618539164535,0.1548574569277636,0.11061246923411686
016800,(주)퍼시스,중견,False,비대상,32029,(주)퍼시스,의무,2025,3284240424.0,308596578959.0,0.010642504317704516,3천억~5천억,중견-비대상,중형·업무시간,지원비 가동시간만,51208608.0,0.01559222267218522,0.10394815114790147,0.0742486793913582
016800,(주)퍼시스,중견,False,비대상,32029,(주)퍼시스,의무,2025,3284240424.0,308596578959.0,0.010642504317704516,3천억~5천억,중견-비대상,중형·상시,지원비 상시,169919472.0,0.05173782977588732,0.3449188651725822,0.24637061798041582
016800,(주)퍼시스,중견,False,비대상,32029,(주)퍼시스,의무,2025,3284240424.0,308596578959.0,0.010642504317704516,3천억~5천억,중견-비대상,중형·상시,지원비 가동시간만,169919472.0,0.05173782977588732,0.3449188651725822,0.24637061798041582
016800,(주)퍼시스,중견,False,비대상,32029,(주)퍼시스,의무,2025,3284240424.0,308596578959.0,0.010642504317704516,3천억~5천억,중견-비대상,대형·상시,지원비 상시,270435216.0,0.08234330654472208,0.5489553769648139,0.3921109835462956
016800,(주)퍼시스,중견,False,비대상,32029,(주)퍼시스,의무,2025,3284240424.0,308596578959.0,0.010642504317704516,3천억~5천억,중견-비대상,대형·상시,지원비 가동시간만,270435216.0,0.08234330654472208,0.5489553769648139,0.3921109835462956
214450,(주)파마리서치,중견,False,비대상,213,파마리서치,의무,2025,3884874281.0,473789922204.0,0.00819957136894796,3천억~5천억,중견-비대상,소형·업무시간,지원비 상시,43110960.0,0.011097131305083795,0.07398087536722531,0.05284348240516093
214450,(주)파마리서치,중견,False,비대상,213,파마리서치,의무,2025,3884874281.0,473789922204.0,0.00819957136894796,3천억~5천억,중견-비대상,소형·업무시간,지원비 가동시간만,18031200.0,0.0046413857169552,0.030942571446367997,0.022101836747405713
214450,(주)파마리서치,중견,False,비대상,213,파마리서치,의무,2025,3884874281.0,473789922204.0,0.00819957136894796,3천억~5천억,중견-비대상,소형·상시,지원비 상시,59830800.0,0.015400961697169525,0.10267307798113018,0.07333791284366441
214450,(주)파마리서치,중견,False,비대상,213,파마리서치,의무,2025,3884874281.0,473789922204.0,0.00819957136894796,3천억~5천억,중견-비대상,소형·상시,지원비 가동시간만,59830800.0,0.015400961697169525,0.10267307798113018,0.07333791284366441
214450,(주)파마리서치,중견,False,비대상,213,파마리서치,의무,2025,3884874281.0,473789922204.0,0.00819957136894796,3천억~5천억,중견-비대상,중형·업무시간,지원비 상시,76288368.0,0.01963728102428136,0.1309152068285424,0.09351086202038744
214450,(주)파마리서치,중견,False,비대상,213,파마리서치,의무,2025,3884874281.0,473789922204.0,0.00819957136894796,3천억~5천억,중견-비대상,중형·업무시간,지원비 가동시간만,51208608.0,0.013181535436152766,0.08787690290768511,0.06276921636263222
214450,(주)파마리서치,중견,False,비대상,213,파마리서치,의무,2025,3884874281.0,473789922204.0,0.00819957136894796,3천억~5천억,중견-비대상,중형·상시,지원비 상시,169919472.0,0.043738731219961455,0.2915915414664097,0.20827967247600693
214450,(주)파마리서치,중견,False,비대상,213,파마리서치,의무,2025,3884874281.0,473789922204.0,0.00819957136894796,3천억~5천억,중견-비대상,중형·상시,지원비 가동시간만,169919472.0,0.043738731219961455,0.2915915414664097,0.20827967247600693
214450,(주)파마리서치,중견,False,비대상,213,파마리서치,의무,2025,3884874281.0,473789922204.0,0.00819957136894796,3천억~5천억,중견-비대상,대형·상시,지원비 상시,270435216.0,0.06961234687120625,0.4640823124747084,0.3314873660533631
214450,(주)파마리서치,중견,False,비대상,213,파마리서치,의무,2025,3884874281.0,473789922204.0,0.00819957136894796,3천억~5천억,중견-비대상,대형·상시,지원비 가동시간만,270435216.0,0.06961234687120625,0.4640823124747084,0.3314873660533631
450080,주식회사 에코프로머티리얼즈,중견,False,비대상,28202,에코프로머티리얼즈,의무,2025,2837419707.0,392506172705.0,0.007228981107343118,3천억~5천억,중견-비대상,소형·업무시간,지원비 상시,43110960.0,0.015193719805936345,0.10129146537290896,0.07235104669493497
450080,주식회사 에코프로머티리얼즈,중견,False,비대상,28202,에코프로머티리얼즈,의무,2025,2837419707.0,392506172705.0,0.007228981107343118,3천억~5천억,중견-비대상,소형·업무시간,지원비 가동시간만,18031200.0,0.006354787751532312,0.04236525167688208,0.030260894054915766
450080,주식회사 에코프로머티리얼즈,중견,False,비대상,28202,에코프로머티리얼즈,의무,2025,2837419707.0,392506172705.0,0.007228981107343118,3천억~5천억,중견-비대상,소형·상시,지원비 상시,59830800.0,0.021086341175539033,0.14057560783692688,0.10041114845494778
450080,주식회사 에코프로머티리얼즈,중견,False,비대상,28202,에코프로머티리얼즈,의무,2025,2837419707.0,392506172705.0,0.007228981107343118,3천억~5천억,중견-비대상,소형·상시,지원비 가동시간만,59830800.0,0.021086341175539033,0.14057560783692688,0.10041114845494778
450080,주식회사 에코프로머티리얼즈,중견,False,비대상,28202,에코프로머티리얼즈,의무,2025,2837419707.0,392506172705.0,0.007228981107343118,3천억~5천억,중견-비대상,중형·업무시간,지원비 상시,76288368.0,0.026886529268755798,0.179243528458372,0.12803109175598
450080,주식회사 에코프로머티리얼즈,중견,False,비대상,28202,에코프로머티리얼즈,의무,2025,2837419707.0,392506172705.0,0.007228981107343118,3천억~5천억,중견-비대상,중형·업무시간,지원비 가동시간만,51208608.0,0.018047597214351764,0.1203173147623451,0.08594093911596078
450080,주식회사 에코프로머티리얼즈,중견,False,비대상,28202,에코프로머티리얼즈,의무,2025,2837419707.0,392506172705.0,0.007228981107343118,3천억~5천억,중견-비대상,중형·상시,지원비 상시,169919472.0,0.05988520893853085,0.39923472625687234,0.2851676616120517
450080,주식회사 에코프로머티리얼즈,중견,False,비대상,28202,에코프로머티리얼즈,의무,2025,2837419707.0,392506172705.0,0.007228981107343118,3천억~5천억,중견-비대상,중형·상시,지원비 가동시간만,169919472.0,0.05988520893853085,0.39923472625687234,0.2851676616120517
450080,주식회사 에코프로머티리얼즈,중견,False,비대상,28202,에코프로머티리얼즈,의무,2025,2837419707.0,392506172705.0,0.007228981107343118,3천억~5천억,중견-비대상,대형·상시,지원비 상시,270435216.0,0.09531026211343643,0.6354017474229096,0.45385839101636394
450080,주식회사 에코프로머티리얼즈,중견,False,비대상,28202,에코프로머티리얼즈,의무,2025,2837419707.0,392506172705.0,0.007228981107343118,3천억~5천억,중견-비대상,대형·상시,지원비 가동시간만,270435216.0,0.09531026211343643,0.6354017474229096,0.45385839101636394
001440,대한전선(주),대기업,False,2차(2028),28302,대한전선(주),의무,2025,3721359649.0,3118222633643.0,0.0011934233331673174,1조~5조,대기업,소형·업무시간,지원비 상시,43110960.0,0.01158473355607667,0.07723155704051113,0.05516539788607939
001440,대한전선(주),대기업,False,2차(2028),28302,대한전선(주),의무,2025,3721359649.0,3118222633643.0,0.0011934233331673174,1조~5조,대기업,소형·업무시간,지원비 가동시간만,18031200.0,0.004845325821933208,0.032302172146221386,0.02307298010444385
001440,대한전선(주),대기업,False,2차(2028),28302,대한전선(주),의무,2025,3721359649.0,3118222633643.0,0.0011934233331673174,1조~5조,대기업,소형·상시,지원비 상시,59830800.0,0.016077672045505646,0.10718448030337097,0.07656034307383641
001440,대한전선(주),대기업,False,2차(2028),28302,대한전선(주),의무,2025,3721359649.0,3118222633643.0,0.0011934233331673174,1조~5조,대기업,소형·상시,지원비 가동시간만,59830800.0,0.016077672045505646,0.10718448030337097,0.07656034307383641
001440,대한전선(주),대기업,False,2차(2028),28302,대한전선(주),의무,2025,3721359649.0,3118222633643.0,0.0011934233331673174,1조~5조,대기업,중형·업무시간,지원비 상시,76288368.0,0.020500133068433773,0.13666755378955847,0.09761968127825607
001440,대한전선(주),대기업,False,2차(2028),28302,대한전선(주),의무,2025,3721359649.0,3118222633643.0,0.0011934233331673174,1조~5조,대기업,중형·업무시간,지원비 가동시간만,51208608.0,0.01376072533429031,0.09173816889526874,0.06552726349662054
001440,대한전선(주),대기업,False,2차(2028),28302,대한전선(주),의무,2025,3721359649.0,3118222633643.0,0.0011934233331673174,1조~5조,대기업,중형·상시,지원비 상시,169919472.0,0.04566058860923603,0.3044039240615735,0.2174313743296954
001440,대한전선(주),대기업,False,2차(2028),28302,대한전선(주),의무,2025,3721359649.0,3118222633643.0,0.0011934233331673174,1조~5조,대기업,중형·상시,지원비 가동시간만,169919472.0,0.04566058860923603,0.3044039240615735,0.2174313743296954
001440,대한전선(주),대기업,False,2차(2028),28302,대한전선(주),의무,2025,3721359649.0,3118222633643.0,0.0011934233331673174,1조~5조,대기업,대형·상시,지원비 상시,270435216.0,0.07267107764568552,0.48447385097123674,0.3460527506937406
001440,대한전선(주),대기업,False,2차(2028),28302,대한전선(주),의무,2025,3721359649.0,3118222633643.0,0.0011934233331673174,1조~5조,대기업,대형·상시,지원비 가동시간만,270435216.0,0.07267107764568552,0.48447385097123674,0.3460527506937406
298000,효성화학(주),대기업,False,비대상,201,효성화학(주),의무,2025,3591361234.0,1271649340387.0,0.002824175753440838,1조~5조,대기업,소형·업무시간,지원비 상시,43110960.0,0.012004072325518676,0.08002714883679117,0.05716224916913655
298000,효성화학(주),대기업,False,비대상,201,효성화학(주),의무,2025,3591361234.0,1271649340387.0,0.002824175753440838,1조~5조,대기업,소형·업무시간,지원비 가동시간만,18031200.0,0.005020714660863324,0.03347143107242216,0.023908165051730115
298000,효성화학(주),대기업,False,비대상,201,효성화학(주),의무,2025,3591361234.0,1271649340387.0,0.002824175753440838,1조~5조,대기업,소형·상시,지원비 상시,59830800.0,0.016659644101955577,0.11106429401303718,0.07933163858074084
298000,효성화학(주),대기업,False,비대상,201,효성화학(주),의무,2025,3591361234.0,1271649340387.0,0.002824175753440838,1조~5조,대기업,소형·상시,지원비 가동시간만,59830800.0,0.016659644101955577,0.11106429401303718,0.07933163858074084
298000,효성화학(주),대기업,False,비대상,201,효성화학(주),의무,2025,3591361234.0,1271649340387.0,0.002824175753440838,1조~5조,대기업,중형·업무시간,지원비 상시,76288368.0,0.021242187301507193,0.14161458201004795,0.10115327286431997
298000,효성화학(주),대기업,False,비대상,201,효성화학(주),의무,2025,3591361234.0,1271649340387.0,0.002824175753440838,1조~5조,대기업,중형·업무시간,지원비 가동시간만,51208608.0,0.014258829636851841,0.09505886424567894,0.06789918874691353
298000,효성화학(주),대기업,False,비대상,201,효성화학(주),의무,2025,3591361234.0,1271649340387.0,0.002824175753440838,1조~5조,대기업,중형·상시,지원비 상시,169919472.0,0.04731338924955383,0.3154225949970256,0.225301853569304
298000,효성화학(주),대기업,False,비대상,201,효성화학(주),의무,2025,3591361234.0,1271649340387.0,0.002824175753440838,1조~5조,대기업,중형·상시,지원비 가동시간만,169919472.0,0.04731338924955383,0.3154225949970256,0.225301853569304
298000,효성화학(주),대기업,False,비대상,201,효성화학(주),의무,2025,3591361234.0,1271649340387.0,0.002824175753440838,1조~5조,대기업,대형·상시,지원비 상시,270435216.0,0.0753015913408392,0.502010608938928,0.3585790063849486
298000,효성화학(주),대기업,False,비대상,201,효성화학(주),의무,2025,3591361234.0,1271649340387.0,0.002824175753440838,1조~5조,대기업,대형·상시,지원비 가동시간만,270435216.0,0.0753015913408392,0.502010608938928,0.3585790063849486
064350,현대로템(주),대기업,False,비대상,31910,현대로템 주식회사,의무,2025,36161673817.0,5694994720000.0,0.006349729120907772,5조 이상,대기업,소형·업무시간,지원비 상시,43110960.0,0.0011921726914016094,0.007947817942677396,0.005677012816198141
064350,현대로템(주),대기업,False,비대상,31910,현대로템 주식회사,의무,2025,36161673817.0,5694994720000.0,0.006349729120907772,5조 이상,대기업,소형·업무시간,지원비 가동시간만,18031200.0,0.0004986273614227264,0.0033241824094848425,0.0023744160067748874
064350,현대로템(주),대기업,False,비대상,31910,현대로템 주식회사,의무,2025,36161673817.0,5694994720000.0,0.006349729120907772,5조 이상,대기업,소형·상시,지원비 상시,59830800.0,0.0016545362447208647,0.011030241631472431,0.00787874402248031
064350,현대로템(주),대기업,False,비대상,31910,현대로템 주식회사,의무,2025,36161673817.0,5694994720000.0,0.006349729120907772,5조 이상,대기업,소형·상시,지원비 가동시간만,59830800.0,0.0016545362447208647,0.011030241631472431,0.00787874402248031
064350,현대로템(주),대기업,False,비대상,31910,현대로템 주식회사,의무,2025,36161673817.0,5694994720000.0,0.006349729120907772,5조 이상,대기업,중형·업무시간,지원비 상시,76288368.0,0.0021096470364194257,0.014064313576129505,0.010045938268663934
064350,현대로템(주),대기업,False,비대상,31910,현대로템 주식회사,의무,2025,36161673817.0,5694994720000.0,0.006349729120907772,5조 이상,대기업,중형·업무시간,지원비 가동시간만,51208608.0,0.001416101706440543,0.009440678042936952,0.006743341459240681
064350,현대로템(주),대기업,False,비대상,31910,현대로템 주식회사,의무,2025,36161673817.0,5694994720000.0,0.006349729120907772,5조 이상,대기업,중형·상시,지원비 상시,169919472.0,0.004698882935007256,0.03132588623338171,0.02237563302384408
064350,현대로템(주),대기업,False,비대상,31910,현대로템 주식회사,의무,2025,36161673817.0,5694994720000.0,0.006349729120907772,5조 이상,대기업,중형·상시,지원비 가동시간만,169919472.0,0.004698882935007256,0.03132588623338171,0.02237563302384408
064350,현대로템(주),대기업,False,비대상,31910,현대로템 주식회사,의무,2025,36161673817.0,5694994720000.0,0.006349729120907772,5조 이상,대기업,대형·상시,지원비 상시,270435216.0,0.007478503826138309,0.04985669217425539,0.035611922981611
064350,현대로템(주),대기업,False,비대상,31910,현대로템 주식회사,의무,2025,36161673817.0,5694994720000.0,0.006349729120907772,5조 이상,대기업,대형·상시,지원비 가동시간만,270435216.0,0.007478503826138309,0.04985669217425539,0.035611922981611
011320,(주)유니크,중견,False,2차 후보(확인 필요),303,유니크,의무,2025,1588145153.0,424528575466.0,0.0037409617273859875,3천억~5천억,중견-2차 후보,소형·업무시간,지원비 상시,43110960.0,0.027145478433481703,0.18096985622321135,0.12926418301657955
011320,(주)유니크,중견,False,2차 후보(확인 필요),303,유니크,의무,2025,1588145153.0,424528575466.0,0.0037409617273859875,3천억~5천억,중견-2차 후보,소형·업무시간,지원비 가동시간만,18031200.0,0.011353622158490445,0.07569081438993631,0.05406486742138308
011320,(주)유니크,중견,False,2차 후보(확인 필요),303,유니크,의무,2025,1588145153.0,424528575466.0,0.0037409617273859875,3천억~5천억,중견-2차 후보,소형·상시,지원비 상시,59830800.0,0.037673382616809206,0.2511558841120614,0.17939706008004386
011320,(주)유니크,중견,False,2차 후보(확인 필요),303,유니크,의무,2025,1588145153.0,424528575466.0,0.0037409617273859875,3천억~5천억,중견-2차 후보,소형·상시,지원비 가동시간만,59830800.0,0.037673382616809206,0.2511558841120614,0.17939706008004386
011320,(주)유니크,중견,False,2차 후보(확인 필요),303,유니크,의무,2025,1588145153.0,424528575466.0,0.0037409617273859875,3천억~5천억,중견-2차 후보,중형·업무시간,지원비 상시,76288368.0,0.048036143205104125,0.3202409547006942,0.2287435390719244
011320,(주)유니크,중견,False,2차 후보(확인 필요),303,유니크,의무,2025,1588145153.0,424528575466.0,0.0037409617273859875,3천억~5천억,중견-2차 후보,중형·업무시간,지원비 가동시간만,51208608.0,0.032244286930112866,0.2149619128674191,0.15354422347672794
011320,(주)유니크,중견,False,2차 후보(확인 필요),303,유니크,의무,2025,1588145153.0,424528575466.0,0.0037409617273859875,3천억~5천억,중견-2차 후보,중형·상시,지원비 상시,169919472.0,0.10699240663173815,0.7132827108782543,0.5094876506273245
011320,(주)유니크,중견,False,2차 후보(확인 필요),303,유니크,의무,2025,1588145153.0,424528575466.0,0.0037409617273859875,3천억~5천억,중견-2차 후보,중형·상시,지원비 가동시간만,169919472.0,0.10699240663173815,0.7132827108782543,0.5094876506273245
011320,(주)유니크,중견,False,2차 후보(확인 필요),303,유니크,의무,2025,1588145153.0,424528575466.0,0.0037409617273859875,3천억~5천억,중견-2차 후보,대형·상시,지원비 상시,270435216.0,0.1702836894279776,1.1352245961865175,0.8108747115617982
011320,(주)유니크,중견,False,2차 후보(확인 필요),303,유니크,의무,2025,1588145153.0,424528575466.0,0.0037409617273859875,3천억~5천억,중견-2차 후보,대형·상시,지원비 가동시간만,270435216.0,0.1702836894279776,1.1352245961865175,0.8108747115617982
003240,태광산업(주),중견,False,비대상,20501,태광산업(주),의무,2025,9523069421.0,1711255928719.0,0.005564959198200536,1조~5조,중견-비대상,소형·업무시간,지원비 상시,43110960.0,0.004527002596970778,0.030180017313138522,0.021557155223670372
003240,태광산업(주),중견,False,비대상,20501,태광산업(주),의무,2025,9523069421.0,1711255928719.0,0.005564959198200536,1조~5조,중견-비대상,소형·업무시간,지원비 가동시간만,18031200.0,0.0018934231394174355,0.012622820929449571,0.00901630066389255
003240,태광산업(주),중견,False,비대상,20501,태광산업(주),의무,2025,9523069421.0,1711255928719.0,0.005564959198200536,1조~5조,중견-비대상,소형·상시,지원비 상시,59830800.0,0.006282722235339672,0.041884814902264485,0.02991772493018892
003240,태광산업(주),중견,False,비대상,20501,태광산업(주),의무,2025,9523069421.0,1711255928719.0,0.005564959198200536,1조~5조,중견-비대상,소형·상시,지원비 가동시간만,59830800.0,0.006282722235339672,0.041884814902264485,0.02991772493018892
003240,태광산업(주),중견,False,비대상,20501,태광산업(주),의무,2025,9523069421.0,1711255928719.0,0.005564959198200536,1조~5조,중견-비대상,중형·업무시간,지원비 상시,76288368.0,0.008010901173498858,0.05340600782332573,0.03814714844523266
003240,태광산업(주),중견,False,비대상,20501,태광산업(주),의무,2025,9523069421.0,1711255928719.0,0.005564959198200536,1조~5조,중견-비대상,중형·업무시간,지원비 가동시간만,51208608.0,0.005377321715945517,0.03584881143963678,0.025606293885454844
003240,태광산업(주),중견,False,비대상,20501,태광산업(주),의무,2025,9523069421.0,1711255928719.0,0.005564959198200536,1조~5조,중견-비대상,중형·상시,지원비 상시,169919472.0,0.01784293114836467,0.11895287432243114,0.08496633880173653
003240,태광산업(주),중견,False,비대상,20501,태광산업(주),의무,2025,9523069421.0,1711255928719.0,0.005564959198200536,1조~5조,중견-비대상,중형·상시,지원비 가동시간만,169919472.0,0.01784293114836467,0.11895287432243114,0.08496633880173653
003240,태광산업(주),중견,False,비대상,20501,태광산업(주),의무,2025,9523069421.0,1711255928719.0,0.005564959198200536,1조~5조,중견-비대상,대형·상시,지원비 상시,270435216.0,0.02839790450373532,0.1893193633582355,0.13522811668445392
003240,태광산업(주),중견,False,비대상,20501,태광산업(주),의무,2025,9523069421.0,1711255928719.0,0.005564959198200536,1조~5조,중견-비대상,대형·상시,지원비 가동시간만,270435216.0,0.02839790450373532,0.1893193633582355,0.13522811668445392
004380,삼익THK(주),중견,False,비대상,29141,삼익THK(주),자율,2025,2459506785.0,218571446719.0,0.011252644487282885,3천억 미만,중견-비대상,소형·업무시간,지원비 상시,43110960.0,0.01752829480403324,0.11685529869355493,0.08346807049539638
004380,삼익THK(주),중견,False,비대상,29141,삼익THK(주),자율,2025,2459506785.0,218571446719.0,0.011252644487282885,3천억 미만,중견-비대상,소형·업무시간,지원비 가동시간만,18031200.0,0.007331225963664093,0.04887483975776062,0.03491059982697187
004380,삼익THK(주),중견,False,비대상,29141,삼익THK(주),자율,2025,2459506785.0,218571446719.0,0.011252644487282885,3천억 미만,중견-비대상,소형·상시,지원비 상시,59830800.0,0.02432634069761267,0.16217560465075115,0.1158397176076794
004380,삼익THK(주),중견,False,비대상,29141,삼익THK(주),자율,2025,2459506785.0,218571446719.0,0.011252644487282885,3천억 미만,중견-비대상,소형·상시,지원비 가동시간만,59830800.0,0.02432634069761267,0.16217560465075115,0.1158397176076794
004380,삼익THK(주),중견,False,비대상,29141,삼익THK(주),자율,2025,2459506785.0,218571446719.0,0.011252644487282885,3천억 미만,중견-비대상,중형·업무시간,지원비 상시,76288368.0,0.031017750577175172,0.20678500384783446,0.14770357417702465
004380,삼익THK(주),중견,False,비대상,29141,삼익THK(주),자율,2025,2459506785.0,218571446719.0,0.011252644487282885,3천억 미만,중견-비대상,중형·업무시간,지원비 가동시간만,51208608.0,0.020820681736806023,0.13880454491204017,0.09914610350860012
004380,삼익THK(주),중견,False,비대상,29141,삼익THK(주),자율,2025,2459506785.0,218571446719.0,0.011252644487282885,3천억 미만,중견-비대상,중형·상시,지원비 상시,169919472.0,0.06908680758121999,0.46057871720813326,0.3289847980058095
004380,삼익THK(주),중견,False,비대상,29141,삼익THK(주),자율,2025,2459506785.0,218571446719.0,0.011252644487282885,3천억 미만,중견-비대상,중형·상시,지원비 가동시간만,169919472.0,0.06908680758121999,0.46057871720813326,0.3289847980058095
004380,삼익THK(주),중견,False,비대상,29141,삼익THK(주),자율,2025,2459506785.0,218571446719.0,0.011252644487282885,3천억 미만,중견-비대상,대형·상시,지원비 상시,270435216.0,0.10995505995320928,0.7330337330213952,0.5235955235867109
004380,삼익THK(주),중견,False,비대상,29141,삼익THK(주),자율,2025,2459506785.0,218571446719.0,0.011252644487282885,3천억 미만,중견-비대상,대형·상시,지원비 가동시간만,270435216.0,0.10995505995320928,0.7330337330213952,0.5235955235867109
001060,JW중외제약(주),중견,False,비대상,212,제이더블유중외제약 주식회사,의무,2025,10756376765.0,767150151569.0,0.014021214416761458,5천억~1조,중견-비대상,소형·업무시간,지원비 상시,43110960.0,0.00400794439818044,0.026719629321202937,0.019085449515144955
001060,JW중외제약(주),중견,False,비대상,212,제이더블유중외제약 주식회사,의무,2025,10756376765.0,767150151569.0,0.014021214416761458,5천억~1조,중견-비대상,소형·업무시간,지원비 가동시간만,18031200.0,0.0016763265543720475,0.011175510362480316,0.007982507401771654
001060,JW중외제약(주),중견,False,비대상,212,제이더블유중외제약 주식회사,의무,2025,10756376765.0,767150151569.0,0.014021214416761458,5천억~1조,중견-비대상,소형·상시,지원비 상시,59830800.0,0.005562356294052702,0.03708237529368469,0.026487410924060487
001060,JW중외제약(주),중견,False,비대상,212,제이더블유중외제약 주식회사,의무,2025,10756376765.0,767150151569.0,0.014021214416761458,5천억~1조,중견-비대상,소형·상시,지원비 가동시간만,59830800.0,0.005562356294052702,0.03708237529368469,0.026487410924060487
001060,JW중외제약(주),중견,False,비대상,212,제이더블유중외제약 주식회사,의무,2025,10756376765.0,767150151569.0,0.014021214416761458,5천억~1조,중견-비대상,중형·업무시간,지원비 상시,76288368.0,0.007092385258225008,0.04728256838816672,0.0337732631344048
001060,JW중외제약(주),중견,False,비대상,212,제이더블유중외제약 주식회사,의무,2025,10756376765.0,767150151569.0,0.014021214416761458,5천억~1조,중견-비대상,중형·업무시간,지원비 가동시간만,51208608.0,0.004760767414416615,0.0317384494294441,0.022670321021031496
001060,JW중외제약(주),중견,False,비대상,212,제이더블유중외제약 주식회사,의무,2025,10756376765.0,767150151569.0,0.014021214416761458,5천억~1조,중견-비대상,중형·상시,지원비 상시,169919472.0,0.015797091875109675,0.1053139458340645,0.07522424702433178
001060,JW중외제약(주),중견,False,비대상,212,제이더블유중외제약 주식회사,의무,2025,10756376765.0,767150151569.0,0.014021214416761458,5천억~1조,중견-비대상,중형·상시,지원비 가동시간만,169919472.0,0.015797091875109675,0.1053139458340645,0.07522424702433178
001060,JW중외제약(주),중견,False,비대상,212,제이더블유중외제약 주식회사,의무,2025,10756376765.0,767150151569.0,0.014021214416761458,5천억~1조,중견-비대상,대형·상시,지원비 상시,270435216.0,0.025141850449118215,0.1676123363274548,0.1197230973767534
001060,JW중외제약(주),중견,False,비대상,212,제이더블유중외제약 주식회사,의무,2025,10756376765.0,767150151569.0,0.014021214416761458,5천억~1조,중견-비대상,대형·상시,지원비 가동시간만,270435216.0,0.025141850449118215,0.1676123363274548,0.1197230973767534
024840,케이비아이메탈(주),중견,False,2차 후보(확인 필요),242,케이비아이메탈 (주),의무,2025,315423786.0,729896666423.0,0.00043214854993898707,5천억~1조,중견-2차 후보,소형·업무시간,지원비 상시,43110960.0,0.13667631267351538,0.9111754178234358,0.6508395841595971
024840,케이비아이메탈(주),중견,False,2차 후보(확인 필요),242,케이비아이메탈 (주),의무,2025,315423786.0,729896666423.0,0.00043214854993898707,5천억~1조,중견-2차 후보,소형·업무시간,지원비 가동시간만,18031200.0,0.057164997696147114,0.38109998464098077,0.2722142747435577
024840,케이비아이메탈(주),중견,False,2차 후보(확인 필요),242,케이비아이메탈 (주),의무,2025,315423786.0,729896666423.0,0.00043214854993898707,5천억~1조,중견-2차 후보,소형·상시,지원비 상시,59830800.0,0.18968385599176088,1.2645590399450726,0.9032564571036232
024840,케이비아이메탈(주),중견,False,2차 후보(확인 필요),242,케이비아이메탈 (주),의무,2025,315423786.0,729896666423.0,0.00043214854993898707,5천억~1조,중견-2차 후보,소형·상시,지원비 가동시간만,59830800.0,0.18968385599176088,1.2645590399450726,0.9032564571036232
024840,케이비아이메탈(주),중견,False,2차 후보(확인 필요),242,케이비아이메탈 (주),의무,2025,315423786.0,729896666423.0,0.00043214854993898707,5천억~1조,중견-2차 후보,중형·업무시간,지원비 상시,76288368.0,0.24185990843442606,1.6123993895628403,1.1517138496877433
024840,케이비아이메탈(주),중견,False,2차 후보(확인 필요),242,케이비아이메탈 (주),의무,2025,315423786.0,729896666423.0,0.00043214854993898707,5천억~1조,중견-2차 후보,중형·업무시간,지원비 가동시간만,51208608.0,0.1623485934570578,1.0823239563803855,0.7730885402717039
024840,케이비아이메탈(주),중견,False,2차 후보(확인 필요),242,케이비아이메탈 (주),의무,2025,315423786.0,729896666423.0,0.00043214854993898707,5천억~1조,중견-2차 후보,중형·상시,지원비 상시,169919472.0,0.5387021510166009,3.591347673444006,2.5652483381742903
024840,케이비아이메탈(주),중견,False,2차 후보(확인 필요),242,케이비아이메탈 (주),의무,2025,315423786.0,729896666423.0,0.00043214854993898707,5천억~1조,중견-2차 후보,중형·상시,지원비 가동시간만,169919472.0,0.5387021510166009,3.591347673444006,2.5652483381742903
024840,케이비아이메탈(주),중견,False,2차 후보(확인 필요),242,케이비아이메탈 (주),의무,2025,315423786.0,729896666423.0,0.00043214854993898707,5천억~1조,중견-2차 후보,대형·상시,지원비 상시,270435216.0,0.8573710290827592,5.715806860551728,4.082719186108378
024840,케이비아이메탈(주),중견,False,2차 후보(확인 필요),242,케이비아이메탈 (주),의무,2025,315423786.0,729896666423.0,0.00043214854993898707,5천억~1조,중견-2차 후보,대형·상시,지원비 가동시간만,270435216.0,0.8573710290827592,5.715806860551728,4.082719186108378
005610,(주)삼립,중견,False,비대상,108,주식회사 삼립,의무,2025,8833853109.0,1606120134768.0,0.005500119771723071,1조~5조,중견-비대상,소형·업무시간,지원비 상시,43110960.0,0.0048801988744954575,0.03253465916330305,0.02323904225950218
005610,(주)삼립,중견,False,비대상,108,주식회사 삼립,의무,2025,8833853109.0,1606120134768.0,0.005500119771723071,1조~5조,중견-비대상,소형·업무시간,지원비 가동시간만,18031200.0,0.0020411478182300394,0.013607652121533597,0.009719751515381141
005610,(주)삼립,중견,False,비대상,108,주식회사 삼립,의무,2025,8833853109.0,1606120134768.0,0.005500119771723071,1조~5조,중견-비대상,소형·상시,지원비 상시,59830800.0,0.006772899578672403,0.04515266385781602,0.03225190275558287
005610,(주)삼립,중견,False,비대상,108,주식회사 삼립,의무,2025,8833853109.0,1606120134768.0,0.005500119771723071,1조~5조,중견-비대상,소형·상시,지원비 가동시간만,59830800.0,0.006772899578672403,0.04515266385781602,0.03225190275558287
005610,(주)삼립,중견,False,비대상,108,주식회사 삼립,의무,2025,8833853109.0,1606120134768.0,0.005500119771723071,1조~5조,중견-비대상,중형·업무시간,지원비 상시,76288368.0,0.00863591086003873,0.05757273906692487,0.04112338504780348
005610,(주)삼립,중견,False,비대상,108,주식회사 삼립,의무,2025,8833853109.0,1606120134768.0,0.005500119771723071,1조~5조,중견-비대상,중형·업무시간,지원비 가동시간만,51208608.0,0.0057968598037733115,0.038645732025155415,0.02760409430368244
005610,(주)삼립,중견,False,비대상,108,주식회사 삼립,의무,2025,8833853109.0,1606120134768.0,0.005500119771723071,1조~5조,중견-비대상,중형·상시,지원비 상시,169919472.0,0.019235034803429626,0.1282335653561975,0.09159540382585536
005610,(주)삼립,중견,False,비대상,108,주식회사 삼립,의무,2025,8833853109.0,1606120134768.0,0.005500119771723071,1조~5조,중견-비대상,중형·상시,지원비 가동시간만,169919472.0,0.019235034803429626,0.1282335653561975,0.09159540382585536
005610,(주)삼립,중견,False,비대상,108,주식회사 삼립,의무,2025,8833853109.0,1606120134768.0,0.005500119771723071,1조~5조,중견-비대상,대형·상시,지원비 상시,270435216.0,0.030613506095599263,0.20409004063732844,0.1457786004552346
005610,(주)삼립,중견,False,비대상,108,주식회사 삼립,의무,2025,8833853109.0,1606120134768.0,0.005500119771723071,1조~5조,중견-비대상,대형·상시,지원비 가동시간만,270435216.0,0.030613506095599263,0.20409004063732844,0.1457786004552346
006280,(주)녹십자,중견,False,비대상,212,(주)녹십자,의무,2025,23171432638.0,1460353744344.0,0.01586699984695061,1조~5조,중견-비대상,소형·업무시간,지원비 상시,43110960.0,0.0018605219916053082,0.012403479944035388,0.00885962853145385
006280,(주)녹십자,중견,False,비대상,212,(주)녹십자,의무,2025,23171432638.0,1460353744344.0,0.01586699984695061,1조~5조,중견-비대상,소형·업무시간,지원비 가동시간만,18031200.0,0.0007781650915459464,0.005187767276972976,0.0037055480549806974
006280,(주)녹십자,중견,False,비대상,212,(주)녹십자,의무,2025,23171432638.0,1460353744344.0,0.01586699984695061,1조~5조,중견-비대상,소형·상시,지원비 상시,59830800.0,0.0025820932583115494,0.01721395505541033,0.01229568218243595
006280,(주)녹십자,중견,False,비대상,212,(주)녹십자,의무,2025,23171432638.0,1460353744344.0,0.01586699984695061,1조~5조,중견-비대상,소형·상시,지원비 가동시간만,59830800.0,0.0025820932583115494,0.01721395505541033,0.01229568218243595
006280,(주)녹십자,중견,False,비대상,212,(주)녹십자,의무,2025,23171432638.0,1460353744344.0,0.01586699984695061,1조~5조,중견-비대상,중형·업무시간,지원비 상시,76288368.0,0.0032923457600498494,0.021948971733665664,0.015677836952618332
006280,(주)녹십자,중견,False,비대상,212,(주)녹십자,의무,2025,23171432638.0,1460353744344.0,0.01586699984695061,1조~5조,중견-비대상,중형·업무시간,지원비 가동시간만,51208608.0,0.0022099888599904876,0.014733259066603253,0.010523756476145181
006280,(주)녹십자,중견,False,비대상,212,(주)녹십자,의무,2025,23171432638.0,1460353744344.0,0.01586699984695061,1조~5조,중견-비대상,중형·상시,지원비 상시,169919472.0,0.0073331448536048,0.04888763235736534,0.0349197373981181
006280,(주)녹십자,중견,False,비대상,212,(주)녹십자,의무,2025,23171432638.0,1460353744344.0,0.01586699984695061,1조~5조,중견-비대상,중형·상시,지원비 가동시간만,169919472.0,0.0073331448536048,0.04888763235736534,0.0349197373981181
006280,(주)녹십자,중견,False,비대상,212,(주)녹십자,의무,2025,23171432638.0,1460353744344.0,0.01586699984695061,1조~5조,중견-비대상,대형·상시,지원비 상시,270435216.0,0.011671061527568203,0.0778070768504547,0.0555764834646105
006280,(주)녹십자,중견,False,비대상,212,(주)녹십자,의무,2025,23171432638.0,1460353744344.0,0.01586699984695061,1조~5조,중견-비대상,대형·상시,지원비 가동시간만,270435216.0,0.011671061527568203,0.0778070768504547,0.0555764834646105
003620,케이지모빌리티(주),중견,False,2차 후보(확인 필요),301,케이지모빌리티주식회사,의무,2025,24030773561.0,4243263756974.0,0.00566327594449068,1조~5조,중견-2차 후보,소형·업무시간,지원비 상시,43110960.0,0.0017939896895356542,0.011959931263571028,0.008542808045407878
003620,케이지모빌리티(주),중견,False,2차 후보(확인 필요),301,케이지모빌리티주식회사,의무,2025,24030773561.0,4243263756974.0,0.00566327594449068,1조~5조,중견-2차 후보,소형·업무시간,지원비 가동시간만,18031200.0,0.0007503378929616805,0.0050022526197445365,0.0035730375855318125
003620,케이지모빌리티(주),중견,False,2차 후보(확인 필요),301,케이지모빌리티주식회사,의무,2025,24030773561.0,4243263756974.0,0.00566327594449068,1조~5조,중견-2차 후보,소형·상시,지원비 상시,59830800.0,0.0024897575539183036,0.01659838369278869,0.011855988351991923
003620,케이지모빌리티(주),중견,False,2차 후보(확인 필요),301,케이지모빌리티주식회사,의무,2025,24030773561.0,4243263756974.0,0.00566327594449068,1조~5조,중견-2차 후보,소형·상시,지원비 가동시간만,59830800.0,0.0024897575539183036,0.01659838369278869,0.011855988351991923
003620,케이지모빌리티(주),중견,False,2차 후보(확인 필요),301,케이지모빌리티주식회사,의무,2025,24030773561.0,4243263756974.0,0.00566327594449068,1조~5조,중견-2차 후보,중형·업무시간,지원비 상시,76288368.0,0.0031746114125851465,0.021164076083900977,0.015117197202786413
003620,케이지모빌리티(주),중견,False,2차 후보(확인 필요),301,케이지모빌리티주식회사,의무,2025,24030773561.0,4243263756974.0,0.00566327594449068,1조~5조,중견-2차 후보,중형·업무시간,지원비 가동시간만,51208608.0,0.0021309596160111726,0.014206397440074485,0.010147426742910347
003620,케이지모빌리티(주),중견,False,2차 후보(확인 필요),301,케이지모빌리티주식회사,의무,2025,24030773561.0,4243263756974.0,0.00566327594449068,1조~5조,중견-2차 후보,중형·상시,지원비 상시,169919472.0,0.007070911453127982,0.04713940968751988,0.03367100691965706
003620,케이지모빌리티(주),중견,False,2차 후보(확인 필요),301,케이지모빌리티주식회사,의무,2025,24030773561.0,4243263756974.0,0.00566327594449068,1조~5조,중견-2차 후보,중형·상시,지원비 가동시간만,169919472.0,0.007070911453127982,0.04713940968751988,0.03367100691965706
003620,케이지모빌리티(주),중견,False,2차 후보(확인 필요),301,케이지모빌리티주식회사,의무,2025,24030773561.0,4243263756974.0,0.00566327594449068,1조~5조,중견-2차 후보,대형·상시,지원비 상시,270435216.0,0.011253704143710732,0.07502469429140488,0.05358906735100349
003620,케이지모빌리티(주),중견,False,2차 후보(확인 필요),301,케이지모빌리티주식회사,의무,2025,24030773561.0,4243263756974.0,0.00566327594449068,1조~5조,중견-2차 후보,대형·상시,지원비 가동시간만,270435216.0,0.011253704143710732,0.07502469429140488,0.05358906735100349
033780,(주)케이티앤지,대기업,False,비대상,12000,주식회사 케이티앤지,의무,2025,55604069303.0,4145475000000.0,0.01341319614833041,1조~5조,대기업,소형·업무시간,지원비 상시,43110960.0,0.0007753202335799916,0.005168801557199944,0.0036920011122856746
033780,(주)케이티앤지,대기업,False,비대상,12000,주식회사 케이티앤지,의무,2025,55604069303.0,4145475000000.0,0.01341319614833041,1조~5조,대기업,소형·업무시간,지원비 가동시간만,18031200.0,0.00032427842469125124,0.0021618561646083415,0.001544182974720244
033780,(주)케이티앤지,대기업,False,비대상,12000,주식회사 케이티앤지,의무,2025,55604069303.0,4145475000000.0,0.01341319614833041,1조~5조,대기업,소형·상시,지원비 상시,59830800.0,0.0010760147728391518,0.007173431818927679,0.005123879870662628
033780,(주)케이티앤지,대기업,False,비대상,12000,주식회사 케이티앤지,의무,2025,55604069303.0,4145475000000.0,0.01341319614833041,1조~5조,대기업,소형·상시,지원비 가동시간만,59830800.0,0.0010760147728391518,0.007173431818927679,0.005123879870662628
033780,(주)케이티앤지,대기업,False,비대상,12000,주식회사 케이티앤지,의무,2025,55604069303.0,4145475000000.0,0.01341319614833041,1조~5조,대기업,중형·업무시간,지원비 상시,76288368.0,0.0013719925350118938,0.009146616900079292,0.0065332977857709236
033780,(주)케이티앤지,대기업,False,비대상,12000,주식회사 케이티앤지,의무,2025,55604069303.0,4145475000000.0,0.01341319614833041,1조~5조,대기업,중형·업무시간,지원비 가동시간만,51208608.0,0.0009209507261231535,0.00613967150748769,0.004385479648205493
033780,(주)케이티앤지,대기업,False,비대상,12000,주식회사 케이티앤지,의무,2025,55604069303.0,4145475000000.0,0.01341319614833041,1조~5조,대기업,중형·상시,지원비 상시,169919472.0,0.003055881954863191,0.02037254636575461,0.014551818832681864
033780,(주)케이티앤지,대기업,False,비대상,12000,주식회사 케이티앤지,의무,2025,55604069303.0,4145475000000.0,0.01341319614833041,1조~5조,대기업,중형·상시,지원비 가동시간만,169919472.0,0.003055881954863191,0.02037254636575461,0.014551818832681864
033780,(주)케이티앤지,대기업,False,비대상,12000,주식회사 케이티앤지,의무,2025,55604069303.0,4145475000000.0,0.01341319614833041,1조~5조,대기업,대형·상시,지원비 상시,270435216.0,0.004863586773232966,0.03242391182155311,0.02315993701539508
033780,(주)케이티앤지,대기업,False,비대상,12000,주식회사 케이티앤지,의무,2025,55604069303.0,4145475000000.0,0.01341319614833041,1조~5조,대기업,대형·상시,지원비 가동시간만,270435216.0,0.004863586773232966,0.03242391182155311,0.02315993701539508
003920,남양유업(주),중견,False,비대상,104,남양유업 주식회사,의무,2025,4853892365.0,879032515798.0,0.005521857585203839,5천억~1조,중견-비대상,소형·업무시간,지원비 상시,43110960.0,0.008881729704362738,0.05921153136241825,0.04229395097315589
003920,남양유업(주),중견,False,비대상,104,남양유업 주식회사,의무,2025,4853892365.0,879032515798.0,0.005521857585203839,5천억~1조,중견-비대상,소형·업무시간,지원비 가동시간만,18031200.0,0.0037147918915585595,0.024765279277057062,0.017689485197897904
003920,남양유업(주),중견,False,비대상,104,남양유업 주식회사,의무,2025,4853892365.0,879032515798.0,0.005521857585203839,5천억~1조,중견-비대상,소형·상시,지원비 상시,59830800.0,0.012326354912898857,0.0821756994193257,0.05869692815666122
003920,남양유업(주),중견,False,비대상,104,남양유업 주식회사,의무,2025,4853892365.0,879032515798.0,0.005521857585203839,5천억~1조,중견-비대상,소형·상시,지원비 가동시간만,59830800.0,0.012326354912898857,0.0821756994193257,0.05869692815666122
003920,남양유업(주),중견,False,비대상,104,남양유업 주식회사,의무,2025,4853892365.0,879032515798.0,0.005521857585203839,5천억~1조,중견-비대상,중형·업무시간,지원비 상시,76288368.0,0.015716946784830488,0.10477964523220325,0.07484260373728803
003920,남양유업(주),중견,False,비대상,104,남양유업 주식회사,의무,2025,4853892365.0,879032515798.0,0.005521857585203839,5천억~1조,중견-비대상,중형·업무시간,지원비 가동시간만,51208608.0,0.01055000897202631,0.07033339314684206,0.05023813796203004
003920,남양유업(주),중견,False,비대상,104,남양유업 주식회사,의무,2025,4853892365.0,879032515798.0,0.005521857585203839,5천억~1조,중견-비대상,중형·상시,지원비 상시,169919472.0,0.03500684795263275,0.23337898635088503,0.16669927596491788
003920,남양유업(주),중견,False,비대상,104,남양유업 주식회사,의무,2025,4853892365.0,879032515798.0,0.005521857585203839,5천억~1조,중견-비대상,중형·상시,지원비 가동시간만,169919472.0,0.03500684795263275,0.23337898635088503,0.16669927596491788
003920,남양유업(주),중견,False,비대상,104,남양유업 주식회사,의무,2025,4853892365.0,879032515798.0,0.005521857585203839,5천억~1조,중견-비대상,대형·상시,지원비 상시,270435216.0,0.055715124206302834,0.37143416137535223,0.2653101152681087
003920,남양유업(주),중견,False,비대상,104,남양유업 주식회사,의무,2025,4853892365.0,879032515798.0,0.005521857585203839,5천억~1조,중견-비대상,대형·상시,지원비 가동시간만,270435216.0,0.055715124206302834,0.37143416137535223,0.2653101152681087
034220,엘지디스플레이(주),대기업,False,비대상,2621,엘지디스플레이 주식회사,의무,2025,268425962317.0,24115926000000.0,0.011130651268253187,5조 이상,대기업,소형·업무시간,지원비 상시,43110960.0,0.0001606065211720755,0.00107071014114717,0.0007647929579622642
034220,엘지디스플레이(주),대기업,False,비대상,2621,엘지디스플레이 주식회사,의무,2025,268425962317.0,24115926000000.0,0.011130651268253187,5조 이상,대기업,소형·업무시간,지원비 가동시간만,18031200.0,6.717383014801637e-05,0.00044782553432010916,0.0003198753816572208
034220,엘지디스플레이(주),대기업,False,비대상,2621,엘지디스플레이 주식회사,의무,2025,268425962317.0,24115926000000.0,0.011130651268253187,5조 이상,대기업,소형·상시,지원비 상시,59830800.0,0.00022289498185478157,0.001485966545698544,0.0010614046754989599
034220,엘지디스플레이(주),대기업,False,비대상,2621,엘지디스플레이 주식회사,의무,2025,268425962317.0,24115926000000.0,0.011130651268253187,5조 이상,대기업,소형·상시,지원비 가동시간만,59830800.0,0.00022289498185478157,0.001485966545698544,0.0010614046754989599
034220,엘지디스플레이(주),대기업,False,비대상,2621,엘지디스플레이 주식회사,의무,2025,268425962317.0,24115926000000.0,0.011130651268253187,5조 이상,대기업,중형·업무시간,지원비 상시,76288368.0,0.0002842063686444256,0.001894709124296171,0.0013533636602115506
034220,엘지디스플레이(주),대기업,False,비대상,2621,엘지디스플레이 주식회사,의무,2025,268425962317.0,24115926000000.0,0.011130651268253187,5조 이상,대기업,중형·업무시간,지원비 가동시간만,51208608.0,0.0001907736776203665,0.00127182451746911,0.0009084460839065071
034220,엘지디스플레이(주),대기업,False,비대상,2621,엘지디스플레이 주식회사,의무,2025,268425962317.0,24115926000000.0,0.011130651268253187,5조 이상,대기업,중형·상시,지원비 상시,169919472.0,0.0006330217484675797,0.0042201449897838654,0.003014389278417046
034220,엘지디스플레이(주),대기업,False,비대상,2621,엘지디스플레이 주식회사,의무,2025,268425962317.0,24115926000000.0,0.011130651268253187,5조 이상,대기업,중형·상시,지원비 가동시간만,169919472.0,0.0006330217484675797,0.0042201449897838654,0.003014389278417046
034220,엘지디스플레이(주),대기업,False,비대상,2621,엘지디스플레이 주식회사,의무,2025,268425962317.0,24115926000000.0,0.011130651268253187,5조 이상,대기업,대형·상시,지원비 상시,270435216.0,0.0010074853179836128,0.006716568786557419,0.004797549133255299
034220,엘지디스플레이(주),대기업,False,비대상,2621,엘지디스플레이 주식회사,의무,2025,268425962317.0,24115926000000.0,0.011130651268253187,5조 이상,대기업,대형·상시,지원비 가동시간만,270435216.0,0.0010074853179836128,0.006716568786557419,0.004797549133255299
006400,삼성SDI(주),대기업,False,비대상,28202,삼성에스디아이주식회사,의무,2025,206287174691.0,11455690694760.0,0.01800739738768949,5조 이상,대기업,소형·업무시간,지원비 상시,43110960.0,0.00020898516868329996,0.0013932344578886664,0.000995167469920476
006400,삼성SDI(주),대기업,False,비대상,28202,삼성에스디아이주식회사,의무,2025,206287174691.0,11455690694760.0,0.01800739738768949,5조 이상,대기업,소형·업무시간,지원비 가동시간만,18031200.0,8.740824545689351e-05,0.0005827216363792901,0.0004162297402709215
006400,삼성SDI(주),대기업,False,비대상,28202,삼성에스디아이주식회사,의무,2025,206287174691.0,11455690694760.0,0.01800739738768949,5조 이상,대기업,소형·상시,지원비 상시,59830800.0,0.0002900364508342376,0.0019335763388949173,0.0013811259563535122
006400,삼성SDI(주),대기업,False,비대상,28202,삼성에스디아이주식회사,의무,2025,206287174691.0,11455690694760.0,0.01800739738768949,5조 이상,대기업,소형·상시,지원비 가동시간만,59830800.0,0.0002900364508342376,0.0019335763388949173,0.0013811259563535122
006400,삼성SDI(주),대기업,False,비대상,28202,삼성에스디아이주식회사,의무,2025,206287174691.0,11455690694760.0,0.01800739738768949,5조 이상,대기업,중형·업무시간,지원비 상시,76288368.0,0.000369816340323984,0.0024654422688265604,0.0017610301920189715
006400,삼성SDI(주),대기업,False,비대상,28202,삼성에스디아이주식회사,의무,2025,206287174691.0,11455690694760.0,0.01800739738768949,5조 이상,대기업,중형·업무시간,지원비 가동시간만,51208608.0,0.0002482394170975776,0.001654929447317184,0.001182092462369417
006400,삼성SDI(주),대기업,False,비대상,28202,삼성에스디아이주식회사,의무,2025,206287174691.0,11455690694760.0,0.01800739738768949,5조 이상,대기업,중형·상시,지원비 상시,169919472.0,0.0008237035203692347,0.005491356802461565,0.003922397716043975
006400,삼성SDI(주),대기업,False,비대상,28202,삼성에스디아이주식회사,의무,2025,206287174691.0,11455690694760.0,0.01800739738768949,5조 이상,대기업,중형·상시,지원비 가동시간만,169919472.0,0.0008237035203692347,0.005491356802461565,0.003922397716043975
006400,삼성SDI(주),대기업,False,비대상,28202,삼성에스디아이주식회사,의무,2025,206287174691.0,11455690694760.0,0.01800739738768949,5조 이상,대기업,대형·상시,지원비 상시,270435216.0,0.0013109647577707539,0.008739765051805026,0.006242689322717875
006400,삼성SDI(주),대기업,False,비대상,28202,삼성에스디아이주식회사,의무,2025,206287174691.0,11455690694760.0,0.01800739738768949,5조 이상,대기업,대형·상시,지원비 가동시간만,270435216.0,0.0013109647577707539,0.008739765051805026,0.006242689322717875
217820,(주)원익피앤이,중견,False,2차 후보(확인 필요),292,원익피앤이,의무,2025,3294528770.0,373765329207.0,0.008814431175277396,3천억~5천억,중견-2차 후보,소형·업무시간,지원비 상시,43110960.0,0.013085622560825292,0.08723748373883528,0.06231248838488235
217820,(주)원익피앤이,중견,False,2차 후보(확인 필요),292,원익피앤이,의무,2025,3294528770.0,373765329207.0,0.008814431175277396,3천억~5천억,중견-2차 후보,소형·업무시간,지원비 가동시간만,18031200.0,0.005473074074869894,0.03648716049913263,0.026062257499380452
217820,(주)원익피앤이,중견,False,2차 후보(확인 필요),292,원익피앤이,의무,2025,3294528770.0,373765329207.0,0.008814431175277396,3천억~5천억,중견-2차 후보,소형·상시,지원비 상시,59830800.0,0.018160654884795558,0.12107103256530372,0.08647930897521695
217820,(주)원익피앤이,중견,False,2차 후보(확인 필요),292,원익피앤이,의무,2025,3294528770.0,373765329207.0,0.008814431175277396,3천억~5천억,중견-2차 후보,소형·상시,지원비 가동시간만,59830800.0,0.018160654884795558,0.12107103256530372,0.08647930897521695
217820,(주)원익피앤이,중견,False,2차 후보(확인 필요),292,원익피앤이,의무,2025,3294528770.0,373765329207.0,0.008814431175277396,3천억~5천억,중견-2차 후보,중형·업무시간,지원비 상시,76288368.0,0.023156078858585897,0.15437385905723933,0.11026704218374238
217820,(주)원익피앤이,중견,False,2차 후보(확인 필요),292,원익피앤이,의무,2025,3294528770.0,373765329207.0,0.008814431175277396,3천억~5천억,중견-2차 후보,중형·업무시간,지원비 가동시간만,51208608.0,0.0155435303726305,0.10362353581753667,0.07401681129824048
217820,(주)원익피앤이,중견,False,2차 후보(확인 필요),292,원익피앤이,의무,2025,3294528770.0,373765329207.0,0.008814431175277396,3천억~5천억,중견-2차 후보,중형·상시,지원비 상시,169919472.0,0.051576259872819386,0.34384173248546257,0.24560123748961613
217820,(주)원익피앤이,중견,False,2차 후보(확인 필요),292,원익피앤이,의무,2025,3294528770.0,373765329207.0,0.008814431175277396,3천억~5천억,중견-2차 후보,중형·상시,지원비 가동시간만,169919472.0,0.051576259872819386,0.34384173248546257,0.24560123748961613
217820,(주)원익피앤이,중견,False,2차 후보(확인 필요),292,원익피앤이,의무,2025,3294528770.0,373765329207.0,0.008814431175277396,3천억~5천억,중견-2차 후보,대형·상시,지원비 상시,270435216.0,0.08208616007927592,0.5472410671951728,0.3908864765679806
217820,(주)원익피앤이,중견,False,2차 후보(확인 필요),292,원익피앤이,의무,2025,3294528770.0,373765329207.0,0.008814431175277396,3천억~5천억,중견-2차 후보,대형·상시,지원비 가동시간만,270435216.0,0.08208616007927592,0.5472410671951728,0.3908864765679806
007310,(주)오뚜기,중견,False,비대상,108,(주)오뚜기,의무,2025,15718167185.0,2988655024536.0,0.0052592778544055295,1조~5조,중견-비대상,소형·업무시간,지원비 상시,43110960.0,0.002742747261343626,0.01828498174229084,0.013060701244493458
007310,(주)오뚜기,중견,False,비대상,108,(주)오뚜기,의무,2025,15718167185.0,2988655024536.0,0.0052592778544055295,1조~5조,중견-비대상,소형·업무시간,지원비 가동시간만,18031200.0,0.0011471566492311743,0.0076477109948744956,0.00546265071062464
007310,(주)오뚜기,중견,False,비대상,108,(주)오뚜기,의무,2025,15718167185.0,2988655024536.0,0.0052592778544055295,1조~5조,중견-비대상,소형·상시,지원비 상시,59830800.0,0.00380647433608526,0.025376495573901734,0.018126068267072668
007310,(주)오뚜기,중견,False,비대상,108,(주)오뚜기,의무,2025,15718167185.0,2988655024536.0,0.0052592778544055295,1조~5조,중견-비대상,소형·상시,지원비 가동시간만,59830800.0,0.00380647433608526,0.025376495573901734,0.018126068267072668
007310,(주)오뚜기,중견,False,비대상,108,(주)오뚜기,의무,2025,15718167185.0,2988655024536.0,0.0052592778544055295,1조~5조,중견-비대상,중형·업무시간,지원비 상시,76288368.0,0.004853515495928986,0.03235676997285991,0.023111978552042795
007310,(주)오뚜기,중견,False,비대상,108,(주)오뚜기,의무,2025,15718167185.0,2988655024536.0,0.0052592778544055295,1조~5조,중견-비대상,중형·업무시간,지원비 가동시간만,51208608.0,0.0032579248838165353,0.021719499225443566,0.015513928018173978
007310,(주)오뚜기,중견,False,비대상,108,(주)오뚜기,의무,2025,15718167185.0,2988655024536.0,0.0052592778544055295,1조~5조,중견-비대상,중형·상시,지원비 상시,169919472.0,0.010810387114482138,0.07206924742988093,0.05147803387848638
007310,(주)오뚜기,중견,False,비대상,108,(주)오뚜기,의무,2025,15718167185.0,2988655024536.0,0.0052592778544055295,1조~5조,중견-비대상,중형·상시,지원비 가동시간만,169919472.0,0.010810387114482138,0.07206924742988093,0.05147803387848638
007310,(주)오뚜기,중견,False,비대상,108,(주)오뚜기,의무,2025,15718167185.0,2988655024536.0,0.0052592778544055295,1조~5조,중견-비대상,대형·상시,지원비 상시,270435216.0,0.017205263999105377,0.11470175999403584,0.08192982856716846
007310,(주)오뚜기,중견,False,비대상,108,(주)오뚜기,의무,2025,15718167185.0,2988655024536.0,0.0052592778544055295,1조~5조,중견-비대상,대형·상시,지원비 가동시간만,270435216.0,0.017205263999105377,0.11470175999403584,0.08192982856716846
079550,엘아이지디펜스앤에어로스페이스(주),중견,False,비대상,25200,엘아이지디펜스앤에어로스페이스 (주),의무,2025,54471427708.0,4289984583062.0,0.012697348126393667,1조~5조,중견-비대상,소형·업무시간,지원비 상시,43110960.0,0.0007914417119944235,0.005276278079962824,0.0037687700571163024
079550,엘아이지디펜스앤에어로스페이스(주),중견,False,비대상,25200,엘아이지디펜스앤에어로스페이스 (주),의무,2025,54471427708.0,4289984583062.0,0.012697348126393667,1조~5조,중견-비대상,소형·업무시간,지원비 가동시간만,18031200.0,0.0003310212483626867,0.002206808322417911,0.0015762916588699365
079550,엘아이지디펜스앤에어로스페이스(주),중견,False,비대상,25200,엘아이지디펜스앤에어로스페이스 (주),의무,2025,54471427708.0,4289984583062.0,0.012697348126393667,1조~5조,중견-비대상,소형·상시,지원비 상시,59830800.0,0.001098388687748915,0.007322591251659433,0.00523042232261388
079550,엘아이지디펜스앤에어로스페이스(주),중견,False,비대상,25200,엘아이지디펜스앤에어로스페이스 (주),의무,2025,54471427708.0,4289984583062.0,0.012697348126393667,1조~5조,중견-비대상,소형·상시,지원비 가동시간만,59830800.0,0.001098388687748915,0.007322591251659433,0.00523042232261388
079550,엘아이지디펜스앤에어로스페이스(주),중견,False,비대상,25200,엘아이지디펜스앤에어로스페이스 (주),의무,2025,54471427708.0,4289984583062.0,0.012697348126393667,1조~5조,중견-비대상,중형·업무시간,지원비 상시,76288368.0,0.001400520808981767,0.009336805393211781,0.006669146709436986
079550,엘아이지디펜스앤에어로스페이스(주),중견,False,비대상,25200,엘아이지디펜스앤에어로스페이스 (주),의무,2025,54471427708.0,4289984583062.0,0.012697348126393667,1조~5조,중견-비대상,중형·업무시간,지원비 가동시간만,51208608.0,0.0009401003453500302,0.006267335635666868,0.00447666831119062
079550,엘아이지디펜스앤에어로스페이스(주),중견,False,비대상,25200,엘아이지디펜스앤에어로스페이스 (주),의무,2025,54471427708.0,4289984583062.0,0.012697348126393667,1조~5조,중견-비대상,중형·상시,지원비 상시,169919472.0,0.0031194238732069183,0.02079615915471279,0.01485439939622342
079550,엘아이지디펜스앤에어로스페이스(주),중견,False,비대상,25200,엘아이지디펜스앤에어로스페이스 (주),의무,2025,54471427708.0,4289984583062.0,0.012697348126393667,1조~5조,중견-비대상,중형·상시,지원비 가동시간만,169919472.0,0.0031194238732069183,0.02079615915471279,0.01485439939622342
079550,엘아이지디펜스앤에어로스페이스(주),중견,False,비대상,25200,엘아이지디펜스앤에어로스페이스 (주),의무,2025,54471427708.0,4289984583062.0,0.012697348126393667,1조~5조,중견-비대상,대형·상시,지원비 상시,270435216.0,0.004964716868625095,0.033098112457500634,0.023641508898214737
079550,엘아이지디펜스앤에어로스페이스(주),중견,False,비대상,25200,엘아이지디펜스앤에어로스페이스 (주),의무,2025,54471427708.0,4289984583062.0,0.012697348126393667,1조~5조,중견-비대상,대형·상시,지원비 가동시간만,270435216.0,0.004964716868625095,0.033098112457500634,0.023641508898214737
073490,(주)엘아이지아큐버,중견,False,비대상,2642,엘아이지아큐버,의무,2025,30977995246.0,75068036053.0,0.41266558810901516,3천억 미만,중견-비대상,소형·업무시간,지원비 상시,43110960.0,0.0013916639749490135,0.009277759832993424,0.006626971309281016
073490,(주)엘아이지아큐버,중견,False,비대상,2642,엘아이지아큐버,의무,2025,30977995246.0,75068036053.0,0.41266558810901516,3천억 미만,중견-비대상,소형·업무시간,지원비 가동시간만,18031200.0,0.0005820647803969258,0.003880431869312839,0.0027717370495091704
073490,(주)엘아이지아큐버,중견,False,비대상,2642,엘아이지아큐버,의무,2025,30977995246.0,75068036053.0,0.41266558810901516,3천억 미만,중견-비대상,소형·상시,지원비 상시,59830800.0,0.0019313967713170718,0.012875978475447147,0.009197127482462247
073490,(주)엘아이지아큐버,중견,False,비대상,2642,엘아이지아큐버,의무,2025,30977995246.0,75068036053.0,0.41266558810901516,3천억 미만,중견-비대상,소형·상시,지원비 가동시간만,59830800.0,0.0019313967713170718,0.012875978475447147,0.009197127482462247
073490,(주)엘아이지아큐버,중견,False,비대상,2642,엘아이지아큐버,의무,2025,30977995246.0,75068036053.0,0.41266558810901516,3천억 미만,중견-비대상,중형·업무시간,지원비 상시,76288368.0,0.0024626631708793566,0.016417754472529047,0.01172696748037789
073490,(주)엘아이지아큐버,중견,False,비대상,2642,엘아이지아큐버,의무,2025,30977995246.0,75068036053.0,0.41266558810901516,3천억 미만,중견-비대상,중형·업무시간,지원비 가동시간만,51208608.0,0.0016530639763272692,0.011020426508848461,0.007871733220606044
073490,(주)엘아이지아큐버,중견,False,비대상,2642,엘아이지아큐버,의무,2025,30977995246.0,75068036053.0,0.41266558810901516,3천억 미만,중견-비대상,중형·상시,지원비 상시,169919472.0,0.005485166830540484,0.03656777887026989,0.02611984205019278
073490,(주)엘아이지아큐버,중견,False,비대상,2642,엘아이지아큐버,의무,2025,30977995246.0,75068036053.0,0.41266558810901516,3천억 미만,중견-비대상,중형·상시,지원비 가동시간만,169919472.0,0.005485166830540484,0.03656777887026989,0.02611984205019278
073490,(주)엘아이지아큐버,중견,False,비대상,2642,엘아이지아큐버,의무,2025,30977995246.0,75068036053.0,0.41266558810901516,3천억 미만,중견-비대상,대형·상시,지원비 상시,270435216.0,0.008729913406353165,0.0581994227090211,0.041571016220729354
073490,(주)엘아이지아큐버,중견,False,비대상,2642,엘아이지아큐버,의무,2025,30977995246.0,75068036053.0,0.41266558810901516,3천억 미만,중견-비대상,대형·상시,지원비 가동시간만,270435216.0,0.008729913406353165,0.0581994227090211,0.041571016220729354
079370,(주)제우스,중견,False,비대상,29271,제우스,자율,2025,2388380933.0,229927990719.0,0.010387517089726114,3천억 미만,중견-비대상,소형·업무시간,지원비 상시,43110960.0,0.018050286453195362,0.12033524302130241,0.08595374501521601
079370,(주)제우스,중견,False,비대상,29271,제우스,자율,2025,2388380933.0,229927990719.0,0.010387517089726114,3천억 미만,중견-비대상,소형·업무시간,지원비 가동시간만,18031200.0,0.007549549467115931,0.05033032978077288,0.03595023555769491
079370,(주)제우스,중견,False,비대상,29271,제우스,자율,2025,2388380933.0,229927990719.0,0.010387517089726114,3천억 미만,중견-비대상,소형·상시,지원비 상시,59830800.0,0.025050777777248318,0.16700518518165544,0.11928941798689674
079370,(주)제우스,중견,False,비대상,29271,제우스,자율,2025,2388380933.0,229927990719.0,0.010387517089726114,3천억 미만,중견-비대상,소형·상시,지원비 가동시간만,59830800.0,0.025050777777248318,0.16700518518165544,0.11928941798689674
079370,(주)제우스,중견,False,비대상,29271,제우스,자율,2025,2388380933.0,229927990719.0,0.010387517089726114,3천억 미만,중견-비대상,중형·업무시간,지원비 상시,76288368.0,0.03194145747268867,0.2129430498179245,0.15210217844137464
079370,(주)제우스,중견,False,비대상,29271,제우스,자율,2025,2388380933.0,229927990719.0,0.010387517089726114,3천억 미만,중견-비대상,중형·업무시간,지원비 가동시간만,51208608.0,0.021440720486609242,0.14293813657739496,0.10209866898385354
079370,(주)제우스,중견,False,비대상,29271,제우스,자율,2025,2388380933.0,229927990719.0,0.010387517089726114,3천억 미만,중견-비대상,중형·상시,지원비 상시,169919472.0,0.07114420888738522,0.4742947259159015,0.33878194708278675
079370,(주)제우스,중견,False,비대상,29271,제우스,자율,2025,2388380933.0,229927990719.0,0.010387517089726114,3천억 미만,중견-비대상,중형·상시,지원비 가동시간만,169919472.0,0.07114420888738522,0.4742947259159015,0.33878194708278675
079370,(주)제우스,중견,False,비대상,29271,제우스,자율,2025,2388380933.0,229927990719.0,0.010387517089726114,3천억 미만,중견-비대상,대형·상시,지원비 상시,270435216.0,0.1132295155531624,0.7548634370210826,0.5391881693007733
079370,(주)제우스,중견,False,비대상,29271,제우스,자율,2025,2388380933.0,229927990719.0,0.010387517089726114,3천억 미만,중견-비대상,대형·상시,지원비 가동시간만,270435216.0,0.1132295155531624,0.7548634370210826,0.5391881693007733
361610,에스케이아이이테크놀로지 주식회사,대기업,False,비대상,282,에스케이아이이테크놀로지주식회사,자율,2025,8689337278.0,175345680000.0,0.04955546824991639,3천억 미만,대기업,소형·업무시간,지원비 상시,43110960.0,0.004961363406752549,0.03307575604501699,0.023625540032154998
361610,에스케이아이이테크놀로지 주식회사,대기업,False,비대상,282,에스케이아이이테크놀로지주식회사,자율,2025,8689337278.0,175345680000.0,0.04955546824991639,3천억 미만,대기업,소형·업무시간,지원비 가동시간만,18031200.0,0.0020750949609991648,0.013833966406661099,0.009881404576186501
361610,에스케이아이이테크놀로지 주식회사,대기업,False,비대상,282,에스케이아이이테크놀로지주식회사,자율,2025,8689337278.0,175345680000.0,0.04955546824991639,3천억 미만,대기업,소형·상시,지원비 상시,59830800.0,0.006885542370588138,0.04590361580392092,0.03278829700280066
361610,에스케이아이이테크놀로지 주식회사,대기업,False,비대상,282,에스케이아이이테크놀로지주식회사,자율,2025,8689337278.0,175345680000.0,0.04955546824991639,3천억 미만,대기업,소형·상시,지원비 가동시간만,59830800.0,0.006885542370588138,0.04590361580392092,0.03278829700280066
361610,에스케이아이이테크놀로지 주식회사,대기업,False,비대상,282,에스케이아이이테크놀로지주식회사,자율,2025,8689337278.0,175345680000.0,0.04955546824991639,3천억 미만,대기업,중형·업무시간,지원비 상시,76288368.0,0.008779538134991013,0.05853025423327341,0.04180732445233816
361610,에스케이아이이테크놀로지 주식회사,대기업,False,비대상,282,에스케이아이이테크놀로지주식회사,자율,2025,8689337278.0,175345680000.0,0.04955546824991639,3천억 미만,대기업,중형·업무시간,지원비 가동시간만,51208608.0,0.005893269689237628,0.03928846459491752,0.02806318899636966
361610,에스케이아이이테크놀로지 주식회사,대기업,False,비대상,282,에스케이아이이테크놀로지주식회사,자율,2025,8689337278.0,175345680000.0,0.04955546824991639,3천억 미만,대기업,중형·상시,지원비 상시,169919472.0,0.01955494033247031,0.1303662688831354,0.09311876348795388
361610,에스케이아이이테크놀로지 주식회사,대기업,False,비대상,282,에스케이아이이테크놀로지주식회사,자율,2025,8689337278.0,175345680000.0,0.04955546824991639,3천억 미만,대기업,중형·상시,지원비 가동시간만,169919472.0,0.01955494033247031,0.1303662688831354,0.09311876348795388
361610,에스케이아이이테크놀로지 주식회사,대기업,False,비대상,282,에스케이아이이테크놀로지주식회사,자율,2025,8689337278.0,175345680000.0,0.04955546824991639,3천억 미만,대기업,대형·상시,지원비 상시,270435216.0,0.031122651515058386,0.20748434343372255,0.148203102452659
361610,에스케이아이이테크놀로지 주식회사,대기업,False,비대상,282,에스케이아이이테크놀로지주식회사,자율,2025,8689337278.0,175345680000.0,0.04955546824991639,3천억 미만,대기업,대형·상시,지원비 가동시간만,270435216.0,0.031122651515058386,0.20748434343372255,0.148203102452659
005180,(주)빙그레,중견,False,비대상,104,(주)빙그레,의무,2025,7677702214.0,1312434176823.0,0.005849971259195154,1조~5조,중견-비대상,소형·업무시간,지원비 상시,43110960.0,0.005615086232621629,0.03743390821747753,0.026738505869626804
005180,(주)빙그레,중견,False,비대상,104,(주)빙그레,의무,2025,7677702214.0,1312434176823.0,0.005849971259195154,1조~5조,중견-비대상,소형·업무시간,지원비 가동시간만,18031200.0,0.002348515154328438,0.015656767695522922,0.011183405496802086
005180,(주)빙그레,중견,False,비대상,104,(주)빙그레,의무,2025,7677702214.0,1312434176823.0,0.005849971259195154,1조~5조,중견-비대상,소형·상시,지원비 상시,59830800.0,0.00779280028481709,0.0519520018987806,0.03710857278484328
005180,(주)빙그레,중견,False,비대상,104,(주)빙그레,의무,2025,7677702214.0,1312434176823.0,0.005849971259195154,1조~5조,중견-비대상,소형·상시,지원비 가동시간만,59830800.0,0.00779280028481709,0.0519520018987806,0.03710857278484328
005180,(주)빙그레,중견,False,비대상,104,(주)빙그레,의무,2025,7677702214.0,1312434176823.0,0.005849971259195154,1조~5조,중견-비대상,중형·업무시간,지원비 상시,76288368.0,0.009936354116585954,0.0662423607772397,0.04731597198374264
005180,(주)빙그레,중견,False,비대상,104,(주)빙그레,의무,2025,7677702214.0,1312434176823.0,0.005849971259195154,1조~5조,중견-비대상,중형·업무시간,지원비 가동시간만,51208608.0,0.006669783038292764,0.0444652202552851,0.03176087161091792
005180,(주)빙그레,중견,False,비대상,104,(주)빙그레,의무,2025,7677702214.0,1312434176823.0,0.005849971259195154,1조~5조,중견-비대상,중형·상시,지원비 상시,169919472.0,0.022131552808880534,0.1475436853925369,0.10538834670895492
005180,(주)빙그레,중견,False,비대상,104,(주)빙그레,의무,2025,7677702214.0,1312434176823.0,0.005849971259195154,1조~5조,중견-비대상,중형·상시,지원비 가동시간만,169919472.0,0.022131552808880534,0.1475436853925369,0.10538834670895492
005180,(주)빙그레,중견,False,비대상,104,(주)빙그레,의무,2025,7677702214.0,1312434176823.0,0.005849971259195154,1조~5조,중견-비대상,대형·상시,지원비 상시,270435216.0,0.03522345728737324,0.23482304858248831,0.16773074898749163
005180,(주)빙그레,중견,False,비대상,104,(주)빙그레,의무,2025,7677702214.0,1312434176823.0,0.005849971259195154,1조~5조,중견-비대상,대형·상시,지원비 가동시간만,270435216.0,0.03522345728737324,0.23482304858248831,0.16773074898749163
357780,솔브레인 주식회사,중견,False,비대상,204,솔브레인 주식회사,의무,2025,7809198744.0,780891546823.0,0.010000362759426904,5천억~1조,중견-비대상,소형·업무시간,지원비 상시,43110960.0,0.005520535641780562,0.03680357094520375,0.02628826496085982
357780,솔브레인 주식회사,중견,False,비대상,204,솔브레인 주식회사,의무,2025,7809198744.0,780891546823.0,0.010000362759426904,5천억~1조,중견-비대상,소형·업무시간,지원비 가동시간만,18031200.0,0.0023089692798321745,0.015393128532214497,0.01099509180872464
357780,솔브레인 주식회사,중견,False,비대상,204,솔브레인 주식회사,의무,2025,7809198744.0,780891546823.0,0.010000362759426904,5천억~1조,중견-비대상,소형·상시,지원비 상시,59830800.0,0.007661579883079487,0.05107719922052992,0.03648371372894994
357780,솔브레인 주식회사,중견,False,비대상,204,솔브레인 주식회사,의무,2025,7809198744.0,780891546823.0,0.010000362759426904,5천억~1조,중견-비대상,소형·상시,지원비 가동시간만,59830800.0,0.007661579883079487,0.05107719922052992,0.03648371372894994
357780,솔브레인 주식회사,중견,False,비대상,204,솔브레인 주식회사,의무,2025,7809198744.0,780891546823.0,0.010000362759426904,5천억~1조,중견-비대상,중형·업무시간,지원비 상시,76288368.0,0.009769039116671763,0.06512692744447843,0.04651923388891316
357780,솔브레인 주식회사,중견,False,비대상,204,솔브레인 주식회사,의무,2025,7809198744.0,780891546823.0,0.010000362759426904,5천억~1조,중견-비대상,중형·업무시간,지원비 가동시간만,51208608.0,0.006557472754723375,0.04371648503148917,0.031226060736777975
357780,솔브레인 주식회사,중견,False,비대상,204,솔브레인 주식회사,의무,2025,7809198744.0,780891546823.0,0.010000362759426904,5천억~1조,중견-비대상,중형·상시,지원비 상시,169919472.0,0.021758886867945745,0.14505924578630497,0.10361374699021783
357780,솔브레인 주식회사,중견,False,비대상,204,솔브레인 주식회사,의무,2025,7809198744.0,780891546823.0,0.010000362759426904,5천억~1조,중견-비대상,중형·상시,지원비 가동시간만,169919472.0,0.021758886867945745,0.14505924578630497,0.10361374699021783
357780,솔브레인 주식회사,중견,False,비대상,204,솔브레인 주식회사,의무,2025,7809198744.0,780891546823.0,0.010000362759426904,5천억~1조,중견-비대상,대형·상시,지원비 상시,270435216.0,0.034630341071519286,0.23086894047679524,0.16490638605485372
357780,솔브레인 주식회사,중견,False,비대상,204,솔브레인 주식회사,의무,2025,7809198744.0,780891546823.0,0.010000362759426904,5천억~1조,중견-비대상,대형·상시,지원비 가동시간만,270435216.0,0.034630341071519286,0.23086894047679524,0.16490638605485372
024910,경창산업(주),중견,False,"2차(2028, 제품명 확인)",30331,경창산업 (주),의무,2025,1859437940.0,661212874788.0,0.0028121623321327167,5천억~1조,중견-2차(2028),소형·업무시간,지원비 상시,43110960.0,0.023184941574334015,0.15456627716222676,0.11040448368730485
024910,경창산업(주),중견,False,"2차(2028, 제품명 확인)",30331,경창산업 (주),의무,2025,1859437940.0,661212874788.0,0.0028121623321327167,5천억~1조,중견-2차(2028),소형·업무시간,지원비 가동시간만,18031200.0,0.009697123852383048,0.06464749234922032,0.04617678024944309
024910,경창산업(주),중견,False,"2차(2028, 제품명 확인)",30331,경창산업 (주),의무,2025,1859437940.0,661212874788.0,0.0028121623321327167,5천억~1조,중견-2차(2028),소형·상시,지원비 상시,59830800.0,0.03217682005563466,0.21451213370423108,0.15322295264587935
024910,경창산업(주),중견,False,"2차(2028, 제품명 확인)",30331,경창산업 (주),의무,2025,1859437940.0,661212874788.0,0.0028121623321327167,5천억~1조,중견-2차(2028),소형·상시,지원비 가동시간만,59830800.0,0.03217682005563466,0.21451213370423108,0.15322295264587935
024910,경창산업(주),중견,False,"2차(2028, 제품명 확인)",30331,경창산업 (주),의무,2025,1859437940.0,661212874788.0,0.0028121623321327167,5천억~1조,중견-2차(2028),중형·업무시간,지원비 상시,76288368.0,0.04102764946271883,0.2735176630847922,0.19536975934628015
024910,경창산업(주),중견,False,"2차(2028, 제품명 확인)",30331,경창산업 (주),의무,2025,1859437940.0,661212874788.0,0.0028121623321327167,5천억~1조,중견-2차(2028),중형·업무시간,지원비 가동시간만,51208608.0,0.027539831740767858,0.18359887827178573,0.13114205590841838
024910,경창산업(주),중견,False,"2차(2028, 제품명 확인)",30331,경창산업 (주),의무,2025,1859437940.0,661212874788.0,0.0028121623321327167,5천억~1조,중견-2차(2028),중형·상시,지원비 상시,169919472.0,0.09138216895800244,0.6092144597200162,0.4351531855142973
024910,경창산업(주),중견,False,"2차(2028, 제품명 확인)",30331,경창산업 (주),의무,2025,1859437940.0,661212874788.0,0.0028121623321327167,5천억~1조,중견-2차(2028),중형·상시,지원비 가동시간만,169919472.0,0.09138216895800244,0.6092144597200162,0.4351531855142973
024910,경창산업(주),중견,False,"2차(2028, 제품명 확인)",30331,경창산업 (주),의무,2025,1859437940.0,661212874788.0,0.0028121623321327167,5천억~1조,중견-2차(2028),대형·상시,지원비 상시,270435216.0,0.14543922665146866,0.9695948443431245,0.6925677459593746
024910,경창산업(주),중견,False,"2차(2028, 제품명 확인)",30331,경창산업 (주),의무,2025,1859437940.0,661212874788.0,0.0028121623321327167,5천억~1조,중견-2차(2028),대형·상시,지원비 가동시간만,270435216.0,0.14543922665146866,0.9695948443431245,0.6925677459593746
078350,한양디지텍(주),중견,False,비대상,2611,한양디지텍 주식회사,의무,2025,3729698745.0,651223502117.0,0.005727217664711854,5천억~1조,중견-비대상,소형·업무시간,지원비 상시,43110960.0,0.011558831677168072,0.07705887784778714,0.055042055605562246
078350,한양디지텍(주),중견,False,비대상,2611,한양디지텍 주식회사,의무,2025,3729698745.0,651223502117.0,0.005727217664711854,5천억~1조,중견-비대상,소형·업무시간,지원비 가동시간만,18031200.0,0.004834492336458129,0.032229948909720856,0.023021392078372043
078350,한양디지텍(주),중견,False,비대상,2611,한양디지텍 주식회사,의무,2025,3729698745.0,651223502117.0,0.005727217664711854,5천억~1조,중견-비대상,소형·상시,지원비 상시,59830800.0,0.0160417245709747,0.10694483047316466,0.07638916462368905
078350,한양디지텍(주),중견,False,비대상,2611,한양디지텍 주식회사,의무,2025,3729698745.0,651223502117.0,0.005727217664711854,5천억~1조,중견-비대상,소형·상시,지원비 가동시간만,59830800.0,0.0160417245709747,0.10694483047316466,0.07638916462368905
078350,한양디지텍(주),중견,False,비대상,2611,한양디지텍 주식회사,의무,2025,3729698745.0,651223502117.0,0.005727217664711854,5천억~1조,중견-비대상,중형·업무시간,지원비 상시,76288368.0,0.02045429757625103,0.13636198384167353,0.0974014170297668
078350,한양디지텍(주),중견,False,비대상,2611,한양디지텍 주식회사,의무,2025,3729698745.0,651223502117.0,0.005727217664711854,5천억~1조,중견-비대상,중형·업무시간,지원비 가동시간만,51208608.0,0.013729958235541085,0.09153305490360723,0.0653807535025766
078350,한양디지텍(주),중견,False,비대상,2611,한양디지텍 주식회사,의무,2025,3729698745.0,651223502117.0,0.005727217664711854,5천억~1조,중견-비대상,중형·상시,지원비 상시,169919472.0,0.04555849778156815,0.30372331854378765,0.2169452275312769
078350,한양디지텍(주),중견,False,비대상,2611,한양디지텍 주식회사,의무,2025,3729698745.0,651223502117.0,0.005727217664711854,5천억~1조,중견-비대상,중형·상시,지원비 가동시간만,169919472.0,0.04555849778156815,0.30372331854378765,0.2169452275312769
078350,한양디지텍(주),중견,False,비대상,2611,한양디지텍 주식회사,의무,2025,3729698745.0,651223502117.0,0.005727217664711854,5천억~1조,중견-비대상,대형·상시,지원비 상시,270435216.0,0.07250859506080565,0.4833906337387043,0.3452790240990745
078350,한양디지텍(주),중견,False,비대상,2611,한양디지텍 주식회사,의무,2025,3729698745.0,651223502117.0,0.005727217664711854,5천억~1조,중견-비대상,대형·상시,지원비 가동시간만,270435216.0,0.07250859506080565,0.4833906337387043,0.3452790240990745
102260,(주)동성케미컬,중견,False,비대상,20202,주식회사 동성케미컬,의무,2025,3075396996.0,387065153130.0,0.00794542461683988,3천억~5천억,중견-비대상,소형·업무시간,지원비 상시,43110960.0,0.01401801460301615,0.09345343068677434,0.0667524504905531
102260,(주)동성케미컬,중견,False,비대상,20202,주식회사 동성케미컬,의무,2025,3075396996.0,387065153130.0,0.00794542461683988,3천억~5천억,중견-비대상,소형·업무시간,지원비 가동시간만,18031200.0,0.005863047932820443,0.03908698621880295,0.02791927587057354
102260,(주)동성케미컬,중견,False,비대상,20202,주식회사 동성케미컬,의무,2025,3075396996.0,387065153130.0,0.00794542461683988,3천억~5천억,중견-비대상,소형·상시,지원비 상시,59830800.0,0.019454659049813288,0.12969772699875526,0.09264123357053947
102260,(주)동성케미컬,중견,False,비대상,20202,주식회사 동성케미컬,의무,2025,3075396996.0,387065153130.0,0.00794542461683988,3천억~5천억,중견-비대상,소형·상시,지원비 가동시간만,59830800.0,0.019454659049813288,0.12969772699875526,0.09264123357053947
102260,(주)동성케미컬,중견,False,비대상,20202,주식회사 동성케미컬,의무,2025,3075396996.0,387065153130.0,0.00794542461683988,3천억~5천억,중견-비대상,중형·업무시간,지원비 상시,76288368.0,0.024806022799405764,0.16537348532937177,0.11812391809240841
102260,(주)동성케미컬,중견,False,비대상,20202,주식회사 동성케미컬,의무,2025,3075396996.0,387065153130.0,0.00794542461683988,3천억~5천억,중견-비대상,중형·업무시간,지원비 가동시간만,51208608.0,0.016651056129210057,0.1110070408614004,0.07929074347242886
102260,(주)동성케미컬,중견,False,비대상,20202,주식회사 동성케미컬,의무,2025,3075396996.0,387065153130.0,0.00794542461683988,3천억~5천억,중견-비대상,중형·상시,지원비 상시,169919472.0,0.055251231701469734,0.36834154467646496,0.2631011033403321
102260,(주)동성케미컬,중견,False,비대상,20202,주식회사 동성케미컬,의무,2025,3075396996.0,387065153130.0,0.00794542461683988,3천억~5천억,중견-비대상,중형·상시,지원비 가동시간만,169919472.0,0.055251231701469734,0.36834154467646496,0.2631011033403321
102260,(주)동성케미컬,중견,False,비대상,20202,주식회사 동성케미컬,의무,2025,3075396996.0,387065153130.0,0.00794542461683988,3천억~5천억,중견-비대상,대형·상시,지원비 상시,270435216.0,0.08793505890515606,0.5862337260343737,0.41873837573883843
102260,(주)동성케미컬,중견,False,비대상,20202,주식회사 동성케미컬,의무,2025,3075396996.0,387065153130.0,0.00794542461683988,3천억~5천억,중견-비대상,대형·상시,지원비 가동시간만,270435216.0,0.08793505890515606,0.5862337260343737,0.41873837573883843
066970,(주)엘앤에프,중견,False,비대상,28202,(주)엘앤에프,의무,2025,6730856125.0,2149618578656.0,0.003131186244774789,1조~5조,중견-비대상,소형·업무시간,지원비 상시,43110960.0,0.0064049742260684555,0.04269982817378971,0.030499877266992645
066970,(주)엘앤에프,중견,False,비대상,28202,(주)엘앤에프,의무,2025,6730856125.0,2149618578656.0,0.003131186244774789,1조~5조,중견-비대상,소형·업무시간,지원비 가동시간만,18031200.0,0.0026788865584316734,0.017859243722877824,0.012756602659198445
066970,(주)엘앤에프,중견,False,비대상,28202,(주)엘앤에프,의무,2025,6730856125.0,2149618578656.0,0.003131186244774789,1조~5조,중견-비대상,소형·상시,지원비 상시,59830800.0,0.008889032671159643,0.05926021780773096,0.042328727005522114
066970,(주)엘앤에프,중견,False,비대상,28202,(주)엘앤에프,의무,2025,6730856125.0,2149618578656.0,0.003131186244774789,1조~5조,중견-비대상,소형·상시,지원비 가동시간만,59830800.0,0.008889032671159643,0.05926021780773096,0.042328727005522114
066970,(주)엘앤에프,중견,False,비대상,28202,(주)엘앤에프,의무,2025,6730856125.0,2149618578656.0,0.003131186244774789,1조~5조,중견-비대상,중형·업무시간,지원비 상시,76288368.0,0.011334125493582734,0.0755608366238849,0.05397202615991779
066970,(주)엘앤에프,중견,False,비대상,28202,(주)엘앤에프,의무,2025,6730856125.0,2149618578656.0,0.003131186244774789,1조~5조,중견-비대상,중형·업무시간,지원비 가동시간만,51208608.0,0.007608037825945953,0.05072025217297302,0.036228751552123586
066970,(주)엘앤에프,중견,False,비대상,28202,(주)엘앤에프,의무,2025,6730856125.0,2149618578656.0,0.003131186244774789,1조~5조,중견-비대상,중형·상시,지원비 상시,169919472.0,0.02524485278609339,0.16829901857395593,0.1202135846956828
066970,(주)엘앤에프,중견,False,비대상,28202,(주)엘앤에프,의무,2025,6730856125.0,2149618578656.0,0.003131186244774789,1조~5조,중견-비대상,중형·상시,지원비 가동시간만,169919472.0,0.02524485278609339,0.16829901857395593,0.1202135846956828
066970,(주)엘앤에프,중견,False,비대상,28202,(주)엘앤에프,의무,2025,6730856125.0,2149618578656.0,0.003131186244774789,1조~5조,중견-비대상,대형·상시,지원비 상시,270435216.0,0.04017842767364159,0.26785618449094395,0.19132584606495995
066970,(주)엘앤에프,중견,False,비대상,28202,(주)엘앤에프,의무,2025,6730856125.0,2149618578656.0,0.003131186244774789,1조~5조,중견-비대상,대형·상시,지원비 가동시간만,270435216.0,0.04017842767364159,0.26785618449094395,0.19132584606495995
178320,(주)서진시스템,중견,False,비대상,289,(주)서진시스템,의무,2025,1894543860.0,368236024186.0,0.005144917214951912,3천억~5천억,중견-비대상,소형·업무시간,지원비 상시,43110960.0,0.022755324334375663,0.1517021622291711,0.1083586873065508
178320,(주)서진시스템,중견,False,비대상,289,(주)서진시스템,의무,2025,1894543860.0,368236024186.0,0.005144917214951912,3천억~5천억,중견-비대상,소형·업무시간,지원비 가동시간만,18031200.0,0.009517436033389061,0.06344957355592708,0.04532112396851934
178320,(주)서진시스템,중견,False,비대상,289,(주)서진시스템,의무,2025,1894543860.0,368236024186.0,0.005144917214951912,3천억~5천억,중견-비대상,소형·상시,지원비 상시,59830800.0,0.03158058320170006,0.2105372213446671,0.1503837295319051
178320,(주)서진시스템,중견,False,비대상,289,(주)서진시스템,의무,2025,1894543860.0,368236024186.0,0.005144917214951912,3천억~5천억,중견-비대상,소형·상시,지원비 가동시간만,59830800.0,0.03158058320170006,0.2105372213446671,0.1503837295319051
178320,(주)서진시스템,중견,False,비대상,289,(주)서진시스템,의무,2025,1894543860.0,368236024186.0,0.005144917214951912,3천억~5천억,중견-비대상,중형·업무시간,지원비 상시,76288368.0,0.040267406635811534,0.2684493775720769,0.19174955540862637
178320,(주)서진시스템,중견,False,비대상,289,(주)서진시스템,의무,2025,1894543860.0,368236024186.0,0.005144917214951912,3천억~5천억,중견-비대상,중형·업무시간,지원비 가동시간만,51208608.0,0.027029518334824934,0.1801967888988329,0.12871199207059492
178320,(주)서진시스템,중견,False,비대상,289,(주)서진시스템,의무,2025,1894543860.0,368236024186.0,0.005144917214951912,3천억~5천억,중견-비대상,중형·상시,지원비 상시,169919472.0,0.08968885629282819,0.5979257086188545,0.42708979187061047
178320,(주)서진시스템,중견,False,비대상,289,(주)서진시스템,의무,2025,1894543860.0,368236024186.0,0.005144917214951912,3천억~5천억,중견-비대상,중형·상시,지원비 가동시간만,169919472.0,0.08968885629282819,0.5979257086188545,0.42708979187061047
178320,(주)서진시스템,중견,False,비대상,289,(주)서진시스템,의무,2025,1894543860.0,368236024186.0,0.005144917214951912,3천억~5천억,중견-비대상,대형·상시,지원비 상시,270435216.0,0.1427442360716843,0.9516282404778953,0.679734457484211
178320,(주)서진시스템,중견,False,비대상,289,(주)서진시스템,의무,2025,1894543860.0,368236024186.0,0.005144917214951912,3천억~5천억,중견-비대상,대형·상시,지원비 가동시간만,270435216.0,0.1427442360716843,0.9516282404778953,0.679734457484211
001130,대한제분(주),중견,False,비대상,105,대한제분(주),의무,2025,2710819376.0,456569839266.0,0.0059373597265163685,3천억~5천억,중견-비대상,소형·업무시간,지원비 상시,43110960.0,0.01590329491580261,0.10602196610535072,0.07572997578953623
001130,대한제분(주),중견,False,비대상,105,대한제분(주),의무,2025,2710819376.0,456569839266.0,0.0059373597265163685,3천억~5천억,중견-비대상,소형·업무시간,지원비 가동시간만,18031200.0,0.006651568215734932,0.04434378810489954,0.03167413436064253
001130,대한제분(주),중견,False,비대상,105,대한제분(주),의무,2025,2710819376.0,456569839266.0,0.0059373597265163685,3천억~5천억,중견-비대상,소형·상시,지원비 상시,59830800.0,0.022071112715847725,0.14714075143898486,0.10510053674213203
001130,대한제분(주),중견,False,비대상,105,대한제분(주),의무,2025,2710819376.0,456569839266.0,0.0059373597265163685,3천억~5천억,중견-비대상,소형·상시,지원비 가동시간만,59830800.0,0.022071112715847725,0.14714075143898486,0.10510053674213203
001130,대한제분(주),중견,False,비대상,105,대한제분(주),의무,2025,2710819376.0,456569839266.0,0.0059373597265163685,3천억~5천억,중견-비대상,중형·업무시간,지원비 상시,76288368.0,0.028142180432754883,0.18761453621836588,0.1340103830131185
001130,대한제분(주),중견,False,비대상,105,대한제분(주),의무,2025,2710819376.0,456569839266.0,0.0059373597265163685,3천억~5천억,중견-비대상,중형·업무시간,지원비 가동시간만,51208608.0,0.018890453732687204,0.1259363582179147,0.08995454158422478
001130,대한제분(주),중견,False,비대상,105,대한제분(주),의무,2025,2710819376.0,456569839266.0,0.0059373597265163685,3천억~5천억,중견-비대상,중형·상시,지원비 상시,169919472.0,0.06268196011300754,0.41787973408671697,0.29848552434765496
001130,대한제분(주),중견,False,비대상,105,대한제분(주),의무,2025,2710819376.0,456569839266.0,0.0059373597265163685,3천억~5천억,중견-비대상,중형·상시,지원비 가동시간만,169919472.0,0.06268196011300754,0.41787973408671697,0.29848552434765496
001130,대한제분(주),중견,False,비대상,105,대한제분(주),의무,2025,2710819376.0,456569839266.0,0.0059373597265163685,3천억~5천억,중견-비대상,대형·상시,지원비 상시,270435216.0,0.09976142947563173,0.6650761965042116,0.47505442607443676
001130,대한제분(주),중견,False,비대상,105,대한제분(주),의무,2025,2710819376.0,456569839266.0,0.0059373597265163685,3천억~5천억,중견-비대상,대형·상시,지원비 가동시간만,270435216.0,0.09976142947563173,0.6650761965042116,0.47505442607443676
017960,(주)한국카본,중견,False,2차 후보(확인 필요),2512,주식회사한국카본,의무,2025,3708950193.0,866374473973.0,0.004281001234941263,5천억~1조,중견-2차 후보,소형·업무시간,지원비 상시,43110960.0,0.011623493915168896,0.07748995943445931,0.05534997102461379
017960,(주)한국카본,중견,False,2차 후보(확인 필요),2512,주식회사한국카본,의무,2025,3708950193.0,866374473973.0,0.004281001234941263,5천억~1조,중견-2차 후보,소형·업무시간,지원비 가동시간만,18031200.0,0.004861537378967979,0.03241024919311986,0.023150177995085616
017960,(주)한국카본,중견,False,2차 후보(확인 필요),2512,주식회사한국카본,의무,2025,3708950193.0,866374473973.0,0.004281001234941263,5천억~1조,중견-2차 후보,소형·상시,지원비 상시,59830800.0,0.01613146493930284,0.10754309959535227,0.07681649971096591
017960,(주)한국카본,중견,False,2차 후보(확인 필요),2512,주식회사한국카본,의무,2025,3708950193.0,866374473973.0,0.004281001234941263,5천억~1조,중견-2차 후보,소형·상시,지원비 가동시간만,59830800.0,0.01613146493930284,0.10754309959535227,0.07681649971096591
017960,(주)한국카본,중견,False,2차 후보(확인 필요),2512,주식회사한국카본,의무,2025,3708950193.0,866374473973.0,0.004281001234941263,5천억~1조,중견-2차 후보,중형·업무시간,지원비 상시,76288368.0,0.02056872269246998,0.13712481794979986,0.09794629853557132
017960,(주)한국카본,중견,False,2차 후보(확인 필요),2512,주식회사한국카본,의무,2025,3708950193.0,866374473973.0,0.004281001234941263,5천억~1조,중견-2차 후보,중형·업무시간,지원비 가동시간만,51208608.0,0.01380676615626906,0.09204510770846042,0.06574650550604315
017960,(주)한국카본,중견,False,2차 후보(확인 필요),2512,주식회사한국카본,의무,2025,3708950193.0,866374473973.0,0.004281001234941263,5천억~1조,중견-2차 후보,중형·상시,지원비 상시,169919472.0,0.04581336042762006,0.30542240285080047,0.21815885917914318
017960,(주)한국카본,중견,False,2차 후보(확인 필요),2512,주식회사한국카본,의무,2025,3708950193.0,866374473973.0,0.004281001234941263,5천억~1조,중견-2차 후보,중형·상시,지원비 가동시간만,169919472.0,0.04581336042762006,0.30542240285080047,0.21815885917914318
017960,(주)한국카본,중견,False,2차 후보(확인 필요),2512,주식회사한국카본,의무,2025,3708950193.0,866374473973.0,0.004281001234941263,5천억~1조,중견-2차 후보,대형·상시,지원비 상시,270435216.0,0.07291422152564883,0.4860948101709923,0.3472105786935659
017960,(주)한국카본,중견,False,2차 후보(확인 필요),2512,주식회사한국카본,의무,2025,3708950193.0,866374473973.0,0.004281001234941263,5천억~1조,중견-2차 후보,대형·상시,지원비 가동시간만,270435216.0,0.07291422152564883,0.4860948101709923,0.3472105786935659
008730,율촌화학(주),중견,False,비대상,22231,율촌화학(주),의무,2025,6910019686.0,465716549251.0,0.014837393468437416,3천억~5천억,중견-비대상,소형·업무시간,지원비 상시,43110960.0,0.0062389055254567045,0.0415927035030447,0.029709073930746212
008730,율촌화학(주),중견,False,비대상,22231,율촌화학(주),의무,2025,6910019686.0,465716549251.0,0.014837393468437416,3천억~5천억,중견-비대상,소형·업무시간,지원비 가동시간만,18031200.0,0.0026094281665408267,0.017396187776938847,0.012425848412099176
008730,율촌화학(주),중견,False,비대상,22231,율촌화학(주),의무,2025,6910019686.0,465716549251.0,0.014837393468437416,3천억~5천억,중견-비대상,소형·상시,지원비 상시,59830800.0,0.00865855709806729,0.05772371398711526,0.0412312242765109
008730,율촌화학(주),중견,False,비대상,22231,율촌화학(주),의무,2025,6910019686.0,465716549251.0,0.014837393468437416,3천억~5천억,중견-비대상,소형·상시,지원비 가동시간만,59830800.0,0.00865855709806729,0.05772371398711526,0.0412312242765109
008730,율촌화학(주),중견,False,비대상,22231,율촌화학(주),의무,2025,6910019686.0,465716549251.0,0.014837393468437416,3천억~5천억,중견-비대상,중형·업무시간,지원비 상시,76288368.0,0.011040253351891826,0.07360168901261217,0.052572635009008696
008730,율촌화학(주),중견,False,비대상,22231,율촌화학(주),의무,2025,6910019686.0,465716549251.0,0.014837393468437416,3천억~5천억,중견-비대상,중형·업무시간,지원비 가동시간만,51208608.0,0.0074107759929759485,0.04940517328650632,0.03528940949036166
008730,율촌화학(주),중견,False,비대상,22231,율촌화학(주),의무,2025,6910019686.0,465716549251.0,0.014837393468437416,3천억~5천억,중견-비대상,중형·상시,지원비 상시,169919472.0,0.0245903021585111,0.16393534772340734,0.11709667694529097
008730,율촌화학(주),중견,False,비대상,22231,율촌화학(주),의무,2025,6910019686.0,465716549251.0,0.014837393468437416,3천억~5천억,중견-비대상,중형·상시,지원비 가동시간만,169919472.0,0.0245903021585111,0.16393534772340734,0.11709667694529097
008730,율촌화학(주),중견,False,비대상,22231,율촌화학(주),의무,2025,6910019686.0,465716549251.0,0.014837393468437416,3천억~5천억,중견-비대상,대형·상시,지원비 상시,270435216.0,0.03913667808326415,0.260911187221761,0.18636513372982927
008730,율촌화학(주),중견,False,비대상,22231,율촌화학(주),의무,2025,6910019686.0,465716549251.0,0.014837393468437416,3천억~5천억,중견-비대상,대형·상시,지원비 가동시간만,270435216.0,0.03913667808326415,0.260911187221761,0.18636513372982927
005710,대원산업(주),중견,False,2차 후보(확인 필요),303,대원산업(주),의무,2025,2654112637.0,923734287034.0,0.0028732425268331624,5천억~1조,중견-2차 후보,소형·업무시간,지원비 상시,43110960.0,0.01624307853367114,0.10828719022447425,0.07734799301748162
005710,대원산업(주),중견,False,2차 후보(확인 필요),303,대원산업(주),의무,2025,2654112637.0,923734287034.0,0.0028732425268331624,5천억~1조,중견-2차 후보,소형·업무시간,지원비 가동시간만,18031200.0,0.006793683036896674,0.04529122024597783,0.03235087160426988
005710,대원산업(주),중견,False,2차 후보(확인 필요),303,대원산업(주),의무,2025,2654112637.0,923734287034.0,0.0028732425268331624,5천억~1조,중견-2차 후보,소형·상시,지원비 상시,59830800.0,0.022542675531520784,0.15028450354347186,0.10734607395962277
005710,대원산업(주),중견,False,2차 후보(확인 필요),303,대원산업(주),의무,2025,2654112637.0,923734287034.0,0.0028732425268331624,5천억~1조,중견-2차 후보,소형·상시,지원비 가동시간만,59830800.0,0.022542675531520784,0.15028450354347186,0.10734607395962277
005710,대원산업(주),중견,False,2차 후보(확인 필요),303,대원산업(주),의무,2025,2654112637.0,923734287034.0,0.0028732425268331624,5천억~1조,중견-2차 후보,중형·업무시간,지원비 상시,76288368.0,0.02874345532156102,0.19162303547707346,0.1368735967693382
005710,대원산업(주),중견,False,2차 후보(확인 필요),303,대원산업(주),의무,2025,2654112637.0,923734287034.0,0.0028732425268331624,5천억~1조,중견-2차 후보,중형·업무시간,지원비 가동시간만,51208608.0,0.019294059824786554,0.12862706549857703,0.09187647535612645
005710,대원산업(주),중견,False,2차 후보(확인 필요),303,대원산업(주),의무,2025,2654112637.0,923734287034.0,0.0028732425268331624,5천억~1조,중견-2차 후보,중형·상시,지원비 상시,169919472.0,0.06402119850951903,0.42680799006346015,0.3048628500453287
005710,대원산업(주),중견,False,2차 후보(확인 필요),303,대원산업(주),의무,2025,2654112637.0,923734287034.0,0.0028732425268331624,5천억~1조,중견-2차 후보,중형·상시,지원비 가동시간만,169919472.0,0.06402119850951903,0.42680799006346015,0.3048628500453287
005710,대원산업(주),중견,False,2차 후보(확인 필요),303,대원산업(주),의무,2025,2654112637.0,923734287034.0,0.0028732425268331624,5천억~1조,중견-2차 후보,대형·상시,지원비 상시,270435216.0,0.10189289340247394,0.6792859560164929,0.485204254297495
005710,대원산업(주),중견,False,2차 후보(확인 필요),303,대원산업(주),의무,2025,2654112637.0,923734287034.0,0.0028732425268331624,5천억~1조,중견-2차 후보,대형·상시,지원비 가동시간만,270435216.0,0.10189289340247394,0.6792859560164929,0.485204254297495
004370,(주)농심,중견,False,비대상,108,(주)농심,의무,2025,28118455310.0,2734714249425.0,0.010282045122598157,1조~5조,중견-비대상,소형·업무시간,지원비 상시,43110960.0,0.0015331909069936744,0.010221272713291162,0.00730090908092226
004370,(주)농심,중견,False,비대상,108,(주)농심,의무,2025,28118455310.0,2734714249425.0,0.010282045122598157,1조~5조,중견-비대상,소형·업무시간,지원비 가동시간만,18031200.0,0.0006412585542559094,0.00427505702837273,0.0030536121631233788
004370,(주)농심,중견,False,비대상,108,(주)농심,의무,2025,28118455310.0,2734714249425.0,0.010282045122598157,1조~5조,중견-비대상,소형·상시,지원비 상시,59830800.0,0.002127812475485518,0.014185416503236785,0.010132440359454847
004370,(주)농심,중견,False,비대상,108,(주)농심,의무,2025,28118455310.0,2734714249425.0,0.010282045122598157,1조~5조,중견-비대상,소형·상시,지원비 가동시간만,59830800.0,0.002127812475485518,0.014185416503236785,0.010132440359454847
004370,(주)농심,중견,False,비대상,108,(주)농심,의무,2025,28118455310.0,2734714249425.0,0.010282045122598157,1조~5조,중견-비대상,중형·업무시간,지원비 상시,76288368.0,0.0027131066468245478,0.018087377645496984,0.012919555461069276
004370,(주)농심,중견,False,비대상,108,(주)농심,의무,2025,28118455310.0,2734714249425.0,0.010282045122598157,1조~5조,중견-비대상,중형·업무시간,지원비 가동시간만,51208608.0,0.0018211742940867828,0.012141161960578552,0.008672258543270396
004370,(주)농심,중견,False,비대상,108,(주)농심,의무,2025,28118455310.0,2734714249425.0,0.010282045122598157,1조~5조,중견-비대상,중형·상시,지원비 상시,169919472.0,0.00604298743037887,0.04028658286919247,0.028776130620851766
004370,(주)농심,중견,False,비대상,108,(주)농심,의무,2025,28118455310.0,2734714249425.0,0.010282045122598157,1조~5조,중견-비대상,중형·상시,지원비 가동시간만,169919472.0,0.00604298743037887,0.04028658286919247,0.028776130620851766
004370,(주)농심,중견,False,비대상,108,(주)농심,의무,2025,28118455310.0,2734714249425.0,0.010282045122598157,1조~5조,중견-비대상,대형·상시,지원비 상시,270435216.0,0.00961771238919454,0.06411808259463027,0.045798630424735906
004370,(주)농심,중견,False,비대상,108,(주)농심,의무,2025,28118455310.0,2734714249425.0,0.010282045122598157,1조~5조,중견-비대상,대형·상시,지원비 가동시간만,270435216.0,0.00961771238919454,0.06411808259463027,0.045798630424735906
011170,롯데케미칼(주),대기업,False,비대상,20111,롯데케미칼,의무,2025,39176461977.0,11912607124952.0,0.003288655586982422,5조 이상,대기업,소형·업무시간,지원비 상시,43110960.0,0.0011004301517913968,0.007336201011942646,0.005240143579959033
011170,롯데케미칼(주),대기업,False,비대상,20111,롯데케미칼,의무,2025,39176461977.0,11912607124952.0,0.003288655586982422,5조 이상,대기업,소형·업무시간,지원비 가동시간만,18031200.0,0.0004602559570230177,0.003068373046820118,0.0021916950334429416
011170,롯데케미칼(주),대기업,False,비대상,20111,롯데케미칼,의무,2025,39176461977.0,11912607124952.0,0.003288655586982422,5조 이상,대기업,소형·상시,지원비 상시,59830800.0,0.0015272129483036498,0.010181419655357665,0.0072724426109697605
011170,롯데케미칼(주),대기업,False,비대상,20111,롯데케미칼,의무,2025,39176461977.0,11912607124952.0,0.003288655586982422,5조 이상,대기업,소형·상시,지원비 가동시간만,59830800.0,0.0015272129483036498,0.010181419655357665,0.0072724426109697605
011170,롯데케미칼(주),대기업,False,비대상,20111,롯데케미칼,의무,2025,39176461977.0,11912607124952.0,0.003288655586982422,5조 이상,대기업,중형·업무시간,지원비 상시,76288368.0,0.0019473011127137496,0.012982007418091664,0.009272862441494046
011170,롯데케미칼(주),대기업,False,비대상,20111,롯데케미칼,의무,2025,39176461977.0,11912607124952.0,0.003288655586982422,5조 이상,대기업,중형·업무시간,지원비 가동시간만,51208608.0,0.0013071269179453704,0.008714179452969135,0.0062244138949779535
011170,롯데케미칼(주),대기업,False,비대상,20111,롯데케미칼,의무,2025,39176461977.0,11912607124952.0,0.003288655586982422,5조 이상,대기업,중형·상시,지원비 상시,169919472.0,0.004337284773182366,0.02891523182121577,0.02065373701515412
011170,롯데케미칼(주),대기업,False,비대상,20111,롯데케미칼,의무,2025,39176461977.0,11912607124952.0,0.003288655586982422,5조 이상,대기업,중형·상시,지원비 가동시간만,169919472.0,0.004337284773182366,0.02891523182121577,0.02065373701515412
011170,롯데케미칼(주),대기업,False,비대상,20111,롯데케미칼,의무,2025,39176461977.0,11912607124952.0,0.003288655586982422,5조 이상,대기업,대형·상시,지원비 상시,270435216.0,0.006903002526332497,0.04602001684221664,0.03287144060158332
011170,롯데케미칼(주),대기업,False,비대상,20111,롯데케미칼,의무,2025,39176461977.0,11912607124952.0,0.003288655586982422,5조 이상,대기업,대형·상시,지원비 가동시간만,270435216.0,0.006903002526332497,0.04602001684221664,0.03287144060158332
230240,(주)에치에프알,중견,False,비대상,264,주식회사 에치에프알,의무,2025,2545475322.0,81482377078.0,0.031239581039263407,3천억 미만,중견-비대상,소형·업무시간,지원비 상시,43110960.0,0.016936310333634418,0.11290873555756278,0.08064909682683057
230240,(주)에치에프알,중견,False,비대상,264,주식회사 에치에프알,의무,2025,2545475322.0,81482377078.0,0.031239581039263407,3천억 미만,중견-비대상,소형·업무시간,지원비 가동시간만,18031200.0,0.007083627896196905,0.04722418597464603,0.03373156141046146
230240,(주)에치에프알,중견,False,비대상,264,주식회사 에치에프알,의무,2025,2545475322.0,81482377078.0,0.031239581039263407,3천억 미만,중견-비대상,소형·상시,지원비 상시,59830800.0,0.023504765291926095,0.1566984352795073,0.11192745377107664
230240,(주)에치에프알,중견,False,비대상,264,주식회사 에치에프알,의무,2025,2545475322.0,81482377078.0,0.031239581039263407,3천억 미만,중견-비대상,소형·상시,지원비 가동시간만,59830800.0,0.023504765291926095,0.1566984352795073,0.11192745377107664
230240,(주)에치에프알,중견,False,비대상,264,주식회사 에치에프알,의무,2025,2545475322.0,81482377078.0,0.031239581039263407,3천억 미만,중견-비대상,중형·업무시간,지원비 상시,76288368.0,0.029970185662636723,0.1998012377509115,0.14271516982207963
230240,(주)에치에프알,중견,False,비대상,264,주식회사 에치에프알,의무,2025,2545475322.0,81482377078.0,0.031239581039263407,3천억 미만,중견-비대상,중형·업무시간,지원비 가동시간만,51208608.0,0.020117503225199212,0.13411668816799474,0.09579763440571053
230240,(주)에치에프알,중견,False,비대상,264,주식회사 에치에프알,의무,2025,2545475322.0,81482377078.0,0.031239581039263407,3천억 미만,중견-비대상,중형·상시,지원비 상시,169919472.0,0.0667535334290701,0.44502355619380074,0.3178739687098577
230240,(주)에치에프알,중견,False,비대상,264,주식회사 에치에프알,의무,2025,2545475322.0,81482377078.0,0.031239581039263407,3천억 미만,중견-비대상,중형·상시,지원비 가동시간만,169919472.0,0.0667535334290701,0.44502355619380074,0.3178739687098577
230240,(주)에치에프알,중견,False,비대상,264,주식회사 에치에프알,의무,2025,2545475322.0,81482377078.0,0.031239581039263407,3천억 미만,중견-비대상,대형·상시,지원비 상시,270435216.0,0.10624153911950594,0.708276927463373,0.5059120910452665
230240,(주)에치에프알,중견,False,비대상,264,주식회사 에치에프알,의무,2025,2545475322.0,81482377078.0,0.031239581039263407,3천억 미만,중견-비대상,대형·상시,지원비 가동시간만,270435216.0,0.10624153911950594,0.708276927463373,0.5059120910452665
006340,대원전선(주),중견,False,2차(2028),28302,대원전선,의무,2025,358059895.0,514144669265.0,0.000696418569333545,5천억~1조,중견-2차(2028),소형·업무시간,지원비 상시,43110960.0,0.1204015322631986,0.8026768817546572,0.5733406298247552
006340,대원전선(주),중견,False,2차(2028),28302,대원전선,의무,2025,358059895.0,514144669265.0,0.000696418569333545,5천억~1조,중견-2차(2028),소형·업무시간,지원비 가동시간만,18031200.0,0.05035805531920853,0.33572036879472356,0.23980026342480254
006340,대원전선(주),중견,False,2차(2028),28302,대원전선,의무,2025,358059895.0,514144669265.0,0.000696418569333545,5천억~1조,중견-2차(2028),소형·상시,지원비 상시,59830800.0,0.16709718355919195,1.1139812237279465,0.7957008740913902
006340,대원전선(주),중견,False,2차(2028),28302,대원전선,의무,2025,358059895.0,514144669265.0,0.000696418569333545,5천억~1조,중견-2차(2028),소형·상시,지원비 가동시간만,59830800.0,0.16709718355919195,1.1139812237279465,0.7957008740913902
006340,대원전선(주),중견,False,2차(2028),28302,대원전선,의무,2025,358059895.0,514144669265.0,0.000696418569333545,5천억~1조,중견-2차(2028),중형·업무시간,지원비 상시,76288368.0,0.2130603540505423,1.4204023603369487,1.0145731145263919
006340,대원전선(주),중견,False,2차(2028),28302,대원전선,의무,2025,358059895.0,514144669265.0,0.000696418569333545,5천억~1조,중견-2차(2028),중형·업무시간,지원비 가동시간만,51208608.0,0.14301687710655225,0.953445847377015,0.6810327481264392
006340,대원전선(주),중견,False,2차(2028),28302,대원전선,의무,2025,358059895.0,514144669265.0,0.000696418569333545,5천억~1조,중견-2차(2028),중형·상시,지원비 상시,169919472.0,0.47455600130810516,3.1637066753873677,2.2597904824195485
006340,대원전선(주),중견,False,2차(2028),28302,대원전선,의무,2025,358059895.0,514144669265.0,0.000696418569333545,5천억~1조,중견-2차(2028),중형·상시,지원비 가동시간만,169919472.0,0.47455600130810516,3.1637066753873677,2.2597904824195485
006340,대원전선(주),중견,False,2차(2028),28302,대원전선,의무,2025,358059895.0,514144669265.0,0.000696418569333545,5천억~1조,중견-2차(2028),대형·상시,지원비 상시,270435216.0,0.7552792696875477,5.035195131250318,3.596567950893084
006340,대원전선(주),중견,False,2차(2028),28302,대원전선,의무,2025,358059895.0,514144669265.0,0.000696418569333545,5천억~1조,중견-2차(2028),대형·상시,지원비 가동시간만,270435216.0,0.7552792696875477,5.035195131250318,3.596567950893084
092790,넥스틸(주),중견,False,1차(2027),2419,넥스틸(주),의무,2025,678908717.0,544671975941.0,0.0012464542825561871,5천억~1조,중견-1차(2027),소형·업무시간,지원비 상시,43110960.0,0.06350037776875385,0.42333585179169236,0.30238275127978026
092790,넥스틸(주),중견,False,1차(2027),2419,넥스틸(주),의무,2025,678908717.0,544671975941.0,0.0012464542825561871,5천억~1조,중견-1차(2027),소형·업무시간,지원비 가동시간만,18031200.0,0.026559093363357125,0.17706062242238083,0.12647187315884345
092790,넥스틸(주),중견,False,1차(2027),2419,넥스틸(주),의무,2025,678908717.0,544671975941.0,0.0012464542825561871,5천억~1조,중견-1차(2027),소형·상시,지원비 상시,59830800.0,0.088127900705685,0.5875193380379,0.41965667002707147
092790,넥스틸(주),중견,False,1차(2027),2419,넥스틸(주),의무,2025,678908717.0,544671975941.0,0.0012464542825561871,5천억~1조,중견-1차(2027),소형·상시,지원비 가동시간만,59830800.0,0.088127900705685,0.5875193380379,0.41965667002707147
092790,넥스틸(주),중견,False,1차(2027),2419,넥스틸(주),의무,2025,678908717.0,544671975941.0,0.0012464542825561871,5천억~1조,중견-1차(2027),중형·업무시간,지원비 상시,76288368.0,0.11236910955733095,0.7491273970488731,0.5350909978920522
092790,넥스틸(주),중견,False,1차(2027),2419,넥스틸(주),의무,2025,678908717.0,544671975941.0,0.0012464542825561871,5천억~1조,중견-1차(2027),중형·업무시간,지원비 가동시간만,51208608.0,0.07542782515193423,0.5028521676795615,0.3591801197711154
092790,넥스틸(주),중견,False,1차(2027),2419,넥스틸(주),의무,2025,678908717.0,544671975941.0,0.0012464542825561871,5천억~1조,중견-1차(2027),중형·상시,지원비 상시,169919472.0,0.2502832380041454,1.6685549200276362,1.191824942876883
092790,넥스틸(주),중견,False,1차(2027),2419,넥스틸(주),의무,2025,678908717.0,544671975941.0,0.0012464542825561871,5천억~1조,중견-1차(2027),중형·상시,지원비 가동시간만,169919472.0,0.2502832380041454,1.6685549200276362,1.191824942876883
092790,넥스틸(주),중견,False,1차(2027),2419,넥스틸(주),의무,2025,678908717.0,544671975941.0,0.0012464542825561871,5천억~1조,중견-1차(2027),대형·상시,지원비 상시,270435216.0,0.3983381111896962,2.655587407931308,1.896848148522363
092790,넥스틸(주),중견,False,1차(2027),2419,넥스틸(주),의무,2025,678908717.0,544671975941.0,0.0012464542825561871,5천억~1조,중견-1차(2027),대형·상시,지원비 가동시간만,270435216.0,0.3983381111896962,2.655587407931308,1.896848148522363
054950,(주)제이브이엠,중견,False,2차 후보(확인 필요),29192,제이브이엠,자율,2025,3709579273.0,154468364064.0,0.02401513925183432,3천억 미만,중견-2차 후보,소형·업무시간,지원비 상시,43110960.0,0.011621522773156815,0.07747681848771211,0.05534058463408007
054950,(주)제이브이엠,중견,False,2차 후보(확인 필요),29192,제이브이엠,자율,2025,3709579273.0,154468364064.0,0.02401513925183432,3천억 미만,중견-2차 후보,소형·업무시간,지원비 가동시간만,18031200.0,0.004860712946947717,0.03240475297965145,0.023146252128322466
054950,(주)제이브이엠,중견,False,2차 후보(확인 필요),29192,제이브이엠,자율,2025,3709579273.0,154468364064.0,0.02401513925183432,3천억 미만,중견-2차 후보,소형·상시,지원비 상시,59830800.0,0.01612872932396288,0.10752486215975254,0.07680347297125181
054950,(주)제이브이엠,중견,False,2차 후보(확인 필요),29192,제이브이엠,자율,2025,3709579273.0,154468364064.0,0.02401513925183432,3천억 미만,중견-2차 후보,소형·상시,지원비 가동시간만,59830800.0,0.01612872932396288,0.10752486215975254,0.07680347297125181
054950,(주)제이브이엠,중견,False,2차 후보(확인 필요),29192,제이브이엠,자율,2025,3709579273.0,154468364064.0,0.02401513925183432,3천억 미만,중견-2차 후보,중형·업무시간,지원비 상시,76288368.0,0.020565234595540615,0.1371015639702708,0.0979296885501934
054950,(주)제이브이엠,중견,False,2차 후보(확인 필요),29192,제이브이엠,자율,2025,3709579273.0,154468364064.0,0.02401513925183432,3천억 미만,중견-2차 후보,중형·업무시간,지원비 가동시간만,51208608.0,0.013804424769331516,0.09202949846221012,0.0657353560444358
054950,(주)제이브이엠,중견,False,2차 후보(확인 필요),29192,제이브이엠,자율,2025,3709579273.0,154468364064.0,0.02401513925183432,3천억 미만,중견-2차 후보,중형·상시,지원비 상시,169919472.0,0.045805591280054576,0.30537060853369724,0.21812186323835514
054950,(주)제이브이엠,중견,False,2차 후보(확인 필요),29192,제이브이엠,자율,2025,3709579273.0,154468364064.0,0.02401513925183432,3천억 미만,중견-2차 후보,중형·상시,지원비 가동시간만,169919472.0,0.045805591280054576,0.30537060853369724,0.21812186323835514
054950,(주)제이브이엠,중견,False,2차 후보(확인 필요),29192,제이브이엠,자율,2025,3709579273.0,154468364064.0,0.02401513925183432,3천억 미만,중견-2차 후보,대형·상시,지원비 상시,270435216.0,0.07290185654431222,0.4860123769620815,0.3471516978300582
054950,(주)제이브이엠,중견,False,2차 후보(확인 필요),29192,제이브이엠,자율,2025,3709579273.0,154468364064.0,0.02401513925183432,3천억 미만,중견-2차 후보,대형·상시,지원비 가동시간만,270435216.0,0.07290185654431222,0.4860123769620815,0.3471516978300582
051910,(주)LG화학,대기업,False,비대상,20111,(주)엘지화학,의무,2025,285089257579.0,18216499000000.0,0.015650057542835206,5조 이상,대기업,소형·업무시간,지원비 상시,43110960.0,0.00015121916681849607,0.0010081277787899739,0.0007200912705642671
051910,(주)LG화학,대기업,False,비대상,20111,(주)엘지화학,의무,2025,285089257579.0,18216499000000.0,0.015650057542835206,5조 이상,대기업,소형·업무시간,지원비 가동시간만,18031200.0,6.324756026629114e-05,0.00042165040177527427,0.0003011788584109102
051910,(주)LG화학,대기업,False,비대상,20111,(주)엘지화학,의무,2025,285089257579.0,18216499000000.0,0.015650057542835206,5조 이상,대기업,소형·상시,지원비 상시,59830800.0,0.00020986690451996605,0.0013991126967997738,0.0009993662119998385
051910,(주)LG화학,대기업,False,비대상,20111,(주)엘지화학,의무,2025,285089257579.0,18216499000000.0,0.015650057542835206,5조 이상,대기업,소형·상시,지원비 가동시간만,59830800.0,0.00020986690451996605,0.0013991126967997738,0.0009993662119998385
051910,(주)LG화학,대기업,False,비대상,20111,(주)엘지화학,의무,2025,285089257579.0,18216499000000.0,0.015650057542835206,5조 이상,대기업,중형·업무시간,지원비 상시,76288368.0,0.00026759467770847177,0.0017839645180564787,0.0012742603700403418
051910,(주)LG화학,대기업,False,비대상,20111,(주)엘지화학,의무,2025,285089257579.0,18216499000000.0,0.015650057542835206,5조 이상,대기업,중형·업무시간,지원비 가동시간만,51208608.0,0.00017962307115626684,0.0011974871410417789,0.0008553479578869849
051910,(주)LG화학,대기업,False,비대상,20111,(주)엘지화학,의무,2025,285089257579.0,18216499000000.0,0.015650057542835206,5조 이상,대기업,중형·상시,지원비 상시,169919472.0,0.0005960220088367036,0.003973480058911357,0.002838200042079541
051910,(주)LG화학,대기업,False,비대상,20111,(주)엘지화학,의무,2025,285089257579.0,18216499000000.0,0.015650057542835206,5조 이상,대기업,중형·상시,지원비 가동시간만,169919472.0,0.0005960220088367036,0.003973480058911357,0.002838200042079541
051910,(주)LG화학,대기업,False,비대상,20111,(주)엘지화학,의무,2025,285089257579.0,18216499000000.0,0.015650057542835206,5조 이상,대기업,대형·상시,지원비 상시,270435216.0,0.0009485984084302466,0.0063239893895349775,0.0045171352782392695
051910,(주)LG화학,대기업,False,비대상,20111,(주)엘지화학,의무,2025,285089257579.0,18216499000000.0,0.015650057542835206,5조 이상,대기업,대형·상시,지원비 가동시간만,270435216.0,0.0009485984084302466,0.0063239893895349775,0.0045171352782392695
000080,하이트진로(주),중견,False,비대상,11122,하이트진로(주),의무,2025,13814364196.0,2240431695323.0,0.006165938566588794,1조~5조,중견-비대상,소형·업무시간,지원비 상시,43110960.0,0.003120734287031678,0.020804895246877855,0.014860639462055611
000080,하이트진로(주),중견,False,비대상,11122,하이트진로(주),의무,2025,13814364196.0,2240431695323.0,0.006165938566588794,1조~5조,중견-비대상,소형·업무시간,지원비 가동시간만,18031200.0,0.0013052500820284584,0.008701667213523057,0.006215476581087898
000080,하이트진로(주),중견,False,비대상,11122,하이트진로(주),의무,2025,13814364196.0,2240431695323.0,0.006165938566588794,1조~5조,중견-비대상,소형·상시,지원비 상시,59830800.0,0.0043310570903671575,0.028873713935781052,0.020624081382700752
000080,하이트진로(주),중견,False,비대상,11122,하이트진로(주),의무,2025,13814364196.0,2240431695323.0,0.006165938566588794,1조~5조,중견-비대상,소형·상시,지원비 가동시간만,59830800.0,0.0043310570903671575,0.028873713935781052,0.020624081382700752
000080,하이트진로(주),중견,False,비대상,11122,하이트진로(주),의무,2025,13814364196.0,2240431695323.0,0.006165938566588794,1조~5조,중견-비대상,중형·업무시간,지원비 상시,76288368.0,0.005522394437964042,0.03681596291976028,0.026297116371257343
000080,하이트진로(주),중견,False,비대상,11122,하이트진로(주),의무,2025,13814364196.0,2240431695323.0,0.006165938566588794,1조~5조,중견-비대상,중형·업무시간,지원비 가동시간만,51208608.0,0.003706910232960822,0.024712734886405484,0.01765195349028963
000080,하이트진로(주),중견,False,비대상,11122,하이트진로(주),의무,2025,13814364196.0,2240431695323.0,0.006165938566588794,1조~5조,중견-비대상,중형·상시,지원비 상시,169919472.0,0.012300202136642728,0.08200134757761819,0.058572391126870134
000080,하이트진로(주),중견,False,비대상,11122,하이트진로(주),의무,2025,13814364196.0,2240431695323.0,0.006165938566588794,1조~5조,중견-비대상,중형·상시,지원비 가동시간만,169919472.0,0.012300202136642728,0.08200134757761819,0.058572391126870134
000080,하이트진로(주),중견,False,비대상,11122,하이트진로(주),의무,2025,13814364196.0,2240431695323.0,0.006165938566588794,1조~5조,중견-비대상,대형·상시,지원비 상시,270435216.0,0.019576378048459554,0.13050918698973035,0.0932208478498074
000080,하이트진로(주),중견,False,비대상,11122,하이트진로(주),의무,2025,13814364196.0,2240431695323.0,0.006165938566588794,1조~5조,중견-비대상,대형·상시,지원비 가동시간만,270435216.0,0.019576378048459554,0.13050918698973035,0.0932208478498074
075580,(주)세진중공업,중견,False,비대상,31114,(주)세진중공업,의무,2025,1042000767.0,366130145053.0,0.002845984634368642,3천억~5천억,중견-비대상,소형·업무시간,지원비 상시,43110960.0,0.04137325169550475,0.2758216779700317,0.19701548426430834
075580,(주)세진중공업,중견,False,비대상,31114,(주)세진중공업,의무,2025,1042000767.0,366130145053.0,0.002845984634368642,3천억~5천억,중견-비대상,소형·업무시간,지원비 가동시간만,18031200.0,0.017304401849830883,0.11536267899887258,0.08240191357062326
075580,(주)세진중공업,중견,False,비대상,31114,(주)세진중공업,의무,2025,1042000767.0,366130145053.0,0.002845984634368642,3천억~5천억,중견-비대상,소형·상시,지원비 상시,59830800.0,0.05741915159262066,0.38279434395080447,0.2734245313934317
075580,(주)세진중공업,중견,False,비대상,31114,(주)세진중공업,의무,2025,1042000767.0,366130145053.0,0.002845984634368642,3천억~5천억,중견-비대상,소형·상시,지원비 가동시간만,59830800.0,0.05741915159262066,0.38279434395080447,0.2734245313934317
075580,(주)세진중공업,중견,False,비대상,31114,(주)세진중공업,의무,2025,1042000767.0,366130145053.0,0.002845984634368642,3천억~5천억,중견-비대상,중형·업무시간,지원비 상시,76288368.0,0.07321335109919358,0.48808900732795724,0.3486350052342551
075580,(주)세진중공업,중견,False,비대상,31114,(주)세진중공업,의무,2025,1042000767.0,366130145053.0,0.002845984634368642,3천억~5천억,중견-비대상,중형·업무시간,지원비 가동시간만,51208608.0,0.04914450125351971,0.3276300083567981,0.23402143454057006
075580,(주)세진중공업,중견,False,비대상,31114,(주)세진중공업,의무,2025,1042000767.0,366130145053.0,0.002845984634368642,3천억~5천억,중견-비대상,중형·상시,지원비 상시,169919472.0,0.16307039052304267,1.0871359368202846,0.7765256691573461
075580,(주)세진중공업,중견,False,비대상,31114,(주)세진중공업,의무,2025,1042000767.0,366130145053.0,0.002845984634368642,3천억~5천억,중견-비대상,중형·상시,지원비 가동시간만,169919472.0,0.16307039052304267,1.0871359368202846,0.7765256691573461
075580,(주)세진중공업,중견,False,비대상,31114,(주)세진중공업,의무,2025,1042000767.0,366130145053.0,0.002845984634368642,3천억~5천억,중견-비대상,대형·상시,지원비 상시,270435216.0,0.2595345651986454,1.730230434657636,1.2358788818983113
075580,(주)세진중공업,중견,False,비대상,31114,(주)세진중공업,의무,2025,1042000767.0,366130145053.0,0.002845984634368642,3천억~5천억,중견-비대상,대형·상시,지원비 가동시간만,270435216.0,0.2595345651986454,1.730230434657636,1.2358788818983113
100090,에스케이오션플랜트(주),대기업,False,1차(2027),2413,SK오션플랜트,의무,2025,2983770799.0,928915090551.0,0.0032121028384091933,5천억~1조,대기업,소형·업무시간,지원비 상시,43110960.0,0.014448482441898178,0.0963232162793212,0.06880229734237228
100090,에스케이오션플랜트(주),대기업,False,1차(2027),2413,SK오션플랜트,의무,2025,2983770799.0,928915090551.0,0.0032121028384091933,5천억~1조,대기업,소형·업무시간,지원비 가동시간만,18031200.0,0.006043091515622812,0.04028727677081875,0.02877662626487054
100090,에스케이오션플랜트(주),대기업,False,1차(2027),2413,SK오션플랜트,의무,2025,2983770799.0,928915090551.0,0.0032121028384091933,5천억~1조,대기업,소형·상시,지원비 상시,59830800.0,0.020052076392748423,0.1336805092849895,0.09548607806070679
100090,에스케이오션플랜트(주),대기업,False,1차(2027),2413,SK오션플랜트,의무,2025,2983770799.0,928915090551.0,0.0032121028384091933,5천억~1조,대기업,소형·상시,지원비 가동시간만,59830800.0,0.020052076392748423,0.1336805092849895,0.09548607806070679
100090,에스케이오션플랜트(주),대기업,False,1차(2027),2413,SK오션플랜트,의무,2025,2983770799.0,928915090551.0,0.0032121028384091933,5천억~1조,대기업,중형·업무시간,지원비 상시,76288368.0,0.025567770830644154,0.1704518055376277,0.12175128966973407
100090,에스케이오션플랜트(주),대기업,False,1차(2027),2413,SK오션플랜트,의무,2025,2983770799.0,928915090551.0,0.0032121028384091933,5천억~1조,대기업,중형·업무시간,지원비 가동시간만,51208608.0,0.017162379904368787,0.11441586602912526,0.08172561859223232
100090,에스케이오션플랜트(주),대기업,False,1차(2027),2413,SK오션플랜트,의무,2025,2983770799.0,928915090551.0,0.0032121028384091933,5천억~1조,대기업,중형·상시,지원비 상시,169919472.0,0.05694789695540552,0.3796526463693702,0.2711804616924073
100090,에스케이오션플랜트(주),대기업,False,1차(2027),2413,SK오션플랜트,의무,2025,2983770799.0,928915090551.0,0.0032121028384091933,5천억~1조,대기업,중형·상시,지원비 가동시간만,169919472.0,0.05694789695540552,0.3796526463693702,0.2711804616924073
100090,에스케이오션플랜트(주),대기업,False,1차(2027),2413,SK오션플랜트,의무,2025,2983770799.0,928915090551.0,0.0032121028384091933,5천억~1조,대기업,대형·상시,지원비 상시,270435216.0,0.09063538529522287,0.6042359019681526,0.43159707283439463
100090,에스케이오션플랜트(주),대기업,False,1차(2027),2413,SK오션플랜트,의무,2025,2983770799.0,928915090551.0,0.0032121028384091933,5천억~1조,대기업,대형·상시,지원비 가동시간만,270435216.0,0.09063538529522287,0.6042359019681526,0.43159707283439463
120110,코오롱인더스트리(주),대기업,False,비대상,205,코오롱인더스트리(주),의무,2025,77056976736.0,3986810597353.0,0.01932797529613299,1조~5조,대기업,소형·업무시간,지원비 상시,43110960.0,0.0005594686143436397,0.0037297907622909315,0.002664136258779237
120110,코오롱인더스트리(주),대기업,False,비대상,205,코오롱인더스트리(주),의무,2025,77056976736.0,3986810597353.0,0.01932797529613299,1조~5조,대기업,소형·업무시간,지원비 가동시간만,18031200.0,0.0002339982797634995,0.0015599885317566634,0.001114277522683331
120110,코오롱인더스트리(주),대기업,False,비대상,205,코오롱인더스트리(주),의무,2025,77056976736.0,3986810597353.0,0.01932797529613299,1조~5조,대기업,소형·상시,지원비 상시,59830800.0,0.0007764488373970665,0.00517632558264711,0.0036973754161765075
120110,코오롱인더스트리(주),대기업,False,비대상,205,코오롱인더스트리(주),의무,2025,77056976736.0,3986810597353.0,0.01932797529613299,1조~5조,대기업,소형·상시,지원비 가동시간만,59830800.0,0.0007764488373970665,0.00517632558264711,0.0036973754161765075
120110,코오롱인더스트리(주),대기업,False,비대상,205,코오롱인더스트리(주),의무,2025,77056976736.0,3986810597353.0,0.01932797529613299,1조~5조,대기업,중형·업무시간,지원비 상시,76288368.0,0.0009900254491084788,0.006600169660723192,0.004714406900516566
120110,코오롱인더스트리(주),대기업,False,비대상,205,코오롱인더스트리(주),의무,2025,77056976736.0,3986810597353.0,0.01932797529613299,1조~5조,대기업,중형·업무시간,지원비 가동시간만,51208608.0,0.0006645551145283386,0.004430367430188924,0.00316454816442066
120110,코오롱인더스트리(주),대기업,False,비대상,205,코오롱인더스트리(주),의무,2025,77056976736.0,3986810597353.0,0.01932797529613299,1조~5조,대기업,중형·상시,지원비 상시,169919472.0,0.002205114698207669,0.014700764654717794,0.010500546181941281
120110,코오롱인더스트리(주),대기업,False,비대상,205,코오롱인더스트리(주),의무,2025,77056976736.0,3986810597353.0,0.01932797529613299,1조~5조,대기업,중형·상시,지원비 가동시간만,169919472.0,0.002205114698207669,0.014700764654717794,0.010500546181941281
120110,코오롱인더스트리(주),대기업,False,비대상,205,코오롱인더스트리(주),의무,2025,77056976736.0,3986810597353.0,0.01932797529613299,1조~5조,대기업,대형·상시,지원비 상시,270435216.0,0.0035095487450347404,0.02339699163356494,0.016712136881117813
120110,코오롱인더스트리(주),대기업,False,비대상,205,코오롱인더스트리(주),의무,2025,77056976736.0,3986810597353.0,0.01932797529613299,1조~5조,대기업,대형·상시,지원비 가동시간만,270435216.0,0.0035095487450347404,0.02339699163356494,0.016712136881117813
329180,에이치디현대중공업(주),대기업,False,비대상,31113,HD현대중공업 주식회사,의무,2025,132840515924.0,17569457486000.0,0.007560877507450204,5조 이상,대기업,소형·업무시간,지원비 상시,43110960.0,0.00032453171158010563,0.0021635447438673712,0.001545389102762408
329180,에이치디현대중공업(주),대기업,False,비대상,31113,HD현대중공업 주식회사,의무,2025,132840515924.0,17569457486000.0,0.007560877507450204,5조 이상,대기업,소형·업무시간,지원비 가동시간만,18031200.0,0.0001357356968585993,0.0009049046457239955,0.0006463604612314255
329180,에이치디현대중공업(주),대기업,False,비대상,31113,HD현대중공업 주식회사,의무,2025,132840515924.0,17569457486000.0,0.007560877507450204,5조 이상,대기업,소형·상시,지원비 상시,59830800.0,0.0004503957213944432,0.0030026381426296214,0.0021447415304497296
329180,에이치디현대중공업(주),대기업,False,비대상,31113,HD현대중공업 주식회사,의무,2025,132840515924.0,17569457486000.0,0.007560877507450204,5조 이상,대기업,소형·상시,지원비 가동시간만,59830800.0,0.0004503957213944432,0.0030026381426296214,0.0021447415304497296
329180,에이치디현대중공업(주),대기업,False,비대상,31113,HD현대중공업 주식회사,의무,2025,132840515924.0,17569457486000.0,0.007560877507450204,5조 이상,대기업,중형·업무시간,지원비 상시,76288368.0,0.0005742853937999284,0.003828569291999523,0.0027346923514282306
329180,에이치디현대중공업(주),대기업,False,비대상,31113,HD현대중공업 주식회사,의무,2025,132840515924.0,17569457486000.0,0.007560877507450204,5조 이상,대기업,중형·업무시간,지원비 가동시간만,51208608.0,0.00038548937907842206,0.002569929193856147,0.0018356637098972482
329180,에이치디현대중공업(주),대기업,False,비대상,31113,HD현대중공업 주식회사,의무,2025,132840515924.0,17569457486000.0,0.007560877507450204,5조 이상,대기업,중형·상시,지원비 상시,169919472.0,0.0012791238487602186,0.008527492325068125,0.006091065946477232
329180,에이치디현대중공업(주),대기업,False,비대상,31113,HD현대중공업 주식회사,의무,2025,132840515924.0,17569457486000.0,0.007560877507450204,5조 이상,대기업,중형·상시,지원비 가동시간만,169919472.0,0.0012791238487602186,0.008527492325068125,0.006091065946477232
329180,에이치디현대중공업(주),대기업,False,비대상,31113,HD현대중공업 주식회사,의무,2025,132840515924.0,17569457486000.0,0.007560877507450204,5조 이상,대기업,대형·상시,지원비 상시,270435216.0,0.002035788660702883,0.01357192440468589,0.009694231717632779
329180,에이치디현대중공업(주),대기업,False,비대상,31113,HD현대중공업 주식회사,의무,2025,132840515924.0,17569457486000.0,0.007560877507450204,5조 이상,대기업,대형·상시,지원비 가동시간만,270435216.0,0.002035788660702883,0.01357192440468589,0.009694231717632779
014680,(주)한솔케미칼,중견,False,비대상,20129,한솔케미칼,의무,2025,5107254796.0,683182182594.0,0.007475685001924484,5천억~1조,중견-비대상,소형·업무시간,지원비 상시,43110960.0,0.008441121839811964,0.05627414559874643,0.04019581828481888
014680,(주)한솔케미칼,중견,False,비대상,20129,한솔케미칼,의무,2025,5107254796.0,683182182594.0,0.007475685001924484,5천억~1조,중견-비대상,소형·업무시간,지원비 가동시간만,18031200.0,0.00353050723338143,0.023536714889209536,0.01681193920657824
014680,(주)한솔케미칼,중견,False,비대상,20129,한솔케미칼,의무,2025,5107254796.0,683182182594.0,0.007475685001924484,5천억~1조,중견-비대상,소형·상시,지원비 상시,59830800.0,0.011714864910765654,0.07809909940510436,0.05578507100364598
014680,(주)한솔케미칼,중견,False,비대상,20129,한솔케미칼,의무,2025,5107254796.0,683182182594.0,0.007475685001924484,5천억~1조,중견-비대상,소형·상시,지원비 가동시간만,59830800.0,0.011714864910765654,0.07809909940510436,0.05578507100364598
014680,(주)한솔케미칼,중견,False,비대상,20129,한솔케미칼,의무,2025,5107254796.0,683182182594.0,0.007475685001924484,5천억~1조,중견-비대상,중형·업무시간,지원비 상시,76288368.0,0.014937255149233795,0.09958170099489197,0.07112978642492283
014680,(주)한솔케미칼,중견,False,비대상,20129,한솔케미칼,의무,2025,5107254796.0,683182182594.0,0.007475685001924484,5천억~1조,중견-비대상,중형·업무시간,지원비 가동시간만,51208608.0,0.01002664054280326,0.06684427028535508,0.0477459073466822
014680,(주)한솔케미칼,중견,False,비대상,20129,한솔케미칼,의무,2025,5107254796.0,683182182594.0,0.007475685001924484,5천억~1조,중견-비대상,중형·상시,지원비 상시,169919472.0,0.033270216346574455,0.2218014423104964,0.15842960165035458
014680,(주)한솔케미칼,중견,False,비대상,20129,한솔케미칼,의무,2025,5107254796.0,683182182594.0,0.007475685001924484,5천억~1조,중견-비대상,중형·상시,지원비 가동시간만,169919472.0,0.033270216346574455,0.2218014423104964,0.15842960165035458
014680,(주)한솔케미칼,중견,False,비대상,20129,한솔케미칼,의무,2025,5107254796.0,683182182594.0,0.007475685001924484,5천억~1조,중견-비대상,대형·상시,지원비 상시,270435216.0,0.052951189396660756,0.3530079293110717,0.2521485209364798
014680,(주)한솔케미칼,중견,False,비대상,20129,한솔케미칼,의무,2025,5107254796.0,683182182594.0,0.007475685001924484,5천억~1조,중견-비대상,대형·상시,지원비 가동시간만,270435216.0,0.052951189396660756,0.3530079293110717,0.2521485209364798
099440,(주) 스맥,중견,False,2차 후보-약,29221,스맥,의무,2025,1680444717.0,139944204458.0,0.012007962198279775,3천억 미만,중견-비대상,소형·업무시간,지원비 상시,43110960.0,0.025654494648870974,0.1710299643258065,0.12216426023271894
099440,(주) 스맥,중견,False,2차 후보-약,29221,스맥,의무,2025,1680444717.0,139944204458.0,0.012007962198279775,3천억 미만,중견-비대상,소형·업무시간,지원비 가동시간만,18031200.0,0.010730016773292043,0.07153344515528029,0.05109531796805735
099440,(주) 스맥,중견,False,2차 후보-약,29221,스맥,의무,2025,1680444717.0,139944204458.0,0.012007962198279775,3천억 미만,중견-비대상,소형·상시,지원비 상시,59830800.0,0.035604146565923596,0.23736097710615733,0.16954355507582666
099440,(주) 스맥,중견,False,2차 후보-약,29221,스맥,의무,2025,1680444717.0,139944204458.0,0.012007962198279775,3천억 미만,중견-비대상,소형·상시,지원비 가동시간만,59830800.0,0.035604146565923596,0.23736097710615733,0.16954355507582666
099440,(주) 스맥,중견,False,2차 후보-약,29221,스맥,의무,2025,1680444717.0,139944204458.0,0.012007962198279775,3천억 미만,중견-비대상,중형·업무시간,지원비 상시,76288368.0,0.04539772551172833,0.30265150341152225,0.21617964529394446
099440,(주) 스맥,중견,False,2차 후보-약,29221,스맥,의무,2025,1680444717.0,139944204458.0,0.012007962198279775,3천억 미만,중견-비대상,중형·업무시간,지원비 가동시간만,51208608.0,0.030473247636149402,0.203154984240996,0.14511070302928286
099440,(주) 스맥,중견,False,2차 후보-약,29221,스맥,의무,2025,1680444717.0,139944204458.0,0.012007962198279775,3천억 미만,중견-비대상,중형·상시,지원비 상시,169919472.0,0.10111577624722301,0.6741051749814868,0.4815036964153477
099440,(주) 스맥,중견,False,2차 후보-약,29221,스맥,의무,2025,1680444717.0,139944204458.0,0.012007962198279775,3천억 미만,중견-비대상,중형·상시,지원비 가동시간만,169919472.0,0.10111577624722301,0.6741051749814868,0.4815036964153477
099440,(주) 스맥,중견,False,2차 후보-약,29221,스맥,의무,2025,1680444717.0,139944204458.0,0.012007962198279775,3천억 미만,중견-비대상,대형·상시,지원비 상시,270435216.0,0.16093074247797465,1.072871616519831,0.7663368689427364
099440,(주) 스맥,중견,False,2차 후보-약,29221,스맥,의무,2025,1680444717.0,139944204458.0,0.012007962198279775,3천억 미만,중견-비대상,대형·상시,지원비 가동시간만,270435216.0,0.16093074247797465,1.072871616519831,0.7663368689427364
237880,(주)클리오,중견,False,비대상,20423,(주) 클리오,의무,2025,2401038878.0,317427787811.0,0.00756404754151393,3천억~5천억,중견-비대상,소형·업무시간,지원비 상시,43110960.0,0.017955127838625528,0.11970085225750351,0.08550060875535966
237880,(주)클리오,중견,False,비대상,20423,(주) 클리오,의무,2025,2401038878.0,317427787811.0,0.00756404754151393,3천억~5천억,중견-비대상,소형·업무시간,지원비 가동시간만,18031200.0,0.007509749286117141,0.05006499524078094,0.0357607108862721
237880,(주)클리오,중견,False,비대상,20423,(주) 클리오,의무,2025,2401038878.0,317427787811.0,0.00756404754151393,3천억~5천억,중견-비대상,소형·상시,지원비 상시,59830800.0,0.024918713540297784,0.16612475693531856,0.1186605406680847
237880,(주)클리오,중견,False,비대상,20423,(주) 클리오,의무,2025,2401038878.0,317427787811.0,0.00756404754151393,3천억~5천억,중견-비대상,소형·상시,지원비 가동시간만,59830800.0,0.024918713540297784,0.16612475693531856,0.1186605406680847
237880,(주)클리오,중견,False,비대상,20423,(주) 클리오,의무,2025,2401038878.0,317427787811.0,0.00756404754151393,3천억~5천억,중견-비대상,중형·업무시간,지원비 상시,76288368.0,0.031773066525081065,0.21182044350054044,0.15130031678610031
237880,(주)클리오,중견,False,비대상,20423,(주) 클리오,의무,2025,2401038878.0,317427787811.0,0.00756404754151393,3천억~5천억,중견-비대상,중형·업무시간,지원비 가동시간만,51208608.0,0.02132768797257268,0.14218458648381788,0.10156041891701276
237880,(주)클리오,중견,False,비대상,20423,(주) 클리오,의무,2025,2401038878.0,317427787811.0,0.00756404754151393,3천억~5천억,중견-비대상,중형·상시,지원비 상시,169919472.0,0.07076914645444571,0.47179430969630476,0.3369959354973605
237880,(주)클리오,중견,False,비대상,20423,(주) 클리오,의무,2025,2401038878.0,317427787811.0,0.00756404754151393,3천억~5천억,중견-비대상,중형·상시,지원비 가동시간만,169919472.0,0.07076914645444571,0.47179430969630476,0.3369959354973605
237880,(주)클리오,중견,False,비대상,20423,(주) 클리오,의무,2025,2401038878.0,317427787811.0,0.00756404754151393,3천억~5천억,중견-비대상,대형·상시,지원비 상시,270435216.0,0.11263258520214599,0.7508839013476399,0.5363456438197428
237880,(주)클리오,중견,False,비대상,20423,(주) 클리오,의무,2025,2401038878.0,317427787811.0,0.00756404754151393,3천억~5천억,중견-비대상,대형·상시,지원비 가동시간만,270435216.0,0.11263258520214599,0.7508839013476399,0.5363456438197428
005930,삼성전자(주),대기업,False,비대상,264,삼성전자(주),의무,2025,11389803827153.0,238043009000000.0,0.04784767204464719,5조 이상,대기업,소형·업무시간,지원비 상시,43110960.0,3.78504850954716e-06,2.52336567303144e-05,1.8024040521653143e-05
005930,삼성전자(주),대기업,False,비대상,264,삼성전자(주),의무,2025,11389803827153.0,238043009000000.0,0.04784767204464719,5조 이상,대기업,소형·업무시간,지원비 가동시간만,18031200.0,1.5831001370729565e-06,1.055400091381971e-05,7.538572081299794e-06
005930,삼성전자(주),대기업,False,비대상,264,삼성전자(주),의무,2025,11389803827153.0,238043009000000.0,0.04784767204464719,5조 이상,대기업,소형·상시,지원비 상시,59830800.0,5.2530140911966284e-06,3.502009394131086e-05,2.5014352815222043e-05
005930,삼성전자(주),대기업,False,비대상,264,삼성전자(주),의무,2025,11389803827153.0,238043009000000.0,0.04784767204464719,5조 이상,대기업,소형·상시,지원비 가동시간만,59830800.0,5.2530140911966284e-06,3.502009394131086e-05,2.5014352815222043e-05
005930,삼성전자(주),대기업,False,비대상,264,삼성전자(주),의무,2025,11389803827153.0,238043009000000.0,0.04784767204464719,5조 이상,대기업,중형·업무시간,지원비 상시,76288368.0,6.6979527617614e-06,4.4653018411742665e-05,3.189501315124476e-05
005930,삼성전자(주),대기업,False,비대상,264,삼성전자(주),의무,2025,11389803827153.0,238043009000000.0,0.04784767204464719,5조 이상,대기업,중형·업무시간,지원비 가동시간만,51208608.0,4.496004389287197e-06,2.9973362595247978e-05,2.1409544710891414e-05
005930,삼성전자(주),대기업,False,비대상,264,삼성전자(주),의무,2025,11389803827153.0,238043009000000.0,0.04784767204464719,5조 이상,대기업,중형·상시,지원비 상시,169919472.0,1.4918560018998426e-05,9.945706679332285e-05,7.10407619952306e-05
005930,삼성전자(주),대기업,False,비대상,264,삼성전자(주),의무,2025,11389803827153.0,238043009000000.0,0.04784767204464719,5조 이상,대기업,중형·상시,지원비 가동시간만,169919472.0,1.4918560018998426e-05,9.945706679332285e-05,7.10407619952306e-05
005930,삼성전자(주),대기업,False,비대상,264,삼성전자(주),의무,2025,11389803827153.0,238043009000000.0,0.04784767204464719,5조 이상,대기업,대형·상시,지원비 상시,270435216.0,2.3743623692208762e-05,0.00015829082461472509,0.00011306487472480363
005930,삼성전자(주),대기업,False,비대상,264,삼성전자(주),의무,2025,11389803827153.0,238043009000000.0,0.04784767204464719,5조 이상,대기업,대형·상시,지원비 가동시간만,270435216.0,2.3743623692208762e-05,0.00015829082461472509,0.00011306487472480363
281820,(주)케이씨텍,중견,False,2차 후보-약,272,케이씨텍,의무,2025,4605619154.0,383391616140.0,0.01201283220632087,3천억~5천억,중견-비대상,소형·업무시간,지원비 상시,43110960.0,0.009360513442054354,0.062403422947029025,0.044573873533592163
281820,(주)케이씨텍,중견,False,2차 후보-약,272,케이씨텍,의무,2025,4605619154.0,383391616140.0,0.01201283220632087,3천억~5천억,중견-비대상,소형·업무시간,지원비 가동시간만,18031200.0,0.003915043644965699,0.026100290966437994,0.018643064976027142
281820,(주)케이씨텍,중견,False,2차 후보-약,272,케이씨텍,의무,2025,4605619154.0,383391616140.0,0.01201283220632087,3천억~5천억,중견-비대상,소형·상시,지원비 상시,59830800.0,0.012990826640113456,0.0866055109340897,0.061861079238635513
281820,(주)케이씨텍,중견,False,2차 후보-약,272,케이씨텍,의무,2025,4605619154.0,383391616140.0,0.01201283220632087,3천억~5천억,중견-비대상,소형·상시,지원비 가동시간만,59830800.0,0.012990826640113456,0.0866055109340897,0.061861079238635513
281820,(주)케이씨텍,중견,False,2차 후보-약,272,케이씨텍,의무,2025,4605619154.0,383391616140.0,0.01201283220632087,3천억~5천억,중견-비대상,중형·업무시간,지원비 상시,76288368.0,0.01656419374879124,0.11042795832527492,0.0788771130894821
281820,(주)케이씨텍,중견,False,2차 후보-약,272,케이씨텍,의무,2025,4605619154.0,383391616140.0,0.01201283220632087,3천억~5천억,중견-비대상,중형·업무시간,지원비 가동시간만,51208608.0,0.011118723951702585,0.0741248263446839,0.05294630453191708
281820,(주)케이씨텍,중견,False,2차 후보-약,272,케이씨텍,의무,2025,4605619154.0,383391616140.0,0.01201283220632087,3천억~5천억,중견-비대상,중형·상시,지원비 상시,169919472.0,0.03689394765792221,0.24595965105281478,0.17568546503772486
281820,(주)케이씨텍,중견,False,2차 후보-약,272,케이씨텍,의무,2025,4605619154.0,383391616140.0,0.01201283220632087,3천억~5천억,중견-비대상,중형·상시,지원비 가동시간만,169919472.0,0.03689394765792221,0.24595965105281478,0.17568546503772486
281820,(주)케이씨텍,중견,False,2차 후보-약,272,케이씨텍,의무,2025,4605619154.0,383391616140.0,0.01201283220632087,3천억~5천억,중견-비대상,대형·상시,지원비 상시,270435216.0,0.05871853641331282,0.3914569094220855,0.27961207815863254
281820,(주)케이씨텍,중견,False,2차 후보-약,272,케이씨텍,의무,2025,4605619154.0,383391616140.0,0.01201283220632087,3천억~5천억,중견-비대상,대형·상시,지원비 가동시간만,270435216.0,0.05871853641331282,0.3914569094220855,0.27961207815863254
004890,동일산업(주),중견,False,1차(2027),24113,,의무,2024,482121275.0,364079439303.0,0.0013242199996873795,3천억~5천억,중견-1차(2027),소형·업무시간,지원비 상시,43110960.0,0.08941932711847242,0.5961288474564828,0.42580631961177345
004890,동일산업(주),중견,False,1차(2027),24113,,의무,2024,482121275.0,364079439303.0,0.0013242199996873795,3천억~5천억,중견-1차(2027),소형·업무시간,지원비 가동시간만,18031200.0,0.037399718566661466,0.24933145711107646,0.1780938979364832
004890,동일산업(주),중견,False,1차(2027),24113,,의무,2024,482121275.0,364079439303.0,0.0013242199996873795,3천억~5천억,중견-1차(2027),소형·상시,지원비 상시,59830800.0,0.12409906615301305,0.8273271076867537,0.5909479340619669
004890,동일산업(주),중견,False,1차(2027),24113,,의무,2024,482121275.0,364079439303.0,0.0013242199996873795,3천억~5천억,중견-1차(2027),소형·상시,지원비 가동시간만,59830800.0,0.12409906615301305,0.8273271076867537,0.5909479340619669
004890,동일산업(주),중견,False,1차(2027),24113,,의무,2024,482121275.0,364079439303.0,0.0013242199996873795,3천억~5천억,중견-1차(2027),중형·업무시간,지원비 상시,76288368.0,0.1582348092811295,1.0548987285408635,0.7534990918149025
004890,동일산업(주),중견,False,1차(2027),24113,,의무,2024,482121275.0,364079439303.0,0.0013242199996873795,3천억~5천억,중견-1차(2027),중형·업무시간,지원비 가동시간만,51208608.0,0.10621520072931857,0.7081013381954572,0.5057866701396122
004890,동일산업(주),중견,False,1차(2027),24113,,의무,2024,482121275.0,364079439303.0,0.0013242199996873795,3천억~5천억,중견-1차(2027),중형·상시,지원비 상시,169919472.0,0.35244134787455705,2.3496089858303804,1.678292132735986
004890,동일산업(주),중견,False,1차(2027),24113,,의무,2024,482121275.0,364079439303.0,0.0013242199996873795,3천억~5천억,중견-1차(2027),중형·상시,지원비 가동시간만,169919472.0,0.35244134787455705,2.3496089858303804,1.678292132735986
004890,동일산업(주),중견,False,1차(2027),24113,,의무,2024,482121275.0,364079439303.0,0.0013242199996873795,3천억~5천억,중견-1차(2027),대형·상시,지원비 상시,270435216.0,0.560927779011619,3.739518526744127,2.6710846619600908
004890,동일산업(주),중견,False,1차(2027),24113,,의무,2024,482121275.0,364079439303.0,0.0013242199996873795,3천억~5천억,중견-1차(2027),대형·상시,지원비 가동시간만,270435216.0,0.560927779011619,3.739518526744127,2.6710846619600908
122350,(주)삼기,중견,False,"2차(2028, 제품명 확인)",303,주식회사 삼기,의무,2025,2304585915.0,489356402339.0,0.004709422220665064,3천억~5천억,중견-2차(2028),소형·업무시간,지원비 상시,43110960.0,0.018706597015715944,0.12471064677143963,0.08907903340817117
122350,(주)삼기,중견,False,"2차(2028, 제품명 확인)",303,주식회사 삼기,의무,2025,2304585915.0,489356402339.0,0.004709422220665064,3천억~5천억,중견-2차(2028),소형·업무시간,지원비 가동시간만,18031200.0,0.00782405198375952,0.052160346558396804,0.03725739039885486
122350,(주)삼기,중견,False,"2차(2028, 제품명 확인)",303,주식회사 삼기,의무,2025,2304585915.0,489356402339.0,0.004709422220665064,3천억~5천억,중견-2차(2028),소형·상시,지원비 상시,59830800.0,0.025961627037020228,0.17307751358013485,0.12362679541438204
122350,(주)삼기,중견,False,"2차(2028, 제품명 확인)",303,주식회사 삼기,의무,2025,2304585915.0,489356402339.0,0.004709422220665064,3천억~5천억,중견-2차(2028),소형·상시,지원비 가동시간만,59830800.0,0.025961627037020228,0.17307751358013485,0.12362679541438204
122350,(주)삼기,중견,False,"2차(2028, 제품명 확인)",303,주식회사 삼기,의무,2025,2304585915.0,489356402339.0,0.004709422220665064,3천억~5천억,중견-2차(2028),중형·업무시간,지원비 상시,76288368.0,0.03310285266583346,0.22068568443888975,0.15763263174206413
122350,(주)삼기,중견,False,"2차(2028, 제품명 확인)",303,주식회사 삼기,의무,2025,2304585915.0,489356402339.0,0.004709422220665064,3천억~5천억,중견-2차(2028),중형·업무시간,지원비 가동시간만,51208608.0,0.02222030763387704,0.14813538422584693,0.1058109887327478
122350,(주)삼기,중견,False,"2차(2028, 제품명 확인)",303,주식회사 삼기,의무,2025,2304585915.0,489356402339.0,0.004709422220665064,3천억~5천억,중견-2차(2028),중형·상시,지원비 상시,169919472.0,0.07373102078513745,0.491540138567583,0.351100098976845
122350,(주)삼기,중견,False,"2차(2028, 제품명 확인)",303,주식회사 삼기,의무,2025,2304585915.0,489356402339.0,0.004709422220665064,3천억~5천억,중견-2차(2028),중형·상시,지원비 가동시간만,169919472.0,0.07373102078513745,0.491540138567583,0.351100098976845
122350,(주)삼기,중견,False,"2차(2028, 제품명 확인)",303,주식회사 삼기,의무,2025,2304585915.0,489356402339.0,0.004709422220665064,3천억~5천억,중견-2차(2028),대형·상시,지원비 상시,270435216.0,0.11734655420733144,0.7823103613822096,0.5587931152730068
122350,(주)삼기,중견,False,"2차(2028, 제품명 확인)",303,주식회사 삼기,의무,2025,2304585915.0,489356402339.0,0.004709422220665064,3천억~5천억,중견-2차(2028),대형·상시,지원비 가동시간만,270435216.0,0.11734655420733144,0.7823103613822096,0.5587931152730068
002350,넥센타이어(주),중견,False,비대상,221,넥센타이어 (주),의무,2025,21996318609.0,2129969990147.0,0.010327055644329487,1조~5조,중견-비대상,소형·업무시간,지원비 상시,43110960.0,0.001959917055500403,0.01306611370333602,0.00933293835952573
002350,넥센타이어(주),중견,False,비대상,221,넥센타이어 (주),의무,2025,21996318609.0,2129969990147.0,0.010327055644329487,1조~5조,중견-비대상,소형·업무시간,지원비 가동시간만,18031200.0,0.0008197371715020697,0.005464914476680465,0.0039035103404860467
002350,넥센타이어(주),중견,False,비대상,221,넥센타이어 (주),의무,2025,21996318609.0,2129969990147.0,0.010327055644329487,1조~5조,중견-비대상,소형·상시,지원비 상시,59830800.0,0.0027200369781659587,0.018133579854439724,0.012952557038885518
002350,넥센타이어(주),중견,False,비대상,221,넥센타이어 (주),의무,2025,21996318609.0,2129969990147.0,0.010327055644329487,1조~5조,중견-비대상,소형·상시,지원비 가동시간만,59830800.0,0.0027200369781659587,0.018133579854439724,0.012952557038885518
002350,넥센타이어(주),중견,False,비대상,221,넥센타이어 (주),의무,2025,21996318609.0,2129969990147.0,0.010327055644329487,1조~5조,중견-비대상,중형·업무시간,지원비 상시,76288368.0,0.0034682334510642114,0.023121556340428076,0.016515397386020057
002350,넥센타이어(주),중견,False,비대상,221,넥센타이어 (주),의무,2025,21996318609.0,2129969990147.0,0.010327055644329487,1조~5조,중견-비대상,중형·업무시간,지원비 가동시간만,51208608.0,0.002328053567065878,0.01552035711377252,0.011085969366980373
002350,넥센타이어(주),중견,False,비대상,221,넥센타이어 (주),의무,2025,21996318609.0,2129969990147.0,0.010327055644329487,1조~5조,중견-비대상,중형·상시,지원비 상시,169919472.0,0.007724905017991322,0.05149936678660882,0.03678526199043487
002350,넥센타이어(주),중견,False,비대상,221,넥센타이어 (주),의무,2025,21996318609.0,2129969990147.0,0.010327055644329487,1조~5조,중견-비대상,중형·상시,지원비 가동시간만,169919472.0,0.007724905017991322,0.05149936678660882,0.03678526199043487
002350,넥센타이어(주),중견,False,비대상,221,넥센타이어 (주),의무,2025,21996318609.0,2129969990147.0,0.010327055644329487,1조~5조,중견-비대상,대형·상시,지원비 상시,270435216.0,0.012294567141310133,0.08196378094206755,0.058545557815762546
002350,넥센타이어(주),중견,False,비대상,221,넥센타이어 (주),의무,2025,21996318609.0,2129969990147.0,0.010327055644329487,1조~5조,중견-비대상,대형·상시,지원비 가동시간만,270435216.0,0.012294567141310133,0.08196378094206755,0.058545557815762546
089470,에이치디씨현대이피(주),대기업,False,비대상,204,HDC현대EP,의무,2025,2092132517.0,793405658477.0,0.0026369014320064225,5천억~1조,대기업,소형·업무시간,지원비 상시,43110960.0,0.020606228166568857,0.13737485444379238,0.09812489603128027
089470,에이치디씨현대이피(주),대기업,False,비대상,204,HDC현대EP,의무,2025,2092132517.0,793405658477.0,0.0026369014320064225,5천억~1조,대기업,소형·업무시간,지원비 가동시간만,18031200.0,0.008618574518336785,0.05745716345557856,0.04104083103969897
089470,에이치디씨현대이피(주),대기업,False,비대상,204,HDC현대EP,의무,2025,2092132517.0,793405658477.0,0.0026369014320064225,5천억~1조,대기업,소형·상시,지원비 상시,59830800.0,0.02859799726539024,0.19065331510260158,0.13618093935900114
089470,에이치디씨현대이피(주),대기업,False,비대상,204,HDC현대EP,의무,2025,2092132517.0,793405658477.0,0.0026369014320064225,5천억~1조,대기업,소형·상시,지원비 가동시간만,59830800.0,0.02859799726539024,0.19065331510260158,0.13618093935900114
089470,에이치디씨현대이피(주),대기업,False,비대상,204,HDC현대EP,의무,2025,2092132517.0,793405658477.0,0.0026369014320064225,5천억~1조,대기업,중형·업무시간,지원비 상시,76288368.0,0.03646440528030854,0.24309603520205694,0.1736400251443264
089470,에이치디씨현대이피(주),대기업,False,비대상,204,HDC현대EP,의무,2025,2092132517.0,793405658477.0,0.0026369014320064225,5천억~1조,대기업,중형·업무시간,지원비 가동시간만,51208608.0,0.02447675163207647,0.1631783442138431,0.1165559601527451
089470,에이치디씨현대이피(주),대기업,False,비대상,204,HDC현대EP,의무,2025,2092132517.0,793405658477.0,0.0026369014320064225,5천억~1조,대기업,중형·상시,지원비 상시,169919472.0,0.08121831223370828,0.5414554148913885,0.3867538677795633
089470,에이치디씨현대이피(주),대기업,False,비대상,204,HDC현대EP,의무,2025,2092132517.0,793405658477.0,0.0026369014320064225,5천억~1조,대기업,중형·상시,지원비 가동시간만,169919472.0,0.08121831223370828,0.5414554148913885,0.3867538677795633
089470,에이치디씨현대이피(주),대기업,False,비대상,204,HDC현대EP,의무,2025,2092132517.0,793405658477.0,0.0026369014320064225,5천억~1조,대기업,대형·상시,지원비 상시,270435216.0,0.1292629476395639,0.8617529842637592,0.6155378459026852
089470,에이치디씨현대이피(주),대기업,False,비대상,204,HDC현대EP,의무,2025,2092132517.0,793405658477.0,0.0026369014320064225,5천억~1조,대기업,대형·상시,지원비 가동시간만,270435216.0,0.1292629476395639,0.8617529842637592,0.6155378459026852
145990,(주)삼양사,중견,False,비대상,108,(주)삼양사,의무,2025,16008047679.0,1897132847359.0,0.008438021460270858,1조~5조,중견-비대상,소형·업무시간,지원비 상시,43110960.0,0.002693080434571337,0.017953869563808914,0.012824192545577796
145990,(주)삼양사,중견,False,비대상,108,(주)삼양사,의무,2025,16008047679.0,1897132847359.0,0.008438021460270858,1조~5조,중견-비대상,소형·업무시간,지원비 가동시간만,18031200.0,0.0011263834517218519,0.007509223011479013,0.00536373072248501
145990,(주)삼양사,중견,False,비대상,108,(주)삼양사,의무,2025,16008047679.0,1897132847359.0,0.008438021460270858,1조~5조,중견-비대상,소형·상시,지원비 상시,59830800.0,0.003737545089804327,0.02491696726536218,0.017797833760972985
145990,(주)삼양사,중견,False,비대상,108,(주)삼양사,의무,2025,16008047679.0,1897132847359.0,0.008438021460270858,1조~5조,중견-비대상,소형·상시,지원비 가동시간만,59830800.0,0.003737545089804327,0.02491696726536218,0.017797833760972985
145990,(주)삼양사,중견,False,비대상,108,(주)삼양사,의무,2025,16008047679.0,1897132847359.0,0.008438021460270858,1조~5조,중견-비대상,중형·업무시간,지원비 상시,76288368.0,0.004765625985739545,0.0317708399049303,0.022693457074950213
145990,(주)삼양사,중견,False,비대상,108,(주)삼양사,의무,2025,16008047679.0,1897132847359.0,0.008438021460270858,1조~5조,중견-비대상,중형·업무시간,지원비 가동시간만,51208608.0,0.0031989290028900594,0.021326193352600397,0.015232995251857426
145990,(주)삼양사,중견,False,비대상,108,(주)삼양사,의무,2025,16008047679.0,1897132847359.0,0.008438021460270858,1조~5조,중견-비대상,중형·상시,지원비 상시,169919472.0,0.010614628055044288,0.07076418703362859,0.05054584788116328
145990,(주)삼양사,중견,False,비대상,108,(주)삼양사,의무,2025,16008047679.0,1897132847359.0,0.008438021460270858,1조~5조,중견-비대상,중형·상시,지원비 가동시간만,169919472.0,0.010614628055044288,0.07076418703362859,0.05054584788116328
145990,(주)삼양사,중견,False,비대상,108,(주)삼양사,의무,2025,16008047679.0,1897132847359.0,0.008438021460270858,1조~5조,중견-비대상,대형·상시,지원비 상시,270435216.0,0.016893703805915556,0.11262469203943705,0.0804462085995979
145990,(주)삼양사,중견,False,비대상,108,(주)삼양사,의무,2025,16008047679.0,1897132847359.0,0.008438021460270858,1조~5조,중견-비대상,대형·상시,지원비 가동시간만,270435216.0,0.016893703805915556,0.11262469203943705,0.0804462085995979
204320,에이치엘만도(주),중견,False,"2차(2028, 제품명 확인)",303,에이치엘만도 주식회사,의무,2025,44568873718.0,3029657613639.0,0.014710861556552978,1조~5조,중견-2차(2028),소형·업무시간,지원비 상시,43110960.0,0.0009672885223166142,0.006448590148777428,0.004606135820555306
204320,에이치엘만도(주),중견,False,"2차(2028, 제품명 확인)",303,에이치엘만도 주식회사,의무,2025,44568873718.0,3029657613639.0,0.014710861556552978,1조~5조,중견-2차(2028),소형·업무시간,지원비 가동시간만,18031200.0,0.00040456934393470555,0.0026971289595647038,0.0019265206854033599
204320,에이치엘만도(주),중견,False,"2차(2028, 제품명 확인)",303,에이치엘만도 주식회사,의무,2025,44568873718.0,3029657613639.0,0.014710861556552978,1조~5조,중견-2차(2028),소형·상시,지원비 상시,59830800.0,0.0013424346412378866,0.008949564274919244,0.006392545910656603
204320,에이치엘만도(주),중견,False,"2차(2028, 제품명 확인)",303,에이치엘만도 주식회사,의무,2025,44568873718.0,3029657613639.0,0.014710861556552978,1조~5조,중견-2차(2028),소형·상시,지원비 가동시간만,59830800.0,0.0013424346412378866,0.008949564274919244,0.006392545910656603
204320,에이치엘만도(주),중견,False,"2차(2028, 제품명 확인)",303,에이치엘만도 주식회사,의무,2025,44568873718.0,3029657613639.0,0.014710861556552978,1조~5조,중견-2차(2028),중형·업무시간,지원비 상시,76288368.0,0.0017116961151564722,0.011411307434376482,0.008150933881697488
204320,에이치엘만도(주),중견,False,"2차(2028, 제품명 확인)",303,에이치엘만도 주식회사,의무,2025,44568873718.0,3029657613639.0,0.014710861556552978,1조~5조,중견-2차(2028),중형·업무시간,지원비 가동시간만,51208608.0,0.0011489769367745636,0.007659846245163758,0.005471318746545543
204320,에이치엘만도(주),중견,False,"2차(2028, 제품명 확인)",303,에이치엘만도 주식회사,의무,2025,44568873718.0,3029657613639.0,0.014710861556552978,1조~5조,중견-2차(2028),중형·상시,지원비 상시,169919472.0,0.0038125143811155978,0.025416762540770653,0.018154830386264753
204320,에이치엘만도(주),중견,False,"2차(2028, 제품명 확인)",303,에이치엘만도 주식회사,의무,2025,44568873718.0,3029657613639.0,0.014710861556552978,1조~5조,중견-2차(2028),중형·상시,지원비 가동시간만,169919472.0,0.0038125143811155978,0.025416762540770653,0.018154830386264753
204320,에이치엘만도(주),중견,False,"2차(2028, 제품명 확인)",303,에이치엘만도 주식회사,의무,2025,44568873718.0,3029657613639.0,0.014710861556552978,1조~5조,중견-2차(2028),대형·상시,지원비 상시,270435216.0,0.006067804578395247,0.040452030522634984,0.028894307516167846
204320,에이치엘만도(주),중견,False,"2차(2028, 제품명 확인)",303,에이치엘만도 주식회사,의무,2025,44568873718.0,3029657613639.0,0.014710861556552978,1조~5조,중견-2차(2028),대형·상시,지원비 가동시간만,270435216.0,0.006067804578395247,0.040452030522634984,0.028894307516167846
267270,에이치디건설기계(주),대기업,False,2차(2028),29241,에이치디건설기계(주),의무,2025,108420675024.0,2150088763000.0,0.05042613909237942,1조~5조,대기업,소형·업무시간,지원비 상시,43110960.0,0.0003976267440730927,0.0026508449604872846,0.001893460686062346
267270,에이치디건설기계(주),대기업,False,2차(2028),29241,에이치디건설기계(주),의무,2025,108420675024.0,2150088763000.0,0.05042613909237942,1조~5조,대기업,소형·업무시간,지원비 가동시간만,18031200.0,0.00016630776368076119,0.0011087184245384082,0.0007919417318131485
267270,에이치디건설기계(주),대기업,False,2차(2028),29241,에이치디건설기계(주),의무,2025,108420675024.0,2150088763000.0,0.05042613909237942,1조~5조,대기업,소형·상시,지원비 상시,59830800.0,0.0005518393976679803,0.003678929317786536,0.002627806655561811
267270,에이치디건설기계(주),대기업,False,2차(2028),29241,에이치디건설기계(주),의무,2025,108420675024.0,2150088763000.0,0.05042613909237942,1조~5조,대기업,소형·상시,지원비 가동시간만,59830800.0,0.0005518393976679803,0.003678929317786536,0.002627806655561811
267270,에이치디건설기계(주),대기업,False,2차(2028),29241,에이치디건설기계(주),의무,2025,108420675024.0,2150088763000.0,0.05042613909237942,1조~5조,대기업,중형·업무시간,지원비 상시,76288368.0,0.0007036330292456933,0.0046908868616379554,0.0033506334725985393
267270,에이치디건설기계(주),대기업,False,2차(2028),29241,에이치디건설기계(주),의무,2025,108420675024.0,2150088763000.0,0.05042613909237942,1조~5조,대기업,중형·업무시간,지원비 가동시간만,51208608.0,0.00047231404885336183,0.003148760325689079,0.0022491145183493417
267270,에이치디건설기계(주),대기업,False,2차(2028),29241,에이치디건설기계(주),의무,2025,108420675024.0,2150088763000.0,0.05042613909237942,1조~5조,대기업,중형·상시,지원비 상시,169919472.0,0.0015672238893770641,0.010448159262513763,0.007462970901795543
267270,에이치디건설기계(주),대기업,False,2차(2028),29241,에이치디건설기계(주),의무,2025,108420675024.0,2150088763000.0,0.05042613909237942,1조~5조,대기업,중형·상시,지원비 가동시간만,169919472.0,0.0015672238893770641,0.010448159262513763,0.007462970901795543
267270,에이치디건설기계(주),대기업,False,2차(2028),29241,에이치디건설기계(주),의무,2025,108420675024.0,2150088763000.0,0.05042613909237942,1조~5조,대기업,대형·상시,지원비 상시,270435216.0,0.0024943140774592713,0.01662876051639514,0.011877686083139386
267270,에이치디건설기계(주),대기업,False,2차(2028),29241,에이치디건설기계(주),의무,2025,108420675024.0,2150088763000.0,0.05042613909237942,1조~5조,대기업,대형·상시,지원비 가동시간만,270435216.0,0.0024943140774592713,0.01662876051639514,0.011877686083139386
344820,(주)케이씨씨글라스,대기업,False,비대상,2311,주식회사 케이씨씨글라스,의무,2025,18883873412.0,1870911380060.0,0.010093408813085736,1조~5조,대기업,소형·업무시간,지원비 상시,43110960.0,0.0022829511223372524,0.015219674148915018,0.010871195820653583
344820,(주)케이씨씨글라스,대기업,False,비대상,2311,주식회사 케이씨씨글라스,의무,2025,18883873412.0,1870911380060.0,0.010093408813085736,1조~5조,대기업,소형·업무시간,지원비 가동시간만,18031200.0,0.0009548464770231855,0.00636564318015457,0.004546887985824692
344820,(주)케이씨씨글라스,대기업,False,비대상,2311,주식회사 케이씨씨글라스,의무,2025,18883873412.0,1870911380060.0,0.010093408813085736,1조~5조,대기업,소형·상시,지원비 상시,59830800.0,0.003168354219213297,0.021122361461421983,0.015087401043872843
344820,(주)케이씨씨글라스,대기업,False,비대상,2311,주식회사 케이씨씨글라스,의무,2025,18883873412.0,1870911380060.0,0.010093408813085736,1조~5조,대기업,소형·상시,지원비 가동시간만,59830800.0,0.003168354219213297,0.021122361461421983,0.015087401043872843
344820,(주)케이씨씨글라스,대기업,False,비대상,2311,주식회사 케이씨씨글라스,의무,2025,18883873412.0,1870911380060.0,0.010093408813085736,1조~5조,대기업,중형·업무시간,지원비 상시,76288368.0,0.004039868640059913,0.026932457600399428,0.019237469714571017
344820,(주)케이씨씨글라스,대기업,False,비대상,2311,주식회사 케이씨씨글라스,의무,2025,18883873412.0,1870911380060.0,0.010093408813085736,1조~5조,대기업,중형·업무시간,지원비 가동시간만,51208608.0,0.0027117639947458467,0.01807842663163898,0.012913161879742127
344820,(주)케이씨씨글라스,대기업,False,비대상,2311,주식회사 케이씨씨글라스,의무,2025,18883873412.0,1870911380060.0,0.010093408813085736,1조~5조,대기업,중형·상시,지원비 상시,169919472.0,0.008998125982565764,0.059987506550438434,0.04284821896459887
344820,(주)케이씨씨글라스,대기업,False,비대상,2311,주식회사 케이씨씨글라스,의무,2025,18883873412.0,1870911380060.0,0.010093408813085736,1조~5조,대기업,중형·상시,지원비 가동시간만,169919472.0,0.008998125982565764,0.059987506550438434,0.04284821896459887
344820,(주)케이씨씨글라스,대기업,False,비대상,2311,주식회사 케이씨씨글라스,의무,2025,18883873412.0,1870911380060.0,0.010093408813085736,1조~5조,대기업,대형·상시,지원비 상시,270435216.0,0.014320961070844103,0.09547307380562736,0.06819505271830525
344820,(주)케이씨씨글라스,대기업,False,비대상,2311,주식회사 케이씨씨글라스,의무,2025,18883873412.0,1870911380060.0,0.010093408813085736,1조~5조,대기업,대형·상시,지원비 가동시간만,270435216.0,0.014320961070844103,0.09547307380562736,0.06819505271830525
192440,(주)슈피겐코리아,중견,False,비대상,339,슈피겐코리아,의무,2025,3676609735.0,300714916785.0,0.012226229993201965,3천억~5천억,중견-비대상,소형·업무시간,지원비 상시,43110960.0,0.011725737325231774,0.07817158216821182,0.05583684440586559
192440,(주)슈피겐코리아,중견,False,비대상,339,슈피겐코리아,의무,2025,3676609735.0,300714916785.0,0.012226229993201965,3천억~5천억,중견-비대상,소형·업무시간,지원비 가동시간만,18031200.0,0.004904300782416331,0.032695338549442204,0.023353813249601577
192440,(주)슈피겐코리아,중견,False,비대상,339,슈피겐코리아,의무,2025,3676609735.0,300714916785.0,0.012226229993201965,3천억~5천억,중견-비대상,소형·상시,지원비 상시,59830800.0,0.016273361687108735,0.10848907791405824,0.07749219851004159
192440,(주)슈피겐코리아,중견,False,비대상,339,슈피겐코리아,의무,2025,3676609735.0,300714916785.0,0.012226229993201965,3천억~5천억,중견-비대상,소형·상시,지원비 가동시간만,59830800.0,0.016273361687108735,0.10848907791405824,0.07749219851004159
192440,(주)슈피겐코리아,중견,False,비대상,339,슈피겐코리아,의무,2025,3676609735.0,300714916785.0,0.012226229993201965,3천억~5천억,중견-비대상,중형·업무시간,지원비 상시,76288368.0,0.020749650764877822,0.1383310050991855,0.09880786078513248
192440,(주)슈피겐코리아,중견,False,비대상,339,슈피겐코리아,의무,2025,3676609735.0,300714916785.0,0.012226229993201965,3천억~5천억,중견-비대상,중형·업무시간,지원비 가동시간만,51208608.0,0.01392821422206238,0.09285476148041587,0.06632482962886847
192440,(주)슈피겐코리아,중견,False,비대상,339,슈피겐코리아,의무,2025,3676609735.0,300714916785.0,0.012226229993201965,3천억~5천억,중견-비대상,중형·상시,지원비 상시,169919472.0,0.046216347191388805,0.3081089812759254,0.22007784376851813
192440,(주)슈피겐코리아,중견,False,비대상,339,슈피겐코리아,의무,2025,3676609735.0,300714916785.0,0.012226229993201965,3천억~5천억,중견-비대상,중형·상시,지원비 가동시간만,169919472.0,0.046216347191388805,0.3081089812759254,0.22007784376851813
192440,(주)슈피겐코리아,중견,False,비대상,339,슈피겐코리아,의무,2025,3676609735.0,300714916785.0,0.012226229993201965,3천억~5천억,중견-비대상,대형·상시,지원비 상시,270435216.0,0.07355559482573149,0.4903706321715432,0.350264737265388
192440,(주)슈피겐코리아,중견,False,비대상,339,슈피겐코리아,의무,2025,3676609735.0,300714916785.0,0.012226229993201965,3천억~5천억,중견-비대상,대형·상시,지원비 가동시간만,270435216.0,0.07355559482573149,0.4903706321715432,0.350264737265388
007660,(주)이수페타시스,중견,False,비대상,2622,주식회사 이수페타시스,의무,2025,5088293718.0,929664876365.0,0.005473255844509567,5천억~1조,중견-비대상,소형·업무시간,지원비 상시,43110960.0,0.008472576936251463,0.05648384624167642,0.040345604458340296
007660,(주)이수페타시스,중견,False,비대상,2622,주식회사 이수페타시스,의무,2025,5088293718.0,929664876365.0,0.005473255844509567,5천억~1조,중견-비대상,소형·업무시간,지원비 가동시간만,18031200.0,0.0035436633573675317,0.023624422382450213,0.016874587416035865
007660,(주)이수페타시스,중견,False,비대상,2622,주식회사 이수페타시스,의무,2025,5088293718.0,929664876365.0,0.005473255844509567,5천억~1조,중견-비대상,소형·상시,지원비 상시,59830800.0,0.011758519322174083,0.07839012881449389,0.05599294915320992
007660,(주)이수페타시스,중견,False,비대상,2622,주식회사 이수페타시스,의무,2025,5088293718.0,929664876365.0,0.005473255844509567,5천억~1조,중견-비대상,소형·상시,지원비 가동시간만,59830800.0,0.011758519322174083,0.07839012881449389,0.05599294915320992
007660,(주)이수페타시스,중견,False,비대상,2622,주식회사 이수페타시스,의무,2025,5088293718.0,929664876365.0,0.005473255844509567,5천억~1조,중견-비대상,중형·업무시간,지원비 상시,76288368.0,0.01499291751380772,0.09995278342538481,0.0713948453038463
007660,(주)이수페타시스,중견,False,비대상,2622,주식회사 이수페타시스,의무,2025,5088293718.0,929664876365.0,0.005473255844509567,5천억~1조,중견-비대상,중형·업무시간,지원비 가동시간만,51208608.0,0.01006400393492379,0.06709335956615861,0.04792382826154186
007660,(주)이수페타시스,중견,False,비대상,2622,주식회사 이수페타시스,의무,2025,5088293718.0,929664876365.0,0.005473255844509567,5천억~1조,중견-비대상,중형·상시,지원비 상시,169919472.0,0.033394194874974394,0.22262796583316263,0.15901997559511616
007660,(주)이수페타시스,중견,False,비대상,2622,주식회사 이수페타시스,의무,2025,5088293718.0,929664876365.0,0.005473255844509567,5천억~1조,중견-비대상,중형·상시,지원비 가동시간만,169919472.0,0.033394194874974394,0.22262796583316263,0.15901997559511616
007660,(주)이수페타시스,중견,False,비대상,2622,주식회사 이수페타시스,의무,2025,5088293718.0,929664876365.0,0.005473255844509567,5천억~1조,중견-비대상,대형·상시,지원비 상시,270435216.0,0.05314850733622685,0.3543233822415124,0.2530881301725088
007660,(주)이수페타시스,중견,False,비대상,2622,주식회사 이수페타시스,의무,2025,5088293718.0,929664876365.0,0.005473255844509567,5천억~1조,중견-비대상,대형·상시,지원비 가동시간만,270435216.0,0.05314850733622685,0.3543233822415124,0.2530881301725088
023800,인지컨트롤스(주),중견,False,2차 후보(확인 필요),30310,인지컨트롤스(주),의무,2025,1831754001.0,447480308861.0,0.004093485153933319,3천억~5천억,중견-2차 후보,소형·업무시간,지원비 상시,43110960.0,0.023535343706886765,0.1569022913792451,0.11207306527088935
023800,인지컨트롤스(주),중견,False,2차 후보(확인 필요),30310,인지컨트롤스(주),의무,2025,1831754001.0,447480308861.0,0.004093485153933319,3천억~5천억,중견-2차 후보,소형·업무시간,지원비 가동시간만,18031200.0,0.00984367987740511,0.06562453251603408,0.04687466608288148
023800,인지컨트롤스(주),중견,False,2차 후보(확인 필요),30310,인지컨트롤스(주),의무,2025,1831754001.0,447480308861.0,0.004093485153933319,3천억~5천억,중견-2차 후보,소형·상시,지원비 상시,59830800.0,0.03266311959320786,0.2177541306213858,0.15553866472956127
023800,인지컨트롤스(주),중견,False,2차 후보(확인 필요),30310,인지컨트롤스(주),의무,2025,1831754001.0,447480308861.0,0.004093485153933319,3천억~5천억,중견-2차 후보,소형·상시,지원비 가동시간만,59830800.0,0.03266311959320786,0.2177541306213858,0.15553866472956127
023800,인지컨트롤스(주),중견,False,2차 후보(확인 필요),30310,인지컨트롤스(주),의무,2025,1831754001.0,447480308861.0,0.004093485153933319,3천억~5천억,중견-2차 후보,중형·업무시간,지원비 상시,76288368.0,0.04164771468131217,0.2776514312087478,0.1983224508633913
023800,인지컨트롤스(주),중견,False,2차 후보(확인 필요),30310,인지컨트롤스(주),의무,2025,1831754001.0,447480308861.0,0.004093485153933319,3천억~5천억,중견-2차 후보,중형·업무시간,지원비 가동시간만,51208608.0,0.027956050851830512,0.18637367234553676,0.1331240516753834
023800,인지컨트롤스(주),중견,False,2차 후보(확인 필요),30310,인지컨트롤스(주),의무,2025,1831754001.0,447480308861.0,0.004093485153933319,3천억~5천억,중견-2차 후보,중형·상시,지원비 상시,169919472.0,0.09276325964471034,0.6184217309647356,0.44172980783195404
023800,인지컨트롤스(주),중견,False,2차 후보(확인 필요),30310,인지컨트롤스(주),의무,2025,1831754001.0,447480308861.0,0.004093485153933319,3천억~5천억,중견-2차 후보,중형·상시,지원비 가동시간만,169919472.0,0.09276325964471034,0.6184217309647356,0.44172980783195404
023800,인지컨트롤스(주),중견,False,2차 후보(확인 필요),30310,인지컨트롤스(주),의무,2025,1831754001.0,447480308861.0,0.004093485153933319,3천억~5천억,중견-2차 후보,대형·상시,지원비 상시,270435216.0,0.14763730056129956,0.9842486704086638,0.7030347645776169
023800,인지컨트롤스(주),중견,False,2차 후보(확인 필요),30310,인지컨트롤스(주),의무,2025,1831754001.0,447480308861.0,0.004093485153933319,3천억~5천억,중견-2차 후보,대형·상시,지원비 가동시간만,270435216.0,0.14763730056129956,0.9842486704086638,0.7030347645776169
090350,(주)노루페인트,중견,False,비대상,20411,(주)노루페인트,의무,2025,7707593382.0,656917054146.0,0.011732978057663556,5천억~1조,중견-비대상,소형·업무시간,지원비 상시,43110960.0,0.005593310111646468,0.037288734077643125,0.02663481005545937
090350,(주)노루페인트,중견,False,비대상,20411,(주)노루페인트,의무,2025,7707593382.0,656917054146.0,0.011732978057663556,5천억~1조,중견-비대상,소형·업무시간,지원비 가동시간만,18031200.0,0.0023394072710308422,0.015596048473538949,0.011140034623956392
090350,(주)노루페인트,중견,False,비대상,20411,(주)노루페인트,의무,2025,7707593382.0,656917054146.0,0.011732978057663556,5천억~1조,중견-비대상,소형·상시,지원비 상시,59830800.0,0.007762578672056886,0.05175052448037924,0.03696466034312803
090350,(주)노루페인트,중견,False,비대상,20411,(주)노루페인트,의무,2025,7707593382.0,656917054146.0,0.011732978057663556,5천억~1조,중견-비대상,소형·상시,지원비 가동시간만,59830800.0,0.007762578672056886,0.05175052448037924,0.03696466034312803
090350,(주)노루페인트,중견,False,비대상,20411,(주)노루페인트,의무,2025,7707593382.0,656917054146.0,0.011732978057663556,5천억~1조,중견-비대상,중형·업무시간,지원비 상시,76288368.0,0.009897819490343218,0.06598546326895478,0.047132473763539136
090350,(주)노루페인트,중견,False,비대상,20411,(주)노루페인트,의무,2025,7707593382.0,656917054146.0,0.011732978057663556,5천억~1조,중견-비대상,중형·업무시간,지원비 가동시간만,51208608.0,0.006643916649727592,0.04429277766485062,0.031637698332036154
090350,(주)노루페인트,중견,False,비대상,20411,(주)노루페인트,의무,2025,7707593382.0,656917054146.0,0.011732978057663556,5천억~1조,중견-비대상,중형·상시,지원비 상시,169919472.0,0.022045723428641556,0.14697148952427705,0.1049796353744836
090350,(주)노루페인트,중견,False,비대상,20411,(주)노루페인트,의무,2025,7707593382.0,656917054146.0,0.011732978057663556,5천억~1조,중견-비대상,중형·상시,지원비 가동시간만,169919472.0,0.022045723428641556,0.14697148952427705,0.1049796353744836
090350,(주)노루페인트,중견,False,비대상,20411,(주)노루페인트,의무,2025,7707593382.0,656917054146.0,0.011732978057663556,5천억~1조,중견-비대상,대형·상시,지원비 상시,270435216.0,0.03508685559769712,0.23391237065131415,0.16708026475093868
090350,(주)노루페인트,중견,False,비대상,20411,(주)노루페인트,의무,2025,7707593382.0,656917054146.0,0.011732978057663556,5천억~1조,중견-비대상,대형·상시,지원비 가동시간만,270435216.0,0.03508685559769712,0.23391237065131415,0.16708026475093868
280360,롯데웰푸드(주),대기업,False,비대상,108,롯데웰푸드(주),의무,2025,46590891121.0,3282856614951.0,0.014192179734202438,1조~5조,대기업,소형·업무시간,지원비 상시,43110960.0,0.0009253087666436265,0.0061687251109575104,0.004406232222112508
280360,롯데웰푸드(주),대기업,False,비대상,108,롯데웰푸드(주),의무,2025,46590891121.0,3282856614951.0,0.014192179734202438,1조~5조,대기업,소형·업무시간,지원비 가동시간만,18031200.0,0.00038701127121976777,0.0025800751414651185,0.0018429108153322274
280360,롯데웰푸드(주),대기업,False,비대상,108,롯데웰푸드(주),의무,2025,46590891121.0,3282856614951.0,0.014192179734202438,1조~5조,대기업,소형·상시,지원비 상시,59830800.0,0.0012841737635928658,0.008561158423952438,0.0061151131599660275
280360,롯데웰푸드(주),대기업,False,비대상,108,롯데웰푸드(주),의무,2025,46590891121.0,3282856614951.0,0.014192179734202438,1조~5조,대기업,소형·상시,지원비 가동시간만,59830800.0,0.0012841737635928658,0.008561158423952438,0.0061151131599660275
280360,롯데웰푸드(주),대기업,False,비대상,108,롯데웰푸드(주),의무,2025,46590891121.0,3282856614951.0,0.014192179734202438,1조~5조,대기업,중형·업무시간,지원비 상시,76288368.0,0.0016374095056879991,0.010916063371253329,0.007797188122323806
280360,롯데웰푸드(주),대기업,False,비대상,108,롯데웰푸드(주),의무,2025,46590891121.0,3282856614951.0,0.014192179734202438,1조~5조,대기업,중형·업무시간,지원비 가동시간만,51208608.0,0.0010991120102641404,0.007327413401760937,0.005233866715543526
280360,롯데웰푸드(주),대기업,False,비대상,108,롯데웰푸드(주),의무,2025,46590891121.0,3282856614951.0,0.014192179734202438,1조~5조,대기업,중형·상시,지원비 상시,169919472.0,0.0036470534886037386,0.024313689924024925,0.01736692137430352
280360,롯데웰푸드(주),대기업,False,비대상,108,롯데웰푸드(주),의무,2025,46590891121.0,3282856614951.0,0.014192179734202438,1조~5조,대기업,중형·상시,지원비 가동시간만,169919472.0,0.0036470534886037386,0.024313689924024925,0.01736692137430352
280360,롯데웰푸드(주),대기업,False,비대상,108,롯데웰푸드(주),의무,2025,46590891121.0,3282856614951.0,0.014192179734202438,1조~5조,대기업,대형·상시,지원비 상시,270435216.0,0.005804465411439753,0.03869643607626502,0.027640311483046444
280360,롯데웰푸드(주),대기업,False,비대상,108,롯데웰푸드(주),의무,2025,46590891121.0,3282856614951.0,0.014192179734202438,1조~5조,대기업,대형·상시,지원비 가동시간만,270435216.0,0.005804465411439753,0.03869643607626502,0.027640311483046444
067570,엔브이에이치코리아(주),중견,False,2차 후보(확인 필요),30320,엔브이에이치코리아 주식회사,의무,2025,7343829355.0,544771342605.0,0.013480572087149647,5천억~1조,중견-2차 후보,소형·업무시간,지원비 상시,43110960.0,0.005870365161827756,0.03913576774551837,0.02795411981822741
067570,엔브이에이치코리아(주),중견,False,2차 후보(확인 필요),30320,엔브이에이치코리아 주식회사,의무,2025,7343829355.0,544771342605.0,0.013480572087149647,5천억~1조,중견-2차 후보,소형·업무시간,지원비 가동시간만,18031200.0,0.0024552858091294798,0.016368572060863198,0.011691837186330855
067570,엔브이에이치코리아(주),중견,False,2차 후보(확인 필요),30320,엔브이에이치코리아 주식회사,의무,2025,7343829355.0,544771342605.0,0.013480572087149647,5천억~1조,중견-2차 후보,소형·상시,지원비 상시,59830800.0,0.008147084730293274,0.05431389820195516,0.03879564157282511
067570,엔브이에이치코리아(주),중견,False,2차 후보(확인 필요),30320,엔브이에이치코리아 주식회사,의무,2025,7343829355.0,544771342605.0,0.013480572087149647,5천억~1조,중견-2차 후보,소형·상시,지원비 가동시간만,59830800.0,0.008147084730293274,0.05431389820195516,0.03879564157282511
067570,엔브이에이치코리아(주),중견,False,2차 후보(확인 필요),30320,엔브이에이치코리아 주식회사,의무,2025,7343829355.0,544771342605.0,0.013480572087149647,5천억~1조,중견-2차 후보,중형·업무시간,지원비 상시,76288368.0,0.010388091050625999,0.06925394033750666,0.04946710024107619
067570,엔브이에이치코리아(주),중견,False,2차 후보(확인 필요),30320,엔브이에이치코리아 주식회사,의무,2025,7343829355.0,544771342605.0,0.013480572087149647,5천억~1조,중견-2차 후보,중형·업무시간,지원비 가동시간만,51208608.0,0.006973011697927722,0.046486744652851485,0.03320481760917963
067570,엔브이에이치코리아(주),중견,False,2차 후보(확인 필요),30320,엔브이에이치코리아 주식회사,의무,2025,7343829355.0,544771342605.0,0.013480572087149647,5천억~1조,중견-2차 후보,중형·상시,지원비 상시,169919472.0,0.023137720634032896,0.15425147089355265,0.11017962206682332
067570,엔브이에이치코리아(주),중견,False,2차 후보(확인 필요),30320,엔브이에이치코리아 주식회사,의무,2025,7343829355.0,544771342605.0,0.013480572087149647,5천억~1조,중견-2차 후보,중형·상시,지원비 가동시간만,169919472.0,0.023137720634032896,0.15425147089355265,0.11017962206682332
067570,엔브이에이치코리아(주),중견,False,2차 후보(확인 필요),30320,엔브이에이치코리아 주식회사,의무,2025,7343829355.0,544771342605.0,0.013480572087149647,5천억~1조,중견-2차 후보,대형·상시,지원비 상시,270435216.0,0.0368248229809256,0.2454988198728373,0.1753562999091695
067570,엔브이에이치코리아(주),중견,False,2차 후보(확인 필요),30320,엔브이에이치코리아 주식회사,의무,2025,7343829355.0,544771342605.0,0.013480572087149647,5천억~1조,중견-2차 후보,대형·상시,지원비 가동시간만,270435216.0,0.0368248229809256,0.2454988198728373,0.1753562999091695
143210,핸즈코퍼레이션(주),중견,False,"2차(2028, 제품명 확인)",303,핸즈코퍼레이션주식회사,의무,2025,399748178.0,587425484622.0,0.000680508742750976,5천억~1조,중견-2차(2028),소형·업무시간,지원비 상시,43110960.0,0.1078452945444069,0.7189686302960461,0.5135490216400329
143210,핸즈코퍼레이션(주),중견,False,"2차(2028, 제품명 확인)",303,핸즈코퍼레이션주식회사,의무,2025,399748178.0,587425484622.0,0.000680508742750976,5천억~1조,중견-2차(2028),소형·업무시간,지원비 가동시간만,18031200.0,0.04510639695773673,0.3007093130515782,0.214792366465413
143210,핸즈코퍼레이션(주),중견,False,"2차(2028, 제품명 확인)",303,핸즈코퍼레이션주식회사,의무,2025,399748178.0,587425484622.0,0.000680508742750976,5천억~1조,중견-2차(2028),소형·상시,지원비 상시,59830800.0,0.14967122626885368,0.9978081751256913,0.7127201250897796
143210,핸즈코퍼레이션(주),중견,False,"2차(2028, 제품명 확인)",303,핸즈코퍼레이션주식회사,의무,2025,399748178.0,587425484622.0,0.000680508742750976,5천억~1조,중견-2차(2028),소형·상시,지원비 가동시간만,59830800.0,0.14967122626885368,0.9978081751256913,0.7127201250897796
143210,핸즈코퍼레이션(주),중견,False,"2차(2028, 제품명 확인)",303,핸즈코퍼레이션주식회사,의무,2025,399748178.0,587425484622.0,0.000680508742750976,5천억~1조,중견-2차(2028),중형·업무시간,지원비 상시,76288368.0,0.1908410649466425,1.27227376631095,0.9087669759363929
143210,핸즈코퍼레이션(주),중견,False,"2차(2028, 제품명 확인)",303,핸즈코퍼레이션주식회사,의무,2025,399748178.0,587425484622.0,0.000680508742750976,5천억~1조,중견-2차(2028),중형·업무시간,지원비 가동시간만,51208608.0,0.12810216735997232,0.8540144490664822,0.610010320761773
143210,핸즈코퍼레이션(주),중견,False,"2차(2028, 제품명 확인)",303,핸즈코퍼레이션주식회사,의무,2025,399748178.0,587425484622.0,0.000680508742750976,5천억~1조,중견-2차(2028),중형·상시,지원비 상시,169919472.0,0.42506628260354445,2.8337752173569632,2.024125155254974
143210,핸즈코퍼레이션(주),중견,False,"2차(2028, 제품명 확인)",303,핸즈코퍼레이션주식회사,의무,2025,399748178.0,587425484622.0,0.000680508742750976,5천억~1조,중견-2차(2028),중형·상시,지원비 가동시간만,169919472.0,0.42506628260354445,2.8337752173569632,2.024125155254974
143210,핸즈코퍼레이션(주),중견,False,"2차(2028, 제품명 확인)",303,핸즈코퍼레이션주식회사,의무,2025,399748178.0,587425484622.0,0.000680508742750976,5천억~1조,중견-2차(2028),대형·상시,지원비 상시,270435216.0,0.6765139427352187,4.510092951568125,3.221494965405803
143210,핸즈코퍼레이션(주),중견,False,"2차(2028, 제품명 확인)",303,핸즈코퍼레이션주식회사,의무,2025,399748178.0,587425484622.0,0.000680508742750976,5천억~1조,중견-2차(2028),대형·상시,지원비 가동시간만,270435216.0,0.6765139427352187,4.510092951568125,3.221494965405803
007280,(주)한국특강,중견,False,1차(2027),24121,(주)한국특강,의무,2025,753728225.0,767140668215.0,0.0009825163183615224,5천억~1조,중견-1차(2027),소형·업무시간,지원비 상시,43110960.0,0.057196955839089084,0.38131303892726054,0.27236645637661466
007280,(주)한국특강,중견,False,1차(2027),24121,(주)한국특강,의무,2025,753728225.0,767140668215.0,0.0009825163183615224,5천억~1조,중견-1차(2027),소형·업무시간,지원비 가동시간만,18031200.0,0.023922681149428894,0.15948454099619264,0.11391752928299473
007280,(주)한국특강,중견,False,1차(2027),24121,(주)한국특강,의무,2025,753728225.0,767140668215.0,0.0009825163183615224,5천억~1조,중견-1차(2027),소형·상시,지원비 상시,59830800.0,0.07937980563219588,0.5291987042146392,0.37799907443902797
007280,(주)한국특강,중견,False,1차(2027),24121,(주)한국특강,의무,2025,753728225.0,767140668215.0,0.0009825163183615224,5천억~1조,중견-1차(2027),소형·상시,지원비 가동시간만,59830800.0,0.07937980563219588,0.5291987042146392,0.37799907443902797
007280,(주)한국특강,중견,False,1차(2027),24121,(주)한국특강,의무,2025,753728225.0,767140668215.0,0.0009825163183615224,5천억~1조,중견-1차(2027),중형·업무시간,지원비 상시,76288368.0,0.10121468915403825,0.6747645943602549,0.48197471025732497
007280,(주)한국특강,중견,False,1차(2027),24121,(주)한국특강,의무,2025,753728225.0,767140668215.0,0.0009825163183615224,5천억~1조,중견-1차(2027),중형·업무시간,지원비 가동시간만,51208608.0,0.06794041446437805,0.4529360964291871,0.32352578316370506
007280,(주)한국특강,중견,False,1차(2027),24121,(주)한국특강,의무,2025,753728225.0,767140668215.0,0.0009825163183615224,5천억~1조,중견-1차(2027),중형·상시,지원비 상시,169919472.0,0.22543864799543628,1.5029243199695752,1.0735173714068396
007280,(주)한국특강,중견,False,1차(2027),24121,(주)한국특강,의무,2025,753728225.0,767140668215.0,0.0009825163183615224,5천억~1조,중견-1차(2027),중형·상시,지원비 가동시간만,169919472.0,0.22543864799543628,1.5029243199695752,1.0735173714068396
007280,(주)한국특강,중견,False,1차(2027),24121,(주)한국특강,의무,2025,753728225.0,767140668215.0,0.0009825163183615224,5천억~1조,중견-1차(2027),대형·상시,지원비 상시,270435216.0,0.35879672145752534,2.391978143050169,1.7085558164644064
007280,(주)한국특강,중견,False,1차(2027),24121,(주)한국특강,의무,2025,753728225.0,767140668215.0,0.0009825163183615224,5천억~1조,중견-1차(2027),대형·상시,지원비 가동시간만,270435216.0,0.35879672145752534,2.391978143050169,1.7085558164644064
010130,고려아연(주),대기업,False,비대상,24213,고려아연㈜,의무,2025,20869035532.0,10534240543625.0,0.0019810669260471084,5조 이상,대기업,소형·업무시간,지원비 상시,43110960.0,0.0020657859312134884,0.013771906208089924,0.009837075862921374
010130,고려아연(주),대기업,False,비대상,24213,고려아연㈜,의무,2025,20869035532.0,10534240543625.0,0.0019810669260471084,5조 이상,대기업,소형·업무시간,지원비 가동시간만,18031200.0,0.0008640169294048812,0.0057601128626992085,0.004114366330499434
010130,고려아연(주),대기업,False,비대상,24213,고려아연㈜,의무,2025,20869035532.0,10534240543625.0,0.0019810669260471084,5조 이상,대기업,소형·상시,지원비 상시,59830800.0,0.00286696526575256,0.019113101771683735,0.013652215551202666
010130,고려아연(주),대기업,False,비대상,24213,고려아연㈜,의무,2025,20869035532.0,10534240543625.0,0.0019810669260471084,5조 이상,대기업,소형·상시,지원비 가동시간만,59830800.0,0.00286696526575256,0.019113101771683735,0.013652215551202666
010130,고려아연(주),대기업,False,비대상,24213,고려아연㈜,의무,2025,20869035532.0,10534240543625.0,0.0019810669260471084,5조 이상,대기업,중형·업무시간,지원비 상시,76288368.0,0.00365557708131847,0.024370513875456468,0.01740750991104033
010130,고려아연(주),대기업,False,비대상,24213,고려아연㈜,의무,2025,20869035532.0,10534240543625.0,0.0019810669260471084,5조 이상,대기업,중형·업무시간,지원비 가동시간만,51208608.0,0.0024538080795098623,0.016358720530065752,0.011684800378618392
010130,고려아연(주),대기업,False,비대상,24213,고려아연㈜,의무,2025,20869035532.0,10534240543625.0,0.0019810669260471084,5조 이상,대기업,중형·상시,지원비 상시,169919472.0,0.008142181354737271,0.05428120903158181,0.03877229216541557
010130,고려아연(주),대기업,False,비대상,24213,고려아연㈜,의무,2025,20869035532.0,10534240543625.0,0.0019810669260471084,5조 이상,대기업,중형·상시,지원비 가동시간만,169919472.0,0.008142181354737271,0.05428120903158181,0.03877229216541557
010130,고려아연(주),대기업,False,비대상,24213,고려아연㈜,의무,2025,20869035532.0,10534240543625.0,0.0019810669260471084,5조 이상,대기업,대형·상시,지원비 상시,270435216.0,0.012958683001201572,0.08639122000801049,0.061708014291436054
010130,고려아연(주),대기업,False,비대상,24213,고려아연㈜,의무,2025,20869035532.0,10534240543625.0,0.0019810669260471084,5조 이상,대기업,대형·상시,지원비 가동시간만,270435216.0,0.012958683001201572,0.08639122000801049,0.061708014291436054
083650,비에이치아이주식회사,중견,False,2차 후보(확인 필요),29176,비에이치아이주식회사,의무,2025,2581904117.0,764486190884.0,0.00337730641545593,5천억~1조,중견-2차 후보,소형·업무시간,지원비 상시,43110960.0,0.016697351275031875,0.11131567516687917,0.07951119654777085
083650,비에이치아이주식회사,중견,False,2차 후보(확인 필요),29176,비에이치아이주식회사,의무,2025,2581904117.0,764486190884.0,0.00337730641545593,5천억~1조,중견-2차 후보,소형·업무시간,지원비 가동시간만,18031200.0,0.006983683042788997,0.04655788695192665,0.03325563353709047
083650,비에이치아이주식회사,중견,False,2차 후보(확인 필요),29176,비에이치아이주식회사,의무,2025,2581904117.0,764486190884.0,0.00337730641545593,5천억~1조,중견-2차 후보,소형·상시,지원비 상시,59830800.0,0.023173130096527127,0.15448753397684753,0.1103482385548911
083650,비에이치아이주식회사,중견,False,2차 후보(확인 필요),29176,비에이치아이주식회사,의무,2025,2581904117.0,764486190884.0,0.00337730641545593,5천억~1조,중견-2차 후보,소형·상시,지원비 가동시간만,59830800.0,0.023173130096527127,0.15448753397684753,0.1103482385548911
083650,비에이치아이주식회사,중견,False,2차 후보(확인 필요),29176,비에이치아이주식회사,의무,2025,2581904117.0,764486190884.0,0.00337730641545593,5천억~1조,중견-2차 후보,중형·업무시간,지원비 상시,76288368.0,0.029547328073763632,0.1969821871584242,0.14070156225601732
083650,비에이치아이주식회사,중견,False,2차 후보(확인 필요),29176,비에이치아이주식회사,의무,2025,2581904117.0,764486190884.0,0.00337730641545593,5천억~1조,중견-2차 후보,중형·업무시간,지원비 가동시간만,51208608.0,0.019833659841520752,0.13222439894347168,0.09444599924533693
083650,비에이치아이주식회사,중견,False,2차 후보(확인 필요),29176,비에이치아이주식회사,의무,2025,2581904117.0,764486190884.0,0.00337730641545593,5천억~1조,중견-2차 후보,중형·상시,지원비 상시,169919472.0,0.06581168947413704,0.43874459649424696,0.3133889974958907
083650,비에이치아이주식회사,중견,False,2차 후보(확인 필요),29176,비에이치아이주식회사,의무,2025,2581904117.0,764486190884.0,0.00337730641545593,5천억~1조,중견-2차 후보,중형·상시,지원비 가동시간만,169919472.0,0.06581168947413704,0.43874459649424696,0.3133889974958907
083650,비에이치아이주식회사,중견,False,2차 후보(확인 필요),29176,비에이치아이주식회사,의무,2025,2581904117.0,764486190884.0,0.00337730641545593,5천억~1조,중견-2차 후보,대형·상시,지원비 상시,270435216.0,0.10474254803630262,0.6982836535753508,0.4987740382681078
083650,비에이치아이주식회사,중견,False,2차 후보(확인 필요),29176,비에이치아이주식회사,의무,2025,2581904117.0,764486190884.0,0.00337730641545593,5천억~1조,중견-2차 후보,대형·상시,지원비 가동시간만,270435216.0,0.10474254803630262,0.6982836535753508,0.4987740382681078
105630,한세실업(주),중견,False,비대상,14199,한세실업주식회사,의무,2025,5846309713.0,1827932619764.0,0.0031983179520888483,1조~5조,중견-비대상,소형·업무시간,지원비 상시,43110960.0,0.007374046555237639,0.04916031036825093,0.035114507405893516
105630,한세실업(주),중견,False,비대상,14199,한세실업주식회사,의무,2025,5846309713.0,1827932619764.0,0.0031983179520888483,1조~5조,중견-비대상,소형·업무시간,지원비 가동시간만,18031200.0,0.0030842019812781,0.020561346541854,0.014686676101324285
105630,한세실업(주),중견,False,비대상,14199,한세실업주식회사,의무,2025,5846309713.0,1827932619764.0,0.0031983179520888483,1조~5조,중견-비대상,소형·상시,지원비 상시,59830800.0,0.010233942937877332,0.06822628625251555,0.04873306160893967
105630,한세실업(주),중견,False,비대상,14199,한세실업주식회사,의무,2025,5846309713.0,1827932619764.0,0.0031983179520888483,1조~5조,중견-비대상,소형·상시,지원비 가동시간만,59830800.0,0.010233942937877332,0.06822628625251555,0.04873306160893967
105630,한세실업(주),중견,False,비대상,14199,한세실업주식회사,의무,2025,5846309713.0,1827932619764.0,0.0031983179520888483,1조~5조,중견-비대상,중형·업무시간,지원비 상시,76288368.0,0.013048978200789343,0.08699318800526229,0.0621379914323302
105630,한세실업(주),중견,False,비대상,14199,한세실업주식회사,의무,2025,5846309713.0,1827932619764.0,0.0031983179520888483,1조~5조,중견-비대상,중형·업무시간,지원비 가동시간만,51208608.0,0.008759133626829804,0.05839422417886536,0.04171016012776097
105630,한세실업(주),중견,False,비대상,14199,한세실업주식회사,의무,2025,5846309713.0,1827932619764.0,0.0031983179520888483,1조~5조,중견-비대상,중형·상시,지원비 상시,169919472.0,0.029064397943571622,0.19376265295714415,0.13840189496938868
105630,한세실업(주),중견,False,비대상,14199,한세실업주식회사,의무,2025,5846309713.0,1827932619764.0,0.0031983179520888483,1조~5조,중견-비대상,중형·상시,지원비 가동시간만,169919472.0,0.029064397943571622,0.19376265295714415,0.13840189496938868
105630,한세실업(주),중견,False,비대상,14199,한세실업주식회사,의무,2025,5846309713.0,1827932619764.0,0.0031983179520888483,1조~5조,중견-비대상,대형·상시,지원비 상시,270435216.0,0.04625742207920554,0.3083828138613703,0.22027343847240732
105630,한세실업(주),중견,False,비대상,14199,한세실업주식회사,의무,2025,5846309713.0,1827932619764.0,0.0031983179520888483,1조~5조,중견-비대상,대형·상시,지원비 가동시간만,270435216.0,0.04625742207920554,0.3083828138613703,0.22027343847240732
012800,(주)대창,중견,False,비대상,24221,(주)대창,의무,2025,727066004.0,557260537695.0,0.0013047146797929875,5천억~1조,중견-비대상,소형·업무시간,지원비 상시,43110960.0,0.059294424113935054,0.39529616075956703,0.28235440054254785
012800,(주)대창,중견,False,비대상,24221,(주)대창,의무,2025,727066004.0,557260537695.0,0.0013047146797929875,5천억~1조,중견-비대상,소형·업무시간,지원비 가동시간만,18031200.0,0.024799949249174356,0.16533299499449572,0.11809499642463979
012800,(주)대창,중견,False,비대상,24221,(주)대창,의무,2025,727066004.0,557260537695.0,0.0013047146797929875,5천억~1조,중견-비대상,소형·상시,지원비 상시,59830800.0,0.08229074069044219,0.5486049379362813,0.3918606699544866
012800,(주)대창,중견,False,비대상,24221,(주)대창,의무,2025,727066004.0,557260537695.0,0.0013047146797929875,5천억~1조,중견-비대상,소형·상시,지원비 가동시간만,59830800.0,0.08229074069044219,0.5486049379362813,0.3918606699544866
012800,(주)대창,중견,False,비대상,24221,(주)대창,의무,2025,727066004.0,557260537695.0,0.0013047146797929875,5천억~1조,중견-비대상,중형·업무시간,지원비 상시,76288368.0,0.10492633073241588,0.6995088715494392,0.4996491939638851
012800,(주)대창,중견,False,비대상,24221,(주)대창,의무,2025,727066004.0,557260537695.0,0.0013047146797929875,5천억~1조,중견-비대상,중형·업무시간,지원비 가동시간만,51208608.0,0.07043185586765517,0.46954570578436783,0.335389789845977
012800,(주)대창,중견,False,비대상,24221,(주)대창,의무,2025,727066004.0,557260537695.0,0.0013047146797929875,5천억~1조,중견-비대상,중형·상시,지원비 상시,169919472.0,0.2337057035608558,1.5580380237390388,1.1128843026707418
012800,(주)대창,중견,False,비대상,24221,(주)대창,의무,2025,727066004.0,557260537695.0,0.0013047146797929875,5천억~1조,중견-비대상,중형·상시,지원비 가동시간만,169919472.0,0.2337057035608558,1.5580380237390388,1.1128843026707418
012800,(주)대창,중견,False,비대상,24221,(주)대창,의무,2025,727066004.0,557260537695.0,0.0013047146797929875,5천억~1조,중견-비대상,대형·상시,지원비 상시,270435216.0,0.3719541479207987,2.4796943194719914,1.7712102281942794
012800,(주)대창,중견,False,비대상,24221,(주)대창,의무,2025,727066004.0,557260537695.0,0.0013047146797929875,5천억~1조,중견-비대상,대형·상시,지원비 가동시간만,270435216.0,0.3719541479207987,2.4796943194719914,1.7712102281942794
038110,에코플라스틱(주),중견,False,2차 후보(확인 필요),30320,에코플라스틱(주),의무,2025,4791982967.0,1410342051000.0,0.003397745223296898,1조~5조,중견-2차 후보,소형·업무시간,지원비 상시,43110960.0,0.00899647605112199,0.05997650700747994,0.04284036214819996
038110,에코플라스틱(주),중견,False,2차 후보(확인 필요),30320,에코플라스틱(주),의무,2025,4791982967.0,1410342051000.0,0.003397745223296898,1조~5조,중견-2차 후보,소형·업무시간,지원비 가동시간만,18031200.0,0.003762784660165091,0.025085231067767277,0.01791802219126234
038110,에코플라스틱(주),중견,False,2차 후보(확인 필요),30320,에코플라스틱(주),의무,2025,4791982967.0,1410342051000.0,0.003397745223296898,1조~5조,중견-2차 후보,소형·상시,지원비 상시,59830800.0,0.012485603645093256,0.08323735763395505,0.05945525545282504
038110,에코플라스틱(주),중견,False,2차 후보(확인 필요),30320,에코플라스틱(주),의무,2025,4791982967.0,1410342051000.0,0.003397745223296898,1조~5조,중견-2차 후보,소형·상시,지원비 가동시간만,59830800.0,0.012485603645093256,0.08323735763395505,0.05945525545282504
038110,에코플라스틱(주),중견,False,2차 후보(확인 필요),30320,에코플라스틱(주),의무,2025,4791982967.0,1410342051000.0,0.003397745223296898,1조~5조,중견-2차 후보,중형·업무시간,지원비 상시,76288368.0,0.01591999982582576,0.10613333217217173,0.07580952298012267
038110,에코플라스틱(주),중견,False,2차 후보(확인 필요),30320,에코플라스틱(주),의무,2025,4791982967.0,1410342051000.0,0.003397745223296898,1조~5조,중견-2차 후보,중형·업무시간,지원비 가동시간만,51208608.0,0.010686308434868858,0.07124205623245906,0.05088718302318505
038110,에코플라스틱(주),중견,False,2차 후보(확인 필요),30320,에코플라스틱(주),의무,2025,4791982967.0,1410342051000.0,0.003397745223296898,1조~5조,중견-2차 후보,중형·상시,지원비 상시,169919472.0,0.03545911435206485,0.23639409568043235,0.1688529254860231
038110,에코플라스틱(주),중견,False,2차 후보(확인 필요),30320,에코플라스틱(주),의무,2025,4791982967.0,1410342051000.0,0.003397745223296898,1조~5조,중견-2차 후보,중형·상시,지원비 가동시간만,169919472.0,0.03545911435206485,0.23639409568043235,0.1688529254860231
038110,에코플라스틱(주),중견,False,2차 후보(확인 필요),30320,에코플라스틱(주),의무,2025,4791982967.0,1410342051000.0,0.003397745223296898,1조~5조,중견-2차 후보,대형·상시,지원비 상시,270435216.0,0.05643492847582152,0.37623285650547683,0.2687377546467692
038110,에코플라스틱(주),중견,False,2차 후보(확인 필요),30320,에코플라스틱(주),의무,2025,4791982967.0,1410342051000.0,0.003397745223296898,1조~5조,중견-2차 후보,대형·상시,지원비 가동시간만,270435216.0,0.05643492847582152,0.37623285650547683,0.2687377546467692
010780,아이에스동서(주),중견,False,비대상,2332,아이에스동서 (주),의무,2025,1885886185.0,699457617209.0,0.002696212234452644,5천억~1조,중견-비대상,소형·업무시간,지원비 상시,43110960.0,0.022859788858361037,0.15239859238907358,0.10885613742076684
010780,아이에스동서(주),중견,False,비대상,2332,아이에스동서 (주),의무,2025,1885886185.0,699457617209.0,0.002696212234452644,5천억~1조,중견-비대상,소형·업무시간,지원비 가동시간만,18031200.0,0.00956112841984682,0.06374085613231215,0.04552918295165154
010780,아이에스동서(주),중견,False,비대상,2332,아이에스동서 (주),의무,2025,1885886185.0,699457617209.0,0.002696212234452644,5천억~1조,중견-비대상,소형·상시,지원비 상시,59830800.0,0.03172556248403718,0.2115037498935812,0.15107410706684374
010780,아이에스동서(주),중견,False,비대상,2332,아이에스동서 (주),의무,2025,1885886185.0,699457617209.0,0.002696212234452644,5천억~1조,중견-비대상,소형·상시,지원비 가동시간만,59830800.0,0.03172556248403718,0.2115037498935812,0.15107410706684374
010780,아이에스동서(주),중견,False,비대상,2332,아이에스동서 (주),의무,2025,1885886185.0,699457617209.0,0.002696212234452644,5천억~1조,중견-비대상,중형·업무시간,지원비 상시,76288368.0,0.040452265150879185,0.26968176767252794,0.19262983405180567
010780,아이에스동서(주),중견,False,비대상,2332,아이에스동서 (주),의무,2025,1885886185.0,699457617209.0,0.002696212234452644,5천억~1조,중견-비대상,중형·업무시간,지원비 가동시간만,51208608.0,0.027153604712364974,0.18102403141576648,0.12930287958269035
010780,아이에스동서(주),중견,False,비대상,2332,아이에스동서 (주),의무,2025,1885886185.0,699457617209.0,0.002696212234452644,5천억~1조,중견-비대상,중형·상시,지원비 상시,169919472.0,0.09010059745466559,0.6006706496977706,0.42905046406983616
010780,아이에스동서(주),중견,False,비대상,2332,아이에스동서 (주),의무,2025,1885886185.0,699457617209.0,0.002696212234452644,5천억~1조,중견-비대상,중형·상시,지원비 가동시간만,169919472.0,0.09010059745466559,0.6006706496977706,0.42905046406983616
010780,아이에스동서(주),중견,False,비대상,2332,아이에스동서 (주),의무,2025,1885886185.0,699457617209.0,0.002696212234452644,5천억~1조,중견-비대상,대형·상시,지원비 상시,270435216.0,0.14339954242784805,0.9559969495189871,0.6828549639421336
010780,아이에스동서(주),중견,False,비대상,2332,아이에스동서 (주),의무,2025,1885886185.0,699457617209.0,0.002696212234452644,5천억~1조,중견-비대상,대형·상시,지원비 가동시간만,270435216.0,0.14339954242784805,0.9559969495189871,0.6828549639421336
002710,(주)TCC스틸,중견,False,1차(2027),24191,TCC스틸,의무,2025,6063911043.0,415351075885.0,0.014599483172348736,3천억~5천억,중견-1차(2027),소형·업무시간,지원비 상시,43110960.0,0.007109431469936555,0.04739620979957704,0.033854435571126454
002710,(주)TCC스틸,중견,False,1차(2027),24191,TCC스틸,의무,2025,6063911043.0,415351075885.0,0.014599483172348736,3천억~5천억,중견-1차(2027),소형·업무시간,지원비 가동시간만,18031200.0,0.0029735264703156694,0.019823509802104466,0.014159649858646045
002710,(주)TCC스틸,중견,False,1차(2027),24191,TCC스틸,의무,2025,6063911043.0,415351075885.0,0.014599483172348736,3천억~5천억,중견-1차(2027),소형·상시,지원비 상시,59830800.0,0.009866701469683813,0.06577800979789208,0.04698429271278006
002710,(주)TCC스틸,중견,False,1차(2027),24191,TCC스틸,의무,2025,6063911043.0,415351075885.0,0.014599483172348736,3천억~5천억,중견-1차(2027),소형·상시,지원비 가동시간만,59830800.0,0.009866701469683813,0.06577800979789208,0.04698429271278006
002710,(주)TCC스틸,중견,False,1차(2027),24191,TCC스틸,의무,2025,6063911043.0,415351075885.0,0.014599483172348736,3천억~5천억,중견-1차(2027),중형·업무시간,지원비 상시,76288368.0,0.012580720175317387,0.08387146783544926,0.059908191311035176
002710,(주)TCC스틸,중견,False,1차(2027),24191,TCC스틸,의무,2025,6063911043.0,415351075885.0,0.014599483172348736,3천억~5천억,중견-1차(2027),중형·업무시간,지원비 가동시간만,51208608.0,0.008444815175696502,0.05629876783797668,0.04021340559855477
002710,(주)TCC스틸,중견,False,1차(2027),24191,TCC스틸,의무,2025,6063911043.0,415351075885.0,0.014599483172348736,3천억~5천억,중견-1차(2027),중형·상시,지원비 상시,169919472.0,0.028021432173902027,0.18680954782601353,0.13343539130429538
002710,(주)TCC스틸,중견,False,1차(2027),24191,TCC스틸,의무,2025,6063911043.0,415351075885.0,0.014599483172348736,3천억~5천억,중견-1차(2027),중형·상시,지원비 가동시간만,169919472.0,0.028021432173902027,0.18680954782601353,0.13343539130429538
002710,(주)TCC스틸,중견,False,1차(2027),24191,TCC스틸,의무,2025,6063911043.0,415351075885.0,0.014599483172348736,3천억~5천억,중견-1차(2027),대형·상시,지원비 상시,270435216.0,0.04459749064297083,0.2973166042864722,0.21236900306176587
002710,(주)TCC스틸,중견,False,1차(2027),24191,TCC스틸,의무,2025,6063911043.0,415351075885.0,0.014599483172348736,3천억~5천억,중견-1차(2027),대형·상시,지원비 가동시간만,270435216.0,0.04459749064297083,0.2973166042864722,0.21236900306176587
033640,(주)네패스,중견,False,비대상,261,(주)네패스,의무,2025,7562236535.0,376748974391.0,0.020072348032862092,3천억~5천억,중견-비대상,소형·업무시간,지원비 상시,43110960.0,0.005700821417112682,0.03800547611408455,0.027146768652917538
033640,(주)네패스,중견,False,비대상,261,(주)네패스,의무,2025,7562236535.0,376748974391.0,0.020072348032862092,3천억~5천억,중견-비대상,소형·업무시간,지원비 가동시간만,18031200.0,0.002384373976739145,0.015895826511594296,0.011354161793995928
033640,(주)네패스,중견,False,비대상,261,(주)네패스,의무,2025,7562236535.0,376748974391.0,0.020072348032862092,3천억~5천억,중견-비대상,소형·상시,지원비 상시,59830800.0,0.007911786377361707,0.052745242515744716,0.03767517322553194
033640,(주)네패스,중견,False,비대상,261,(주)네패스,의무,2025,7562236535.0,376748974391.0,0.020072348032862092,3천억~5천억,중견-비대상,소형·상시,지원비 가동시간만,59830800.0,0.007911786377361707,0.052745242515744716,0.03767517322553194
033640,(주)네패스,중견,False,비대상,261,(주)네패스,의무,2025,7562236535.0,376748974391.0,0.020072348032862092,3천억~5천억,중견-비대상,중형·업무시간,지원비 상시,76288368.0,0.010088069534312709,0.06725379689541805,0.048038426353870047
033640,(주)네패스,중견,False,비대상,261,(주)네패스,의무,2025,7562236535.0,376748974391.0,0.020072348032862092,3천억~5천억,중견-비대상,중형·업무시간,지원비 가동시간만,51208608.0,0.006771622093939171,0.0451441472929278,0.03224581949494843
033640,(주)네패스,중견,False,비대상,261,(주)네패스,의무,2025,7562236535.0,376748974391.0,0.020072348032862092,3천억~5천억,중견-비대상,중형·상시,지원비 상시,169919472.0,0.02246947331170725,0.149796488744715,0.10699749196051071
033640,(주)네패스,중견,False,비대상,261,(주)네패스,의무,2025,7562236535.0,376748974391.0,0.020072348032862092,3천억~5천억,중견-비대상,중형·상시,지원비 가동시간만,169919472.0,0.02246947331170725,0.149796488744715,0.10699749196051071
033640,(주)네패스,중견,False,비대상,261,(주)네패스,의무,2025,7562236535.0,376748974391.0,0.020072348032862092,3천억~5천억,중견-비대상,대형·상시,지원비 상시,270435216.0,0.035761274425674915,0.2384084961711661,0.17029178297940437
033640,(주)네패스,중견,False,비대상,261,(주)네패스,의무,2025,7562236535.0,376748974391.0,0.020072348032862092,3천억~5천억,중견-비대상,대형·상시,지원비 가동시간만,270435216.0,0.035761274425674915,0.2384084961711661,0.17029178297940437
014820,동원시스템즈(주),중견,False,비대상,222,동원시스템즈(주),의무,2025,4923598253.0,1265531143432.0,0.00389053898716998,1조~5조,중견-비대상,소형·업무시간,지원비 상시,43110960.0,0.008755986533574716,0.058373243557164785,0.041695173969403414
014820,동원시스템즈(주),중견,False,비대상,222,동원시스템즈(주),의무,2025,4923598253.0,1265531143432.0,0.00389053898716998,1조~5조,중견-비대상,소형·업무시간,지원비 가동시간만,18031200.0,0.0036621996908487407,0.024414664605658273,0.017439046146898767
014820,동원시스템즈(주),중견,False,비대상,222,동원시스템즈(주),의무,2025,4923598253.0,1265531143432.0,0.00389053898716998,1조~5조,중견-비대상,소형·상시,지원비 상시,59830800.0,0.012151844428725366,0.08101229619150245,0.057865925851073176
014820,동원시스템즈(주),중견,False,비대상,222,동원시스템즈(주),의무,2025,4923598253.0,1265531143432.0,0.00389053898716998,1조~5조,중견-비대상,소형·상시,지원비 가동시간만,59830800.0,0.012151844428725366,0.08101229619150245,0.057865925851073176
014820,동원시스템즈(주),중견,False,비대상,222,동원시스템즈(주),의무,2025,4923598253.0,1265531143432.0,0.00389053898716998,1조~5조,중견-비대상,중형·업무시간,지원비 상시,76288368.0,0.0154944339647364,0.103296226431576,0.07378301887969714
014820,동원시스템즈(주),중견,False,비대상,222,동원시스템즈(주),의무,2025,4923598253.0,1265531143432.0,0.00389053898716998,1조~5조,중견-비대상,중형·업무시간,지원비 가동시간만,51208608.0,0.010400647122010423,0.0693376474800695,0.0495268910571925
014820,동원시스템즈(주),중견,False,비대상,222,동원시스템즈(주),의무,2025,4923598253.0,1265531143432.0,0.00389053898716998,1조~5조,중견-비대상,중형·상시,지원비 상시,169919472.0,0.03451123817758004,0.23007492118386697,0.16433922941704782
014820,동원시스템즈(주),중견,False,비대상,222,동원시스템즈(주),의무,2025,4923598253.0,1265531143432.0,0.00389053898716998,1조~5조,중견-비대상,중형·상시,지원비 가동시간만,169919472.0,0.03451123817758004,0.23007492118386697,0.16433922941704782
014820,동원시스템즈(주),중견,False,비대상,222,동원시스템즈(주),의무,2025,4923598253.0,1265531143432.0,0.00389053898716998,1조~5조,중견-비대상,대형·상시,지원비 상시,270435216.0,0.05492633681783866,0.3661755787855911,0.2615539848468508
014820,동원시스템즈(주),중견,False,비대상,222,동원시스템즈(주),의무,2025,4923598253.0,1265531143432.0,0.00389053898716998,1조~5조,중견-비대상,대형·상시,지원비 가동시간만,270435216.0,0.05492633681783866,0.3661755787855911,0.2615539848468508
027970,한국제지(주),중견,False,비대상,171,한국제지,의무,2025,1926301314.0,753679418454.0,0.0025558629661817807,5천억~1조,중견-비대상,소형·업무시간,지원비 상시,43110960.0,0.022380174735217983,0.14920116490145324,0.10657226064389515
027970,한국제지(주),중견,False,비대상,171,한국제지,의무,2025,1926301314.0,753679418454.0,0.0025558629661817807,5천억~1조,중견-비대상,소형·업무시간,지원비 가동시간만,18031200.0,0.009360529356935278,0.06240352904623519,0.04457394931873942
027970,한국제지(주),중견,False,비대상,171,한국제지,의무,2025,1926301314.0,753679418454.0,0.0025558629661817807,5천억~1조,중견-비대상,소형·상시,지원비 상시,59830800.0,0.031059938320739784,0.2070662554715986,0.14790446819399897
027970,한국제지(주),중견,False,비대상,171,한국제지,의무,2025,1926301314.0,753679418454.0,0.0025558629661817807,5천억~1조,중견-비대상,소형·상시,지원비 가동시간만,59830800.0,0.031059938320739784,0.2070662554715986,0.14790446819399897
027970,한국제지(주),중견,False,비대상,171,한국제지,의무,2025,1926301314.0,753679418454.0,0.0025558629661817807,5천억~1조,중견-비대상,중형·업무시간,지원비 상시,76288368.0,0.03960354875197889,0.26402365834652597,0.18858832739037568
027970,한국제지(주),중견,False,비대상,171,한국제지,의무,2025,1926301314.0,753679418454.0,0.0025558629661817807,5천억~1조,중견-비대상,중형·업무시간,지원비 가동시간만,51208608.0,0.026583903373696188,0.17722602249130795,0.12659001606521994
027970,한국제지(주),중견,False,비대상,171,한국제지,의무,2025,1926301314.0,753679418454.0,0.0025558629661817807,5천억~1조,중견-비대상,중형·상시,지원비 상시,169919472.0,0.08821022483090099,0.5880681655393399,0.4200486896709571
027970,한국제지(주),중견,False,비대상,171,한국제지,의무,2025,1926301314.0,753679418454.0,0.0025558629661817807,5천억~1조,중견-비대상,중형·상시,지원비 가동시간만,169919472.0,0.08821022483090099,0.5880681655393399,0.4200486896709571
027970,한국제지(주),중견,False,비대상,171,한국제지,의무,2025,1926301314.0,753679418454.0,0.0025558629661817807,5천억~1조,중견-비대상,대형·상시,지원비 상시,270435216.0,0.14039092120974384,0.9359394747316256,0.6685281962368753
027970,한국제지(주),중견,False,비대상,171,한국제지,의무,2025,1926301314.0,753679418454.0,0.0025558629661817807,5천억~1조,중견-비대상,대형·상시,지원비 가동시간만,270435216.0,0.14039092120974384,0.9359394747316256,0.6685281962368753
018250,애경산업(주),중견,False,비대상,20422,애경산업㈜,의무,2025,10004847451.0,631623681447.0,0.015839886541428726,5천억~1조,중견-비대상,소형·업무시간,지원비 상시,43110960.0,0.0043090072298594614,0.028726714865729742,0.020519082046949813
018250,애경산업(주),중견,False,비대상,20422,애경산업㈜,의무,2025,10004847451.0,631623681447.0,0.015839886541428726,5천억~1조,중견-비대상,소형·업무시간,지원비 가동시간만,18031200.0,0.0018022463699031966,0.012014975799354646,0.008582125570967603
018250,애경산업(주),중견,False,비대상,20422,애경산업㈜,의무,2025,10004847451.0,631623681447.0,0.015839886541428726,5천억~1조,중견-비대상,소형·상시,지원비 상시,59830800.0,0.005980181136496971,0.039867874243313145,0.028477053030937956
018250,애경산업(주),중견,False,비대상,20422,애경산업㈜,의무,2025,10004847451.0,631623681447.0,0.015839886541428726,5천억~1조,중견-비대상,소형·상시,지원비 가동시간만,59830800.0,0.005980181136496971,0.039867874243313145,0.028477053030937956
018250,애경산업(주),중견,False,비대상,20422,애경산업㈜,의무,2025,10004847451.0,631623681447.0,0.015839886541428726,5천억~1조,중견-비대상,중형·업무시간,지원비 상시,76288368.0,0.007625140550481343,0.05083427033654229,0.036310193097530204
018250,애경산업(주),중견,False,비대상,20422,애경산업㈜,의무,2025,10004847451.0,631623681447.0,0.015839886541428726,5천억~1조,중견-비대상,중형·업무시간,지원비 가동시간만,51208608.0,0.005118379690525078,0.03412253127016719,0.024373236621547993
018250,애경산업(주),중견,False,비대상,20422,애경산업㈜,의무,2025,10004847451.0,631623681447.0,0.015839886541428726,5천억~1조,중견-비대상,중형·상시,지원비 상시,169919472.0,0.016983714427651397,0.11322476285100933,0.0808748306078638
018250,애경산업(주),중견,False,비대상,20422,애경산업㈜,의무,2025,10004847451.0,631623681447.0,0.015839886541428726,5천억~1조,중견-비대상,중형·상시,지원비 가동시간만,169919472.0,0.016983714427651397,0.11322476285100933,0.0808748306078638
018250,애경산업(주),중견,False,비대상,20422,애경산업㈜,의무,2025,10004847451.0,631623681447.0,0.015839886541428726,5천억~1조,중견-비대상,대형·상시,지원비 상시,270435216.0,0.027030418736966308,0.1802027915797754,0.12871627969983956
018250,애경산업(주),중견,False,비대상,20422,애경산업㈜,의무,2025,10004847451.0,631623681447.0,0.015839886541428726,5천억~1조,중견-비대상,대형·상시,지원비 가동시간만,270435216.0,0.027030418736966308,0.1802027915797754,0.12871627969983956
006090,(주)사조오양,중견,False,비대상,102,(주)사조오양,의무,2025,1748496121.0,417363807366.0,0.004189381278733368,3천억~5천억,중견-비대상,소형·업무시간,지원비 상시,43110960.0,0.02465602267126791,0.16437348447511943,0.11740963176794245
006090,(주)사조오양,중견,False,비대상,102,(주)사조오양,의무,2025,1748496121.0,417363807366.0,0.004189381278733368,3천억~5천억,중견-비대상,소형·업무시간,지원비 가동시간만,18031200.0,0.01031240491954171,0.06874936613027809,0.04910669009305577
006090,(주)사조오양,중견,False,비대상,102,(주)사조오양,의무,2025,1748496121.0,417363807366.0,0.004189381278733368,3천억~5천억,중견-비대상,소형·상시,지원비 상시,59830800.0,0.03421843450575204,0.22812289670501365,0.16294492621786688
006090,(주)사조오양,중견,False,비대상,102,(주)사조오양,의무,2025,1748496121.0,417363807366.0,0.004189381278733368,3천억~5천억,중견-비대상,소형·상시,지원비 가동시간만,59830800.0,0.03421843450575204,0.22812289670501365,0.16294492621786688
006090,(주)사조오양,중견,False,비대상,102,(주)사조오양,의무,2025,1748496121.0,417363807366.0,0.004189381278733368,3천억~5천억,중견-비대상,중형·업무시간,지원비 상시,76288368.0,0.04363084772322466,0.2908723181548311,0.20776594153916506
006090,(주)사조오양,중견,False,비대상,102,(주)사조오양,의무,2025,1748496121.0,417363807366.0,0.004189381278733368,3천억~5천억,중견-비대상,중형·업무시간,지원비 가동시간만,51208608.0,0.02928722997149846,0.19524819980998975,0.1394629998642784
006090,(주)사조오양,중견,False,비대상,102,(주)사조오양,의무,2025,1748496121.0,417363807366.0,0.004189381278733368,3천억~5천억,중견-비대상,중형·상시,지원비 상시,169919472.0,0.0971803539963358,0.6478690266422388,0.46276359045874194
006090,(주)사조오양,중견,False,비대상,102,(주)사조오양,의무,2025,1748496121.0,417363807366.0,0.004189381278733368,3천억~5천억,중견-비대상,중형·상시,지원비 가동시간만,169919472.0,0.0971803539963358,0.6478690266422388,0.46276359045874194
006090,(주)사조오양,중견,False,비대상,102,(주)사조오양,의무,2025,1748496121.0,417363807366.0,0.004189381278733368,3천억~5천억,중견-비대상,대형·상시,지원비 상시,270435216.0,0.15466732396599925,1.0311154931066617,0.7365110665047583
006090,(주)사조오양,중견,False,비대상,102,(주)사조오양,의무,2025,1748496121.0,417363807366.0,0.004189381278733368,3천억~5천억,중견-비대상,대형·상시,지원비 가동시간만,270435216.0,0.15466732396599925,1.0311154931066617,0.7365110665047583
004490,세방전지(주),중견,False,비대상,28202,세방전지(주),의무,2025,5797021113.0,1636524743951.0,0.0035422752600760992,1조~5조,중견-비대상,소형·업무시간,지원비 상시,43110960.0,0.007436743658449394,0.0495782910563293,0.03541306504023521
004490,세방전지(주),중견,False,비대상,28202,세방전지(주),의무,2025,5797021113.0,1636524743951.0,0.0035422752600760992,1조~5조,중견-비대상,소형·업무시간,지원비 가동시간만,18031200.0,0.0031104251042944234,0.020736167361962824,0.014811548115687731
004490,세방전지(주),중견,False,비대상,28202,세방전지(주),의무,2025,5797021113.0,1636524743951.0,0.0035422752600760992,1조~5조,중견-비대상,소형·상시,지원비 상시,59830800.0,0.010320956027886042,0.06880637351924028,0.0491474096566002
004490,세방전지(주),중견,False,비대상,28202,세방전지(주),의무,2025,5797021113.0,1636524743951.0,0.0035422752600760992,1조~5조,중견-비대상,소형·상시,지원비 가동시간만,59830800.0,0.010320956027886042,0.06880637351924028,0.0491474096566002
004490,세방전지(주),중견,False,비대상,28202,세방전지(주),의무,2025,5797021113.0,1636524743951.0,0.0035422752600760992,1조~5조,중견-비대상,중형·업무시간,지원비 상시,76288368.0,0.013159925850351134,0.0877328390023409,0.06266631357310064
004490,세방전지(주),중견,False,비대상,28202,세방전지(주),의무,2025,5797021113.0,1636524743951.0,0.0035422752600760992,1조~5조,중견-비대상,중형·업무시간,지원비 가동시간만,51208608.0,0.008833607296196163,0.05889071530797442,0.04206479664855316
004490,세방전지(주),중견,False,비대상,28202,세방전지(주),의무,2025,5797021113.0,1636524743951.0,0.0035422752600760992,1조~5조,중견-비대상,중형·상시,지원비 상시,169919472.0,0.029311515119196357,0.1954101007946424,0.13957864342474455
004490,세방전지(주),중견,False,비대상,28202,세방전지(주),의무,2025,5797021113.0,1636524743951.0,0.0035422752600760992,1조~5조,중견-비대상,중형·상시,지원비 가동시간만,169919472.0,0.029311515119196357,0.1954101007946424,0.13957864342474455
004490,세방전지(주),중견,False,비대상,28202,세방전지(주),의무,2025,5797021113.0,1636524743951.0,0.0035422752600760992,1조~5조,중견-비대상,대형·상시,지원비 상시,270435216.0,0.046650721246044906,0.3110048083069661,0.2221462916478329
004490,세방전지(주),중견,False,비대상,28202,세방전지(주),의무,2025,5797021113.0,1636524743951.0,0.0035422752600760992,1조~5조,중견-비대상,대형·상시,지원비 가동시간만,270435216.0,0.046650721246044906,0.3110048083069661,0.2221462916478329
066360,(주)체리부로,중견,False,비대상,10121,(주)체리부로,의무,2025,731889916.0,423764306202.0,0.0017271155340089514,3천억~5천억,중견-비대상,소형·업무시간,지원비 상시,43110960.0,0.05890361249354883,0.3926907499569922,0.280493392826423
066360,(주)체리부로,중견,False,비대상,10121,(주)체리부로,의무,2025,731889916.0,423764306202.0,0.0017271155340089514,3천억~5천억,중견-비대상,소형·업무시간,지원비 가동시간만,18031200.0,0.02463649191745388,0.16424327944969255,0.11731662817835183
066360,(주)체리부로,중견,False,비대상,10121,(주)체리부로,의무,2025,731889916.0,423764306202.0,0.0017271155340089514,3천억~5천억,중견-비대상,소형·상시,지원비 상시,59830800.0,0.08174835954427878,0.5449890636285253,0.3892779025918038
066360,(주)체리부로,중견,False,비대상,10121,(주)체리부로,의무,2025,731889916.0,423764306202.0,0.0017271155340089514,3천억~5천억,중견-비대상,소형·상시,지원비 가동시간만,59830800.0,0.08174835954427878,0.5449890636285253,0.3892779025918038
066360,(주)체리부로,중견,False,비대상,10121,(주)체리부로,의무,2025,731889916.0,423764306202.0,0.0017271155340089514,3천억~5천억,중견-비대상,중형·업무시간,지원비 상시,76288368.0,0.10423475762166397,0.6948983841444265,0.49635598867459035
066360,(주)체리부로,중견,False,비대상,10121,(주)체리부로,의무,2025,731889916.0,423764306202.0,0.0017271155340089514,3천억~5천억,중견-비대상,중형·업무시간,지원비 가동시간만,51208608.0,0.06996763704556902,0.4664509136371269,0.33317922402651917
066360,(주)체리부로,중견,False,비대상,10121,(주)체리부로,의무,2025,731889916.0,423764306202.0,0.0017271155340089514,3천억~5천억,중견-비대상,중형·상시,지원비 상시,169919472.0,0.23216534110575177,1.547768940705012,1.1055492433607228
066360,(주)체리부로,중견,False,비대상,10121,(주)체리부로,의무,2025,731889916.0,423764306202.0,0.0017271155340089514,3천억~5천억,중견-비대상,중형·상시,지원비 가동시간만,169919472.0,0.23216534110575177,1.547768940705012,1.1055492433607228
066360,(주)체리부로,중견,False,비대상,10121,(주)체리부로,의무,2025,731889916.0,423764306202.0,0.0017271155340089514,3천억~5천억,중견-비대상,대형·상시,지원비 상시,270435216.0,0.3695025851401401,2.4633505676009344,1.759536119714953
066360,(주)체리부로,중견,False,비대상,10121,(주)체리부로,의무,2025,731889916.0,423764306202.0,0.0017271155340089514,3천억~5천억,중견-비대상,대형·상시,지원비 가동시간만,270435216.0,0.3695025851401401,2.4633505676009344,1.759536119714953
036540,(주)에스에프에이반도체,중견,False,비대상,2611,(주)에스에프에이반도체,의무,2025,2677139557.0,356044380914.0,0.007519117560927451,3천억~5천억,중견-비대상,소형·업무시간,지원비 상시,43110960.0,0.01610336670244793,0.10735577801631953,0.07668269858308538
036540,(주)에스에프에이반도체,중견,False,비대상,2611,(주)에스에프에이반도체,의무,2025,2677139557.0,356044380914.0,0.007519117560927451,3천억~5천억,중견-비대상,소형·업무시간,지원비 가동시간만,18031200.0,0.006735248430681643,0.04490165620454429,0.03207261157467449
036540,(주)에스에프에이반도체,중견,False,비대상,2611,(주)에스에프에이반도체,의무,2025,2677139557.0,356044380914.0,0.007519117560927451,3천억~5천억,중견-비대상,소형·상시,지원비 상시,59830800.0,0.022348778883625454,0.1489918592241697,0.10642275658869263
036540,(주)에스에프에이반도체,중견,False,비대상,2611,(주)에스에프에이반도체,의무,2025,2677139557.0,356044380914.0,0.007519117560927451,3천억~5천억,중견-비대상,소형·상시,지원비 가동시간만,59830800.0,0.022348778883625454,0.1489918592241697,0.10642275658869263
036540,(주)에스에프에이반도체,중견,False,비대상,2611,(주)에스에프에이반도체,의무,2025,2677139557.0,356044380914.0,0.007519117560927451,3천억~5천억,중견-비대상,중형·업무시간,지원비 상시,76288368.0,0.028496223814902154,0.18997482543268102,0.13569630388048642
036540,(주)에스에프에이반도체,중견,False,비대상,2611,(주)에스에프에이반도체,의무,2025,2677139557.0,356044380914.0,0.007519117560927451,3천억~5천억,중견-비대상,중형·업무시간,지원비 가동시간만,51208608.0,0.019128105543135866,0.12752070362090578,0.09108621687207555
036540,(주)에스에프에이반도체,중견,False,비대상,2611,(주)에스에프에이반도체,의무,2025,2677139557.0,356044380914.0,0.007519117560927451,3천억~5천억,중견-비대상,중형·상시,지원비 상시,169919472.0,0.06347053202949629,0.4231368801966419,0.30224062871188706
036540,(주)에스에프에이반도체,중견,False,비대상,2611,(주)에스에프에이반도체,의무,2025,2677139557.0,356044380914.0,0.007519117560927451,3천억~5천억,중견-비대상,중형·상시,지원비 가동시간만,169919472.0,0.06347053202949629,0.4231368801966419,0.30224062871188706
036540,(주)에스에프에이반도체,중견,False,비대상,2611,(주)에스에프에이반도체,의무,2025,2677139557.0,356044380914.0,0.007519117560927451,3천억~5천억,중견-비대상,대형·상시,지원비 상시,270435216.0,0.10101648055398704,0.673443203693247,0.48103085978089066
036540,(주)에스에프에이반도체,중견,False,비대상,2611,(주)에스에프에이반도체,의무,2025,2677139557.0,356044380914.0,0.007519117560927451,3천억~5천억,중견-비대상,대형·상시,지원비 가동시간만,270435216.0,0.10101648055398704,0.673443203693247,0.48103085978089066
300720,한일시멘트(주),중견,False,1차(2027),23311,한일시멘트(주),의무,2025,7661276930.0,1011095773805.0,0.007577202010417615,1조~5조,중견-1차(2027),소형·업무시간,지원비 상시,43110960.0,0.005627124615635059,0.03751416410423373,0.026795831503024094
300720,한일시멘트(주),중견,False,1차(2027),23311,한일시멘트(주),의무,2025,7661276930.0,1011095773805.0,0.007577202010417615,1조~5조,중견-1차(2027),소형·업무시간,지원비 가동시간만,18031200.0,0.0023535502194671353,0.015690334796447568,0.011207381997462549
300720,한일시멘트(주),중견,False,1차(2027),23311,한일시멘트(주),의무,2025,7661276930.0,1011095773805.0,0.007577202010417615,1조~5조,중견-1차(2027),소형·상시,지원비 상시,59830800.0,0.007809507546413676,0.05206338364275784,0.03718813117339846
300720,한일시멘트(주),중견,False,1차(2027),23311,한일시멘트(주),의무,2025,7661276930.0,1011095773805.0,0.007577202010417615,1조~5조,중견-1차(2027),소형·상시,지원비 가동시간만,59830800.0,0.007809507546413676,0.05206338364275784,0.03718813117339846
300720,한일시멘트(주),중견,False,1차(2027),23311,한일시멘트(주),의무,2025,7661276930.0,1011095773805.0,0.007577202010417615,1조~5조,중견-1차(2027),중형·업무시간,지원비 상시,76288368.0,0.009957657019454589,0.06638438012969726,0.047417414378355185
300720,한일시멘트(주),중견,False,1차(2027),23311,한일시멘트(주),의무,2025,7661276930.0,1011095773805.0,0.007577202010417615,1조~5조,중견-1차(2027),중형·업무시간,지원비 가동시간만,51208608.0,0.006684082623286664,0.04456055082191109,0.03182896487279364
300720,한일시멘트(주),중견,False,1차(2027),23311,한일시멘트(주),의무,2025,7661276930.0,1011095773805.0,0.007577202010417615,1조~5조,중견-1차(2027),중형·상시,지원비 상시,169919472.0,0.02217900143181484,0.14786000954543227,0.10561429253245162
300720,한일시멘트(주),중견,False,1차(2027),23311,한일시멘트(주),의무,2025,7661276930.0,1011095773805.0,0.007577202010417615,1조~5조,중견-1차(2027),중형·상시,지원비 가동시간만,169919472.0,0.02217900143181484,0.14786000954543227,0.10561429253245162
300720,한일시멘트(주),중견,False,1차(2027),23311,한일시멘트(주),의무,2025,7661276930.0,1011095773805.0,0.007577202010417615,1조~5조,중견-1차(2027),대형·상시,지원비 상시,270435216.0,0.03529897410978981,0.23532649406526543,0.16809035290376104
300720,한일시멘트(주),중견,False,1차(2027),23311,한일시멘트(주),의무,2025,7661276930.0,1011095773805.0,0.007577202010417615,1조~5조,중견-1차(2027),대형·상시,지원비 가동시간만,270435216.0,0.03529897410978981,0.23532649406526543,0.16809035290376104
249420,일동제약(주),중견,False,비대상,212,일동제약,의무,2025,7485704417.0,559644775849.0,0.013375813980652162,5천억~1조,중견-비대상,소형·업무시간,지원비 상시,43110960.0,0.00575910530238079,0.03839403534920527,0.02742431096371805
249420,일동제약(주),중견,False,비대상,212,일동제약,의무,2025,7485704417.0,559644775849.0,0.013375813980652162,5천억~1조,중견-비대상,소형·업무시간,지원비 가동시간만,18031200.0,0.0024087512671554633,0.016058341781036423,0.01147024412931173
249420,일동제약(주),중견,False,비대상,212,일동제약,의무,2025,7485704417.0,559644775849.0,0.013375813980652162,5천억~1조,중견-비대상,소형·상시,지원비 상시,59830800.0,0.007992674659197674,0.0532844977279845,0.038060355519988924
249420,일동제약(주),중견,False,비대상,212,일동제약,의무,2025,7485704417.0,559644775849.0,0.013375813980652162,5천억~1조,중견-비대상,소형·상시,지원비 가동시간만,59830800.0,0.007992674659197674,0.0532844977279845,0.038060355519988924
249420,일동제약(주),중견,False,비대상,212,일동제약,의무,2025,7485704417.0,559644775849.0,0.013375813980652162,5천억~1조,중견-비대상,중형·업무시간,지원비 상시,76288368.0,0.010191207633946842,0.06794138422631228,0.048529560161651636
249420,일동제약(주),중견,False,비대상,212,일동제약,의무,2025,7485704417.0,559644775849.0,0.013375813980652162,5천억~1조,중견-비대상,중형·업무시간,지원비 가동시간만,51208608.0,0.006840853598721516,0.04560569065814345,0.03257549332724532
249420,일동제약(주),중견,False,비대상,212,일동제약,의무,2025,7485704417.0,559644775849.0,0.013375813980652162,5천억~1조,중견-비대상,중형·상시,지원비 상시,169919472.0,0.022699196032121394,0.15132797354747599,0.10809140967676856
249420,일동제약(주),중견,False,비대상,212,일동제약,의무,2025,7485704417.0,559644775849.0,0.013375813980652162,5천억~1조,중견-비대상,중형·상시,지원비 가동시간만,169919472.0,0.022699196032121394,0.15132797354747599,0.10809140967676856
249420,일동제약(주),중견,False,비대상,212,일동제약,의무,2025,7485704417.0,559644775849.0,0.013375813980652162,5천억~1조,중견-비대상,대형·상시,지원비 상시,270435216.0,0.036126889459573486,0.24084592973048993,0.17203280695034995
249420,일동제약(주),중견,False,비대상,212,일동제약,의무,2025,7485704417.0,559644775849.0,0.013375813980652162,5천억~1조,중견-비대상,대형·상시,지원비 가동시간만,270435216.0,0.036126889459573486,0.24084592973048993,0.17203280695034995
000150,(주)두산,대기업,False,비대상,26221,주식회사 두산,의무,2025,48236383344.0,1767596000000.0,0.02728925803407566,1조~5조,대기업,소형·업무시간,지원비 상시,43110960.0,0.000893743622786812,0.005958290818578748,0.004255922013270534
000150,(주)두산,대기업,False,비대상,26221,주식회사 두산,의무,2025,48236383344.0,1767596000000.0,0.02728925803407566,1조~5조,대기업,소형·업무시간,지원비 가동시간만,18031200.0,0.0003738091197967655,0.0024920607986451035,0.0017800434276036452
000150,(주)두산,대기업,False,비대상,26221,주식회사 두산,의무,2025,48236383344.0,1767596000000.0,0.02728925803407566,1조~5조,대기업,소형·상시,지원비 상시,59830800.0,0.0012403666247801765,0.008269110831867843,0.00590650773704846
000150,(주)두산,대기업,False,비대상,26221,주식회사 두산,의무,2025,48236383344.0,1767596000000.0,0.02728925803407566,1조~5조,대기업,소형·상시,지원비 가동시간만,59830800.0,0.0012403666247801765,0.008269110831867843,0.00590650773704846
000150,(주)두산,대기업,False,비대상,26221,주식회사 두산,의무,2025,48236383344.0,1767596000000.0,0.02728925803407566,1조~5조,대기업,중형·업무시간,지원비 상시,76288368.0,0.0015815524032128606,0.010543682688085738,0.007531201920061241
000150,(주)두산,대기업,False,비대상,26221,주식회사 두산,의무,2025,48236383344.0,1767596000000.0,0.02728925803407566,1조~5조,대기업,중형·업무시간,지원비 가동시간만,51208608.0,0.001061617900222814,0.007077452668152094,0.005055323334394353
000150,(주)두산,대기업,False,비대상,26221,주식회사 두산,의무,2025,48236383344.0,1767596000000.0,0.02728925803407566,1조~5조,대기업,중형·상시,지원비 상시,169919472.0,0.003522641214375701,0.023484274762504677,0.016774481973217625
000150,(주)두산,대기업,False,비대상,26221,주식회사 두산,의무,2025,48236383344.0,1767596000000.0,0.02728925803407566,1조~5조,대기업,중형·상시,지원비 가동시간만,169919472.0,0.003522641214375701,0.023484274762504677,0.016774481973217625
000150,(주)두산,대기업,False,비대상,26221,주식회사 두산,의무,2025,48236383344.0,1767596000000.0,0.02728925803407566,1조~5조,대기업,대형·상시,지원비 상시,270435216.0,0.0056064571440063975,0.03737638096004265,0.026697414971459037
000150,(주)두산,대기업,False,비대상,26221,주식회사 두산,의무,2025,48236383344.0,1767596000000.0,0.02728925803407566,1조~5조,대기업,대형·상시,지원비 가동시간만,270435216.0,0.0056064571440063975,0.03737638096004265,0.026697414971459037
003650,미창석유공업(주),중견,False,비대상,19221,미창석유공업(주),의무,2025,296341236.0,405486654859.0,0.0007308285795571912,3천억~5천억,중견-비대상,소형·업무시간,지원비 상시,43110960.0,0.14547742522070065,0.9698495014713376,0.6927496439080983
003650,미창석유공업(주),중견,False,비대상,19221,미창석유공업(주),의무,2025,296341236.0,405486654859.0,0.0007308285795571912,3천억~5천억,중견-비대상,소형·업무시간,지원비 가동시간만,18031200.0,0.06084607138508392,0.40564047590055946,0.2897431970718282
003650,미창석유공업(주),중견,False,비대상,19221,미창석유공업(주),의무,2025,296341236.0,405486654859.0,0.0007308285795571912,3천억~5천억,중견-비대상,소형·상시,지원비 상시,59830800.0,0.20189832777777844,1.3459888518518563,0.9614206084656117
003650,미창석유공업(주),중견,False,비대상,19221,미창석유공업(주),의무,2025,296341236.0,405486654859.0,0.0007308285795571912,3천억~5천억,중견-비대상,소형·상시,지원비 가동시간만,59830800.0,0.20189832777777844,1.3459888518518563,0.9614206084656117
003650,미창석유공업(주),중견,False,비대상,19221,미창석유공업(주),의무,2025,296341236.0,405486654859.0,0.0007308285795571912,3천억~5천억,중견-비대상,중형·업무시간,지원비 상시,76288368.0,0.25743419656925504,1.716227977128367,1.2258771265202622
003650,미창석유공업(주),중견,False,비대상,19221,미창석유공업(주),의무,2025,296341236.0,405486654859.0,0.0007308285795571912,3천억~5천억,중견-비대상,중형·업무시간,지원비 가동시간만,51208608.0,0.17280284273363833,1.152018951557589,0.8228706796839921
003650,미창석유공업(주),중견,False,비대상,19221,미창석유공업(주),의무,2025,296341236.0,405486654859.0,0.0007308285795571912,3천억~5천억,중견-비대상,중형·상시,지원비 상시,169919472.0,0.5733912508888908,3.822608339259272,2.730434528042337
003650,미창석유공업(주),중견,False,비대상,19221,미창석유공업(주),의무,2025,296341236.0,405486654859.0,0.0007308285795571912,3천억~5천억,중견-비대상,중형·상시,지원비 가동시간만,169919472.0,0.5733912508888908,3.822608339259272,2.730434528042337
003650,미창석유공업(주),중견,False,비대상,19221,미창석유공업(주),의무,2025,296341236.0,405486654859.0,0.0007308285795571912,3천억~5천억,중견-비대상,대형·상시,지원비 상시,270435216.0,0.9125804415555586,6.083869610370391,4.345621150264565
003650,미창석유공업(주),중견,False,비대상,19221,미창석유공업(주),의무,2025,296341236.0,405486654859.0,0.0007308285795571912,3천억~5천억,중견-비대상,대형·상시,지원비 가동시간만,270435216.0,0.9125804415555586,6.083869610370391,4.345621150264565
025750,(주)한솔홈데코,중견,False,비대상,161,,의무,2024,2803033485.0,327367631616.0,0.008562341582652067,3천억~5천억,중견-비대상,소형·업무시간,지원비 상시,43110960.0,0.015380108810937019,0.10253405873958013,0.07323861338541438
025750,(주)한솔홈데코,중견,False,비대상,161,,의무,2024,2803033485.0,327367631616.0,0.008562341582652067,3천억~5천억,중견-비대상,소형·업무시간,지원비 가동시간만,18031200.0,0.006432745130049704,0.04288496753366469,0.03063211966690335
025750,(주)한솔홈데코,중견,False,비대상,161,,의무,2024,2803033485.0,327367631616.0,0.008562341582652067,3천억~5천억,중견-비대상,소형·상시,지원비 상시,59830800.0,0.021345017931528563,0.14230011954352376,0.1016429425310884
025750,(주)한솔홈데코,중견,False,비대상,161,,의무,2024,2803033485.0,327367631616.0,0.008562341582652067,3천억~5천억,중견-비대상,소형·상시,지원비 가동시간만,59830800.0,0.021345017931528563,0.14230011954352376,0.1016429425310884
025750,(주)한솔홈데코,중견,False,비대상,161,,의무,2024,2803033485.0,327367631616.0,0.008562341582652067,3천억~5천억,중견-비대상,중형·업무시간,지원비 상시,76288368.0,0.027216359850228473,0.18144239900152317,0.12960171357251654
025750,(주)한솔홈데코,중견,False,비대상,161,,의무,2024,2803033485.0,327367631616.0,0.008562341582652067,3천억~5천억,중견-비대상,중형·업무시간,지원비 가동시간만,51208608.0,0.01826899616934116,0.12179330779560772,0.08699521985400552
025750,(주)한솔홈데코,중견,False,비대상,161,,의무,2024,2803033485.0,327367631616.0,0.008562341582652067,3천억~5천억,중견-비대상,중형·상시,지원비 상시,169919472.0,0.06061985092554112,0.40413233950360744,0.28866595678829104
025750,(주)한솔홈데코,중견,False,비대상,161,,의무,2024,2803033485.0,327367631616.0,0.008562341582652067,3천억~5천억,중견-비대상,중형·상시,지원비 가동시간만,169919472.0,0.06061985092554112,0.40413233950360744,0.28866595678829104
025750,(주)한솔홈데코,중견,False,비대상,161,,의무,2024,2803033485.0,327367631616.0,0.008562341582652067,3천억~5천억,중견-비대상,대형·상시,지원비 상시,270435216.0,0.0964794810505091,0.6431965403367274,0.45942610024051955
025750,(주)한솔홈데코,중견,False,비대상,161,,의무,2024,2803033485.0,327367631616.0,0.008562341582652067,3천억~5천억,중견-비대상,대형·상시,지원비 가동시간만,270435216.0,0.0964794810505091,0.6431965403367274,0.45942610024051955
247540,(주)에코프로비엠,중견,False,비대상,28202,주식회사 에코프로비엠,의무,2025,9837063439.0,964951507323.0,0.01019436040500139,5천억~1조,중견-비대상,소형·업무시간,지원비 상시,43110960.0,0.004382502996685208,0.029216686644568057,0.020869061888977185
247540,(주)에코프로비엠,중견,False,비대상,28202,주식회사 에코프로비엠,의무,2025,9837063439.0,964951507323.0,0.01019436040500139,5천억~1조,중견-비대상,소형·업무시간,지원비 가동시간만,18031200.0,0.0018329860442409616,0.012219906961606412,0.008728504972576009
247540,(주)에코프로비엠,중견,False,비대상,28202,주식회사 에코프로비엠,의무,2025,9837063439.0,964951507323.0,0.01019436040500139,5천억~1조,중견-비대상,소형·상시,지원비 상시,59830800.0,0.006082180964981373,0.04054787309987582,0.0289627664999113
247540,(주)에코프로비엠,중견,False,비대상,28202,주식회사 에코프로비엠,의무,2025,9837063439.0,964951507323.0,0.01019436040500139,5천억~1조,중견-비대상,소형·상시,지원비 가동시간만,59830800.0,0.006082180964981373,0.04054787309987582,0.0289627664999113
247540,(주)에코프로비엠,중견,False,비대상,28202,주식회사 에코프로비엠,의무,2025,9837063439.0,964951507323.0,0.01019436040500139,5천억~1조,중견-비대상,중형·업무시간,지원비 상시,76288368.0,0.007755197318088577,0.051701315453923855,0.03692951103851704
247540,(주)에코프로비엠,중견,False,비대상,28202,주식회사 에코프로비엠,의무,2025,9837063439.0,964951507323.0,0.01019436040500139,5천억~1조,중견-비대상,중형·업무시간,지원비 가동시간만,51208608.0,0.005205680365644331,0.034704535770962205,0.024788954122115864
247540,(주)에코프로비엠,중견,False,비대상,28202,주식회사 에코프로비엠,의무,2025,9837063439.0,964951507323.0,0.01019436040500139,5천억~1조,중견-비대상,중형·상시,지원비 상시,169919472.0,0.017273393940547097,0.11515595960364733,0.08225425685974809
247540,(주)에코프로비엠,중견,False,비대상,28202,주식회사 에코프로비엠,의무,2025,9837063439.0,964951507323.0,0.01019436040500139,5천억~1조,중견-비대상,중형·상시,지원비 가동시간만,169919472.0,0.017273393940547097,0.11515595960364733,0.08225425685974809
247540,(주)에코프로비엠,중견,False,비대상,28202,주식회사 에코프로비엠,의무,2025,9837063439.0,964951507323.0,0.01019436040500139,5천억~1조,중견-비대상,대형·상시,지원비 상시,270435216.0,0.027491457961715805,0.1832763864114387,0.13091170457959908
247540,(주)에코프로비엠,중견,False,비대상,28202,주식회사 에코프로비엠,의무,2025,9837063439.0,964951507323.0,0.01019436040500139,5천억~1조,중견-비대상,대형·상시,지원비 가동시간만,270435216.0,0.027491457961715805,0.1832763864114387,0.13091170457959908
061970,엘비세미콘(주),중견,False,비대상,2612,LB세미콘주식회사,의무,2025,9456028124.0,458152647190.0,0.020639470669867155,3천억~5천억,중견-비대상,소형·업무시간,지원비 상시,43110960.0,0.00455909811547426,0.030393987436495067,0.021709991026067903
061970,엘비세미콘(주),중견,False,비대상,2612,LB세미콘주식회사,의무,2025,9456028124.0,458152647190.0,0.020639470669867155,3천억~5천억,중견-비대상,소형·업무시간,지원비 가동시간만,18031200.0,0.0019068471205405649,0.012712314136937101,0.0090802243835265
061970,엘비세미콘(주),중견,False,비대상,2612,LB세미콘주식회사,의무,2025,9456028124.0,458152647190.0,0.020639470669867155,3천억~5천억,중견-비대상,소형·상시,지원비 상시,59830800.0,0.006327265445430056,0.04218176963620038,0.03012983545442884
061970,엘비세미콘(주),중견,False,비대상,2612,LB세미콘주식회사,의무,2025,9456028124.0,458152647190.0,0.020639470669867155,3천억~5천억,중견-비대상,소형·상시,지원비 가동시간만,59830800.0,0.006327265445430056,0.04218176963620038,0.03012983545442884
061970,엘비세미콘(주),중견,False,비대상,2612,LB세미콘주식회사,의무,2025,9456028124.0,458152647190.0,0.020639470669867155,3천억~5천억,중견-비대상,중형·업무시간,지원비 상시,76288368.0,0.0080676968172689,0.05378464544845933,0.03841760389175666
061970,엘비세미콘(주),중견,False,비대상,2612,LB세미콘주식회사,의무,2025,9456028124.0,458152647190.0,0.020639470669867155,3천억~5천억,중견-비대상,중형·업무시간,지원비 가동시간만,51208608.0,0.005415445822335205,0.03610297214890137,0.02578783724921526
061970,엘비세미콘(주),중견,False,비대상,2612,LB세미콘주식회사,의무,2025,9456028124.0,458152647190.0,0.020639470669867155,3천억~5천억,중견-비대상,중형·상시,지원비 상시,169919472.0,0.01796943386502136,0.11979622576680908,0.08556873269057791
061970,엘비세미콘(주),중견,False,비대상,2612,LB세미콘주식회사,의무,2025,9456028124.0,458152647190.0,0.020639470669867155,3천억~5천억,중견-비대상,중형·상시,지원비 가동시간만,169919472.0,0.01796943386502136,0.11979622576680908,0.08556873269057791
061970,엘비세미콘(주),중견,False,비대상,2612,LB세미콘주식회사,의무,2025,9456028124.0,458152647190.0,0.020639470669867155,3천억~5천억,중견-비대상,대형·상시,지원비 상시,270435216.0,0.028599239813343856,0.19066159875562572,0.13618685625401836
061970,엘비세미콘(주),중견,False,비대상,2612,LB세미콘주식회사,의무,2025,9456028124.0,458152647190.0,0.020639470669867155,3천억~5천억,중견-비대상,대형·상시,지원비 가동시간만,270435216.0,0.028599239813343856,0.19066159875562572,0.13618685625401836
319660,피에스케이 주식회사,중견,False,비대상,29271,피에스케이 주식회사,의무,2025,3455098342.0,379805853308.0,0.009097011833564662,3천억~5천억,중견-비대상,소형·업무시간,지원비 상시,43110960.0,0.012477491443860038,0.08318327629240026,0.05941662592314304
319660,피에스케이 주식회사,중견,False,비대상,29271,피에스케이 주식회사,의무,2025,3455098342.0,379805853308.0,0.009097011833564662,3천억~5천억,중견-비대상,소형·업무시간,지원비 가동시간만,18031200.0,0.005218722657127772,0.03479148438085182,0.024851060272037012
319660,피에스케이 주식회사,중견,False,비대상,29271,피에스케이 주식회사,의무,2025,3455098342.0,379805853308.0,0.009097011833564662,3천억~5천억,중견-비대상,소형·상시,지원비 상시,59830800.0,0.01731667063501488,0.11544447090009921,0.08246033635721373
319660,피에스케이 주식회사,중견,False,비대상,29271,피에스케이 주식회사,의무,2025,3455098342.0,379805853308.0,0.009097011833564662,3천억~5천억,중견-비대상,소형·상시,지원비 가동시간만,59830800.0,0.01731667063501488,0.11544447090009921,0.08246033635721373
319660,피에스케이 주식회사,중견,False,비대상,29271,피에스케이 주식회사,의무,2025,3455098342.0,379805853308.0,0.009097011833564662,3천억~5천억,중견-비대상,중형·업무시간,지원비 상시,76288368.0,0.022079941132975137,0.1471996075531676,0.10514257682369114
319660,피에스케이 주식회사,중견,False,비대상,29271,피에스케이 주식회사,의무,2025,3455098342.0,379805853308.0,0.009097011833564662,3천억~5천억,중견-비대상,중형·업무시간,지원비 가동시간만,51208608.0,0.014821172346242873,0.09880781564161917,0.07057701117258512
319660,피에스케이 주식회사,중견,False,비대상,29271,피에스케이 주식회사,의무,2025,3455098342.0,379805853308.0,0.009097011833564662,3천억~5천억,중견-비대상,중형·상시,지원비 상시,169919472.0,0.04917934460344226,0.32786229735628175,0.23418735525448697
319660,피에스케이 주식회사,중견,False,비대상,29271,피에스케이 주식회사,의무,2025,3455098342.0,379805853308.0,0.009097011833564662,3천억~5천억,중견-비대상,중형·상시,지원비 가동시간만,169919472.0,0.04917934460344226,0.32786229735628175,0.23418735525448697
319660,피에스케이 주식회사,중견,False,비대상,29271,피에스케이 주식회사,의무,2025,3455098342.0,379805853308.0,0.009097011833564662,3천억~5천억,중견-비대상,대형·상시,지원비 상시,270435216.0,0.07827135127026726,0.5218090084684485,0.372720720334606
319660,피에스케이 주식회사,중견,False,비대상,29271,피에스케이 주식회사,의무,2025,3455098342.0,379805853308.0,0.009097011833564662,3천억~5천억,중견-비대상,대형·상시,지원비 가동시간만,270435216.0,0.07827135127026726,0.5218090084684485,0.372720720334606
003230,삼양식품(주),중견,False,비대상,108,삼양식품(주),의무,2025,14676770870.0,1901833914086.0,0.007717167498852544,1조~5조,중견-비대상,소형·업무시간,지원비 상시,43110960.0,0.0029373600216189787,0.019582400144126526,0.013987428674376091
003230,삼양식품(주),중견,False,비대상,108,삼양식품(주),의무,2025,14676770870.0,1901833914086.0,0.007717167498852544,1조~5조,중견-비대상,소형·업무시간,지원비 가동시간만,18031200.0,0.001228553621209459,0.008190357474729727,0.0058502553390926615
003230,삼양식품(주),중견,False,비대상,108,삼양식품(주),의무,2025,14676770870.0,1901833914086.0,0.007717167498852544,1조~5조,중견-비대상,소형·상시,지원비 상시,59830800.0,0.004076564288558659,0.027177095257057728,0.019412210897898376
003230,삼양식품(주),중견,False,비대상,108,삼양식품(주),의무,2025,14676770870.0,1901833914086.0,0.007717167498852544,1조~5조,중견-비대상,소형·상시,지원비 가동시간만,59830800.0,0.004076564288558659,0.027177095257057728,0.019412210897898376
003230,삼양식품(주),중견,False,비대상,108,삼양식품(주),의무,2025,14676770870.0,1901833914086.0,0.007717167498852544,1조~5조,중견-비대상,중형·업무시간,지원비 상시,76288368.0,0.005197898684644383,0.034652657897629224,0.02475189849830659
003230,삼양식품(주),중견,False,비대상,108,삼양식품(주),의무,2025,14676770870.0,1901833914086.0,0.007717167498852544,1조~5조,중견-비대상,중형·업무시간,지원비 가동시간만,51208608.0,0.003489092284234863,0.02326061522823242,0.016614725163023158
003230,삼양식품(주),중견,False,비대상,108,삼양식품(주),의무,2025,14676770870.0,1901833914086.0,0.007717167498852544,1조~5조,중견-비대상,중형·상시,지원비 상시,169919472.0,0.01157744257950659,0.07718295053004394,0.05513067895003139
003230,삼양식품(주),중견,False,비대상,108,삼양식품(주),의무,2025,14676770870.0,1901833914086.0,0.007717167498852544,1조~5조,중견-비대상,중형·상시,지원비 가동시간만,169919472.0,0.01157744257950659,0.07718295053004394,0.05513067895003139
003230,삼양식품(주),중견,False,비대상,108,삼양식품(주),의무,2025,14676770870.0,1901833914086.0,0.007717167498852544,1조~5조,중견-비대상,대형·상시,지원비 상시,270435216.0,0.018426070584285137,0.12284047056190092,0.08774319325850066
003230,삼양식품(주),중견,False,비대상,108,삼양식품(주),의무,2025,14676770870.0,1901833914086.0,0.007717167498852544,1조~5조,중견-비대상,대형·상시,지원비 가동시간만,270435216.0,0.018426070584285137,0.12284047056190092,0.08774319325850066
145170,(주)노브랜드,중견,False,비대상,14300,노브랜드,의무,2025,1846056200.0,476231650984.0,0.0038763828405475346,3천억~5천억,중견-비대상,소형·업무시간,지원비 상시,43110960.0,0.023353005179365612,0.15568670119577074,0.11120478656840768
145170,(주)노브랜드,중견,False,비대상,14300,노브랜드,의무,2025,1846056200.0,476231650984.0,0.0038763828405475346,3천억~5천억,중견-비대상,소형·업무시간,지원비 가동시간만,18031200.0,0.009767416614943791,0.06511611076629195,0.04651150769020854
145170,(주)노브랜드,중견,False,비대상,14300,노브랜드,의무,2025,1846056200.0,476231650984.0,0.0038763828405475346,3천억~5천억,중견-비대상,소형·상시,지원비 상시,59830800.0,0.03241006422231349,0.21606709481542327,0.15433363915387377
145170,(주)노브랜드,중견,False,비대상,14300,노브랜드,의무,2025,1846056200.0,476231650984.0,0.0038763828405475346,3천억~5천억,중견-비대상,소형·상시,지원비 가동시간만,59830800.0,0.03241006422231349,0.21606709481542327,0.15433363915387377
145170,(주)노브랜드,중견,False,비대상,14300,노브랜드,의무,2025,1846056200.0,476231650984.0,0.0038763828405475346,3천억~5천억,중견-비대상,중형·업무시간,지원비 상시,76288368.0,0.041325051750862186,0.27550034500574794,0.19678596071839138
145170,(주)노브랜드,중견,False,비대상,14300,노브랜드,의무,2025,1846056200.0,476231650984.0,0.0038763828405475346,3천억~5천억,중견-비대상,중형·업무시간,지원비 가동시간만,51208608.0,0.02773946318644037,0.18492975457626912,0.13209268184019224
145170,(주)노브랜드,중견,False,비대상,14300,노브랜드,의무,2025,1846056200.0,476231650984.0,0.0038763828405475346,3천억~5천억,중견-비대상,중형·상시,지원비 상시,169919472.0,0.09204458239137031,0.6136305492758021,0.4383075351970015
145170,(주)노브랜드,중견,False,비대상,14300,노브랜드,의무,2025,1846056200.0,476231650984.0,0.0038763828405475346,3천억~5천억,중견-비대상,중형·상시,지원비 가동시간만,169919472.0,0.09204458239137031,0.6136305492758021,0.4383075351970015
145170,(주)노브랜드,중견,False,비대상,14300,노브랜드,의무,2025,1846056200.0,476231650984.0,0.0038763828405475346,3천억~5천억,중견-비대상,대형·상시,지원비 상시,270435216.0,0.14649349028485698,0.9766232685657132,0.6975880489755094
145170,(주)노브랜드,중견,False,비대상,14300,노브랜드,의무,2025,1846056200.0,476231650984.0,0.0038763828405475346,3천억~5천억,중견-비대상,대형·상시,지원비 가동시간만,270435216.0,0.14649349028485698,0.9766232685657132,0.6975880489755094
095500,미래나노텍(주),중견,False,비대상,2229,미래나노텍 주식회사,의무,2025,793949051.0,322914786223.0,0.00245869524987224,3천억~5천억,중견-비대상,소형·업무시간,지원비 상시,43110960.0,0.054299403652791824,0.3619960243519455,0.2585685888228182
095500,미래나노텍(주),중견,False,비대상,2229,미래나노텍 주식회사,의무,2025,793949051.0,322914786223.0,0.00245869524987224,3천억~5천억,중견-비대상,소형·업무시간,지원비 가동시간만,18031200.0,0.02271077719318289,0.15140518128788596,0.10814655806277566
095500,미래나노텍(주),중견,False,비대상,2229,미래나노텍 주식회사,의무,2025,793949051.0,322914786223.0,0.00245869524987224,3천억~5천억,중견-비대상,소형·상시,지원비 상시,59830800.0,0.07535848795919778,0.5023899197279852,0.35884994266284653
095500,미래나노텍(주),중견,False,비대상,2229,미래나노텍 주식회사,의무,2025,793949051.0,322914786223.0,0.00245869524987224,3천억~5천억,중견-비대상,소형·상시,지원비 가동시간만,59830800.0,0.07535848795919778,0.5023899197279852,0.35884994266284653
095500,미래나노텍(주),중견,False,비대상,2229,미래나노텍 주식회사,의무,2025,793949051.0,322914786223.0,0.00245869524987224,3천억~5천억,중견-비대상,중형·업무시간,지원비 상시,76288368.0,0.09608723368824834,0.6405815579216556,0.4575582556583254
095500,미래나노텍(주),중견,False,비대상,2229,미래나노텍 주식회사,의무,2025,793949051.0,322914786223.0,0.00245869524987224,3천억~5천억,중견-비대상,중형·업무시간,지원비 가동시간만,51208608.0,0.06449860722863941,0.4299907148575961,0.3071362248982829
095500,미래나노텍(주),중견,False,비대상,2229,미래나노텍 주식회사,의무,2025,793949051.0,322914786223.0,0.00245869524987224,3천억~5천억,중견-비대상,중형·상시,지원비 상시,169919472.0,0.21401810580412167,1.426787372027478,1.019133837162484
095500,미래나노텍(주),중견,False,비대상,2229,미래나노텍 주식회사,의무,2025,793949051.0,322914786223.0,0.00245869524987224,3천억~5천억,중견-비대상,중형·상시,지원비 가동시간만,169919472.0,0.21401810580412167,1.426787372027478,1.019133837162484
095500,미래나노텍(주),중견,False,비대상,2229,미래나노텍 주식회사,의무,2025,793949051.0,322914786223.0,0.00245869524987224,3천억~5천억,중견-비대상,대형·상시,지원비 상시,270435216.0,0.34062036557557396,2.270802437170493,1.6220017408360663
095500,미래나노텍(주),중견,False,비대상,2229,미래나노텍 주식회사,의무,2025,793949051.0,322914786223.0,0.00245869524987224,3천억~5천억,중견-비대상,대형·상시,지원비 가동시간만,270435216.0,0.34062036557557396,2.270802437170493,1.6220017408360663
200130,콜마비앤에이치(주),중견,False,비대상,211,콜마비앤에이치(주),의무,2025,3042879759.0,439211246450.0,0.006928055198027363,3천억~5천억,중견-비대상,소형·업무시간,지원비 상시,43110960.0,0.014167815823970585,0.09445210549313723,0.06746578963795517
200130,콜마비앤에이치(주),중견,False,비대상,211,콜마비앤에이치(주),의무,2025,3042879759.0,439211246450.0,0.006928055198027363,3천억~5천억,중견-비대상,소형·업무시간,지원비 가동시간만,18031200.0,0.005925702435881234,0.03950468290587489,0.02821763064705349
200130,콜마비앤에이치(주),중견,False,비대상,211,콜마비앤에이치(주),의무,2025,3042879759.0,439211246450.0,0.006928055198027363,3천억~5천억,중견-비대상,소형·상시,지원비 상시,59830800.0,0.019662558082696818,0.13108372055131215,0.09363122896522295
200130,콜마비앤에이치(주),중견,False,비대상,211,콜마비앤에이치(주),의무,2025,3042879759.0,439211246450.0,0.006928055198027363,3천억~5천억,중견-비대상,소형·상시,지원비 가동시간만,59830800.0,0.019662558082696818,0.13108372055131215,0.09363122896522295
200130,콜마비앤에이치(주),중견,False,비대상,211,콜마비앤에이치(주),의무,2025,3042879759.0,439211246450.0,0.006928055198027363,3천억~5천억,중견-비대상,중형·업무시간,지원비 상시,76288368.0,0.025071108305992053,0.16714072203994704,0.11938623002853359
200130,콜마비앤에이치(주),중견,False,비대상,211,콜마비앤에이치(주),의무,2025,3042879759.0,439211246450.0,0.006928055198027363,3천억~5천억,중견-비대상,중형·업무시간,지원비 가동시간만,51208608.0,0.0168289949179027,0.11219329945268469,0.08013807103763192
200130,콜마비앤에이치(주),중견,False,비대상,211,콜마비앤에이치(주),의무,2025,3042879759.0,439211246450.0,0.006928055198027363,3천억~5천억,중견-비대상,중형·상시,지원비 상시,169919472.0,0.05584166495485897,0.37227776636572646,0.2659126902612332
200130,콜마비앤에이치(주),중견,False,비대상,211,콜마비앤에이치(주),의무,2025,3042879759.0,439211246450.0,0.006928055198027363,3천억~5천억,중견-비대상,중형·상시,지원비 가동시간만,169919472.0,0.05584166495485897,0.37227776636572646,0.2659126902612332
200130,콜마비앤에이치(주),중견,False,비대상,211,콜마비앤에이치(주),의무,2025,3042879759.0,439211246450.0,0.006928055198027363,3천억~5천억,중견-비대상,대형·상시,지원비 상시,270435216.0,0.08887476253378962,0.5924984168919308,0.42321315492280775
200130,콜마비앤에이치(주),중견,False,비대상,211,콜마비앤에이치(주),의무,2025,3042879759.0,439211246450.0,0.006928055198027363,3천억~5천억,중견-비대상,대형·상시,지원비 가동시간만,270435216.0,0.08887476253378962,0.5924984168919308,0.42321315492280775
054210,(주)이랜텍,중견,False,비대상,262,(주) 이랜텍,의무,2025,1781300631.0,380424924088.0,0.0046823972831705135,3천억~5천억,중견-비대상,소형·업무시간,지원비 상시,43110960.0,0.024201956283930605,0.16134637522620404,0.11524741087586002
054210,(주)이랜텍,중견,False,비대상,262,(주) 이랜텍,의무,2025,1781300631.0,380424924088.0,0.0046823972831705135,3천억~5천억,중견-비대상,소형·업무시간,지원비 가동시간만,18031200.0,0.010122491221415841,0.06748327480943896,0.048202339149599246
054210,(주)이랜텍,중견,False,비대상,262,(주) 이랜텍,의무,2025,1781300631.0,380424924088.0,0.0046823972831705135,3천억~5천억,중견-비대상,소형·상시,지원비 상시,59830800.0,0.03358826632560711,0.22392177550404743,0.15994412536003388
054210,(주)이랜텍,중견,False,비대상,262,(주) 이랜텍,의무,2025,1781300631.0,380424924088.0,0.0046823972831705135,3천억~5천억,중견-비대상,소형·상시,지원비 가동시간만,59830800.0,0.03358826632560711,0.22392177550404743,0.15994412536003388
054210,(주)이랜텍,중견,False,비대상,262,(주) 이랜텍,의무,2025,1781300631.0,380424924088.0,0.0046823972831705135,3천억~5천억,중견-비대상,중형·업무시간,지원비 상시,76288368.0,0.04282734013133575,0.2855156008755717,0.20393971491112264
054210,(주)이랜텍,중견,False,비대상,262,(주) 이랜텍,의무,2025,1781300631.0,380424924088.0,0.0046823972831705135,3천억~5천억,중견-비대상,중형·업무시간,지원비 가동시간만,51208608.0,0.02874787506882099,0.19165250045880663,0.13689464318486186
054210,(주)이랜텍,중견,False,비대상,262,(주) 이랜텍,의무,2025,1781300631.0,380424924088.0,0.0046823972831705135,3천억~5천억,중견-비대상,중형·상시,지원비 상시,169919472.0,0.0953906763647242,0.6359378424314948,0.4542413160224962
054210,(주)이랜텍,중견,False,비대상,262,(주) 이랜텍,의무,2025,1781300631.0,380424924088.0,0.0046823972831705135,3천억~5천억,중견-비대상,중형·상시,지원비 가동시간만,169919472.0,0.0953906763647242,0.6359378424314948,0.4542413160224962
054210,(주)이랜텍,중견,False,비대상,262,(주) 이랜텍,의무,2025,1781300631.0,380424924088.0,0.0046823972831705135,3천억~5천억,중견-비대상,대형·상시,지원비 상시,270435216.0,0.15181896379174414,1.0121264252782944,0.7229474466273531
054210,(주)이랜텍,중견,False,비대상,262,(주) 이랜텍,의무,2025,1781300631.0,380424924088.0,0.0046823972831705135,3천억~5천억,중견-비대상,대형·상시,지원비 가동시간만,270435216.0,0.15181896379174414,1.0121264252782944,0.7229474466273531
439260,대한조선 주식회사,중견,False,비대상,3111,대한조선,의무,2025,3407990882.0,1227404154509.0,0.0027765841181817594,1조~5조,중견-비대상,소형·업무시간,지원비 상시,43110960.0,0.012649963422055892,0.08433308948037263,0.06023792105740901
439260,대한조선 주식회사,중견,False,비대상,3111,대한조선,의무,2025,3407990882.0,1227404154509.0,0.0027765841181817594,1조~5조,중견-비대상,소형·업무시간,지원비 가동시간만,18031200.0,0.005290859225954936,0.03527239483969958,0.025194567742642553
439260,대한조선 주식회사,중견,False,비대상,3111,대한조선,의무,2025,3407990882.0,1227404154509.0,0.0027765841181817594,1조~5조,중견-비대상,소형·상시,지원비 상시,59830800.0,0.0175560328861232,0.11704021924082132,0.08360015660058664
439260,대한조선 주식회사,중견,False,비대상,3111,대한조선,의무,2025,3407990882.0,1227404154509.0,0.0027765841181817594,1조~5조,중견-비대상,소형·상시,지원비 가동시간만,59830800.0,0.0175560328861232,0.11704021924082132,0.08360015660058664
439260,대한조선 주식회사,중견,False,비대상,3111,대한조선,의무,2025,3407990882.0,1227404154509.0,0.0027765841181817594,1조~5조,중견-비대상,중형·업무시간,지원비 상시,76288368.0,0.022385144397812976,0.14923429598541985,0.1065959257038713
439260,대한조선 주식회사,중견,False,비대상,3111,대한조선,의무,2025,3407990882.0,1227404154509.0,0.0027765841181817594,1조~5조,중견-비대상,중형·업무시간,지원비 가동시간만,51208608.0,0.015026040201712018,0.1001736013447468,0.07155257238910485
439260,대한조선 주식회사,중견,False,비대상,3111,대한조선,의무,2025,3407990882.0,1227404154509.0,0.0027765841181817594,1조~5조,중견-비대상,중형·상시,지원비 상시,169919472.0,0.04985913339658988,0.33239422264393254,0.2374244447456661
439260,대한조선 주식회사,중견,False,비대상,3111,대한조선,의무,2025,3407990882.0,1227404154509.0,0.0027765841181817594,1조~5조,중견-비대상,중형·상시,지원비 가동시간만,169919472.0,0.04985913339658988,0.33239422264393254,0.2374244447456661
439260,대한조선 주식회사,중견,False,비대상,3111,대한조선,의무,2025,3407990882.0,1227404154509.0,0.0027765841181817594,1조~5조,중견-비대상,대형·상시,지원비 상시,270435216.0,0.07935326864527685,0.5290217909685124,0.37787270783465166
439260,대한조선 주식회사,중견,False,비대상,3111,대한조선,의무,2025,3407990882.0,1227404154509.0,0.0027765841181817594,1조~5조,중견-비대상,대형·상시,지원비 가동시간만,270435216.0,0.07935326864527685,0.5290217909685124,0.37787270783465166
069510,에스텍(주),중견,False,비대상,26529,에스텍(주),의무,2025,1183256465.0,316929502240.0,0.0037335005313073057,3천억~5천억,중견-비대상,소형·업무시간,지원비 상시,43110960.0,0.03643416391559712,0.24289442610398077,0.17349601864570055
069510,에스텍(주),중견,False,비대상,26529,에스텍(주),의무,2025,1183256465.0,316929502240.0,0.0037335005313073057,3천억~5천억,중견-비대상,소형·업무시간,지원비 가동시간만,18031200.0,0.015238623690934155,0.10159082460622769,0.07256487471873407
069510,에스텍(주),중견,False,비대상,26529,에스텍(주),의무,2025,1183256465.0,316929502240.0,0.0037335005313073057,3천억~5천억,중견-비대상,소형·상시,지원비 상시,59830800.0,0.05056452406537242,0.3370968271024828,0.2407834479303449
069510,에스텍(주),중견,False,비대상,26529,에스텍(주),의무,2025,1183256465.0,316929502240.0,0.0037335005313073057,3천억~5천억,중견-비대상,소형·상시,지원비 가동시간만,59830800.0,0.05056452406537242,0.3370968271024828,0.2407834479303449
069510,에스텍(주),중견,False,비대상,26529,에스텍(주),의무,2025,1183256465.0,316929502240.0,0.0037335005313073057,3천억~5천억,중견-비대상,중형·업무시간,지원비 상시,76288368.0,0.06447323150691596,0.42982154337943973,0.30701538812817125
069510,에스텍(주),중견,False,비대상,26529,에스텍(주),의무,2025,1183256465.0,316929502240.0,0.0037335005313073057,3천억~5천억,중견-비대상,중형·업무시간,지원비 가동시간만,51208608.0,0.043277691282253,0.28851794188168667,0.20608424420120477
069510,에스텍(주),중견,False,비대상,26529,에스텍(주),의무,2025,1183256465.0,316929502240.0,0.0037335005313073057,3천억~5천억,중견-비대상,중형·상시,지원비 상시,169919472.0,0.14360324834565769,0.9573549889710512,0.6838249921221795
069510,에스텍(주),중견,False,비대상,26529,에스텍(주),의무,2025,1183256465.0,316929502240.0,0.0037335005313073057,3천억~5천억,중견-비대상,중형·상시,지원비 가동시간만,169919472.0,0.14360324834565769,0.9573549889710512,0.6838249921221795
069510,에스텍(주),중견,False,비대상,26529,에스텍(주),의무,2025,1183256465.0,316929502240.0,0.0037335005313073057,3천억~5천억,중견-비대상,대형·상시,지원비 상시,270435216.0,0.22855164877548334,1.5236776585032223,1.088341184645159
069510,에스텍(주),중견,False,비대상,26529,에스텍(주),의무,2025,1183256465.0,316929502240.0,0.0037335005313073057,3천억~5천억,중견-비대상,대형·상시,지원비 가동시간만,270435216.0,0.22855164877548334,1.5236776585032223,1.088341184645159
049070,인탑스(주),중견,False,비대상,2642,인탑스(주),자율,2025,567605683.0,115071855206.0,0.004932619553094719,3천억 미만,중견-비대상,소형·업무시간,지원비 상시,43110960.0,0.07595230507936969,0.5063487005291313,0.36167764323509377
049070,인탑스(주),중견,False,비대상,2642,인탑스(주),자율,2025,567605683.0,115071855206.0,0.004932619553094719,3천억 미만,중견-비대상,소형·업무시간,지원비 가동시간만,18031200.0,0.031767123797455,0.21178082531636666,0.15127201808311908
049070,인탑스(주),중견,False,비대상,2642,인탑스(주),자율,2025,567605683.0,115071855206.0,0.004932619553094719,3천억 미만,중견-비대상,소형·상시,지원비 상시,59830800.0,0.10540909260064614,0.7027272840043076,0.5019480600030769
049070,인탑스(주),중견,False,비대상,2642,인탑스(주),자율,2025,567605683.0,115071855206.0,0.004932619553094719,3천억 미만,중견-비대상,소형·상시,지원비 가동시간만,59830800.0,0.10540909260064614,0.7027272840043076,0.5019480600030769
049070,인탑스(주),중견,False,비대상,2642,인탑스(주),자율,2025,567605683.0,115071855206.0,0.004932619553094719,3천억 미만,중견-비대상,중형·업무시간,지원비 상시,76288368.0,0.1344038128666869,0.8960254191112459,0.6400181565080328
049070,인탑스(주),중견,False,비대상,2642,인탑스(주),자율,2025,567605683.0,115071855206.0,0.004932619553094719,3천억 미만,중견-비대상,중형·업무시간,지원비 가동시간만,51208608.0,0.09021863158477221,0.6014575438984814,0.42961253135605815
049070,인탑스(주),중견,False,비대상,2642,인탑스(주),자율,2025,567605683.0,115071855206.0,0.004932619553094719,3천억 미만,중견-비대상,중형·상시,지원비 상시,169919472.0,0.299361822985835,1.9957454865722335,1.4255324904087383
049070,인탑스(주),중견,False,비대상,2642,인탑스(주),자율,2025,567605683.0,115071855206.0,0.004932619553094719,3천억 미만,중견-비대상,중형·상시,지원비 가동시간만,169919472.0,0.299361822985835,1.9957454865722335,1.4255324904087383
049070,인탑스(주),중견,False,비대상,2642,인탑스(주),자율,2025,567605683.0,115071855206.0,0.004932619553094719,3천억 미만,중견-비대상,대형·상시,지원비 상시,270435216.0,0.47644909855492057,3.1763273236994705,2.2688052312139075
049070,인탑스(주),중견,False,비대상,2642,인탑스(주),자율,2025,567605683.0,115071855206.0,0.004932619553094719,3천억 미만,중견-비대상,대형·상시,지원비 가동시간만,270435216.0,0.47644909855492057,3.1763273236994705,2.2688052312139075
308170,(주)씨티알모빌리티,중견,False,"2차(2028, 제품명 확인)",303,씨티알모빌리티,의무,2025,2173105216.0,350501003459.0,0.006199997131403933,3천억~5천억,중견-2차(2028),소형·업무시간,지원비 상시,43110960.0,0.019838413567178147,0.13225609044785433,0.09446863603418167
308170,(주)씨티알모빌리티,중견,False,"2차(2028, 제품명 확인)",303,씨티알모빌리티,의무,2025,2173105216.0,350501003459.0,0.006199997131403933,3천억~5천억,중견-2차(2028),소형·업무시간,지원비 가동시간만,18031200.0,0.008297435332279834,0.05531623554853223,0.03951159682038016
308170,(주)씨티알모빌리티,중견,False,"2차(2028, 제품명 확인)",303,씨티알모빌리티,의무,2025,2173105216.0,350501003459.0,0.006199997131403933,3천억~5천억,중견-2차(2028),소형·상시,지원비 상시,59830800.0,0.027532399057110357,0.1835493270474024,0.131106662176716
308170,(주)씨티알모빌리티,중견,False,"2차(2028, 제품명 확인)",303,씨티알모빌리티,의무,2025,2173105216.0,350501003459.0,0.006199997131403933,3천억~5천억,중견-2차(2028),소형·상시,지원비 가동시간만,59830800.0,0.027532399057110357,0.1835493270474024,0.131106662176716
308170,(주)씨티알모빌리티,중견,False,"2차(2028, 제품명 확인)",303,씨티알모빌리티,의무,2025,2173105216.0,350501003459.0,0.006199997131403933,3천억~5천억,중견-2차(2028),중형·업무시간,지원비 상시,76288368.0,0.03510569457857304,0.23403796385715364,0.16716997418368118
308170,(주)씨티알모빌리티,중견,False,"2차(2028, 제품명 확인)",303,씨티알모빌리티,의무,2025,2173105216.0,350501003459.0,0.006199997131403933,3천억~5천억,중견-2차(2028),중형·업무시간,지원비 가동시간만,51208608.0,0.023564716343674727,0.15709810895783152,0.11221293496987966
308170,(주)씨티알모빌리티,중견,False,"2차(2028, 제품명 확인)",303,씨티알모빌리티,의무,2025,2173105216.0,350501003459.0,0.006199997131403933,3천억~5천억,중견-2차(2028),중형·상시,지원비 상시,169919472.0,0.07819201332219342,0.5212800888146228,0.37234292058187346
308170,(주)씨티알모빌리티,중견,False,"2차(2028, 제품명 확인)",303,씨티알모빌리티,의무,2025,2173105216.0,350501003459.0,0.006199997131403933,3천억~5천억,중견-2차(2028),중형·상시,지원비 가동시간만,169919472.0,0.07819201332219342,0.5212800888146228,0.37234292058187346
308170,(주)씨티알모빌리티,중견,False,"2차(2028, 제품명 확인)",303,씨티알모빌리티,의무,2025,2173105216.0,350501003459.0,0.006199997131403933,3천억~5천억,중견-2차(2028),대형·상시,지원비 상시,270435216.0,0.12444644373813882,0.8296429582542588,0.5926021130387563
308170,(주)씨티알모빌리티,중견,False,"2차(2028, 제품명 확인)",303,씨티알모빌리티,의무,2025,2173105216.0,350501003459.0,0.006199997131403933,3천억~5천억,중견-2차(2028),대형·상시,지원비 가동시간만,270435216.0,0.12444644373813882,0.8296429582542588,0.5926021130387563
302440,에스케이바이오사이언스(주),대기업,False,비대상,211,에스케이바이오사이언스(주),자율,2025,20362433393.0,185735624652.0,0.10963127526639913,3천억 미만,대기업,소형·업무시간,지원비 상시,43110960.0,0.0021171811427420197,0.014114540951613465,0.01008181496543819
302440,에스케이바이오사이언스(주),대기업,False,비대상,211,에스케이바이오사이언스(주),자율,2025,20362433393.0,185735624652.0,0.10963127526639913,3천억 미만,대기업,소형·업무시간,지원비 가동시간만,18031200.0,0.0008855130254814531,0.005903420169876354,0.004216728692768824
302440,에스케이바이오사이언스(주),대기업,False,비대상,211,에스케이바이오사이언스(주),자율,2025,20362433393.0,185735624652.0,0.10963127526639913,3천억 미만,대기업,소형·상시,지원비 상시,59830800.0,0.002938293220915731,0.019588621472771538,0.0139918724805511
302440,에스케이바이오사이언스(주),대기업,False,비대상,211,에스케이바이오사이언스(주),자율,2025,20362433393.0,185735624652.0,0.10963127526639913,3천억 미만,대기업,소형·상시,지원비 가동시간만,59830800.0,0.002938293220915731,0.019588621472771538,0.0139918724805511
302440,에스케이바이오사이언스(주),대기업,False,비대상,211,에스케이바이오사이언스(주),자율,2025,20362433393.0,185735624652.0,0.10963127526639913,3천억 미만,대기업,중형·업무시간,지원비 상시,76288368.0,0.0037465251096278933,0.02497683406418596,0.017840595760132825
302440,에스케이바이오사이언스(주),대기업,False,비대상,211,에스케이바이오사이언스(주),자율,2025,20362433393.0,185735624652.0,0.10963127526639913,3천억 미만,대기업,중형·업무시간,지원비 가동시간만,51208608.0,0.0025148569923673265,0.016765713282448847,0.01197550948746346
302440,에스케이바이오사이언스(주),대기업,False,비대상,211,에스케이바이오사이언스(주),자율,2025,20362433393.0,185735624652.0,0.10963127526639913,3천억 미만,대기업,중형·상시,지원비 상시,169919472.0,0.008344752747400675,0.05563168498267117,0.03973691784476512
302440,에스케이바이오사이언스(주),대기업,False,비대상,211,에스케이바이오사이언스(주),자율,2025,20362433393.0,185735624652.0,0.10963127526639913,3천억 미만,대기업,중형·상시,지원비 가동시간만,169919472.0,0.008344752747400675,0.05563168498267117,0.03973691784476512
302440,에스케이바이오사이언스(주),대기업,False,비대상,211,에스케이바이오사이언스(주),자율,2025,20362433393.0,185735624652.0,0.10963127526639913,3천억 미만,대기업,대형·상시,지원비 상시,270435216.0,0.013281085358539103,0.08854056905692735,0.06324326361209097
302440,에스케이바이오사이언스(주),대기업,False,비대상,211,에스케이바이오사이언스(주),자율,2025,20362433393.0,185735624652.0,0.10963127526639913,3천억 미만,대기업,대형·상시,지원비 가동시간만,270435216.0,0.013281085358539103,0.08854056905692735,0.06324326361209097
373220,(주)엘지에너지솔루션,대기업,False,비대상,28202,(주)엘지에너지솔루션,의무,2025,394613622124.0,7661584000000.0,0.05150548791529271,5조 이상,대기업,소형·업무시간,지원비 상시,43110960.0,0.000109248534726085,0.0007283235648405667,0.000520231117743262
373220,(주)엘지에너지솔루션,대기업,False,비대상,28202,(주)엘지에너지솔루션,의무,2025,394613622124.0,7661584000000.0,0.05150548791529271,5조 이상,대기업,소형·업무시간,지원비 가동시간만,18031200.0,4.5693303497602095e-05,0.0003046220233173473,0.00021758715951239094
373220,(주)엘지에너지솔루션,대기업,False,비대상,28202,(주)엘지에너지솔루션,의무,2025,394613622124.0,7661584000000.0,0.05150548791529271,5조 이상,대기업,소형·상시,지원비 상시,59830800.0,0.00015161868887840694,0.0010107912591893796,0.0007219937565638427
373220,(주)엘지에너지솔루션,대기업,False,비대상,28202,(주)엘지에너지솔루션,의무,2025,394613622124.0,7661584000000.0,0.05150548791529271,5조 이상,대기업,소형·상시,지원비 가동시간만,59830800.0,0.00015161868887840694,0.0010107912591893796,0.0007219937565638427
373220,(주)엘지에너지솔루션,대기업,False,비대상,28202,(주)엘지에너지솔루션,의무,2025,394613622124.0,7661584000000.0,0.05150548791529271,5조 이상,대기업,중형·업무시간,지원비 상시,76288368.0,0.00019332421316167286,0.0012888280877444858,0.0009205914912460613
373220,(주)엘지에너지솔루션,대기업,False,비대상,28202,(주)엘지에너지솔루션,의무,2025,394613622124.0,7661584000000.0,0.05150548791529271,5조 이상,대기업,중형·업무시간,지원비 가동시간만,51208608.0,0.00012976898193318995,0.0008651265462212664,0.0006179475330151902
373220,(주)엘지에너지솔루션,대기업,False,비대상,28202,(주)엘지에너지솔루션,의무,2025,394613622124.0,7661584000000.0,0.05150548791529271,5조 이상,대기업,중형·상시,지원비 상시,169919472.0,0.0004305970764146757,0.002870647176097838,0.002050462268641313
373220,(주)엘지에너지솔루션,대기업,False,비대상,28202,(주)엘지에너지솔루션,의무,2025,394613622124.0,7661584000000.0,0.05150548791529271,5조 이상,대기업,중형·상시,지원비 가동시간만,169919472.0,0.0004305970764146757,0.002870647176097838,0.002050462268641313
373220,(주)엘지에너지솔루션,대기업,False,비대상,28202,(주)엘지에너지솔루션,의무,2025,394613622124.0,7661584000000.0,0.05150548791529271,5조 이상,대기업,대형·상시,지원비 상시,270435216.0,0.0006853164737303994,0.004568776491535996,0.0032634117796685688
373220,(주)엘지에너지솔루션,대기업,False,비대상,28202,(주)엘지에너지솔루션,의무,2025,394613622124.0,7661584000000.0,0.05150548791529271,5조 이상,대기업,대형·상시,지원비 가동시간만,270435216.0,0.0006853164737303994,0.004568776491535996,0.0032634117796685688
056190,(주)에스에프에이,중견,False,2차 후보(확인 필요),292,에스에프에이,의무,2025,7794874995.0,790239319800.0,0.00986394222572067,5천억~1조,중견-2차 후보,소형·업무시간,지원비 상시,43110960.0,0.005530680097840363,0.036871200652269086,0.02633657189447792
056190,(주)에스에프에이,중견,False,2차 후보(확인 필요),292,에스에프에이,의무,2025,7794874995.0,790239319800.0,0.00986394222572067,5천억~1조,중견-2차 후보,소형·업무시간,지원비 가동시간만,18031200.0,0.002313212208222205,0.015421414721481367,0.011015296229629547
056190,(주)에스에프에이,중견,False,2차 후보(확인 필요),292,에스에프에이,의무,2025,7794874995.0,790239319800.0,0.00986394222572067,5천억~1조,중견-2차 후보,소형·상시,지원비 상시,59830800.0,0.007675658690919135,0.051171057939460904,0.0365507556710435
056190,(주)에스에프에이,중견,False,2차 후보(확인 필요),292,에스에프에이,의무,2025,7794874995.0,790239319800.0,0.00986394222572067,5천억~1조,중견-2차 후보,소형·상시,지원비 가동시간만,59830800.0,0.007675658690919135,0.051171057939460904,0.0365507556710435
056190,(주)에스에프에이,중견,False,2차 후보(확인 필요),292,에스에프에이,의무,2025,7794874995.0,790239319800.0,0.00986394222572067,5천억~1조,중견-2차 후보,중형·업무시간,지원비 상시,76288368.0,0.009786990560969221,0.06524660373979481,0.046604716956996285
056190,(주)에스에프에이,중견,False,2차 후보(확인 필요),292,에스에프에이,의무,2025,7794874995.0,790239319800.0,0.00986394222572067,5천억~1조,중견-2차 후보,중형·업무시간,지원비 가동시간만,51208608.0,0.006569522671351063,0.043796817809007085,0.03128344129214792
056190,(주)에스에프에이,중견,False,2차 후보(확인 필요),292,에스에프에이,의무,2025,7794874995.0,790239319800.0,0.00986394222572067,5천억~1조,중견-2차 후보,중형·상시,지원비 상시,169919472.0,0.021798870682210345,0.14532580454806895,0.10380414610576354
056190,(주)에스에프에이,중견,False,2차 후보(확인 필요),292,에스에프에이,의무,2025,7794874995.0,790239319800.0,0.00986394222572067,5천억~1조,중견-2차 후보,중형·상시,지원비 가동시간만,169919472.0,0.021798870682210345,0.14532580454806895,0.10380414610576354
056190,(주)에스에프에이,중견,False,2차 후보(확인 필요),292,에스에프에이,의무,2025,7794874995.0,790239319800.0,0.00986394222572067,5천억~1조,중견-2차 후보,대형·상시,지원비 상시,270435216.0,0.034693977282954494,0.23129318188636327,0.1652094156331166
056190,(주)에스에프에이,중견,False,2차 후보(확인 필요),292,에스에프에이,의무,2025,7794874995.0,790239319800.0,0.00986394222572067,5천억~1조,중견-2차 후보,대형·상시,지원비 가동시간만,270435216.0,0.034693977282954494,0.23129318188636327,0.1652094156331166
000490,(주)대동,중견,False,2차(2028),29210,(주)대동,의무,2025,12649778870.0,863154294296.0,0.014655292748461996,5천억~1조,중견-2차(2028),소형·업무시간,지원비 상시,43110960.0,0.0034080406023729963,0.02272027068248664,0.016228764773204746
000490,(주)대동,중견,False,2차(2028),29210,(주)대동,의무,2025,12649778870.0,863154294296.0,0.014655292748461996,5천억~1조,중견-2차(2028),소형·업무시간,지원비 가동시간만,18031200.0,0.0014254162215248274,0.009502774810165515,0.006787696292975369
000490,(주)대동,중견,False,2차(2028),29210,(주)대동,의무,2025,12649778870.0,863154294296.0,0.014655292748461996,5천억~1조,중견-2차(2028),소형·상시,지원비 상시,59830800.0,0.004729790189605109,0.03153193459736739,0.022522810426690996
000490,(주)대동,중견,False,2차(2028),29210,(주)대동,의무,2025,12649778870.0,863154294296.0,0.014655292748461996,5천억~1조,중견-2차(2028),소형·상시,지원비 가동시간만,59830800.0,0.004729790189605109,0.03153193459736739,0.022522810426690996
000490,(주)대동,중견,False,2차(2028),29210,(주)대동,의무,2025,12649778870.0,863154294296.0,0.014655292748461996,5천억~1조,중견-2차(2028),중형·업무시간,지원비 상시,76288368.0,0.006030806449978679,0.04020537633319119,0.028718125952279423
000490,(주)대동,중견,False,2차(2028),29210,(주)대동,의무,2025,12649778870.0,863154294296.0,0.014655292748461996,5천억~1조,중견-2차(2028),중형·업무시간,지원비 가동시간만,51208608.0,0.0040481820691305095,0.026987880460870063,0.01927705747205005
000490,(주)대동,중견,False,2차(2028),29210,(주)대동,의무,2025,12649778870.0,863154294296.0,0.014655292748461996,5천억~1조,중견-2차(2028),중형·상시,지원비 상시,169919472.0,0.013432604138478509,0.0895506942565234,0.06396478161180243
000490,(주)대동,중견,False,2차(2028),29210,(주)대동,의무,2025,12649778870.0,863154294296.0,0.014655292748461996,5천억~1조,중견-2차(2028),중형·상시,지원비 가동시간만,169919472.0,0.013432604138478509,0.0895506942565234,0.06396478161180243
000490,(주)대동,중견,False,2차(2028),29210,(주)대동,의무,2025,12649778870.0,863154294296.0,0.014655292748461996,5천억~1조,중견-2차(2028),대형·상시,지원비 상시,270435216.0,0.021378651657015094,0.14252434438010061,0.1018031031286433
000490,(주)대동,중견,False,2차(2028),29210,(주)대동,의무,2025,12649778870.0,863154294296.0,0.014655292748461996,5천억~1조,중견-2차(2028),대형·상시,지원비 가동시간만,270435216.0,0.021378651657015094,0.14252434438010061,0.1018031031286433
005290,(주)동진쎄미켐,중견,False,비대상,20129,(주)동진쎄미켐,의무,2025,5122964748.0,1147296848069.0,0.004465247818489516,1조~5조,중견-비대상,소형·업무시간,지원비 상시,43110960.0,0.008415236512574184,0.05610157675049456,0.040072554821781826
005290,(주)동진쎄미켐,중견,False,비대상,20129,(주)동진쎄미켐,의무,2025,5122964748.0,1147296848069.0,0.004465247818489516,1조~5조,중견-비대상,소형·업무시간,지원비 가동시간만,18031200.0,0.0035196806706584037,0.02346453780438936,0.0167603841459924
005290,(주)동진쎄미켐,중견,False,비대상,20129,(주)동진쎄미켐,의무,2025,5122964748.0,1147296848069.0,0.004465247818489516,1조~5조,중견-비대상,소형·상시,지원비 상시,59830800.0,0.011678940407184703,0.0778596027145647,0.05561400193897478
005290,(주)동진쎄미켐,중견,False,비대상,20129,(주)동진쎄미켐,의무,2025,5122964748.0,1147296848069.0,0.004465247818489516,1조~5조,중견-비대상,소형·상시,지원비 가동시간만,59830800.0,0.011678940407184703,0.0778596027145647,0.05561400193897478
005290,(주)동진쎄미켐,중견,False,비대상,20129,(주)동진쎄미켐,의무,2025,5122964748.0,1147296848069.0,0.004465247818489516,1조~5조,중견-비대상,중형·업무시간,지원비 상시,76288368.0,0.014891448946585647,0.09927632631057098,0.07091166165040784
005290,(주)동진쎄미켐,중견,False,비대상,20129,(주)동진쎄미켐,의무,2025,5122964748.0,1147296848069.0,0.004465247818489516,1조~5조,중견-비대상,중형·업무시간,지원비 가동시간만,51208608.0,0.009995893104669867,0.06663928736446578,0.047599490974618415
005290,(주)동진쎄미켐,중견,False,비대상,20129,(주)동진쎄미켐,의무,2025,5122964748.0,1147296848069.0,0.004465247818489516,1조~5조,중견-비대상,중형·상시,지원비 상시,169919472.0,0.03316819075640456,0.22112127170936374,0.15794376550668837
005290,(주)동진쎄미켐,중견,False,비대상,20129,(주)동진쎄미켐,의무,2025,5122964748.0,1147296848069.0,0.004465247818489516,1조~5조,중견-비대상,중형·상시,지원비 가동시간만,169919472.0,0.03316819075640456,0.22112127170936374,0.15794376550668837
005290,(주)동진쎄미켐,중견,False,비대상,20129,(주)동진쎄미켐,의무,2025,5122964748.0,1147296848069.0,0.004465247818489516,1조~5조,중견-비대상,대형·상시,지원비 상시,270435216.0,0.05278881064047486,0.35192540426983243,0.251375288764166
005290,(주)동진쎄미켐,중견,False,비대상,20129,(주)동진쎄미켐,의무,2025,5122964748.0,1147296848069.0,0.004465247818489516,1조~5조,중견-비대상,대형·상시,지원비 가동시간만,270435216.0,0.05278881064047486,0.35192540426983243,0.251375288764166
222080,(주)에스에프에이넥셀,중견,False,2차 후보(확인 필요),292,에스에프에이넥셀,의무,2025,393697160.0,406240741630.0,0.0009691227876857695,3천억~5천억,중견-2차 후보,소형·업무시간,지원비 상시,43110960.0,0.10950284731543403,0.7300189821028935,0.5214421300734954
222080,(주)에스에프에이넥셀,중견,False,2차 후보(확인 필요),292,에스에프에이넥셀,의무,2025,393697160.0,406240741630.0,0.0009691227876857695,3천억~5천억,중견-2차 후보,소형·업무시간,지원비 가동시간만,18031200.0,0.04579966997983933,0.30533113319892885,0.21809366657066348
222080,(주)에스에프에이넥셀,중견,False,2차 후보(확인 필요),292,에스에프에이넥셀,의무,2025,393697160.0,406240741630.0,0.0009691227876857695,3천억~5천억,중견-2차 후보,소형·상시,지원비 상시,59830800.0,0.1519716322058305,1.0131442147055365,0.7236744390753833
222080,(주)에스에프에이넥셀,중견,False,2차 후보(확인 필요),292,에스에프에이넥셀,의무,2025,393697160.0,406240741630.0,0.0009691227876857695,3천억~5천억,중견-2차 후보,소형·상시,지원비 가동시간만,59830800.0,0.1519716322058305,1.0131442147055365,0.7236744390753833
222080,(주)에스에프에이넥셀,중견,False,2차 후보(확인 필요),292,에스에프에이넥셀,의무,2025,393697160.0,406240741630.0,0.0009691227876857695,3천억~5천억,중견-2차 후보,중형·업무시간,지원비 상시,76288368.0,0.19377424007833838,1.2918282671889225,0.9227344765635161
222080,(주)에스에프에이넥셀,중견,False,2차 후보(확인 필요),292,에스에프에이넥셀,의무,2025,393697160.0,406240741630.0,0.0009691227876857695,3천억~5천억,중견-2차 후보,중형·업무시간,지원비 가동시간만,51208608.0,0.1300710627427437,0.8671404182849579,0.6193860130606843
222080,(주)에스에프에이넥셀,중견,False,2차 후보(확인 필요),292,에스에프에이넥셀,의무,2025,393697160.0,406240741630.0,0.0009691227876857695,3천억~5천억,중견-2차 후보,중형·상시,지원비 상시,169919472.0,0.4315994354645586,2.877329569763724,2.055235406974089
222080,(주)에스에프에이넥셀,중견,False,2차 후보(확인 필요),292,에스에프에이넥셀,의무,2025,393697160.0,406240741630.0,0.0009691227876857695,3천억~5천억,중견-2차 후보,중형·상시,지원비 가동시간만,169919472.0,0.4315994354645586,2.877329569763724,2.055235406974089
222080,(주)에스에프에이넥셀,중견,False,2차 후보(확인 필요),292,에스에프에이넥셀,의무,2025,393697160.0,406240741630.0,0.0009691227876857695,3천억~5천억,중견-2차 후보,대형·상시,지원비 상시,270435216.0,0.6869117775703538,4.579411850469025,3.2710084646207327
222080,(주)에스에프에이넥셀,중견,False,2차 후보(확인 필요),292,에스에프에이넥셀,의무,2025,393697160.0,406240741630.0,0.0009691227876857695,3천억~5천억,중견-2차 후보,대형·상시,지원비 가동시간만,270435216.0,0.6869117775703538,4.579411850469025,3.2710084646207327
000390,에스피삼화(주),중견,False,비대상,20411,에스피삼화(주),의무,2025,4527191435.0,520834500803.0,0.008692188071297452,5천억~1조,중견-비대상,소형·업무시간,지원비 상시,43110960.0,0.009522672195106765,0.06348448130071177,0.04534605807193698
000390,에스피삼화(주),중견,False,비대상,20411,에스피삼화(주),의무,2025,4527191435.0,520834500803.0,0.008692188071297452,5천억~1조,중견-비대상,소형·업무시간,지원비 가동시간만,18031200.0,0.003982866697573172,0.026552444650487814,0.01896603189320558
000390,에스피삼화(주),중견,False,비대상,20411,에스피삼화(주),의무,2025,4527191435.0,520834500803.0,0.008692188071297452,5천억~1조,중견-비대상,소형·상시,지원비 상시,59830800.0,0.013215875860129163,0.08810583906752775,0.06293274219109124
000390,에스피삼화(주),중견,False,비대상,20411,에스피삼화(주),의무,2025,4527191435.0,520834500803.0,0.008692188071297452,5천억~1조,중견-비대상,소형·상시,지원비 가동시간만,59830800.0,0.013215875860129163,0.08810583906752775,0.06293274219109124
000390,에스피삼화(주),중견,False,비대상,20411,에스피삼화(주),의무,2025,4527191435.0,520834500803.0,0.008692188071297452,5천억~1조,중견-비대상,중형·업무시간,지원비 상시,76288368.0,0.016851146918641403,0.11234097945760935,0.08024355675543525
000390,에스피삼화(주),중견,False,비대상,20411,에스피삼화(주),의무,2025,4527191435.0,520834500803.0,0.008692188071297452,5천억~1조,중견-비대상,중형·업무시간,지원비 가동시간만,51208608.0,0.01131134142110781,0.07540894280738539,0.05386353057670385
000390,에스피삼화(주),중견,False,비대상,20411,에스피삼화(주),의무,2025,4527191435.0,520834500803.0,0.008692188071297452,5천억~1조,중견-비대상,중형·상시,지원비 상시,169919472.0,0.03753308744276682,0.2502205829517788,0.17872898782269914
000390,에스피삼화(주),중견,False,비대상,20411,에스피삼화(주),의무,2025,4527191435.0,520834500803.0,0.008692188071297452,5천억~1조,중견-비대상,중형·상시,지원비 가동시간만,169919472.0,0.03753308744276682,0.2502205829517788,0.17872898782269914
000390,에스피삼화(주),중견,False,비대상,20411,에스피삼화(주),의무,2025,4527191435.0,520834500803.0,0.008692188071297452,5천억~1조,중견-비대상,대형·상시,지원비 상시,270435216.0,0.05973575888778381,0.3982383925852254,0.28445599470373245
000390,에스피삼화(주),중견,False,비대상,20411,에스피삼화(주),의무,2025,4527191435.0,520834500803.0,0.008692188071297452,5천억~1조,중견-비대상,대형·상시,지원비 가동시간만,270435216.0,0.05973575888778381,0.3982383925852254,0.28445599470373245
025440,(주)디에이치오토웨어,중견,False,비대상,265,(주)디에이치오토웨어,의무,2025,1018318190.0,375808912467.0,0.0027096701441039375,3천억~5천억,중견-비대상,소형·업무시간,지원비 상시,43110960.0,0.04233545116188094,0.2822363410792063,0.20159738648514736
025440,(주)디에이치오토웨어,중견,False,비대상,265,(주)디에이치오토웨어,의무,2025,1018318190.0,375808912467.0,0.0027096701441039375,3천억~5천억,중견-비대상,소형·업무시간,지원비 가동시간만,18031200.0,0.017706842691281,0.11804561794187335,0.08431829852990953
025440,(주)디에이치오토웨어,중견,False,비대상,265,(주)디에이치오토웨어,의무,2025,1018318190.0,375808912467.0,0.0027096701441039375,3천억~5천억,중견-비대상,소형·상시,지원비 상시,59830800.0,0.05875452347561424,0.3916968231707616,0.27978344512197256
025440,(주)디에이치오토웨어,중견,False,비대상,265,(주)디에이치오토웨어,의무,2025,1018318190.0,375808912467.0,0.0027096701441039375,3천억~5천억,중견-비대상,소형·상시,지원비 가동시간만,59830800.0,0.05875452347561424,0.3916968231707616,0.27978344512197256
025440,(주)디에이치오토웨어,중견,False,비대상,265,(주)디에이치오토웨어,의무,2025,1018318190.0,375808912467.0,0.0027096701441039375,3천억~5천억,중견-비대상,중형·업무시간,지원비 상시,76288368.0,0.07491604171383799,0.4994402780922533,0.3567430557801809
025440,(주)디에이치오토웨어,중견,False,비대상,265,(주)디에이치오토웨어,의무,2025,1018318190.0,375808912467.0,0.0027096701441039375,3천억~5천억,중견-비대상,중형·업무시간,지원비 가동시간만,51208608.0,0.05028743324323805,0.3352495549549203,0.23946396782494309
025440,(주)디에이치오토웨어,중견,False,비대상,265,(주)디에이치오토웨어,의무,2025,1018318190.0,375808912467.0,0.0027096701441039375,3천억~5천억,중견-비대상,중형·상시,지원비 상시,169919472.0,0.16686284667074444,1.112418977804963,0.7945849841464021
025440,(주)디에이치오토웨어,중견,False,비대상,265,(주)디에이치오토웨어,의무,2025,1018318190.0,375808912467.0,0.0027096701441039375,3천억~5천억,중견-비대상,중형·상시,지원비 가동시간만,169919472.0,0.16686284667074444,1.112418977804963,0.7945849841464021
025440,(주)디에이치오토웨어,중견,False,비대상,265,(주)디에이치오토웨어,의무,2025,1018318190.0,375808912467.0,0.0027096701441039375,3천억~5천억,중견-비대상,대형·상시,지원비 상시,270435216.0,0.26557044610977637,1.7704696407318423,1.2646211719513158
025440,(주)디에이치오토웨어,중견,False,비대상,265,(주)디에이치오토웨어,의무,2025,1018318190.0,375808912467.0,0.0027096701441039375,3천억~5천억,중견-비대상,대형·상시,지원비 가동시간만,270435216.0,0.26557044610977637,1.7704696407318423,1.2646211719513158
000880,(주)한화,대기업,False,비대상,20494,(주)한화,의무,2025,38811075072.0,4315204000000.0,0.008994030194632746,1조~5조,대기업,소형·업무시간,지원비 상시,43110960.0,0.0011107901525537005,0.007405267683691336,0.005289476916922383
000880,(주)한화,대기업,False,비대상,20494,(주)한화,의무,2025,38811075072.0,4315204000000.0,0.008994030194632746,1조~5조,대기업,소형·업무시간,지원비 가동시간만,18031200.0,0.00046458903718976066,0.0030972602479317373,0.0022123287485226696
000880,(주)한화,대기업,False,비대상,20494,(주)한화,의무,2025,38811075072.0,4315204000000.0,0.008994030194632746,1조~5조,대기업,소형·상시,지원비 상시,59830800.0,0.0015415908961296603,0.010277272640864402,0.007340909029188858
000880,(주)한화,대기업,False,비대상,20494,(주)한화,의무,2025,38811075072.0,4315204000000.0,0.008994030194632746,1조~5조,대기업,소형·상시,지원비 가동시간만,59830800.0,0.0015415908961296603,0.010277272640864402,0.007340909029188858
000880,(주)한화,대기업,False,비대상,20494,(주)한화,의무,2025,38811075072.0,4315204000000.0,0.008994030194632746,1조~5조,대기업,중형·업무시간,지원비 상시,76288368.0,0.00196563398098286,0.013104226539885733,0.009360161814204095
000880,(주)한화,대기업,False,비대상,20494,(주)한화,의무,2025,38811075072.0,4315204000000.0,0.008994030194632746,1조~5조,대기업,중형·업무시간,지원비 가동시간만,51208608.0,0.0013194328656189202,0.008796219104126134,0.006283013645804382
000880,(주)한화,대기업,False,비대상,20494,(주)한화,의무,2025,38811075072.0,4315204000000.0,0.008994030194632746,1조~5조,대기업,중형·상시,지원비 상시,169919472.0,0.004378118145008235,0.0291874543000549,0.020848181642896358
000880,(주)한화,대기업,False,비대상,20494,(주)한화,의무,2025,38811075072.0,4315204000000.0,0.008994030194632746,1조~5조,대기업,중형·상시,지원비 가동시간만,169919472.0,0.004378118145008235,0.0291874543000549,0.020848181642896358
000880,(주)한화,대기업,False,비대상,20494,(주)한화,의무,2025,38811075072.0,4315204000000.0,0.008994030194632746,1조~5조,대기업,대형·상시,지원비 상시,270435216.0,0.006967990850506064,0.0464532723367071,0.03318090881193364
000880,(주)한화,대기업,False,비대상,20494,(주)한화,의무,2025,38811075072.0,4315204000000.0,0.008994030194632746,1조~5조,대기업,대형·상시,지원비 가동시간만,270435216.0,0.006967990850506064,0.0464532723367071,0.03318090881193364
019210,(주)와이지-원,중견,False,비대상,25934,(주)와이지-원,의무,2025,2147052764.0,420294883669.0,0.005108443731832089,3천억~5천억,중견-비대상,소형·업무시간,지원비 상시,43110960.0,0.020079133928540938,0.1338608928569396,0.09561492346924257
019210,(주)와이지-원,중견,False,비대상,25934,(주)와이지-원,의무,2025,2147052764.0,420294883669.0,0.005108443731832089,3천억~5천억,중견-비대상,소형·업무시간,지원비 가동시간만,18031200.0,0.008398116852241457,0.05598744568160972,0.03999103262972122
019210,(주)와이지-원,중견,False,비대상,25934,(주)와이지-원,의무,2025,2147052764.0,420294883669.0,0.005108443731832089,3천억~5천억,중견-비대상,소형·상시,지원비 상시,59830800.0,0.027866478646073927,0.18577652430715952,0.1326975173622568
019210,(주)와이지-원,중견,False,비대상,25934,(주)와이지-원,의무,2025,2147052764.0,420294883669.0,0.005108443731832089,3천억~5천억,중견-비대상,소형·상시,지원비 가동시간만,59830800.0,0.027866478646073927,0.18577652430715952,0.1326975173622568
019210,(주)와이지-원,중견,False,비대상,25934,(주)와이지-원,의무,2025,2147052764.0,420294883669.0,0.005108443731832089,3천억~5천억,중견-비대상,중형·업무시간,지원비 상시,76288368.0,0.03553166893666522,0.23687779291110148,0.16919842350792963
019210,(주)와이지-원,중견,False,비대상,25934,(주)와이지-원,의무,2025,2147052764.0,420294883669.0,0.005108443731832089,3천억~5천억,중견-비대상,중형·업무시간,지원비 가동시간만,51208608.0,0.023850651860365737,0.1590043457357716,0.11357453266840828
019210,(주)와이지-원,중견,False,비대상,25934,(주)와이지-원,의무,2025,2147052764.0,420294883669.0,0.005108443731832089,3천억~5천억,중견-비대상,중형·상시,지원비 상시,169919472.0,0.07914079935484995,0.527605329032333,0.37686094930880926
019210,(주)와이지-원,중견,False,비대상,25934,(주)와이지-원,의무,2025,2147052764.0,420294883669.0,0.005108443731832089,3천억~5천억,중견-비대상,중형·상시,지원비 가동시간만,169919472.0,0.07914079935484995,0.527605329032333,0.37686094930880926
019210,(주)와이지-원,중견,False,비대상,25934,(주)와이지-원,의무,2025,2147052764.0,420294883669.0,0.005108443731832089,3천억~5천억,중견-비대상,대형·상시,지원비 상시,270435216.0,0.12595648348025415,0.839709889868361,0.5997927784774006
019210,(주)와이지-원,중견,False,비대상,25934,(주)와이지-원,의무,2025,2147052764.0,420294883669.0,0.005108443731832089,3천억~5천억,중견-비대상,대형·상시,지원비 가동시간만,270435216.0,0.12595648348025415,0.839709889868361,0.5997927784774006
118990,모트렉스 주식회사,중견,False,2차 후보(확인 필요),303,모트렉스 주식회사,의무,2025,11661921253.0,313869524230.0,0.037155315673318694,3천억~5천억,중견-2차 후보,소형·업무시간,지원비 상시,43110960.0,0.0036967287863403993,0.02464485857560266,0.017603470411144757
118990,모트렉스 주식회사,중견,False,2차 후보(확인 필요),303,모트렉스 주식회사,의무,2025,11661921253.0,313869524230.0,0.037155315673318694,3천억~5천억,중견-2차 후보,소형·업무시간,지원비 가동시간만,18031200.0,0.0015461603288876196,0.010307735525917463,0.007362668232798188
118990,모트렉스 주식회사,중견,False,2차 후보(확인 필요),303,모트렉스 주식회사,의무,2025,11661921253.0,313869524230.0,0.037155315673318694,3천억~5천억,중견-2차 후보,소형·상시,지원비 상시,59830800.0,0.005130441091308919,0.034202940608726126,0.024430671863375806
118990,모트렉스 주식회사,중견,False,2차 후보(확인 필요),303,모트렉스 주식회사,의무,2025,11661921253.0,313869524230.0,0.037155315673318694,3천억~5천억,중견-2차 후보,소형·상시,지원비 가동시간만,59830800.0,0.005130441091308919,0.034202940608726126,0.024430671863375806
118990,모트렉스 주식회사,중견,False,2차 후보(확인 필요),303,모트렉스 주식회사,의무,2025,11661921253.0,313869524230.0,0.037155315673318694,3천억~5천억,중견-2차 후보,중형·업무시간,지원비 상시,76288368.0,0.006541663791493619,0.0436110919432908,0.031150779959493426
118990,모트렉스 주식회사,중견,False,2차 후보(확인 필요),303,모트렉스 주식회사,의무,2025,11661921253.0,313869524230.0,0.037155315673318694,3천억~5천억,중견-2차 후보,중형·업무시간,지원비 가동시간만,51208608.0,0.0043910953340408395,0.029273968893605597,0.020909977781146855
118990,모트렉스 주식회사,중견,False,2차 후보(확인 필요),303,모트렉스 주식회사,의무,2025,11661921253.0,313869524230.0,0.037155315673318694,3천억~5천억,중견-2차 후보,중형·상시,지원비 상시,169919472.0,0.01457045269931733,0.0971363513287822,0.06938310809198729
118990,모트렉스 주식회사,중견,False,2차 후보(확인 필요),303,모트렉스 주식회사,의무,2025,11661921253.0,313869524230.0,0.037155315673318694,3천억~5천억,중견-2차 후보,중형·상시,지원비 가동시간만,169919472.0,0.01457045269931733,0.0971363513287822,0.06938310809198729
118990,모트렉스 주식회사,중견,False,2차 후보(확인 필요),303,모트렉스 주식회사,의무,2025,11661921253.0,313869524230.0,0.037155315673318694,3천억~5천억,중견-2차 후보,대형·상시,지원비 상시,270435216.0,0.023189593732716316,0.1545972915514421,0.11042663682245864
118990,모트렉스 주식회사,중견,False,2차 후보(확인 필요),303,모트렉스 주식회사,의무,2025,11661921253.0,313869524230.0,0.037155315673318694,3천억~5천억,중견-2차 후보,대형·상시,지원비 가동시간만,270435216.0,0.023189593732716316,0.1545972915514421,0.11042663682245864
000430,대원강업(주),대기업,False,2차 후보(확인 필요),303,대원강업(주),의무,2025,2211096730.0,781507649000.0,0.002829270747163218,5천억~1조,대기업,소형·업무시간,지원비 상시,43110960.0,0.019497545907907882,0.12998363938605256,0.09284545670432325
000430,대원강업(주),대기업,False,2차 후보(확인 필요),303,대원강업(주),의무,2025,2211096730.0,781507649000.0,0.002829270747163218,5천억~1조,대기업,소형·업무시간,지원비 가동시간만,18031200.0,0.008154867109771358,0.05436578073180905,0.038832700522720746
000430,대원강업(주),대기업,False,2차 후보(확인 필요),303,대원강업(주),의무,2025,2211096730.0,781507649000.0,0.002829270747163218,5천억~1조,대기업,소형·상시,지원비 상시,59830800.0,0.02705933177333223,0.1803955451555482,0.12885396082539158
000430,대원강업(주),대기업,False,2차 후보(확인 필요),303,대원강업(주),의무,2025,2211096730.0,781507649000.0,0.002829270747163218,5천억~1조,대기업,소형·상시,지원비 가동시간만,59830800.0,0.02705933177333223,0.1803955451555482,0.12885396082539158
000430,대원강업(주),대기업,False,2차 후보(확인 필요),303,대원강업(주),의무,2025,2211096730.0,781507649000.0,0.002829270747163218,5천억~1조,대기업,중형·업무시간,지원비 상시,76288368.0,0.03450250138988718,0.2300166759325812,0.16429762566612943
000430,대원강업(주),대기업,False,2차 후보(확인 필요),303,대원강업(주),의무,2025,2211096730.0,781507649000.0,0.002829270747163218,5천억~1조,대기업,중형·업무시간,지원비 가동시간만,51208608.0,0.023159822591750655,0.1543988172783377,0.11028486948452693
000430,대원강업(주),대기업,False,2차 후보(확인 필요),303,대원강업(주),의무,2025,2211096730.0,781507649000.0,0.002829270747163218,5천억~1조,대기업,중형·상시,지원비 상시,169919472.0,0.07684850223626354,0.512323348241757,0.3659452487441121
000430,대원강업(주),대기업,False,2차 후보(확인 필요),303,대원강업(주),의무,2025,2211096730.0,781507649000.0,0.002829270747163218,5천억~1조,대기업,중형·상시,지원비 가동시간만,169919472.0,0.07684850223626354,0.512323348241757,0.3659452487441121
000430,대원강업(주),대기업,False,2차 후보(확인 필요),303,대원강업(주),의무,2025,2211096730.0,781507649000.0,0.002829270747163218,5천억~1조,대기업,대형·상시,지원비 상시,270435216.0,0.12230817961546168,0.815387864103078,0.58241990293077
000430,대원강업(주),대기업,False,2차 후보(확인 필요),303,대원강업(주),의무,2025,2211096730.0,781507649000.0,0.002829270747163218,5천억~1조,대기업,대형·상시,지원비 가동시간만,270435216.0,0.12230817961546168,0.815387864103078,0.58241990293077
009290,광동제약(주),중견,False,비대상,21220,광동제약 (주),의무,2025,6010661649.0,1011023893233.0,0.005945123245089111,1조~5조,중견-비대상,소형·업무시간,지원비 상시,43110960.0,0.0071724150380636405,0.047816100253757605,0.03415435732411257
009290,광동제약(주),중견,False,비대상,21220,광동제약 (주),의무,2025,6010661649.0,1011023893233.0,0.005945123245089111,1조~5조,중견-비대상,소형·업무시간,지원비 가동시간만,18031200.0,0.0029998694075551347,0.0199991293837009,0.014285092416929214
009290,광동제약(주),중견,False,비대상,21220,광동제약 (주),의무,2025,6010661649.0,1011023893233.0,0.005945123245089111,1조~5조,중견-비대상,소형·상시,지원비 상시,59830800.0,0.009954112125069312,0.06636074750046207,0.047400533928901485
009290,광동제약(주),중견,False,비대상,21220,광동제약 (주),의무,2025,6010661649.0,1011023893233.0,0.005945123245089111,1조~5조,중견-비대상,소형·상시,지원비 가동시간만,59830800.0,0.009954112125069312,0.06636074750046207,0.047400533928901485
009290,광동제약(주),중견,False,비대상,21220,광동제약 (주),의무,2025,6010661649.0,1011023893233.0,0.005945123245089111,1조~5조,중견-비대상,중형·업무시간,지원비 상시,76288368.0,0.012692174747965088,0.08461449831976725,0.06043892737126233
009290,광동제약(주),중견,False,비대상,21220,광동제약 (주),의무,2025,6010661649.0,1011023893233.0,0.005945123245089111,1조~5조,중견-비대상,중형·업무시간,지원비 가동시간만,51208608.0,0.008519629117456583,0.056797527449710554,0.04056966246407897
009290,광동제약(주),중견,False,비대상,21220,광동제약 (주),의무,2025,6010661649.0,1011023893233.0,0.005945123245089111,1조~5조,중견-비대상,중형·상시,지원비 상시,169919472.0,0.028269678435196843,0.1884645229013123,0.13461751635808022
009290,광동제약(주),중견,False,비대상,21220,광동제약 (주),의무,2025,6010661649.0,1011023893233.0,0.005945123245089111,1조~5조,중견-비대상,중형·상시,지원비 가동시간만,169919472.0,0.028269678435196843,0.1884645229013123,0.13461751635808022
009290,광동제약(주),중견,False,비대상,21220,광동제약 (주),의무,2025,6010661649.0,1011023893233.0,0.005945123245089111,1조~5조,중견-비대상,대형·상시,지원비 상시,270435216.0,0.04499258680531329,0.2999505787020886,0.2142504133586347
009290,광동제약(주),중견,False,비대상,21220,광동제약 (주),의무,2025,6010661649.0,1011023893233.0,0.005945123245089111,1조~5조,중견-비대상,대형·상시,지원비 가동시간만,270435216.0,0.04499258680531329,0.2999505787020886,0.2142504133586347
217590,(주)티엠씨,중견,False,2차(2028),2830,주식회사 티엠씨,의무,2025,1547579078.0,325654595559.0,0.004752210161025103,3천억~5천억,중견-2차(2028),소형·업무시간,지원비 상시,43110960.0,0.027857032065666115,0.18571354710444077,0.1326525336460291
217590,(주)티엠씨,중견,False,2차(2028),2830,주식회사 티엠씨,의무,2025,1547579078.0,325654595559.0,0.004752210161025103,3천억~5천억,중견-2차(2028),소형·업무시간,지원비 가동시간만,18031200.0,0.011651230141533356,0.07767486761022238,0.05548204829301598
217590,(주)티엠씨,중견,False,2차(2028),2830,주식회사 티엠씨,의무,2025,1547579078.0,325654595559.0,0.004752210161025103,3천억~5천억,중견-2차(2028),소형·상시,지원비 상시,59830800.0,0.03866090001508795,0.2577393334339197,0.1840995238813712
217590,(주)티엠씨,중견,False,2차(2028),2830,주식회사 티엠씨,의무,2025,1547579078.0,325654595559.0,0.004752210161025103,3천억~5천억,중견-2차(2028),소형·상시,지원비 가동시간만,59830800.0,0.03866090001508795,0.2577393334339197,0.1840995238813712
217590,(주)티엠씨,중견,False,2차(2028),2830,주식회사 티엠씨,의무,2025,1547579078.0,325654595559.0,0.004752210161025103,3천억~5천억,중견-2차(2028),중형·업무시간,지원비 상시,76288368.0,0.04929529552608749,0.32863530350724995,0.23473950250517853
217590,(주)티엠씨,중견,False,2차(2028),2830,주식회사 티엠씨,의무,2025,1547579078.0,325654595559.0,0.004752210161025103,3천억~5천억,중견-2차(2028),중형·업무시간,지원비 가동시간만,51208608.0,0.03308949360195473,0.22059662401303154,0.15756901715216537
217590,(주)티엠씨,중견,False,2차(2028),2830,주식회사 티엠씨,의무,2025,1547579078.0,325654595559.0,0.004752210161025103,3천억~5천억,중견-2차(2028),중형·상시,지원비 상시,169919472.0,0.10979695604284978,0.7319797069523319,0.5228426478230942
217590,(주)티엠씨,중견,False,2차(2028),2830,주식회사 티엠씨,의무,2025,1547579078.0,325654595559.0,0.004752210161025103,3천억~5천억,중견-2차(2028),중형·상시,지원비 가동시간만,169919472.0,0.10979695604284978,0.7319797069523319,0.5228426478230942
217590,(주)티엠씨,중견,False,2차(2028),2830,주식회사 티엠씨,의무,2025,1547579078.0,325654595559.0,0.004752210161025103,3천억~5천억,중견-2차(2028),대형·상시,지원비 상시,270435216.0,0.17474726806819754,1.164981787121317,0.8321298479437979
217590,(주)티엠씨,중견,False,2차(2028),2830,주식회사 티엠씨,의무,2025,1547579078.0,325654595559.0,0.004752210161025103,3천억~5천억,중견-2차(2028),대형·상시,지원비 가동시간만,270435216.0,0.17474726806819754,1.164981787121317,0.8321298479437979
036930,주성엔지니어링(주),중견,False,2차 후보-약,29229,주성엔지니어링(주),의무,2025,3375285707.0,310692584812.0,0.010863747227962921,3천억~5천억,중견-비대상,소형·업무시간,지원비 상시,43110960.0,0.012772536532416277,0.08515024354944185,0.0608216025353156
036930,주성엔지니어링(주),중견,False,2차 후보-약,29229,주성엔지니어링(주),의무,2025,3375285707.0,310692584812.0,0.010863747227962921,3천억~5천억,중견-비대상,소형·업무시간,지원비 가동시간만,18031200.0,0.00534212554587753,0.03561417030585021,0.025438693075607286
036930,주성엔지니어링(주),중견,False,2차 후보-약,29229,주성엔지니어링(주),의무,2025,3375285707.0,310692584812.0,0.010863747227962921,3천억~5천억,중견-비대상,소형·상시,지원비 상시,59830800.0,0.017726143856775442,0.11817429237850295,0.0844102088417878
036930,주성엔지니어링(주),중견,False,2차 후보-약,29229,주성엔지니어링(주),의무,2025,3375285707.0,310692584812.0,0.010863747227962921,3천억~5천억,중견-비대상,소형·상시,지원비 가동시간만,59830800.0,0.017726143856775442,0.11817429237850295,0.0844102088417878
036930,주성엔지니어링(주),중견,False,2차 후보-약,29229,주성엔지니어링(주),의무,2025,3375285707.0,310692584812.0,0.010863747227962921,3천억~5천억,중견-비대상,중형·업무시간,지원비 상시,76288368.0,0.02260204753683093,0.15068031691220624,0.107628797794433
036930,주성엔지니어링(주),중견,False,2차 후보-약,29229,주성엔지니어링(주),의무,2025,3375285707.0,310692584812.0,0.010863747227962921,3천억~5천억,중견-비대상,중형·업무시간,지원비 가동시간만,51208608.0,0.015171636550292186,0.10114424366861458,0.07224588833472469
036930,주성엔지니어링(주),중견,False,2차 후보-약,29229,주성엔지니어링(주),의무,2025,3375285707.0,310692584812.0,0.010863747227962921,3천억~5천억,중견-비대상,중형·상시,지원비 상시,169919472.0,0.05034224855324225,0.33561499035494835,0.23972499311067738
036930,주성엔지니어링(주),중견,False,2차 후보-약,29229,주성엔지니어링(주),의무,2025,3375285707.0,310692584812.0,0.010863747227962921,3천억~5천억,중견-비대상,중형·상시,지원비 가동시간만,169919472.0,0.05034224855324225,0.33561499035494835,0.23972499311067738
036930,주성엔지니어링(주),중견,False,2차 후보-약,29229,주성엔지니어링(주),의무,2025,3375285707.0,310692584812.0,0.010863747227962921,3천억~5천억,중견-비대상,대형·상시,지원비 상시,270435216.0,0.080122170232625,0.5341478015508333,0.3815341439648809
036930,주성엔지니어링(주),중견,False,2차 후보-약,29229,주성엔지니어링(주),의무,2025,3375285707.0,310692584812.0,0.010863747227962921,3천억~5천억,중견-비대상,대형·상시,지원비 가동시간만,270435216.0,0.080122170232625,0.5341478015508333,0.3815341439648809
103140,(주)풍산,중견,False,비대상,242,(주)풍산,의무,2025,14978716828.0,3849107225015.0,0.003891478192827332,1조~5조,중견-비대상,소형·업무시간,지원비 상시,43110960.0,0.002878147740894057,0.019187651605960383,0.013705465432828844
103140,(주)풍산,중견,False,비대상,242,(주)풍산,의무,2025,14978716828.0,3849107225015.0,0.003891478192827332,1조~5조,중견-비대상,소형·업무시간,지원비 가동시간만,18031200.0,0.0012037880285108225,0.008025253523405483,0.0057323239452896305
103140,(주)풍산,중견,False,비대상,242,(주)풍산,의무,2025,14978716828.0,3849107225015.0,0.003891478192827332,1조~5조,중견-비대상,소형·상시,지원비 상시,59830800.0,0.003994387549149547,0.02662925032766365,0.019020893091188318
103140,(주)풍산,중견,False,비대상,242,(주)풍산,의무,2025,14978716828.0,3849107225015.0,0.003891478192827332,1조~5조,중견-비대상,소형·상시,지원비 가동시간만,59830800.0,0.003994387549149547,0.02662925032766365,0.019020893091188318
103140,(주)풍산,중견,False,비대상,242,(주)풍산,의무,2025,14978716828.0,3849107225015.0,0.003891478192827332,1조~5조,중견-비대상,중형·업무시간,지원비 상시,76288368.0,0.005093117713353971,0.03395411808902647,0.024252941492161763
103140,(주)풍산,중견,False,비대상,242,(주)풍산,의무,2025,14978716828.0,3849107225015.0,0.003891478192827332,1조~5조,중견-비대상,중형·업무시간,지원비 가동시간만,51208608.0,0.0034187580009707357,0.022791720006471575,0.01627980000462255
103140,(주)풍산,중견,False,비대상,242,(주)풍산,의무,2025,14978716828.0,3849107225015.0,0.003891478192827332,1조~5조,중견-비대상,중형·상시,지원비 상시,169919472.0,0.011344060639584715,0.07562707093056477,0.054019336378974825
103140,(주)풍산,중견,False,비대상,242,(주)풍산,의무,2025,14978716828.0,3849107225015.0,0.003891478192827332,1조~5조,중견-비대상,중형·상시,지원비 가동시간만,169919472.0,0.011344060639584715,0.07562707093056477,0.054019336378974825
103140,(주)풍산,중견,False,비대상,242,(주)풍산,의무,2025,14978716828.0,3849107225015.0,0.003891478192827332,1조~5조,중견-비대상,대형·상시,지원비 상시,270435216.0,0.018054631722155955,0.12036421148103969,0.0859744367721712
103140,(주)풍산,중견,False,비대상,242,(주)풍산,의무,2025,14978716828.0,3849107225015.0,0.003891478192827332,1조~5조,중견-비대상,대형·상시,지원비 가동시간만,270435216.0,0.018054631722155955,0.12036421148103969,0.0859744367721712
001520,(주)동양,중견,False,비대상,23322,(주) 동양,의무,2025,2939996010.0,534843438038.0,0.005496928261445953,5천억~1조,중견-비대상,소형·업무시간,지원비 상시,43110960.0,0.014663611737350623,0.09775741158233749,0.06982672255881249
001520,(주)동양,중견,False,비대상,23322,(주) 동양,의무,2025,2939996010.0,534843438038.0,0.005496928261445953,5천억~1조,중견-비대상,소형·업무시간,지원비 가동시간만,18031200.0,0.006133069547941326,0.04088713031960883,0.029205093085434883
001520,(주)동양,중견,False,비대상,23322,(주) 동양,의무,2025,2939996010.0,534843438038.0,0.005496928261445953,5천억~1조,중견-비대상,소형·상시,지원비 상시,59830800.0,0.02035063986362349,0.1356709324241566,0.09690780887439757
001520,(주)동양,중견,False,비대상,23322,(주) 동양,의무,2025,2939996010.0,534843438038.0,0.005496928261445953,5천억~1조,중견-비대상,소형·상시,지원비 가동시간만,59830800.0,0.02035063986362349,0.1356709324241566,0.09690780887439757
001520,(주)동양,중견,False,비대상,23322,(주) 동양,의무,2025,2939996010.0,534843438038.0,0.005496928261445953,5천억~1조,중견-비대상,중형·업무시간,지원비 상시,76288368.0,0.02594845970556266,0.17298973137041773,0.12356409383601268
001520,(주)동양,중견,False,비대상,23322,(주) 동양,의무,2025,2939996010.0,534843438038.0,0.005496928261445953,5천억~1조,중견-비대상,중형·업무시간,지원비 가동시간만,51208608.0,0.017417917516153365,0.11611945010768909,0.08294246436263507
001520,(주)동양,중견,False,비대상,23322,(주) 동양,의무,2025,2939996010.0,534843438038.0,0.005496928261445953,5천억~1조,중견-비대상,중형·상시,지원비 상시,169919472.0,0.057795817212690705,0.3853054480846047,0.27521817720328906
001520,(주)동양,중견,False,비대상,23322,(주) 동양,의무,2025,2939996010.0,534843438038.0,0.005496928261445953,5천억~1조,중견-비대상,중형·상시,지원비 가동시간만,169919472.0,0.057795817212690705,0.3853054480846047,0.27521817720328906
001520,(주)동양,중견,False,비대상,23322,(주) 동양,의무,2025,2939996010.0,534843438038.0,0.005496928261445953,5천억~1조,중견-비대상,대형·상시,지원비 상시,270435216.0,0.09198489218357817,0.6132326145571878,0.43802329611227697
001520,(주)동양,중견,False,비대상,23322,(주) 동양,의무,2025,2939996010.0,534843438038.0,0.005496928261445953,5천억~1조,중견-비대상,대형·상시,지원비 가동시간만,270435216.0,0.09198489218357817,0.6132326145571878,0.43802329611227697
214150,(주)클래시스,중견,False,2차 후보-약,271,(주)클래시스,의무,2025,2035411333.0,336505017215.0,0.006048680491737018,3천억~5천억,중견-비대상,소형·업무시간,지원비 상시,43110960.0,0.021180465737339983,0.14120310491559987,0.1008593606539999
214150,(주)클래시스,중견,False,2차 후보-약,271,(주)클래시스,의무,2025,2035411333.0,336505017215.0,0.006048680491737018,3천억~5천억,중견-비대상,소형·업무시간,지원비 가동시간만,18031200.0,0.008858749928165011,0.05905833285443341,0.04218452346745243
214150,(주)클래시스,중견,False,2차 후보-약,271,(주)클래시스,의무,2025,2035411333.0,336505017215.0,0.006048680491737018,3천억~5천억,중견-비대상,소형·상시,지원비 상시,59830800.0,0.02939494294345663,0.19596628628971086,0.1399759187783649
214150,(주)클래시스,중견,False,2차 후보-약,271,(주)클래시스,의무,2025,2035411333.0,336505017215.0,0.006048680491737018,3천억~5천억,중견-비대상,소형·상시,지원비 가동시간만,59830800.0,0.02939494294345663,0.19596628628971086,0.1399759187783649
214150,(주)클래시스,중견,False,2차 후보-약,271,(주)클래시스,의무,2025,2035411333.0,336505017215.0,0.006048680491737018,3천억~5천억,중견-비대상,중형·업무시간,지원비 상시,76288368.0,0.0374805656051636,0.24987043736775735,0.1784788838341124
214150,(주)클래시스,중견,False,2차 후보-약,271,(주)클래시스,의무,2025,2035411333.0,336505017215.0,0.006048680491737018,3천억~5천억,중견-비대상,중형·업무시간,지원비 가동시간만,51208608.0,0.025158849795988633,0.1677256653065909,0.11980404664756492
214150,(주)클래시스,중견,False,2차 후보-약,271,(주)클래시스,의무,2025,2035411333.0,336505017215.0,0.006048680491737018,3천억~5천억,중견-비대상,중형·상시,지원비 상시,169919472.0,0.08348163795941682,0.5565442530627789,0.3975316093305563
214150,(주)클래시스,중견,False,2차 후보-약,271,(주)클래시스,의무,2025,2035411333.0,336505017215.0,0.006048680491737018,3천억~5천억,중견-비대상,중형·상시,지원비 가동시간만,169919472.0,0.08348163795941682,0.5565442530627789,0.3975316093305563
214150,(주)클래시스,중견,False,2차 후보-약,271,(주)클래시스,의무,2025,2035411333.0,336505017215.0,0.006048680491737018,3천억~5천억,중견-비대상,대형·상시,지원비 상시,270435216.0,0.13286514210442396,0.8857676140294931,0.6326911528782093
214150,(주)클래시스,중견,False,2차 후보-약,271,(주)클래시스,의무,2025,2035411333.0,336505017215.0,0.006048680491737018,3천억~5천억,중견-비대상,대형·상시,지원비 가동시간만,270435216.0,0.13286514210442396,0.8857676140294931,0.6326911528782093
012450,한화에어로스페이스(주),대기업,False,비대상,31321,한화에어로스페이스(주),의무,2025,105455223204.0,9525137891000.0,0.011071254233877422,5조 이상,대기업,소형·업무시간,지원비 상시,43110960.0,0.0004088082002026882,0.0027253880013512546,0.001946705715250896
012450,한화에어로스페이스(주),대기업,False,비대상,31321,한화에어로스페이스(주),의무,2025,105455223204.0,9525137891000.0,0.011071254233877422,5조 이상,대기업,소형·업무시간,지원비 가동시간만,18031200.0,0.00017098441833572508,0.0011398961222381673,0.0008142115158844052
012450,한화에어로스페이스(주),대기업,False,비대상,31321,한화에어로스페이스(주),의무,2025,105455223204.0,9525137891000.0,0.011071254233877422,5조 이상,대기업,소형·상시,지원비 상시,59830800.0,0.0005673573881139969,0.0037823825874266463,0.00270170184816189
012450,한화에어로스페이스(주),대기업,False,비대상,31321,한화에어로스페이스(주),의무,2025,105455223204.0,9525137891000.0,0.011071254233877422,5조 이상,대기업,소형·상시,지원비 가동시간만,59830800.0,0.0005673573881139969,0.0037823825874266463,0.00270170184816189
012450,한화에어로스페이스(주),대기업,False,비대상,31321,한화에어로스페이스(주),의무,2025,105455223204.0,9525137891000.0,0.011071254233877422,5조 이상,대기업,중형·업무시간,지원비 상시,76288368.0,0.0007234195299404224,0.004822796866269483,0.0034448549044782018
012450,한화에어로스페이스(주),대기업,False,비대상,31321,한화에어로스페이스(주),의무,2025,105455223204.0,9525137891000.0,0.011071254233877422,5조 이상,대기업,중형·업무시간,지원비 가동시간만,51208608.0,0.00048559574807345926,0.0032373049871563956,0.0023123607051117106
012450,한화에어로스페이스(주),대기업,False,비대상,31321,한화에어로스페이스(주),의무,2025,105455223204.0,9525137891000.0,0.011071254233877422,5조 이상,대기업,중형·상시,지원비 상시,169919472.0,0.0016112949822437513,0.010741966548291676,0.007672833248779767
012450,한화에어로스페이스(주),대기업,False,비대상,31321,한화에어로스페이스(주),의무,2025,105455223204.0,9525137891000.0,0.011071254233877422,5조 이상,대기업,중형·상시,지원비 가동시간만,169919472.0,0.0016112949822437513,0.010741966548291676,0.007672833248779767
012450,한화에어로스페이스(주),대기업,False,비대상,31321,한화에어로스페이스(주),의무,2025,105455223204.0,9525137891000.0,0.011071254233877422,5조 이상,대기업,대형·상시,지원비 상시,270435216.0,0.002564455394275266,0.017096369295168442,0.012211692353691742
012450,한화에어로스페이스(주),대기업,False,비대상,31321,한화에어로스페이스(주),의무,2025,105455223204.0,9525137891000.0,0.011071254233877422,5조 이상,대기업,대형·상시,지원비 가동시간만,270435216.0,0.002564455394275266,0.017096369295168442,0.012211692353691742
272210,한화시스템(주),대기업,False,비대상,26299,한화시스템(주),의무,2025,96685775234.0,3091485354880.0,0.03127486115416289,1조~5조,대기업,소형·업무시간,지원비 상시,43110960.0,0.000445887307576139,0.0029725820505075934,0.0021232728932197094
272210,한화시스템(주),대기업,False,비대상,26299,한화시스템(주),의무,2025,96685775234.0,3091485354880.0,0.03127486115416289,1조~5조,대기업,소형·업무시간,지원비 가동시간만,18031200.0,0.00018649279024097069,0.0012432852682731379,0.0008880609059093843
272210,한화시스템(주),대기업,False,비대상,26299,한화시스템(주),의무,2025,96685775234.0,3091485354880.0,0.03127486115416289,1조~5조,대기업,소형·상시,지원비 상시,59830800.0,0.0006188169857995845,0.0041254465719972305,0.002946747551426593
272210,한화시스템(주),대기업,False,비대상,26299,한화시스템(주),의무,2025,96685775234.0,3091485354880.0,0.03127486115416289,1조~5조,대기업,소형·상시,지원비 가동시간만,59830800.0,0.0006188169857995845,0.0041254465719972305,0.002946747551426593
272210,한화시스템(주),대기업,False,비대상,26299,한화시스템(주),의무,2025,96685775234.0,3091485354880.0,0.03127486115416289,1조~5조,대기업,중형·업무시간,지원비 상시,76288368.0,0.0007890340416195251,0.005260226944130167,0.0037573049600929764
272210,한화시스템(주),대기업,False,비대상,26299,한화시스템(주),의무,2025,96685775234.0,3091485354880.0,0.03127486115416289,1조~5조,대기업,중형·업무시간,지원비 가동시간만,51208608.0,0.0005296395242843567,0.0035309301618957115,0.0025220929727826514
272210,한화시스템(주),대기업,False,비대상,26299,한화시스템(주),의무,2025,96685775234.0,3091485354880.0,0.03127486115416289,1조~5조,대기업,중형·상시,지원비 상시,169919472.0,0.0017574402396708202,0.011716268264472134,0.008368763046051525
272210,한화시스템(주),대기업,False,비대상,26299,한화시스템(주),의무,2025,96685775234.0,3091485354880.0,0.03127486115416289,1조~5조,대기업,중형·상시,지원비 가동시간만,169919472.0,0.0017574402396708202,0.011716268264472134,0.008368763046051525
272210,한화시스템(주),대기업,False,비대상,26299,한화시스템(주),의무,2025,96685775234.0,3091485354880.0,0.03127486115416289,1조~5조,대기업,대형·상시,지원비 상시,270435216.0,0.002797052775814122,0.01864701850542748,0.0133192989324482
272210,한화시스템(주),대기업,False,비대상,26299,한화시스템(주),의무,2025,96685775234.0,3091485354880.0,0.03127486115416289,1조~5조,대기업,대형·상시,지원비 가동시간만,270435216.0,0.002797052775814122,0.01864701850542748,0.0133192989324482
002840,미원상사(주),중견,False,비대상,204,미원상사(주),의무,2025,1062947273.0,432317092092.0,0.002458721370132175,3천억~5천억,중견-비대상,소형·업무시간,지원비 상시,43110960.0,0.040557947788253085,0.27038631858835394,0.1931330847059671
002840,미원상사(주),중견,False,비대상,204,미원상사(주),의무,2025,1062947273.0,432317092092.0,0.002458721370132175,3천억~5천억,중견-비대상,소형·업무시간,지원비 가동시간만,18031200.0,0.01696340021561916,0.11308933477079441,0.08077809626485316
002840,미원상사(주),중견,False,비대상,204,미원상사(주),의무,2025,1062947273.0,432317092092.0,0.002458721370132175,3천억~5천억,중견-비대상,소형·상시,지원비 상시,59830800.0,0.05628764617000904,0.37525097446672695,0.2680364103333764
002840,미원상사(주),중견,False,비대상,204,미원상사(주),의무,2025,1062947273.0,432317092092.0,0.002458721370132175,3천억~5천억,중견-비대상,소형·상시,지원비 가동시간만,59830800.0,0.05628764617000904,0.37525097446672695,0.2680364103333764
002840,미원상사(주),중견,False,비대상,204,미원상사(주),의무,2025,1062947273.0,432317092092.0,0.002458721370132175,3천억~5천억,중견-비대상,중형·업무시간,지원비 상시,76288368.0,0.07177060418499234,0.4784706945666157,0.3417647818332969
002840,미원상사(주),중견,False,비대상,204,미원상사(주),의무,2025,1062947273.0,432317092092.0,0.002458721370132175,3천억~5천억,중견-비대상,중형·업무시간,지원비 가동시간만,51208608.0,0.04817605661235842,0.32117371074905615,0.22940979339218295
002840,미원상사(주),중견,False,비대상,204,미원상사(주),의무,2025,1062947273.0,432317092092.0,0.002458721370132175,3천억~5천억,중견-비대상,중형·상시,지원비 상시,169919472.0,0.15985691512282565,1.0657127674855045,0.7612234053467889
002840,미원상사(주),중견,False,비대상,204,미원상사(주),의무,2025,1062947273.0,432317092092.0,0.002458721370132175,3천억~5천억,중견-비대상,중형·상시,지원비 가동시간만,169919472.0,0.15985691512282565,1.0657127674855045,0.7612234053467889
002840,미원상사(주),중견,False,비대상,204,미원상사(주),의무,2025,1062947273.0,432317092092.0,0.002458721370132175,3천억~5천억,중견-비대상,대형·상시,지원비 상시,270435216.0,0.25442016068844087,1.6961344045896058,1.2115245747068613
002840,미원상사(주),중견,False,비대상,204,미원상사(주),의무,2025,1062947273.0,432317092092.0,0.002458721370132175,3천억~5천억,중견-비대상,대형·상시,지원비 가동시간만,270435216.0,0.25442016068844087,1.6961344045896058,1.2115245747068613
066900,(주)디에이피,중견,False,비대상,2622,(주)디에이피,의무,2025,984436660.0,329542961820.0,0.0029872786678955387,3천억~5천억,중견-비대상,소형·업무시간,지원비 상시,43110960.0,0.04379251784467271,0.29195011896448475,0.20853579926034624
066900,(주)디에이피,중견,False,비대상,2622,(주)디에이피,의무,2025,984436660.0,329542961820.0,0.0029872786678955387,3천억~5천억,중견-비대상,소형·업무시간,지원비 가동시간만,18031200.0,0.018316262216403034,0.12210841477602023,0.08722029626858588
066900,(주)디에이피,중견,False,비대상,2622,(주)디에이피,의무,2025,984436660.0,329542961820.0,0.0029872786678955387,3천억~5천억,중견-비대상,소형·상시,지원비 상시,59830800.0,0.06077668826351916,0.4051779217567944,0.28941280125485314
066900,(주)디에이피,중견,False,비대상,2622,(주)디에이피,의무,2025,984436660.0,329542961820.0,0.0029872786678955387,3천억~5천억,중견-비대상,소형·상시,지원비 가동시간만,59830800.0,0.06077668826351916,0.4051779217567944,0.28941280125485314
066900,(주)디에이피,중견,False,비대상,2622,(주)디에이피,의무,2025,984436660.0,329542961820.0,0.0029872786678955387,3천억~5천억,중견-비대상,중형·업무시간,지원비 상시,76288368.0,0.0774944403228543,0.516629602152362,0.36902114439454425
066900,(주)디에이피,중견,False,비대상,2622,(주)디에이피,의무,2025,984436660.0,329542961820.0,0.0029872786678955387,3천억~5천억,중견-비대상,중형·업무시간,지원비 가동시간만,51208608.0,0.052018184694584614,0.3467878979638974,0.2477056414027839
066900,(주)디에이피,중견,False,비대상,2622,(주)디에이피,의무,2025,984436660.0,329542961820.0,0.0029872786678955387,3천억~5천억,중견-비대상,중형·상시,지원비 상시,169919472.0,0.1726057946683944,1.150705297789296,0.821932355563783
066900,(주)디에이피,중견,False,비대상,2622,(주)디에이피,의무,2025,984436660.0,329542961820.0,0.0029872786678955387,3천억~5천억,중견-비대상,중형·상시,지원비 가동시간만,169919472.0,0.1726057946683944,1.150705297789296,0.821932355563783
066900,(주)디에이피,중견,False,비대상,2622,(주)디에이피,의무,2025,984436660.0,329542961820.0,0.0029872786678955387,3천억~5천억,중견-비대상,대형·상시,지원비 상시,270435216.0,0.2747106309511066,1.8314042063407105,1.3081458616719361
066900,(주)디에이피,중견,False,비대상,2622,(주)디에이피,의무,2025,984436660.0,329542961820.0,0.0029872786678955387,3천억~5천억,중견-비대상,대형·상시,지원비 가동시간만,270435216.0,0.2747106309511066,1.8314042063407105,1.3081458616719361
192650,(주)드림텍,중견,False,비대상,2629,(주)드림텍,의무,2025,2658302928.0,519304557980.0,0.00511896706306664,5천억~1조,중견-비대상,소형·업무시간,지원비 상시,43110960.0,0.016217474519517966,0.10811649679678643,0.07722606914056174
192650,(주)드림텍,중견,False,비대상,2629,(주)드림텍,의무,2025,2658302928.0,519304557980.0,0.00511896706306664,5천억~1조,중견-비대상,소형·업무시간,지원비 가동시간만,18031200.0,0.006782974133638693,0.04521982755759128,0.03229987682685092
192650,(주)드림텍,중견,False,비대상,2629,(주)드림텍,의무,2025,2658302928.0,519304557980.0,0.00511896706306664,5천억~1조,중견-비대상,소형·상시,지원비 상시,59830800.0,0.02250714144343748,0.15004760962291655,0.10717686401636896
192650,(주)드림텍,중견,False,비대상,2629,(주)드림텍,의무,2025,2658302928.0,519304557980.0,0.00511896706306664,5천억~1조,중견-비대상,소형·상시,지원비 가동시간만,59830800.0,0.02250714144343748,0.15004760962291655,0.10717686401636896
192650,(주)드림텍,중견,False,비대상,2629,(주)드림텍,의무,2025,2658302928.0,519304557980.0,0.00511896706306664,5천억~1조,중견-비대상,중형·업무시간,지원비 상시,76288368.0,0.02869814692541316,0.1913209795027544,0.13665784250196744
192650,(주)드림텍,중견,False,비대상,2629,(주)드림텍,의무,2025,2658302928.0,519304557980.0,0.00511896706306664,5천억~1조,중견-비대상,중형·업무시간,지원비 가동시간만,51208608.0,0.01926364653953389,0.12842431026355924,0.0917316501882566
192650,(주)드림텍,중견,False,비대상,2629,(주)드림텍,의무,2025,2658302928.0,519304557980.0,0.00511896706306664,5천억~1조,중견-비대상,중형·상시,지원비 상시,169919472.0,0.06392028169936244,0.426135211329083,0.30438229380648785
192650,(주)드림텍,중견,False,비대상,2629,(주)드림텍,의무,2025,2658302928.0,519304557980.0,0.00511896706306664,5천억~1조,중견-비대상,중형·상시,지원비 가동시간만,169919472.0,0.06392028169936244,0.426135211329083,0.30438229380648785
192650,(주)드림텍,중견,False,비대상,2629,(주)드림텍,의무,2025,2658302928.0,519304557980.0,0.00511896706306664,5천억~1조,중견-비대상,대형·상시,지원비 상시,270435216.0,0.10173227932433741,0.6782151954955827,0.48443942535398765
192650,(주)드림텍,중견,False,비대상,2629,(주)드림텍,의무,2025,2658302928.0,519304557980.0,0.00511896706306664,5천억~1조,중견-비대상,대형·상시,지원비 가동시간만,270435216.0,0.10173227932433741,0.6782151954955827,0.48443942535398765
051360,(주)토비스,중견,False,비대상,265,토비스,의무,2025,2029521658.0,563997767809.0,0.0035984568979487617,5천억~1조,중견-비대상,소형·업무시간,지원비 상시,43110960.0,0.02124193148176791,0.1416128765451194,0.10115205467508527
051360,(주)토비스,중견,False,비대상,265,토비스,의무,2025,2029521658.0,563997767809.0,0.0035984568979487617,5천억~1조,중견-비대상,소형·업무시간,지원비 가동시간만,18031200.0,0.008884458034199506,0.059229720227996704,0.04230694301999764
051360,(주)토비스,중견,False,비대상,265,토비스,의무,2025,2029521658.0,563997767809.0,0.0035984568979487617,5천억~1조,중견-비대상,소형·상시,지원비 상시,59830800.0,0.029480247113480174,0.1965349807565345,0.14038212911181036
051360,(주)토비스,중견,False,비대상,265,토비스,의무,2025,2029521658.0,563997767809.0,0.0035984568979487617,5천억~1조,중견-비대상,소형·상시,지원비 가동시간만,59830800.0,0.029480247113480174,0.1965349807565345,0.14038212911181036
051360,(주)토비스,중견,False,비대상,265,토비스,의무,2025,2029521658.0,563997767809.0,0.0035984568979487617,5천억~1조,중견-비대상,중형·업무시간,지원비 상시,76288368.0,0.037589334264695,0.2505955617646333,0.17899682983188092
051360,(주)토비스,중견,False,비대상,265,토비스,의무,2025,2029521658.0,563997767809.0,0.0035984568979487617,5천억~1조,중견-비대상,중형·업무시간,지원비 가동시간만,51208608.0,0.025231860817126594,0.16821240544751062,0.1201517181767933
051360,(주)토비스,중견,False,비대상,265,토비스,의무,2025,2029521658.0,563997767809.0,0.0035984568979487617,5천억~1조,중견-비대상,중형·상시,지원비 상시,169919472.0,0.0837239018022837,0.558159345348558,0.3986852466775414
051360,(주)토비스,중견,False,비대상,265,토비스,의무,2025,2029521658.0,563997767809.0,0.0035984568979487617,5천억~1조,중견-비대상,중형·상시,지원비 가동시간만,169919472.0,0.0837239018022837,0.558159345348558,0.3986852466775414
051360,(주)토비스,중견,False,비대상,265,토비스,의무,2025,2029521658.0,563997767809.0,0.0035984568979487617,5천억~1조,중견-비대상,대형·상시,지원비 상시,270435216.0,0.1332507169529304,0.888338113019536,0.6345272235853828
051360,(주)토비스,중견,False,비대상,265,토비스,의무,2025,2029521658.0,563997767809.0,0.0035984568979487617,5천억~1조,중견-비대상,대형·상시,지원비 가동시간만,270435216.0,0.1332507169529304,0.888338113019536,0.6345272235853828
267980,매일유업 주식회사,중견,False,비대상,104,매일유업 주식회사,의무,2025,21739217373.0,1758440909198.0,0.012362779584623602,1조~5조,중견-비대상,소형·업무시간,지원비 상시,43110960.0,0.00198309622928485,0.013220641528565667,0.009443315377546904
267980,매일유업 주식회사,중견,False,비대상,104,매일유업 주식회사,의무,2025,21739217373.0,1758440909198.0,0.012362779584623602,1조~5조,중견-비대상,소형·업무시간,지원비 가동시간만,18031200.0,0.0008294318829708498,0.0055295458864723325,0.003949675633194523
267980,매일유업 주식회사,중견,False,비대상,104,매일유업 주식회사,의무,2025,21739217373.0,1758440909198.0,0.012362779584623602,1조~5조,중견-비대상,소형·상시,지원비 상시,59830800.0,0.0027522057934941833,0.018348038623294555,0.013105741873781825
267980,매일유업 주식회사,중견,False,비대상,104,매일유업 주식회사,의무,2025,21739217373.0,1758440909198.0,0.012362779584623602,1조~5조,중견-비대상,소형·상시,지원비 가동시간만,59830800.0,0.0027522057934941833,0.018348038623294555,0.013105741873781825
267980,매일유업 주식회사,중견,False,비대상,104,매일유업 주식회사,의무,2025,21739217373.0,1758440909198.0,0.012362779584623602,1조~5조,중견-비대상,중형·업무시간,지원비 상시,76288368.0,0.0035092508939512136,0.023395005959674756,0.016710718542624826
267980,매일유업 주식회사,중견,False,비대상,104,매일유업 주식회사,의무,2025,21739217373.0,1758440909198.0,0.012362779584623602,1조~5조,중견-비대상,중형·업무시간,지원비 가동시간만,51208608.0,0.002355586547637213,0.015703910317581424,0.011217078798272445
267980,매일유업 주식회사,중견,False,비대상,104,매일유업 주식회사,의무,2025,21739217373.0,1758440909198.0,0.012362779584623602,1조~5조,중견-비대상,중형·상시,지원비 상시,169919472.0,0.00781626445352348,0.05210842969015654,0.03722030692154039
267980,매일유업 주식회사,중견,False,비대상,104,매일유업 주식회사,의무,2025,21739217373.0,1758440909198.0,0.012362779584623602,1조~5조,중견-비대상,중형·상시,지원비 가동시간만,169919472.0,0.00781626445352348,0.05210842969015654,0.03722030692154039
267980,매일유업 주식회사,중견,False,비대상,104,매일유업 주식회사,의무,2025,21739217373.0,1758440909198.0,0.012362779584623602,1조~5조,중견-비대상,대형·상시,지원비 상시,270435216.0,0.012439970186593709,0.0829331345772914,0.059237953269493854
267980,매일유업 주식회사,중견,False,비대상,104,매일유업 주식회사,의무,2025,21739217373.0,1758440909198.0,0.012362779584623602,1조~5조,중견-비대상,대형·상시,지원비 가동시간만,270435216.0,0.012439970186593709,0.0829331345772914,0.059237953269493854
073240,금호타이어(주),중견,False,비대상,221,금호타이어주식회사,의무,2025,21725400494.0,3530891476573.0,0.0061529505050339755,1조~5조,중견-비대상,소형·업무시간,지원비 상시,43110960.0,0.001984357435063448,0.013229049567089653,0.00944932111934975
073240,금호타이어(주),중견,False,비대상,221,금호타이어주식회사,의무,2025,21725400494.0,3530891476573.0,0.0061529505050339755,1조~5조,중견-비대상,소형·업무시간,지원비 가동시간만,18031200.0,0.0008299593834866131,0.005533062556577421,0.003952187540412443
073240,금호타이어(주),중견,False,비대상,221,금호타이어주식회사,의무,2025,21725400494.0,3530891476573.0,0.0061529505050339755,1조~5조,중견-비대상,소형·상시,지원비 상시,59830800.0,0.002753956136114671,0.018359707574097807,0.01311407683864129
073240,금호타이어(주),중견,False,비대상,221,금호타이어주식회사,의무,2025,21725400494.0,3530891476573.0,0.0061529505050339755,1조~5조,중견-비대상,소형·상시,지원비 가동시간만,59830800.0,0.002753956136114671,0.018359707574097807,0.01311407683864129
073240,금호타이어(주),중견,False,비대상,221,금호타이어주식회사,의무,2025,21725400494.0,3530891476573.0,0.0061529505050339755,1조~5조,중견-비대상,중형·업무시간,지원비 상시,76288368.0,0.003511482700678816,0.023409884671192108,0.016721346193708648
073240,금호타이어(주),중견,False,비대상,221,금호타이어주식회사,의무,2025,21725400494.0,3530891476573.0,0.0061529505050339755,1조~5조,중견-비대상,중형·업무시간,지원비 가동시간만,51208608.0,0.002357084649101981,0.015713897660679876,0.01122421261477134
073240,금호타이어(주),중견,False,비대상,221,금호타이어주식회사,의무,2025,21725400494.0,3530891476573.0,0.0061529505050339755,1조~5조,중견-비대상,중형·상시,지원비 상시,169919472.0,0.007821235426565666,0.05214156951043777,0.03724397822174126
073240,금호타이어(주),중견,False,비대상,221,금호타이어주식회사,의무,2025,21725400494.0,3530891476573.0,0.0061529505050339755,1조~5조,중견-비대상,중형·상시,지원비 가동시간만,169919472.0,0.007821235426565666,0.05214156951043777,0.03724397822174126
073240,금호타이어(주),중견,False,비대상,221,금호타이어주식회사,의무,2025,21725400494.0,3530891476573.0,0.0061529505050339755,1조~5조,중견-비대상,대형·상시,지원비 상시,270435216.0,0.012447881735238312,0.08298587823492208,0.05927562731065863
073240,금호타이어(주),중견,False,비대상,221,금호타이어주식회사,의무,2025,21725400494.0,3530891476573.0,0.0061529505050339755,1조~5조,중견-비대상,대형·상시,지원비 가동시간만,270435216.0,0.012447881735238312,0.08298587823492208,0.05927562731065863
053700,삼보모터스(주),중견,False,"2차(2028, 제품명 확인)",303,삼보모터스,의무,2025,2116518250.0,497988968264.0,0.00425013079582511,3천억~5천억,중견-2차(2028),소형·업무시간,지원비 상시,43110960.0,0.0203688108996934,0.13579207266462268,0.09699433761758762
053700,삼보모터스(주),중견,False,"2차(2028, 제품명 확인)",303,삼보모터스,의무,2025,2116518250.0,497988968264.0,0.00425013079582511,3천억~5천억,중견-2차(2028),소형·업무시간,지원비 가동시간만,18031200.0,0.008519274520784312,0.056795163471895414,0.04056797390849672
053700,삼보모터스(주),중견,False,"2차(2028, 제품명 확인)",303,삼보모터스,의무,2025,2116518250.0,497988968264.0,0.00425013079582511,3천억~5천억,중견-2차(2028),소형·상시,지원비 상시,59830800.0,0.028268501818966126,0.1884566787931075,0.13461191342364823
053700,삼보모터스(주),중견,False,"2차(2028, 제품명 확인)",303,삼보모터스,의무,2025,2116518250.0,497988968264.0,0.00425013079582511,3천억~5천억,중견-2차(2028),소형·상시,지원비 가동시간만,59830800.0,0.028268501818966126,0.1884566787931075,0.13461191342364823
053700,삼보모터스(주),중견,False,"2차(2028, 제품명 확인)",303,삼보모터스,의무,2025,2116518250.0,497988968264.0,0.00425013079582511,3천억~5천억,중견-2차(2028),중형·업무시간,지원비 상시,76288368.0,0.036044276017936534,0.2402951734529102,0.17163940960922158
053700,삼보모터스(주),중견,False,"2차(2028, 제품명 확인)",303,삼보모터스,의무,2025,2116518250.0,497988968264.0,0.00425013079582511,3천억~5천억,중견-2차(2028),중형·업무시간,지원비 가동시간만,51208608.0,0.024194739639027445,0.16129826426018296,0.11521304590013069
053700,삼보모터스(주),중견,False,"2차(2028, 제품명 확인)",303,삼보모터스,의무,2025,2116518250.0,497988968264.0,0.00425013079582511,3천억~5천억,중견-2차(2028),중형·상시,지원비 상시,169919472.0,0.08028254516586379,0.5352169677724253,0.38229783412316093
053700,삼보모터스(주),중견,False,"2차(2028, 제품명 확인)",303,삼보모터스,의무,2025,2116518250.0,497988968264.0,0.00425013079582511,3천억~5천억,중견-2차(2028),중형·상시,지원비 가동시간만,169919472.0,0.08028254516586379,0.5352169677724253,0.38229783412316093
053700,삼보모터스(주),중견,False,"2차(2028, 제품명 확인)",303,삼보모터스,의무,2025,2116518250.0,497988968264.0,0.00425013079582511,3천억~5천억,중견-2차(2028),대형·상시,지원비 상시,270435216.0,0.1277736282217269,0.851824188144846,0.6084458486748899
053700,삼보모터스(주),중견,False,"2차(2028, 제품명 확인)",303,삼보모터스,의무,2025,2116518250.0,497988968264.0,0.00425013079582511,3천억~5천억,중견-2차(2028),대형·상시,지원비 가동시간만,270435216.0,0.1277736282217269,0.851824188144846,0.6084458486748899
194700,(주)노바렉스,중견,False,비대상,108,노바렉스,의무,2025,1035583234.0,403042865267.0,0.0025694121475490377,3천억~5천억,중견-비대상,소형·업무시간,지원비 상시,43110960.0,0.041629642683071864,0.2775309512204791,0.19823639372891366
194700,(주)노바렉스,중견,False,비대상,108,노바렉스,의무,2025,1035583234.0,403042865267.0,0.0025694121475490377,3천억~5천억,중견-비대상,소형·업무시간,지원비 가동시간만,18031200.0,0.0174116376240985,0.11607758416065667,0.08291256011475476
194700,(주)노바렉스,중견,False,비대상,108,노바렉스,의무,2025,1035583234.0,403042865267.0,0.0025694121475490377,3천억~5천억,중견-비대상,소형·상시,지원비 상시,59830800.0,0.05777497938905411,0.38516652926036077,0.27511894947168625
194700,(주)노바렉스,중견,False,비대상,108,노바렉스,의무,2025,1035583234.0,403042865267.0,0.0025694121475490377,3천억~5천억,중견-비대상,소형·상시,지원비 가동시간만,59830800.0,0.05777497938905411,0.38516652926036077,0.27511894947168625
194700,(주)노바렉스,중견,False,비대상,108,노바렉스,의무,2025,1035583234.0,403042865267.0,0.0025694121475490377,3천억~5천억,중견-비대상,중형·업무시간,지원비 상시,76288368.0,0.0736670559114131,0.4911137060760874,0.3507955043400624
194700,(주)노바렉스,중견,False,비대상,108,노바렉스,의무,2025,1035583234.0,403042865267.0,0.0025694121475490377,3천억~5천억,중견-비대상,중형·업무시간,지원비 가동시간만,51208608.0,0.04944905085243974,0.3296603390162649,0.23547167072590353
194700,(주)노바렉스,중견,False,비대상,108,노바렉스,의무,2025,1035583234.0,403042865267.0,0.0025694121475490377,3천억~5천억,중견-비대상,중형·상시,지원비 상시,169919472.0,0.16408094146491367,1.0938729430994245,0.781337816499589
194700,(주)노바렉스,중견,False,비대상,108,노바렉스,의무,2025,1035583234.0,403042865267.0,0.0025694121475490377,3천억~5천억,중견-비대상,중형·상시,지원비 가동시간만,169919472.0,0.16408094146491367,1.0938729430994245,0.781337816499589
194700,(주)노바렉스,중견,False,비대상,108,노바렉스,의무,2025,1035583234.0,403042865267.0,0.0025694121475490377,3천억~5천억,중견-비대상,대형·상시,지원비 상시,270435216.0,0.2611429068385246,1.7409527122568307,1.2435376516120218
194700,(주)노바렉스,중견,False,비대상,108,노바렉스,의무,2025,1035583234.0,403042865267.0,0.0025694121475490377,3천억~5천억,중견-비대상,대형·상시,지원비 가동시간만,270435216.0,0.2611429068385246,1.7409527122568307,1.2435376516120218
016740,(주)두올,중견,False,2차 후보(확인 필요),303,,의무,2024,720479329.0,316761987784.0,0.0022745132206055444,3천억~5천억,중견-2차 후보,소형·업무시간,지원비 상시,43110960.0,0.059836498098892715,0.39890998732595145,0.28493570523282247
016740,(주)두올,중견,False,2차 후보(확인 필요),303,,의무,2024,720479329.0,316761987784.0,0.0022745132206055444,3천억~5천억,중견-2차 후보,소형·업무시간,지원비 가동시간만,18031200.0,0.025026672208662355,0.16684448139108235,0.11917462956505882
016740,(주)두올,중견,False,2차 후보(확인 필요),303,,의무,2024,720479329.0,316761987784.0,0.0022745132206055444,3천억~5천억,중견-2차 후보,소형·상시,지원비 상시,59830800.0,0.08304304869237962,0.5536203246158642,0.3954430890113315
016740,(주)두올,중견,False,2차 후보(확인 필요),303,,의무,2024,720479329.0,316761987784.0,0.0022745132206055444,3천억~5천억,중견-2차 후보,소형·상시,지원비 가동시간만,59830800.0,0.08304304869237962,0.5536203246158642,0.3954430890113315
016740,(주)두올,중견,False,2차 후보(확인 필요),303,,의무,2024,720479329.0,316761987784.0,0.0022745132206055444,3천억~5천억,중견-2차 후보,중형·업무시간,지원비 상시,76288368.0,0.10588557496283145,0.705903833085543,0.5042170236325307
016740,(주)두올,중견,False,2차 후보(확인 필요),303,,의무,2024,720479329.0,316761987784.0,0.0022745132206055444,3천억~5천억,중견-2차 후보,중형·업무시간,지원비 가동시간만,51208608.0,0.07107574907260109,0.4738383271506739,0.338455947964767
016740,(주)두올,중견,False,2차 후보(확인 필요),303,,의무,2024,720479329.0,316761987784.0,0.0022745132206055444,3천억~5천억,중견-2차 후보,중형·상시,지원비 상시,169919472.0,0.23584225828635813,1.5722817219090544,1.1230583727921817
016740,(주)두올,중견,False,2차 후보(확인 필요),303,,의무,2024,720479329.0,316761987784.0,0.0022745132206055444,3천억~5천억,중견-2차 후보,중형·상시,지원비 가동시간만,169919472.0,0.23584225828635813,1.5722817219090544,1.1230583727921817
016740,(주)두올,중견,False,2차 후보(확인 필요),303,,의무,2024,720479329.0,316761987784.0,0.0022745132206055444,3천억~5천억,중견-2차 후보,대형·상시,지원비 상시,270435216.0,0.3753545800895559,2.502363867263706,1.7874027623312185
016740,(주)두올,중견,False,2차 후보(확인 필요),303,,의무,2024,720479329.0,316761987784.0,0.0022745132206055444,3천억~5천억,중견-2차 후보,대형·상시,지원비 가동시간만,270435216.0,0.3753545800895559,2.502363867263706,1.7874027623312185
079980,(주)휴비스,중견,False,비대상,20501,(주)휴비스,의무,2025,7008701989.0,691404856665.0,0.010136900140977548,5천억~1조,중견-비대상,소형·업무시간,지원비 상시,43110960.0,0.006151061932389432,0.04100707954926289,0.029290771106616344
079980,(주)휴비스,중견,False,비대상,20501,(주)휴비스,의무,2025,7008701989.0,691404856665.0,0.010136900140977548,5천억~1조,중견-비대상,소형·업무시간,지원비 가동시간만,18031200.0,0.0025726875002389264,0.017151250001592844,0.0122508928582806
079980,(주)휴비스,중견,False,비대상,20501,(주)휴비스,의무,2025,7008701989.0,691404856665.0,0.010136900140977548,5천억~1조,중견-비대상,소형·상시,지원비 상시,59830800.0,0.008536644887156436,0.05691096591437625,0.040650689938840176
079980,(주)휴비스,중견,False,비대상,20501,(주)휴비스,의무,2025,7008701989.0,691404856665.0,0.010136900140977548,5천억~1조,중견-비대상,소형·상시,지원비 가동시간만,59830800.0,0.008536644887156436,0.05691096591437625,0.040650689938840176
079980,(주)휴비스,중견,False,비대상,20501,(주)휴비스,의무,2025,7008701989.0,691404856665.0,0.010136900140977548,5천억~1조,중견-비대상,중형·업무시간,지원비 상시,76288368.0,0.010884806932829057,0.07256537955219372,0.05183241396585265
079980,(주)휴비스,중견,False,비대상,20501,(주)휴비스,의무,2025,7008701989.0,691404856665.0,0.010136900140977548,5천억~1조,중견-비대상,중형·업무시간,지원비 가동시간만,51208608.0,0.0073064325006785506,0.04870955000452367,0.034792535717516906
079980,(주)휴비스,중견,False,비대상,20501,(주)휴비스,의무,2025,7008701989.0,691404856665.0,0.010136900140977548,5천억~1조,중견-비대상,중형·상시,지원비 상시,169919472.0,0.02424407147952428,0.16162714319682855,0.11544795942630609
079980,(주)휴비스,중견,False,비대상,20501,(주)휴비스,의무,2025,7008701989.0,691404856665.0,0.010136900140977548,5천억~1조,중견-비대상,중형·상시,지원비 가동시간만,169919472.0,0.02424407147952428,0.16162714319682855,0.11544795942630609
079980,(주)휴비스,중견,False,비대상,20501,(주)휴비스,의무,2025,7008701989.0,691404856665.0,0.010136900140977548,5천억~1조,중견-비대상,대형·상시,지원비 상시,270435216.0,0.038585634889947096,0.25723756593298064,0.1837411185235576
079980,(주)휴비스,중견,False,비대상,20501,(주)휴비스,의무,2025,7008701989.0,691404856665.0,0.010136900140977548,5천억~1조,중견-비대상,대형·상시,지원비 가동시간만,270435216.0,0.038585634889947096,0.25723756593298064,0.1837411185235576
248070,주식회사 솔루엠,중견,False,비대상,2629,주식회사 솔루엠,의무,2025,9823417735.0,820860045619.0,0.011967226066646096,5천억~1조,중견-비대상,소형·업무시간,지원비 상시,43110960.0,0.004388590729110432,0.02925727152740288,0.020898051091002057
248070,주식회사 솔루엠,중견,False,비대상,2629,주식회사 솔루엠,의무,2025,9823417735.0,820860045619.0,0.011967226066646096,5천억~1조,중견-비대상,소형·업무시간,지원비 가동시간만,18031200.0,0.0018355322441146295,0.012236881627430862,0.008740629733879188
248070,주식회사 솔루엠,중견,False,비대상,2629,주식회사 솔루엠,의무,2025,9823417735.0,820860045619.0,0.011967226066646096,5천억~1조,중견-비대상,소형·상시,지원비 상시,59830800.0,0.006090629719107634,0.04060419812738423,0.029002998662417307
248070,주식회사 솔루엠,중견,False,비대상,2629,주식회사 솔루엠,의무,2025,9823417735.0,820860045619.0,0.011967226066646096,5천억~1조,중견-비대상,소형·상시,지원비 가동시간만,59830800.0,0.006090629719107634,0.04060419812738423,0.029002998662417307
248070,주식회사 솔루엠,중견,False,비대상,2629,주식회사 솔루엠,의무,2025,9823417735.0,820860045619.0,0.011967226066646096,5천억~1조,중견-비대상,중형·업무시간,지원비 상시,76288368.0,0.00776597005828135,0.05177313372187567,0.03698080980133976
248070,주식회사 솔루엠,중견,False,비대상,2629,주식회사 솔루엠,의무,2025,9823417735.0,820860045619.0,0.011967226066646096,5천억~1조,중견-비대상,중형·업무시간,지원비 가동시간만,51208608.0,0.005212911573285547,0.03475274382190365,0.024823388444216894
248070,주식회사 솔루엠,중견,False,비대상,2629,주식회사 솔루엠,의무,2025,9823417735.0,820860045619.0,0.011967226066646096,5천억~1조,중견-비대상,중형·상시,지원비 상시,169919472.0,0.01729738840226568,0.11531592268177121,0.08236851620126515
248070,주식회사 솔루엠,중견,False,비대상,2629,주식회사 솔루엠,의무,2025,9823417735.0,820860045619.0,0.011967226066646096,5천억~1조,중견-비대상,중형·상시,지원비 가동시간만,169919472.0,0.01729738840226568,0.11531592268177121,0.08236851620126515
248070,주식회사 솔루엠,중견,False,비대상,2629,주식회사 솔루엠,의무,2025,9823417735.0,820860045619.0,0.011967226066646096,5천억~1조,중견-비대상,대형·상시,지원비 상시,270435216.0,0.027529646330366506,0.1835309755357767,0.13109355395412622
248070,주식회사 솔루엠,중견,False,비대상,2629,주식회사 솔루엠,의무,2025,9823417735.0,820860045619.0,0.011967226066646096,5천억~1조,중견-비대상,대형·상시,지원비 가동시간만,270435216.0,0.027529646330366506,0.1835309755357767,0.13109355395412622
082740,한화엔진(주),대기업,False,2차 후보(확인 필요),29111,한화엔진 주식회사,의무,2025,9875605026.0,1371057336146.0,0.007202911771552911,1조~5조,대기업,소형·업무시간,지원비 상시,43110960.0,0.0043653993741648855,0.029102662494432573,0.020787616067451838
082740,한화엔진(주),대기업,False,2차 후보(확인 필요),29111,한화엔진 주식회사,의무,2025,9875605026.0,1371057336146.0,0.007202911771552911,1조~5조,대기업,소형·업무시간,지원비 가동시간만,18031200.0,0.0018258324378636404,0.01217221625242427,0.00869444018030305
082740,한화엔진(주),대기업,False,2차 후보(확인 필요),29111,한화엔진 주식회사,의무,2025,9875605026.0,1371057336146.0,0.007202911771552911,1조~5조,대기업,소형·상시,지원비 상시,59830800.0,0.006058443998365716,0.04038962665577144,0.028849733325551026
082740,한화엔진(주),대기업,False,2차 후보(확인 필요),29111,한화엔진 주식회사,의무,2025,9875605026.0,1371057336146.0,0.007202911771552911,1조~5조,대기업,소형·상시,지원비 가동시간만,59830800.0,0.006058443998365716,0.04038962665577144,0.028849733325551026
082740,한화엔진(주),대기업,False,2차 후보(확인 필요),29111,한화엔진 주식회사,의무,2025,9875605026.0,1371057336146.0,0.007202911771552911,1조~5조,대기업,중형·업무시간,지원비 상시,76288368.0,0.007724931059833984,0.051499540398893234,0.03678538599920945
082740,한화엔진(주),대기업,False,2차 후보(확인 필요),29111,한화엔진 주식회사,의무,2025,9875605026.0,1371057336146.0,0.007202911771552911,1조~5조,대기업,중형·업무시간,지원비 가동시간만,51208608.0,0.005185364123532739,0.03456909415688493,0.024692210112060662
082740,한화엔진(주),대기업,False,2차 후보(확인 필요),29111,한화엔진 주식회사,의무,2025,9875605026.0,1371057336146.0,0.007202911771552911,1조~5조,대기업,중형·상시,지원비 상시,169919472.0,0.01720598095535863,0.1147065397023909,0.08193324264456492
082740,한화엔진(주),대기업,False,2차 후보(확인 필요),29111,한화엔진 주식회사,의무,2025,9875605026.0,1371057336146.0,0.007202911771552911,1조~5조,대기업,중형·상시,지원비 가동시간만,169919472.0,0.01720598095535863,0.1147065397023909,0.08193324264456492
082740,한화엔진(주),대기업,False,2차 후보(확인 필요),29111,한화엔진 주식회사,의무,2025,9875605026.0,1371057336146.0,0.007202911771552911,1조~5조,대기업,대형·상시,지원비 상시,270435216.0,0.027384166872613035,0.18256111248408693,0.13040079463149065
082740,한화엔진(주),대기업,False,2차 후보(확인 필요),29111,한화엔진 주식회사,의무,2025,9875605026.0,1371057336146.0,0.007202911771552911,1조~5조,대기업,대형·상시,지원비 가동시간만,270435216.0,0.027384166872613035,0.18256111248408693,0.13040079463149065
002880,(주)디와이에이,중견,False,2차 후보(확인 필요),303,(주)디와이에이,의무,2025,1341790076.0,633397807077.0,0.0021184002549552296,5천억~1조,중견-2차 후보,소형·업무시간,지원비 상시,43110960.0,0.032129437213098,0.21419624808732002,0.15299732006237146
002880,(주)디와이에이,중견,False,2차 후보(확인 필요),303,(주)디와이에이,의무,2025,1341790076.0,633397807077.0,0.0021184002549552296,5천억~1조,중견-2차 후보,소형·업무시간,지원비 가동시간만,18031200.0,0.013438167655668368,0.08958778437112244,0.06399127455080175
002880,(주)디와이에이,중견,False,2차 후보(확인 필요),303,(주)디와이에이,의무,2025,1341790076.0,633397807077.0,0.0021184002549552296,5천억~1조,중견-2차 후보,소형·상시,지원비 상시,59830800.0,0.04459028358471776,0.29726855723145174,0.21233468373675127
002880,(주)디와이에이,중견,False,2차 후보(확인 필요),303,(주)디와이에이,의무,2025,1341790076.0,633397807077.0,0.0021184002549552296,5천억~1조,중견-2차 후보,소형·상시,지원비 가동시간만,59830800.0,0.04459028358471776,0.29726855723145174,0.21233468373675127
002880,(주)디와이에이,중견,False,2차 후보(확인 필요),303,(주)디와이에이,의무,2025,1341790076.0,633397807077.0,0.0021184002549552296,5천억~1조,중견-2차 후보,중형·업무시간,지원비 상시,76288368.0,0.0568556656995278,0.37903777133018535,0.2707412652358467
002880,(주)디와이에이,중견,False,2차 후보(확인 필요),303,(주)디와이에이,의무,2025,1341790076.0,633397807077.0,0.0021184002549552296,5천억~1조,중견-2차 후보,중형·업무시간,지원비 가동시간만,51208608.0,0.03816439614209816,0.25442930761398774,0.18173521972427698
002880,(주)디와이에이,중견,False,2차 후보(확인 필요),303,(주)디와이에이,의무,2025,1341790076.0,633397807077.0,0.0021184002549552296,5천억~1조,중견-2차 후보,중형·상시,지원비 상시,169919472.0,0.12663640538059845,0.8442427025373229,0.6030305018123736
002880,(주)디와이에이,중견,False,2차 후보(확인 필요),303,(주)디와이에이,의무,2025,1341790076.0,633397807077.0,0.0021184002549552296,5천억~1조,중견-2차 후보,중형·상시,지원비 가동시간만,169919472.0,0.12663640538059845,0.8442427025373229,0.6030305018123736
002880,(주)디와이에이,중견,False,2차 후보(확인 필요),303,(주)디와이에이,의무,2025,1341790076.0,633397807077.0,0.0021184002549552296,5천억~1조,중견-2차 후보,대형·상시,지원비 상시,270435216.0,0.2015480818029243,1.3436538786861618,0.9597527704901158
002880,(주)디와이에이,중견,False,2차 후보(확인 필요),303,(주)디와이에이,의무,2025,1341790076.0,633397807077.0,0.0021184002549552296,5천억~1조,중견-2차 후보,대형·상시,지원비 가동시간만,270435216.0,0.2015480818029243,1.3436538786861618,0.9597527704901158
161000,애경케미칼(주),중견,False,비대상,201,애경케미칼 주식회사,의무,2025,8245909541.0,1108517746000.0,0.007438680680354214,1조~5조,중견-비대상,소형·업무시간,지원비 상시,43110960.0,0.005228163101431723,0.034854420676211494,0.024896014768722493
161000,애경케미칼(주),중견,False,비대상,201,애경케미칼 주식회사,의무,2025,8245909541.0,1108517746000.0,0.007438680680354214,1조~5조,중견-비대상,소형·업무시간,지원비 가동시간만,18031200.0,0.0021866841869106067,0.014577894579404047,0.01041278184243146
161000,애경케미칼(주),중견,False,비대상,201,애경케미칼 주식회사,의무,2025,8245909541.0,1108517746000.0,0.007438680680354214,1조~5조,중견-비대상,소형·상시,지원비 상시,59830800.0,0.007255815711112468,0.048372104740749794,0.03455150338624985
161000,애경케미칼(주),중견,False,비대상,201,애경케미칼 주식회사,의무,2025,8245909541.0,1108517746000.0,0.007438680680354214,1조~5조,중견-비대상,소형·상시,지원비 가동시간만,59830800.0,0.007255815711112468,0.048372104740749794,0.03455150338624985
161000,애경케미칼(주),중견,False,비대상,201,애경케미칼 주식회사,의무,2025,8245909541.0,1108517746000.0,0.007438680680354214,1조~5조,중견-비대상,중형·업무시간,지원비 상시,76288368.0,0.00925166200534724,0.06167774670231494,0.04405553335879638
161000,애경케미칼(주),중견,False,비대상,201,애경케미칼 주식회사,의무,2025,8245909541.0,1108517746000.0,0.007438680680354214,1조~5조,중견-비대상,중형·업무시간,지원비 가동시간만,51208608.0,0.006210183090826124,0.041401220605507494,0.02957230043250535
161000,애경케미칼(주),중견,False,비대상,201,애경케미칼 주식회사,의무,2025,8245909541.0,1108517746000.0,0.007438680680354214,1조~5조,중견-비대상,중형·상시,지원비 상시,169919472.0,0.02060651661955941,0.13737677746372942,0.09812626961694958
161000,애경케미칼(주),중견,False,비대상,201,애경케미칼 주식회사,의무,2025,8245909541.0,1108517746000.0,0.007438680680354214,1조~5조,중견-비대상,중형·상시,지원비 가동시간만,169919472.0,0.02060651661955941,0.13737677746372942,0.09812626961694958
161000,애경케미칼(주),중견,False,비대상,201,애경케미칼 주식회사,의무,2025,8245909541.0,1108517746000.0,0.007438680680354214,1조~5조,중견-비대상,대형·상시,지원비 상시,270435216.0,0.032796287014228355,0.21864191342818906,0.15617279530584932
161000,애경케미칼(주),중견,False,비대상,201,애경케미칼 주식회사,의무,2025,8245909541.0,1108517746000.0,0.007438680680354214,1조~5조,중견-비대상,대형·상시,지원비 가동시간만,270435216.0,0.032796287014228355,0.21864191342818906,0.15617279530584932
000270,기아(주),대기업,False,비대상,30121,기아 주식회사,의무,2025,484479708152.0,65148676000000.0,0.007436524238067402,5조 이상,대기업,소형·업무시간,지원비 상시,43110960.0,8.898403643042657e-05,0.0005932269095361771,0.0004237335068115551
000270,기아(주),대기업,False,비대상,30121,기아 주식회사,의무,2025,484479708152.0,65148676000000.0,0.007436524238067402,5조 이상,대기업,소형·업무시간,지원비 가동시간만,18031200.0,3.721765782261187e-05,0.00024811771881741245,0.00017722694201243748
000270,기아(주),대기업,False,비대상,30121,기아 주식회사,의무,2025,484479708152.0,65148676000000.0,0.007436524238067402,5조 이상,대기업,소형·상시,지원비 상시,59830800.0,0.00012349495550230305,0.0008232997033486869,0.0005880712166776335
000270,기아(주),대기업,False,비대상,30121,기아 주식회사,의무,2025,484479708152.0,65148676000000.0,0.007436524238067402,5조 이상,대기업,소형·상시,지원비 가동시간만,59830800.0,0.00012349495550230305,0.0008232997033486869,0.0005880712166776335
000270,기아(주),대기업,False,비대상,30121,기아 주식회사,의무,2025,484479708152.0,65148676000000.0,0.007436524238067402,5조 이상,대기업,중형·업무시간,지원비 상시,76288368.0,0.0001574645268240324,0.0010497635121602161,0.0007498310801144401
000270,기아(주),대기업,False,비대상,30121,기아 주식회사,의무,2025,484479708152.0,65148676000000.0,0.007436524238067402,5조 이상,대기업,중형·업무시간,지원비 가동시간만,51208608.0,0.00010569814821621772,0.0007046543214414515,0.0005033245153153225
000270,기아(주),대기업,False,비대상,30121,기아 주식회사,의무,2025,484479708152.0,65148676000000.0,0.007436524238067402,5조 이상,대기업,중형·상시,지원비 상시,169919472.0,0.0003507256736265406,0.0023381711575102705,0.0016701222553644791
000270,기아(주),대기업,False,비대상,30121,기아 주식회사,의무,2025,484479708152.0,65148676000000.0,0.007436524238067402,5조 이상,대기업,중형·상시,지원비 가동시간만,169919472.0,0.0003507256736265406,0.0023381711575102705,0.0016701222553644791
000270,기아(주),대기업,False,비대상,30121,기아 주식회사,의무,2025,484479708152.0,65148676000000.0,0.007436524238067402,5조 이상,대기업,대형·상시,지원비 상시,270435216.0,0.0005581971988704097,0.0037213146591360646,0.0026580818993829033
000270,기아(주),대기업,False,비대상,30121,기아 주식회사,의무,2025,484479708152.0,65148676000000.0,0.007436524238067402,5조 이상,대기업,대형·상시,지원비 가동시간만,270435216.0,0.0005581971988704097,0.0037213146591360646,0.0026580818993829033
123410,코리아에프티(주),중견,False,2차 후보(확인 필요),303,코리아에프티,의무,2025,918486800.0,417358427794.0,0.002200714634791914,3천억~5천억,중견-2차 후보,소형·업무시간,지원비 상시,43110960.0,0.046936940193370226,0.31291293462246816,0.2235092390160487
123410,코리아에프티(주),중견,False,2차 후보(확인 필요),303,코리아에프티,의무,2025,918486800.0,417358427794.0,0.002200714634791914,3천억~5천억,중견-2차 후보,소형·업무시간,지원비 가동시간만,18031200.0,0.0196314198527404,0.13087613235160267,0.09348295167971618
123410,코리아에프티(주),중견,False,2차 후보(확인 필요),303,코리아에프티,의무,2025,918486800.0,417358427794.0,0.002200714634791914,3천억~5천억,중견-2차 후보,소형·상시,지원비 상시,59830800.0,0.06514062042045678,0.4342708028030452,0.3101934305736037
123410,코리아에프티(주),중견,False,2차 후보(확인 필요),303,코리아에프티,의무,2025,918486800.0,417358427794.0,0.002200714634791914,3천억~5천억,중견-2차 후보,소형·상시,지원비 가동시간만,59830800.0,0.06514062042045678,0.4342708028030452,0.3101934305736037
123410,코리아에프티(주),중견,False,2차 후보(확인 필요),303,코리아에프티,의무,2025,918486800.0,417358427794.0,0.002200714634791914,3천억~5천억,중견-2차 후보,중형·업무시간,지원비 상시,76288368.0,0.08305875272241256,0.5537250181494171,0.39551787010672645
123410,코리아에프티(주),중견,False,2차 후보(확인 필요),303,코리아에프티,의무,2025,918486800.0,417358427794.0,0.002200714634791914,3천억~5천억,중견-2차 후보,중형·업무시간,지원비 가동시간만,51208608.0,0.05575323238178273,0.37168821587855155,0.265491582770394
123410,코리아에프티(주),중견,False,2차 후보(확인 필요),303,코리아에프티,의무,2025,918486800.0,417358427794.0,0.002200714634791914,3천억~5천억,중견-2차 후보,중형·상시,지원비 상시,169919472.0,0.18499936199409725,1.2333290799606482,0.8809493428290345
123410,코리아에프티(주),중견,False,2차 후보(확인 필요),303,코리아에프티,의무,2025,918486800.0,417358427794.0,0.002200714634791914,3천억~5천억,중견-2차 후보,중형·상시,지원비 가동시간만,169919472.0,0.18499936199409725,1.2333290799606482,0.8809493428290345
123410,코리아에프티(주),중견,False,2차 후보(확인 필요),303,코리아에프티,의무,2025,918486800.0,417358427794.0,0.002200714634791914,3천억~5천억,중견-2차 후보,대형·상시,지원비 상시,270435216.0,0.2944356043004646,1.9629040286697643,1.4020743061926888
123410,코리아에프티(주),중견,False,2차 후보(확인 필요),303,코리아에프티,의무,2025,918486800.0,417358427794.0,0.002200714634791914,3천억~5천억,중견-2차 후보,대형·상시,지원비 가동시간만,270435216.0,0.2944356043004646,1.9629040286697643,1.4020743061926888
128940,한미약품(주),중견,False,비대상,21212,한미약품(주),의무,2025,30331259362.0,1146621703290.0,0.026452716946635983,1조~5조,중견-비대상,소형·업무시간,지원비 상시,43110960.0,0.0014213376202245934,0.009475584134830623,0.006768274382021874
128940,한미약품(주),중견,False,비대상,21212,한미약품(주),의무,2025,30331259362.0,1146621703290.0,0.026452716946635983,1조~5조,중견-비대상,소형·업무시간,지원비 가동시간만,18031200.0,0.0005944758107403243,0.003963172071602162,0.002830837194001544
128940,한미약품(주),중견,False,비대상,21212,한미약품(주),의무,2025,30331259362.0,1146621703290.0,0.026452716946635983,1조~5조,중견-비대상,소형·상시,지원비 상시,59830800.0,0.0019725788265474394,0.013150525510316263,0.009393232507368761
128940,한미약품(주),중견,False,비대상,21212,한미약품(주),의무,2025,30331259362.0,1146621703290.0,0.026452716946635983,1조~5조,중견-비대상,소형·상시,지원비 가동시간만,59830800.0,0.0019725788265474394,0.013150525510316263,0.009393232507368761
128940,한미약품(주),중견,False,비대상,21212,한미약품(주),의무,2025,30331259362.0,1146621703290.0,0.026452716946635983,1조~5조,중견-비대상,중형·업무시간,지원비 상시,76288368.0,0.00251517311198679,0.0167678207465786,0.011977014818984716
128940,한미약품(주),중견,False,비대상,21212,한미약품(주),의무,2025,30331259362.0,1146621703290.0,0.026452716946635983,1조~5조,중견-비대상,중형·업무시간,지원비 가동시간만,51208608.0,0.001688311302502521,0.011255408683350138,0.008039577630964386
128940,한미약품(주),중견,False,비대상,21212,한미약품(주),의무,2025,30331259362.0,1146621703290.0,0.026452716946635983,1조~5조,중견-비대상,중형·상시,지원비 상시,169919472.0,0.005602123867394729,0.037347492449298185,0.02667678032092728
128940,한미약품(주),중견,False,비대상,21212,한미약품(주),의무,2025,30331259362.0,1146621703290.0,0.026452716946635983,1조~5조,중견-비대상,중형·상시,지원비 가동시간만,169919472.0,0.005602123867394729,0.037347492449298185,0.02667678032092728
128940,한미약품(주),중견,False,비대상,21212,한미약품(주),의무,2025,30331259362.0,1146621703290.0,0.026452716946635983,1조~5조,중견-비대상,대형·상시,지원비 상시,270435216.0,0.008916056295994427,0.05944037530662951,0.0424574109333068
128940,한미약품(주),중견,False,비대상,21212,한미약품(주),의무,2025,30331259362.0,1146621703290.0,0.026452716946635983,1조~5조,중견-비대상,대형·상시,지원비 가동시간만,270435216.0,0.008916056295994427,0.05944037530662951,0.0424574109333068
004020,현대제철(주),대기업,False,1차(2027),2411,현대제철주식회사,의무,2025,133291556302.0,17800125991157.0,0.0074882366769886055,5조 이상,대기업,소형·업무시간,지원비 상시,43110960.0,0.0003234335406987302,0.002156223604658201,0.0015401597176130009
004020,현대제철(주),대기업,False,1차(2027),2411,현대제철주식회사,의무,2025,133291556302.0,17800125991157.0,0.0074882366769886055,5조 이상,대기업,소형·업무시간,지원비 가동시간만,18031200.0,0.00013527638584357536,0.0009018425722905023,0.0006441732659217875
004020,현대제철(주),대기업,False,1차(2027),2411,현대제철주식회사,의무,2025,133291556302.0,17800125991157.0,0.0074882366769886055,5조 이상,대기업,소형·상시,지원비 상시,59830800.0,0.0004488716439355,0.002992477626236667,0.0021374840187404764
004020,현대제철(주),대기업,False,1차(2027),2411,현대제철주식회사,의무,2025,133291556302.0,17800125991157.0,0.0074882366769886055,5조 이상,대기업,소형·상시,지원비 가동시간만,59830800.0,0.0004488716439355,0.002992477626236667,0.0021374840187404764
004020,현대제철(주),대기업,False,1차(2027),2411,현대제철주식회사,의무,2025,133291556302.0,17800125991157.0,0.0074882366769886055,5조 이상,대기업,중형·업무시간,지원비 상시,76288368.0,0.0005723420906509089,0.0038156139376727257,0.00272543852690909
004020,현대제철(주),대기업,False,1차(2027),2411,현대제철주식회사,의무,2025,133291556302.0,17800125991157.0,0.0074882366769886055,5조 이상,대기업,중형·업무시간,지원비 가동시간만,51208608.0,0.000384184935795754,0.0025612329053050268,0.0018294520752178763
004020,현대제철(주),대기업,False,1차(2027),2411,현대제철주식회사,의무,2025,133291556302.0,17800125991157.0,0.0074882366769886055,5조 이상,대기업,중형·상시,지원비 상시,169919472.0,0.00127479546877682,0.008498636458512135,0.006070454613222954
004020,현대제철(주),대기업,False,1차(2027),2411,현대제철주식회사,의무,2025,133291556302.0,17800125991157.0,0.0074882366769886055,5조 이상,대기업,중형·상시,지원비 가동시간만,169919472.0,0.00127479546877682,0.008498636458512135,0.006070454613222954
004020,현대제철(주),대기업,False,1차(2027),2411,현대제철주식회사,의무,2025,133291556302.0,17800125991157.0,0.0074882366769886055,5조 이상,대기업,대형·상시,지원비 상시,270435216.0,0.0020288998305884602,0.013525998870589735,0.009661427764706954
004020,현대제철(주),대기업,False,1차(2027),2411,현대제철주식회사,의무,2025,133291556302.0,17800125991157.0,0.0074882366769886055,5조 이상,대기업,대형·상시,지원비 가동시간만,270435216.0,0.0020288998305884602,0.013525998870589735,0.009661427764706954
004540,깨끗한나라(주),중견,False,비대상,171,깨끗한나라 주식회사,의무,2025,6598064205.0,507509280820.0,0.013000873982716698,5천억~1조,중견-비대상,소형·업무시간,지원비 상시,43110960.0,0.006533880038228576,0.043559200254857176,0.031113714467755127
004540,깨끗한나라(주),중견,False,비대상,171,깨끗한나라 주식회사,의무,2025,6598064205.0,507509280820.0,0.013000873982716698,5천억~1조,중견-비대상,소형·업무시간,지원비 가동시간만,18031200.0,0.002732801536901686,0.018218676912677905,0.01301334065191279
004540,깨끗한나라(주),중견,False,비대상,171,깨끗한나라 주식회사,의무,2025,6598064205.0,507509280820.0,0.013000873982716698,5천억~1조,중견-비대상,소형·상시,지원비 상시,59830800.0,0.009067932372446503,0.060452882482976686,0.04318063034498335
004540,깨끗한나라(주),중견,False,비대상,171,깨끗한나라 주식회사,의무,2025,6598064205.0,507509280820.0,0.013000873982716698,5천억~1조,중견-비대상,소형·상시,지원비 가동시간만,59830800.0,0.009067932372446503,0.060452882482976686,0.04318063034498335
004540,깨끗한나라(주),중견,False,비대상,171,깨끗한나라 주식회사,의무,2025,6598064205.0,507509280820.0,0.013000873982716698,5천억~1조,중견-비대상,중형·업무시간,지원비 상시,76288368.0,0.011562234866127678,0.07708156577418453,0.05505826126727466
004540,깨끗한나라(주),중견,False,비대상,171,깨끗한나라 주식회사,의무,2025,6598064205.0,507509280820.0,0.013000873982716698,5천억~1조,중견-비대상,중형·업무시간,지원비 가동시간만,51208608.0,0.007761156364800788,0.05174104243200525,0.036957887451432324
004540,깨끗한나라(주),중견,False,비대상,171,깨끗한나라 주식회사,의무,2025,6598064205.0,507509280820.0,0.013000873982716698,5천억~1조,중견-비대상,중형·상시,지원비 상시,169919472.0,0.02575292793774807,0.1716861862516538,0.12263299017975271
004540,깨끗한나라(주),중견,False,비대상,171,깨끗한나라 주식회사,의무,2025,6598064205.0,507509280820.0,0.013000873982716698,5천억~1조,중견-비대상,중형·상시,지원비 가동시간만,169919472.0,0.02575292793774807,0.1716861862516538,0.12263299017975271
004540,깨끗한나라(주),중견,False,비대상,171,깨끗한나라 주식회사,의무,2025,6598064205.0,507509280820.0,0.013000873982716698,5천억~1조,중견-비대상,대형·상시,지원비 상시,270435216.0,0.04098705432345819,0.2732470288230546,0.19517644915932475
004540,깨끗한나라(주),중견,False,비대상,171,깨끗한나라 주식회사,의무,2025,6598064205.0,507509280820.0,0.013000873982716698,5천억~1조,중견-비대상,대형·상시,지원비 가동시간만,270435216.0,0.04098705432345819,0.2732470288230546,0.19517644915932475
