corp_code,corp_name,stock_code,corp_cls,induty_code,jurir_no,bizr_no,est_dt,acc_mt,adres,bsns_year,rcept_no,cfs_rev_t,cfs_rev_t1,cfs_rev_t2,cfs_assets_t,cfs_rev_3y_avg,ofs_rev_t,ofs_rev_t1,ofs_rev_t2,ofs_assets_t,ofs_rev_3y_avg,rev_source
00173944,(주)우진,105840,Y,27216,1345110001814,1358105713,19800513,12,경기도 화성시 동부대로970번길 110,2025,20260316000450,150379282702.0,140726674100.0,129059322239.0,297980322227.0,140055093014.0,71565813467.0,71859322689.0,63843186241.0,215030771058.0,69089440799.0,주요계정
00129350,삼화콘덴서공업(주),001820,Y,26291,1345110003696,1358102429,19560814,12,경기도 용인시 처인구  남사면 경기동로 227,2025,20260319001054,294491998379.0,295412198601.0,280768545013.0,340250346579.0,290224247331.0,248224655342.0,237608273203.0,224939548542.0,293888417006.0,236924159029.0,주요계정
00303217,(주)우진플라임,049800,Y,292,1101110822993,1318139905,19920103,12,충청북도 보은군 장안면 우진플라임로 100 본관동,2025,20260604000634,211623242809.0,209594990056.0,212126264262.0,314383012815.0,211114832376.0,211392273616.0,209167399395.0,211313436249.0,314129626040.0,210624369753.0,주요계정
00125938,삼보판지(주),023600,K,171,1243110011322,1308112669,19810723,12,경기도 시흥시 공단1대로28번길 120 (정왕동),2025,20260320000317,539865414411.0,558291565532.0,555628853462.0,858872719177.0,551261944468.0,208253712760.0,234093186332.0,235468160354.0,334279838631.0,225938353149.0,주요계정
01036446,(주)서연이화,200880,Y,303,1101115455476,2208882958,20140702,12,경기도 안양시 동안구 부림로170번길 41-22 (관양동),2025,20260318001250,4505249722750.0,4041529108352.0,3574265560035.0,3205041446005.0,4040348130379.0,1925420295816.0,1797016925001.0,1590508503378.0,1815292834846.0,1770981908065.0,주요계정
01068348,(주)러셀,217500,K,292,1101115677864,1668100027,20150326,12,충청북도 청주시 흥덕구 옥산면 옥산산단로 36 (호죽리),2025,20260323000791,27069629521.0,37480561135.0,44710882827.0,65439293550.0,36420357828.0,17212798102.0,23257604567.0,37064255241.0,58450101521.0,25844885970.0,주요계정
00133663,(주)세동,053060,K,303,1845110001541,6218109049,19860204,12,부산광역시 기장군  장안읍 장안산단 8로 8,2025,20260323000453,189439770060.0,171088252415.0,169895212565.0,134390153086.0,176807745013.0,177302768152.0,159379561723.0,158038605095.0,122844044202.0,164906978323.0,주요계정
00132318,(주)성광벤드,014620,K,24133,1801110036425,6038107330,19800223,12,부산광역시 강서구  녹산산단262로 26,2025,20260708000008,245669879092.0,227683121973.0,254692907041.0,590271819146.0,242681969369.0,221500650922.0,201735605834.0,225961164506.0,563003096157.0,216399140421.0,주요계정
00267881,보성파워텍(주),006910,K,2511,1301110007765,1348102237,19701121,12,충청북도 충주시 주덕읍 대창길 70 -,2025,20260319000970,,,,,,147486453767.0,77062181417.0,78494668722.0,133280442520.0,101014434635.0,주요계정
00105156,극동유화(주),014530,Y,19221,1845110001335,6218100510,19791228,12,경상남도 양산시  어실로 101,2025,20260323001025,1021727866612.0,1062833512172.0,1157998807210.0,504234678749.0,1080853395331.0,1005967706802.0,1040705616626.0,1134211389685.0,415247658117.0,1060294904371.0,주요계정
00351630,(주)세코닉스,053450,K,273,1158110006449,1278112192,19881224,12,경기도 동두천시  평화로2862번길 28,2025,20260320000344,434869078123.0,462708965937.0,502361137353.0,304885100741.0,466646393804.0,354904671184.0,381745257643.0,425061996686.0,252454062593.0,387237308504.0,주요계정
00867098,(주)티로보틱스,117730,K,29271,1311110126936,1298178206,20041027,12,경기도 오산시 가장산업서북로 103-37 (지곶동),2025,20260319001292,43812661900.0,60705396702.0,66716568313.0,89361141487.0,57078208972.0,39059865094.0,57500898744.0,64123233003.0,89598933718.0,53561332280.0,주요계정
00601191,(주)하나기술,299030,K,29299,1348110080937,1248607579,20030318,12,경기도 용인시 처인구 남사면 전나무골길2번길 56-7,2025,20260814003680,93832555999.0,94219106206.0,119948030553.0,263293478189.0,102666564253.0,92793492432.0,93262833711.0,118272731539.0,261860937708.0,101443019227.0,주요계정
00148939,조광피혁(주),004700,Y,15110,1501110001036,3158107132,19660803,12,"충청북도 청주시 흥덕구 공단로126번길 97 (송정동, 공단2브럭)",2025,20260319000650,,,,,,97880064978.0,90248381146.0,126567009199.0,661996431061.0,104898485108.0,주요계정
00438036,팅크웨어(주),084730,K,264,1101111394420,2298126731,19970326,12,경기도 성남시 분당구 판교역로 240 삼환하이펙스 A동 9층,2025,20260320001267,536585727369.0,489824351259.0,421393415248.0,369868460903.0,482601164625.0,188582252198.0,169574158275.0,198388927873.0,275986096850.0,185515112782.0,주요계정
01255652,(주)레이크머티리얼즈,281740,K,204,1101116525723,8938600629,20170922,12,세종특별자치시  전의면 산단길 22-144 -,2025,20260318001193,141233860094.0,138725778383.0,117789811143.0,355838236186.0,132583149873.0,141068662024.0,138653101693.0,117475923146.0,316634147008.0,132399228954.0,주요계정
00664181,(주)인텔리안테크놀로지스,189300,K,26429,1101112948086,2118745307,20040205,12,경기도 평택시 진위면 진위산단로 18-7,2025,20260320001337,319628351040.0,257769448883.0,305042847051.0,496458172495.0,294146882325.0,287809917857.0,212676160017.0,264598994251.0,476338945296.0,255028357375.0,주요계정
01058101,(주)라파스,214260,K,20423,1101113430040,1058690704,20060330,12,서울특별시 강서구 마곡중앙8로1길 62 라파스  ;,2025,20260320001360,30987892335.0,27215365204.0,27935888378.0,75077917566.0,28713048639.0,19523736750.0,20088927341.0,20095074739.0,62310989727.0,19902579610.0,주요계정
01213586,아이디피(주),332370,K,26329,1101113356410,1138602012,20051208,12,"서울특별시 구로구 디지털로33길 50, 601",2025,20260311003940,49083311500.0,46525695543.0,36366131477.0,74404303598.0,43991712840.0,40634596241.0,41494525264.0,33333716638.0,73079678340.0,38487612714.0,주요계정
01141942,(주)액트로,290740,K,262,1352110033862,1388178118,20120904,12,경기도 용인시 기흥구 흥덕1로 13 제타워동 35층 제에이3504호,2025,20260319000810,244938933154.0,203084124613.0,156846101861.0,123668697714.0,201623053209.0,74018464048.0,32816106416.0,34281813099.0,84520251097.0,47038794521.0,주요계정
00447760,(주)미래컴퍼니,049950,K,29271,1101110911192,2118196221,19921230,12,경기도 화성시  양감면 정문송산로 69-12,2025,20260320001141,40897794013.0,67278649399.0,109474293439.0,121863202289.0,72550245617.0,37679931475.0,63718051994.0,105623176501.0,120049653900.0,69007053323.0,주요계정
00118284,동일금속(주),109860,K,24312,1701110020397,5058124020,19841220,12,경상북도 영천시 금호읍 덕성리 327,2025,20260626000141,91706521874.0,85984630205.0,110445489877.0,180888658301.0,96045547319.0,61379640196.0,71367442548.0,109143505790.0,165533257051.0,80630196178.0,주요계정
00442145,(주)아바코,083930,K,29272,1701110166737,5038143827,20000116,12,대구 달서구 월암동 1107번지,2025,20260608000428,392896306694.0,305514630290.0,186852149260.0,323523807327.0,295087695415.0,390585424274.0,304053344562.0,184254160332.0,322101588339.0,292964309723.0,주요계정
00411446,(주)큐에스아이,066310,K,2612,1615110037709,3128143181,20000707,12,충청남도 천안시 서북구  성거읍 천흥8길 17,2025,20260625000480,23282562121.0,21363283641.0,18687093091.0,93019579690.0,21110979618.0,23174272777.0,21357845295.0,18676053586.0,93648432112.0,21069390553.0,주요계정
01137295,프리시젼바이오(주),335810,K,27199,1601110265995,3148608943,20090928,12,대전시 유성구 테크노2로 306,2025,20260317000631,19925825433.0,19134127922.0,20391168324.0,53074290379.0,19817040560.0,14439814254.0,15654151678.0,17277259014.0,56590174131.0,15790408315.0,주요계정
01459212,주식회사 원준,382840,K,292,1348110166589,1248673730,20081126,12,경기도 수원시 권선구 산업로 174-29,2025,20260323001700,149100259243.0,149851159615.0,137256469129.0,173929159460.0,145402629329.0,149100259243.0,149851159615.0,137256469129.0,166312130162.0,145402629329.0,주요계정
00763473,(주)코스메카코리아,241710,K,20423,1545110016091,3038124119,19991005,12,충청북도 음성군 대소면 대금로 196번길 17-12,2025,20260330001688,640929072776.0,524328644684.0,470719111291.0,631824856424.0,545325609584.0,441498750150.0,328663642736.0,268641961132.0,433352129946.0,346268118006.0,주요계정
00442048,(주)아바텍,149950,K,26211,1701110179623,5038146784,20000901,12,대구광역시 달서구 달서대로 85길 100,2025,20260312001140,,,,,,80944405170.0,84545739299.0,75771249556.0,163284575024.0,80420464675.0,주요계정
00267979,한일화학공업(주),007770,K,201,1201110003111,1338126110,19720328,12,충청남도 당진시 석문면 산단3로6길 47 -,2025,20260323001693,124410156822.0,125281652588.0,121935915669.0,127715930238.0,123875908360.0,101563086315.0,106383869031.0,103449563476.0,106095326057.0,103798839607.0,주요계정
00530121,(주)디에스케이,109740,K,29272,1341110045290,1388113022,19950203,12,경기도 안산시 상록구 수인로710(사사동) -,2025,20260323001333,43179030300.0,22640427894.0,71500309073.0,148678782698.0,45773255756.0,41120304030.0,16964989842.0,66565487099.0,155981676519.0,41550260324.0,주요계정
00166272,(주)화승코퍼레이션,013520,Y,303,1845110001252,6218105780,19780915,12,부산광역시 연제구 중앙대로 1079 -,2025,20260323001005,1639776710595.0,1564334416443.0,1476601965838.0,1232594230096.0,1560237697625.0,488830823178.0,429882611951.0,273585305760.0,561299063324.0,397432913630.0,주요계정
00946030,(주)로보티즈,108490,K,29299,1101111670044,2098122390,19990325,12,서울특별시 강서구 마곡중앙5로1길 37,2025,20260708000478,38942547006.0,30038231053.0,29127949488.0,319708080737.0,32702909182.0,34712760842.0,26935702202.0,26904119070.0,317313643247.0,29517527371.0,주요계정
00609324,(주)뷰웍스,100120,K,27199,1101111775894,1208193796,19990918,12,경기도 안양시 동안구 부림로 17041-3,2025,20260323001685,239334580000.0,222898069398.0,220250538558.0,351892269253.0,227494395985.0,227344613633.0,210570063966.0,208197993016.0,345392745876.0,215370890205.0,주요계정
00143794,(주)원림,005820,Y,13225,1101110095152,1198101618,19681028,12,서울특별시 서초구  남부순환로 2495 원림빌딩 9층,2025,20260318001057,89681887437.0,82386592601.0,84421858608.0,189908053714.0,85496779549.0,44941924865.0,48450629760.0,47528387390.0,109924763248.0,46973647338.0,주요계정
00118965,(주)티에이치엔,019180,Y,289,1701110022781,5038119351,19860723,12,대구광역시 달서구 성서로71길 43,2025,20260323001500,989133894654.0,651078994161.0,586298306002.0,613083846458.0,742170398272.0,911722560104.0,574109271466.0,486046629292.0,537442332678.0,657292820287.0,주요계정
00362159,(주)웰크론,065950,K,13219,1101110860216,1208163730,19920527,12,서울특별시 구로구 디지털로27길 12 주식회사 웰크론,2025,20260318000842,268959790113.0,329117322759.0,425883974254.0,329124032087.0,341320362375.0,95090128370.0,83853889729.0,87015659692.0,148559906623.0,88653225930.0,주요계정
00561732,(주)아스플로,159010,K,29133,1350110119749,1348176326,20011128,12,경기도 화성시 정남면 정남산단로 38,2025,20260316001408,67924197059.0,83609960696.0,86873727999.0,118463666486.0,79469295251.0,62435332422.0,82226105653.0,86593762379.0,109561802882.0,77085066818.0,주요계정
00417167,풍원정밀(주),371950,K,262,1350110049673,1348130029,19960116,12,경기도 안산시 단원구 산단로35번길 24,2025,20260323001475,32363366118.0,49263385713.0,43054017785.0,80333957792.0,41560256539.0,29990430736.0,46242233154.0,40602873769.0,79767821837.0,38945179220.0,주요계정
00367385,효성오앤비(주),097870,K,2031,1648110001094,3128103710,19840823,06,충남 아산시 신동 279-10,2025,20250919000095,24387108990.0,28058111140.0,29660837674.0,90816844252.0,27368685935.0,23417818578.0,27241518339.0,28255505777.0,85416809746.0,26304947565.0,주요계정
00632793,전진바이오팜(주),110020,K,2049,1701110273433,5058139862,20040916,12,대구광역시 달서구 성서공단북로 295 -,2025,20260316001483,,,,,,13694344910.0,19272841086.0,15680552055.0,18509033933.0,16215912684.0,주요계정
00168401,(주)금비,008870,Y,23192,1201110002022,1268109409,19730605,09,경기도 이천시 부발읍 중부대로1707번길 13,2025,20251215000379,252403803067.0,259456804269.0,250958272033.0,298199879897.0,254272959790.0,86557955280.0,96063056337.0,91558134186.0,149763979333.0,91393048601.0,주요계정
01407909,원텍(주),336570,K,271,1101117232799,4968801552,20190916,12,대전광역시 유성구 테크노8로 64 (용산동),2025,20260319000649,156838102870.0,115254599426.0,115628803094.0,217246511788.0,129240501797.0,151433690929.0,114562006902.0,113763241682.0,216447738234.0,126586313171.0,주요계정
01208849,(주)나인테크,267320,K,292,1101116353116,2278700493,20170322,12,경기도 평택시 진위면 마산6로 6 -,2025,20260723000380,82368729078.0,197219777077.0,123048379274.0,178483494012.0,134212295143.0,67820312836.0,184811406732.0,112997402775.0,163171526892.0,121876374114.0,주요계정
01046708,바디텍메드(주),206640,K,213,1101115527168,1078830220,20140930,12,강원도 춘천시 동내면 거두단지1길 43 -,2025,20260727000339,162093303707.0,138160173429.0,134219239677.0,281633435473.0,144824238938.0,147888814936.0,125107057264.0,121002600991.0,255421197154.0,131332824397.0,주요계정
00688358,하이즈항공(주),221840,K,313,1101112376401,2158617709,20011116,12,경상남도 사천시 사남면 공단5로 24,2025,20260318000947,84621119162.0,86545570784.0,80764375263.0,116731303663.0,83977021736.0,56394739603.0,54641596190.0,53939321636.0,103861626939.0,54991885810.0,주요계정
01532603,주식회사 화승알앤에이,378850,Y,30399,2341110120538,3058640935,20210303,12,경상남도 양산시 충렬로 61,2025,20260323000996,714559988805.0,707130551871.0,680651664943.0,479995395397.0,700780735206.0,709609401842.0,702562099018.0,677371568619.0,464816926144.0,696514356493.0,주요계정
00111458,대영포장(주),014160,Y,1721,1101110254104,1348101183,19790601,12,"경기도 안산시 단원구 산단로 265 (원시동, 대영포장(주))",2025,20260319001078,,,,,,283702207867.0,280835222931.0,283462475670.0,261299982645.0,282666635489.0,주요계정
00218575,(주)황금에스티,032560,Y,24290,1101110504195,1078118697,19860825,12,경기도 안산시 단원구 엠티브이1로 25 (주)황금에스티,2025,20260323000918,316529005034.0,321091393225.0,355142901174.0,550476338694.0,330921099811.0,153387045833.0,140807169950.0,154893965428.0,317105889552.0,149696060404.0,주요계정
00991191,앱클론(주),174900,K,213,1101114379213,1138640428,20100625,12,서울특별시 구로구 디지털로 285 에이스트윈타워 1차 1401호,2025,20260313000798,,,,,,4714084167.0,2339823669.0,2877031419.0,70746511792.0,3310313085.0,주요계정
00134316,(주)세원정공,021820,Y,303,1701110039207,5038111081,19890729,06,대구광역시 달서구 달서대로 554,2025,20250922000199,179353786749.0,162533026895.0,159199457308.0,779632174266.0,167028756984.0,91471465347.0,86768109520.0,58348281690.0,424529755134.0,78862618852.0,주요계정
01301623,비씨엔씨(주),146320,K,261,1342110058902,1268172260,20030619,12,경기도 이천시 신둔면 마소로57번길 25,2025,20260316000912,87583804218.0,77373628222.0,65312042853.0,177508739179.0,76756491764.0,85159379206.0,75500150897.0,62644613113.0,172657046797.0,74434714405.0,주요계정
00139685,(주)양지사,030960,K,1811,1101110244965,1198108488,19790115,06,경기도 김포시 양촌읍 황금1로 131,2025,20250911000416,,,,,,55863645104.0,58151137977.0,62134749172.0,205898067206.0,58716510751.0,주요계정
00867973,(주)서남,294630,K,289,1311110128338,1298178832,20041117,12,경기도 안성시 원곡면 승량길 52,2025,20260318001099,,,,,,3386486863.0,1405653733.0,6390911562.0,16595675557.0,3727684053.0,주요계정
00828761,주식회사 레이,228670,K,27111,1345110084018,1358173282,20041006,12,경기도 성남시 분당구 판교역로 221 (삼평동 672) 투썬월드빌딩 12층,2025,20260320000289,111322950252.0,79842593595.0,145881865235.0,192240432312.0,112349136361.0,68172780774.0,56904898279.0,110797920515.0,166280498089.0,78625199856.0,주요계정
00122348,(주)방림,003610,Y,132,1101110035108,1078111490,19621205,09,서울특별시 마포구  월드컵북로 402 케이지아이티센터 18층,2025,20251222000124,122527094021.0,110595886622.0,131921584650.0,228990877295.0,121681521764.0,78900679787.0,68778828693.0,83401743962.0,208213662941.0,77027084147.0,주요계정
00170877,(주)진로발효,018120,K,11121,1301110009365,1348104841,19841231,12,경기도 안산시 단원구 별망로 594,2025,20260319001276,99783679254.0,101456070092.0,100068186172.0,102329386031.0,100435978506.0,96819349088.0,98660433714.0,97020046169.0,98915813634.0,97499942990.0,주요계정
00147222,(주)전방,000950,Y,13101,1101110005664,1028117373,19530223,12,"서울특별시 서대문구  서소문로 21 (충정로3가, 충정타워)",2025,20260319000974,40776455996.0,57235842614.0,94772410649.0,237363693514.0,64261569753.0,40776455996.0,57235842614.0,94772410649.0,238079324746.0,64261569753.0,주요계정
00145464,이구산업(주),025820,Y,24221,1301110009498,1348102580,19710116,12,경기도 평택시 포승읍 포승공단로 42 이구산업(주),2025,20260316001242,,,,,,507783563654.0,472292427806.0,433373177732.0,376967571557.0,471149723064.0,주요계정
00109161,태경케미컬 주식회사,006890,Y,20121,1101110040793,2208110227,19701111,12,서울특별시 강서구  공항대로 467 (등촌동),2025,20260317000715,61347896962.0,71116461803.0,70748221182.0,224431427050.0,67737526649.0,58473624334.0,66695091953.0,67337313504.0,215820251470.0,64168676597.0,주요계정
00529815,(주)오디텍,080520,K,2612,2149110013103,4038120067,19991206,12,전라북도 완주군 봉동읍 완주산단5로 87,2025,20260319000430,37959545863.0,37001931925.0,34964165951.0,134145170682.0,36641881246.0,37959545863.0,37001931925.0,34964165951.0,134140118265.0,36641881246.0,주요계정
00363486,로체시스템즈(주),071280,K,292,1301110045012,1248152574,19971028,12,경기도 용인시 처인구 남사면 완장천로 448-34 로체시스템즈(주),2025,20260317000688,124870173744.0,160076968925.0,105268915966.0,162369748610.0,130072019545.0,120166416453.0,159608131617.0,105045625096.0,158461427977.0,128273391055.0,주요계정
00303396,한국컴퓨터(주),054040,K,2629,1760110008737,5138108185,19940912,12,경상북도 구미시  임수로 24,2025,20260731000387,417773004030.0,421024908274.0,371742901465.0,297069949486.0,403513604590.0,146951538900.0,164832508203.0,203708692377.0,236306459680.0,171830913160.0,주요계정
00174004,유성기업(주),002920,Y,303,1243110000755,1308104489,19600318,12,충청남도 아산시 둔포면 아산밸리동로 22,2025,20260629000189,304574766277.0,324603324420.0,311469920690.0,433970393655.0,313549337129.0,303146324924.0,322931471519.0,310001569106.0,252041005401.0,312026455183.0,주요계정
00123107,(주)보락,002760,Y,2049,1348110004474,1248134203,19590817,12,경기도 화성시  양감면 초록로 720-37,2025,20260318000334,,,,,,50115779158.0,47600285853.0,46773797129.0,59241347378.0,48163287380.0,주요계정
00148595,(주)제일테크노스,038010,K,2511,1746110001179,5068100676,19710304,12,경상북도 포항시 남구 장흥로39번길 7,2025,20260320000688,133579370211.0,183926463645.0,242901053183.0,179514853143.0,186802295680.0,122307239726.0,173275138176.0,234007986201.0,169525334391.0,176530121368.0,주요계정
00101220,KG케미칼(주),001390,Y,201,1243110008999,1308109693,19541231,12,울산광역시 울주군 온산읍 당월로 322,2025,20260323001613,9101646921664.0,8863142439982.0,8933057023552.0,8343678242449.0,8965948795066.0,216526425736.0,207533880932.0,211470163579.0,371481160565.0,211843490082.0,주요계정
00152686,(주)코리아써키트,007810,Y,2622,1301110026749,1348107528,19720411,12,경기도 안산시 단원구  강촌로139번길 9,2025,20260319000865,1509725133078.0,1406956573662.0,1332234444242.0,1392548104186.0,1416305383661.0,862984261270.0,720690160069.0,634387851488.0,847651812704.0,739354090942.0,주요계정
00162993,한일홀딩스(주),003300,Y,23311,1101110040165,2208103255,19611228,12,서울특별시 서초구 효령로 275 서초동 1587 한일시멘트빌딩,2025,20260318001536,1930489160379.0,2248742514757.0,2363057189359.0,3736407092143.0,2180762954832.0,62696918167.0,55296000715.0,45060980273.0,905630787204.0,54351299718.0,주요계정
00800145,(주)서진오토모티브,122690,K,303,1101114264828,1078730882,20100119,12,경기도 시흥시 공단1대로 313,2025,20260323001419,2941851720462.0,2589137132700.0,2451930583574.0,2037923964426.0,2660973145579.0,219733514680.0,181035334827.0,172095470620.0,291308364677.0,190954773376.0,주요계정
00660291,옵티시스(주),109080,K,26410,1301110056407,1248167679,19991129,12,경기도 성남시 수정구 산성대로 305 삼부르네상스파크Ⅱ 3층,2025,20260319000035,,,,,,25727162593.0,23757537224.0,21994615123.0,65235637894.0,23826438313.0,주요계정
00332927,(주)제이에스코퍼레이션,194370,Y,15121,1101110554992,2198103482,19880201,12,서울특별시 송파구 위례성대로 138 (방이동),2025,20260318001652,1288232609221.0,1117499247162.0,862765475437.0,1808974753696.0,1089499110607.0,312632825883.0,324108017119.0,285073976653.0,657373876242.0,307271606552.0,주요계정
00398792,SNT모티브(주),064960,Y,303,1801110396069,6218147887,20020206,12,부산광역시 기장군  철마면 여락송정로 363,2025,20260219002256,1006373968570.0,968898049440.0,1136280172201.0,1279363819077.0,1037184063404.0,998738886099.0,947329803800.0,1114711301250.0,1268180210832.0,1020259997050.0,주요계정
00148920,조광페인트(주),004910,Y,20411,1801110007088,6068100205,19670116,12,부산광역시 사상구  삼덕로 5 148,2025,20260323001645,202667523052.0,248020130146.0,252818412762.0,432759212945.0,234502021987.0,194434537455.0,240491381924.0,246527350521.0,411768143049.0,227151089967.0,주요계정
01170865,(주)네오셈,253590,K,292,1101116168614,1418600436,20160905,12,경기도 안양시 동안구 시민대로327번길 12-26 주식회사 네오셈,2025,20260318000748,63936752061.0,105237088617.0,100931226581.0,155056271081.0,90035022420.0,60849545703.0,102336169426.0,99214402961.0,144710892380.0,87466706030.0,주요계정
00484682,(주)엘오티베큠,083310,K,29271,1615110049069,3128156143,20020323,12,경기도 오산시 지곶중앙로 1-20 -,2025,20260323001326,244892905459.0,265969118498.0,473028421100.0,322445796096.0,327963481686.0,174616472570.0,177515671065.0,404750765316.0,289185187784.0,252294302984.0,주요계정
00136864,(주)신원,009270,Y,14112,1101110152770,1058111908,19730926,12,서울특별시 마포구  독막로 328 신원빌딩,2025,20260814002718,1092254154426.0,939536833803.0,834478141461.0,642566644960.0,955423043230.0,1091183970272.0,936667026561.0,823249919023.0,654203482559.0,950366971952.0,주요계정
00155373,(주)풍강,093380,K,259,1341110002141,1238101349,19740910,08,경기도 화성시  우정읍 남양만로 745,2025,20251117000158,90273114653.0,93027835673.0,97322976980.0,91881616321.0,93541309102.0,90080578110.0,92604728451.0,97150312282.0,91354965878.0,93278539614.0,주요계정
00137809,(주)신화다이나믹스,001770,Y,24199,1101110028632,1348129352,19560601,12,"경기도 안산시 단원구  번영2로 31 (성곡동,시화4다706)",2025,20260318000401,,,,,,100397778375.0,106604794578.0,106293829767.0,80593567472.0,104432134240.0,주요계정
00111193,대양전기공업(주),108380,K,31114,1801110081389,6038109788,19880701,12,부산광역시 사하구 장평로 245,2025,20260323001662,230094825180.0,196278875513.0,154347176318.0,321983559541.0,193573625670.0,208573413088.0,179614017353.0,134256231217.0,300149585607.0,174147887219.0,주요계정
01258710,(주)이노메트리,302430,K,29299,1345110127040,1428114049,20080603,12,경기도 화성시 정남면 정남산단1길 40 -,2025,20260320000994,38567691701.0,52996048556.0,83783909848.0,77002948664.0,58449216702.0,37045862582.0,52054946142.0,79792732360.0,75512321238.0,56297847028.0,주요계정
00220686,(주)에스피지,058610,K,28111,1243110031213,1398111459,19910321,12,"인천광역시 남동구  청능대로289번길 45 (고잔동, 남동공단 67B12L)",2025,20260318000411,341670161923.0,388476767485.0,393785730793.0,428472044456.0,374644220067.0,226740667393.0,228170564070.0,225208790142.0,280321026957.0,226706673868.0,주요계정
00429694,(주)파버나인,177830,K,2629,1201110155011,1318144728,19970704,12,인천광역시 남동구 호구포로 33 (고잔동 728-2) 남동공단 157블럭 4로트,2025,20260323000889,132540413436.0,132825071817.0,120684709193.0,150651302969.0,128683398149.0,67566665066.0,77501740551.0,77516668307.0,106573062409.0,74195024641.0,주요계정
00857727,(주)하림,136480,K,1012,2149110034430,4038161113,20110104,12,전라북도 익산시  망성면 망성로 14 (주)하림,2025,20260318000871,1439995096000.0,1285418842000.0,1410837725000.0,855385855000.0,1378750554333.0,1392608677000.0,1233745815000.0,1358340380000.0,831206125000.0,1328231624000.0,주요계정
00636656,바이오플러스 주식회사,099430,K,211,1101112785355,1018194737,20030523,12,"경기도 성남시 중원구 사기막골로45번길 14, 18층 제에이-1801,1802호(상대원동, 성남 우림라이온스밸리2차",2025,20260320001078,90896012971.0,66409594582.0,65042901061.0,285040012969.0,74116169538.0,53375453332.0,48183617893.0,56877945267.0,253669578207.0,52812338831.0,주요계정
00476036,에프엔에스테크(주),083500,K,29272,1345110059459,1358153423,20020318,12,충청남도 천안시 서북구 직산읍 4산단2길 19,2025,20260317000021,73657803682.0,88482201894.0,38883827391.0,121876000647.0,67007944322.0,66184651090.0,79614274114.0,33389858686.0,109786560810.0,59729594630.0,주요계정
00146269,일신방직(주),003200,Y,13101,1101110041717,1168140780,19511103,12,서울특별시 영등포구  은행로 11,2025,20260318001204,517177907810.0,523651392861.0,539409047753.0,1120711123137.0,526746116141.0,288639066004.0,321401331196.0,320133947703.0,661275212537.0,310058114968.0,주요계정
00671978,(주)그리티,204020,K,14120,1101111773799,1098159281,19990918,12,"서울특별시 강남구 언주로151길 7, 2층 (신사동, 주성빌)",2025,20260319000906,201717579283.0,194740127235.0,176102433452.0,142254331667.0,190853379990.0,198347590023.0,190639131528.0,171356862413.0,88591558497.0,186781194655.0,주요계정
00138729,아세아제지(주),002310,Y,172,1101110006274,2208102052,19580307,12,서울특별시 강남구  논현로 430,2025,20260318001362,855126180115.0,891065284091.0,908334402467.0,1034550897070.0,884841955558.0,485295773072.0,525917216623.0,531151927596.0,807083151005.0,514121639097.0,주요계정
00369170,(주)인터플렉스,051370,K,2622,1350110042924,1348121874,19940719,12,경기도 안산시 단원구 강촌로 149 스마트센터,2025,20260319001060,467963733214.0,497466413203.0,438157696595.0,401766268236.0,467862614337.0,269834783787.0,269372727809.0,261742311108.0,376781386427.0,266983274235.0,주요계정
00530556,(주)예스티,122640,K,29271,1348110048183,1248170534,20000306,12,경기도 평택시 진위면 마산12로 27 예스티,2025,20260317000873,87055847267.0,100095115191.0,79808251218.0,226399320290.0,88986404559.0,67060302511.0,84454319019.0,64334074764.0,195828752398.0,71949565431.0,주요계정
00223434,(주)에프에스티,036810,K,2629,1101110546006,1248123841,19870929,12,경기도 화성시 동탄면 동탄산단6길 15-23 에프에스티,2025,20260318001663,280262733555.0,237408450542.0,197608619262.0,540070062623.0,238426601120.0,223592130152.0,210427876800.0,187247663745.0,432180700147.0,207089223566.0,주요계정
00864338,(주)웹스,196700,K,20203,1801110378835,6068170604,20010925,12,부산광역시 해운대구 센텀동로 45 901호,2025,20260318000552,43174599020.0,34072812927.0,36231078602.0,73193836539.0,37826163516.0,30915412812.0,28032723535.0,29496412341.0,71872159505.0,29481516229.0,주요계정
01169267,(주)세화피앤씨,252500,K,204,1101116153095,8698700472,20160818,12,충청북도 진천군 초평면 은암길 36 -,2025,20260319000242,,,,,,37645110414.0,43868375036.0,41216885876.0,44782500983.0,40910123775.0,주요계정
00325112,(주)프로텍,053610,K,29271,1349110012243,1338134226,19970901,12,경기도 안양시 동안구 시민대로327번길 11-14(관양동),2025,20260319000272,230542705719.0,170289499168.0,156071199156.0,442823095798.0,185634468014.0,184757045654.0,131048447591.0,107743800350.0,355180855933.0,141183097865.0,주요계정
00250997,대정화금(주),120240,K,201,1101110510415,1018118476,19861113,12,"경기도 시흥시 서해안로 186 대정화금(주) 정?동, 시화공단 1다 107",2025,20260318000412,,,,,,108081231529.0,92304424167.0,93282650935.0,210705332687.0,97889435544.0,주요계정
00807379,신흥에스이씨(주),243840,K,28202,1348110178873,1248680186,20090813,12,경기도 오산시 양산로 48,2025,20260706000279,408233544783.0,432831192104.0,539851981578.0,875934873108.0,460305572822.0,164460221494.0,170752287902.0,165339674307.0,560772037099.0,166850727901.0,주요계정
00378628,(주)케이에이치바텍,060720,K,2629,1760110007234,5138106659,19921123,12,경상북도 구미시  1공단로10길 53-12 (주)KH바텍,2025,20260319001056,424904200489.0,311011706199.0,363572099173.0,404150935791.0,366496001954.0,45899572891.0,36788436520.0,36522660997.0,306868243516.0,39736890136.0,주요계정
00897752,(주)천보,278280,K,201,1511110031157,3038149444,20071008,12,충청북도 충주시 주덕읍 중원산업로 312,2025,20260316001138,133849589627.0,144912632914.0,182697745919.0,849544747385.0,153819989487.0,68338250378.0,70870687716.0,63822242134.0,608464977196.0,67677060076.0,주요계정
00160621,(주)한국화장품제조,003350,Y,20423,1101110037427,1028120368,19620321,12,서울특별시 종로구 청계천로 35,2025,20260813000488,,,,,,184628302893.0,167469221700.0,109337763369.0,198737392563.0,153811762654.0,주요계정
00575106,씨유테크 주식회사,376290,K,26224,1313110055652,1258154366,20040923,12,경기도 평택시 청북읍 현곡산단로93번길 6,2025,20260323001411,216513076154.0,284171371287.0,172928955346.0,128940675376.0,224537800929.0,17033775544.0,18128890029.0,9765902060.0,86532865757.0,14976189211.0,주요계정
00533508,제이엠티(주),094970,K,2629,1101111551749,2298132359,19980601,12,경기도 평택시 산단로 63-19 (모곡동),2025,20260318001658,200224698801.0,164020138293.0,122737483734.0,269999778329.0,162327440276.0,63229688173.0,58163984678.0,8608202169.0,86551044471.0,43333958340.0,주요계정
00203023,(주)시노펙스,025320,K,2629,1746110004644,5068103805,19850418,12,경상북도 포항시 북구 청하면 동해대로2315번길 54-2 -,2025,20260318001595,261537523873.0,238339306692.0,262172878615.0,259491410039.0,254016569727.0,132978199178.0,113195434903.0,124378304590.0,221560227616.0,123517312890.0,주요계정
00298340,(주)에스티아이,039440,K,29271,1346110009460,1258123112,19970710,12,경기도 안성시 공도읍 봉기길 21 -,2025,20260312000432,328058707879.0,334022337411.0,319462564774.0,366268498846.0,327181203355.0,306617024786.0,316577024656.0,289116285146.0,356591374882.0,304103444863.0,주요계정
01174038,(주)자비스,254120,K,292,1101116178564,5108700492,20160920,12,경기도 성남시 중원구 사기막골로 177 금강하이테크밸리 619호,2025,20260319000014,27895397844.0,37612263527.0,28708310774.0,37974064512.0,31405324048.0,27443228882.0,37726287927.0,28700029014.0,38061027467.0,31289848608.0,주요계정
00858124,알에스오토메이션(주),140670,K,262,1345110147171,1428124514,20091210,12,경기도 평택시 진위면 진위산단로 38,2025,20260320000353,67038479474.0,76767812357.0,81275080014.0,91661824152.0,75027123948.0,66083409073.0,76002987268.0,80158145924.0,91231881997.0,74081514088.0,주요계정
00148522,퍼스텍(주),010820,Y,252,1942110000133,6098101805,19750925,12,경상남도 창원시 성산구  남면로 485 퍼스텍(주),2025,20260312000931,,,,,,294842426804.0,207273257566.0,173103350935.0,403060377892.0,225073011768.0,주요계정
00134963,송원산업(주),004430,Y,20499,1801110000636,6108107100,19651215,12,울산광역시 남구  장생포로 83,2025,20260602000117,1039162000000.0,1070200000000.0,1029975000000.0,1147312000000.0,1046445666667.0,842453000000.0,898264000000.0,792946000000.0,979487000000.0,844554333333.0,주요계정
00478900,(주)빅솔론,093190,K,263,1358110087297,1248602593,20021114,12,경기도 성남시 분당구 판교로 344 아이디스타워 5층,2025,20260703000506,133467748246.0,113492418848.0,108128067036.0,271135635797.0,118362744710.0,104012291137.0,93193298449.0,92834576336.0,213864395878.0,96680055307.0,주요계정
00148948,(주)조비,001550,Y,20312,1101110086599,2148108783,19551115,12,서울특별시 서초구 효령로77길 28 동오빌딩 (서초동 1337-4),2025,20260318000442,,,,,,99737235320.0,102447803292.0,114718158323.0,123257989730.0,105634398978.0,주요계정
01405390,주식회사 핌스,347770,K,26212,1201110799950,4698100377,20160119,12,인천광역시 남동구 남동동로138번길 15 -,2025,20260320000652,63383012048.0,60716608625.0,85256117009.0,80907326307.0,69785245894.0,62876285786.0,60518179244.0,83174584867.0,83080606316.0,68856349966.0,주요계정
00124151,부산주공(주),005030,Y,30310,1801110002682,6068101596,19670427,12,부산광역시 기장군 장안읍 신소재산단1로 10 부산주공(주),2025,20260630000693,,,,,,195406166736.0,213030180079.0,241720629111.0,219032786553.0,216718991975.0,주요계정
00157070,한국단자공업(주),025540,Y,2812,1201110002957,1398113632,19730420,12,인천광역시 연수구 갯벌로 38,2025,20260312000938,1442849979000.0,1509791409000.0,1296939956000.0,1558044824000.0,1416527114667.0,1170686046000.0,1224302614000.0,1168454578000.0,1265332695000.0,1187814412667.0,주요계정
01014718,주식회사 제노코,361390,K,26429,1311110127512,1298178695,20041103,12,"경기도 군포시 농심로72번길 1 (당정동,제노코빌딩)",2025,20260318000775,,,,,,59631313389.0,56830559488.0,55112129394.0,87633193752.0,57191334090.0,주요계정
00870861,와이엠씨(주),155650,K,262,1615110096292,3128197106,20080212,12,충청남도 아산시  둔포면 아산밸리중앙로 154-25,2025,20260313001301,172777352555.0,167730074166.0,204633201126.0,179445590286.0,181713542616.0,114799273785.0,145046466309.0,193915434458.0,130185984306.0,151253724851.0,주요계정
01354740,(주)브이씨,365900,K,3330,1101113197088,2098139552,20050401,12,"서울특별시 강남구 테헤란로108길 23 대치동, 보이스캐디 사옥",2025,20260318000245,46898526887.0,44137058067.0,37224393565.0,82579699240.0,42753326173.0,37571861421.0,38924440813.0,37761141061.0,83013615301.0,38085814432.0,주요계정
00231354,주식회사 파워넷,037030,K,2811,1412110006738,2248107438,19931228,12,서울특별시 금천구 두산로 70 현대지식산업센터 B동 17층,2025,20260318001673,447036915403.0,322684545519.0,186158775836.0,583813968667.0,318626745586.0,247163694128.0,230230400793.0,186158775836.0,183900259332.0,221184290252.0,주요계정
01032486,두산밥캣 주식회사,241560,Y,29241,1101115402237,2018638888,20140425,12,"경기도 성남시 분당구 정자일로 155 정자동, 분당두산타워",2025,20260319001265,6181806000.0,6269305000.0,7475741000.0,8558454000.0,6642284000.0,,,,,,
00407285,(주)아이컴포넌트,059100,K,26211,1301110060490,1248172828,20000512,12,경기도 평택시 팽성읍 추팔산단1길 23,2025,20260318000685,,,,,,34649217419.0,37099175885.0,27349339969.0,59516000796.0,33032577758.0,주요계정
00239596,(주)쎄니트,037760,K,24122,1942110018855,6088122767,19950502,12,경상남도 의령군  의령읍 구룡로4남길 53,2025,20260318000700,126987862521.0,132439879532.0,140357557191.0,222592550429.0,133261766415.0,70311710964.0,69975247510.0,74793023233.0,126672109795.0,71693327236.0,주요계정
00577335,(주)대성하이텍,129920,K,29223,1701110205600,5038152160,20011012,12,"대구광역시 달성군 현풍면 테크노대로2길 10 (중리, (주)대성하이텍)",2025,20260323000925,95216185446.0,92831306875.0,92797688898.0,186030839262.0,93615060406.0,94741644433.0,90911006145.0,86807979690.0,181833018385.0,90820210089.0,주요계정
00153755,태양금속공업(주),004100,Y,303,1101110003212,1348100016,19540301,12,경기도 안산시 단원구  해봉로 212 (성곡동),2025,20260324000742,620169328505.0,620020921700.0,617171604795.0,609338497429.0,619120618333.0,349105580671.0,372822821118.0,374482512374.0,500875219974.0,365470304721.0,주요계정
00132804,성신양회(주),004980,Y,23311,1101110072928,1018118194,19670316,12,서울특별시 종로구  인사동5길 29,2025,20260318001369,1216265960464.0,1162632731807.0,1113282184538.0,1307212194785.0,1164060292270.0,623526620586.0,715600009419.0,758276091590.0,1189287535507.0,699134240532.0,주요계정
01222432,주식회사 에스제이그룹,306040,K,15129,1101113856618,2118810329,20080314,12,서울특별시 강남구 도곡로 156 SJ빌딩,2025,20260318000906,163414115546.0,181794949391.0,203710082691.0,215495019815.0,182973049209.0,121235305503.0,138011931561.0,157833739829.0,176849309125.0,139026992298.0,주요계정
00174208,(주)진성티이씨,036890,K,29241,1348110002155,1248130717,19820428,12,경기도 평택시 세교산단로 3 (세교동),2025,20260316000068,463820413148.0,390515286432.0,485118584952.0,514178422526.0,446484761511.0,269465190649.0,235728219137.0,267579551952.0,321499960131.0,257590987246.0,주요계정
00659976,영화테크(주),265560,K,3033,1615110038129,3128143672,20000808,12,충청남도 아산시 둔포면 아산밸리로 132,2025,20260318001678,108613630588.0,94827257434.0,64920252518.0,118435399289.0,89453713513.0,117804312951.0,91992587665.0,63039271507.0,117956059668.0,90945390708.0,주요계정
00114093,(주)덕성,004830,Y,22214,1341110000096,1238100243,19661110,12,경기도 수원시 영통구  신원로 25,2025,20260318000948,146476303554.0,125453477601.0,107932700729.0,152659897436.0,126620827295.0,133505197477.0,116696259617.0,99478760667.0,148057496297.0,116560072587.0,주요계정
00181299,(주)상아프론테크,089980,K,222,1201110038209,1228116548,19860321,12,인천광역시 남동구  남동대로369번길 18,2025,20260316001450,195987991877.0,171751657758.0,183599147402.0,380069102840.0,183779599012.0,171288954591.0,142399506352.0,146547671582.0,333206826659.0,153412044175.0,주요계정
01364747,(주)가온칩스,399720,K,26112,1311110319656,1448104023,20120806,12,경기도 성남시 수정구 금토로40번길 26 A동 4층,2025,20260319001147,68510181008.0,96492001688.0,63597349804.0,159310899656.0,76199844167.0,68510181008.0,96492001688.0,63597349804.0,157412217954.0,76199844167.0,주요계정
00654272,램테크놀러지(주),171010,K,20119,1345110053211,1358149574,20011025,12,경기도 용인시 처인구  양지면 주북로 285,2025,20260323001255,42682293992.0,44501337692.0,42975926481.0,102310587744.0,43386519388.0,35793291923.0,38993439766.0,38941439427.0,96403184464.0,37909390372.0,주요계정
00990165,아세아시멘트(주),183190,Y,23311,1101115238096,2208864630,20131002,12,서울 강남구 역삼2동 726 아세아타워빌딩 14층,2025,20260318001310,1022789744000.0,1110338447000.0,1200454909000.0,2177954305000.0,1111194366667.0,456605366000.0,507855908000.0,561469557000.0,1207104423000.0,508643610333.0,주요계정
00327819,(주)선익시스템,171090,K,292,1101110700555,1258113079,19900524,12,경기도 수원시 권선구 산업로155번길 293(고색동),2025,20260320001146,515761033577.0,112925047956.0,62412802428.0,365622084365.0,230366294654.0,515360026987.0,111833223426.0,59977486428.0,364039826926.0,229056912280.0,주요계정
00257732,한국정밀기계(주),101680,K,29223,1943110006189,6088131228,19880421,12,경상남도 함안군  법수면 윤외공단길 83-1,2025,20260423000391,,,,,,30571562943.0,63700982506.0,43727516189.0,71029131353.0,46000020546.0,주요계정
00126371,삼성전기(주),009150,Y,2622,1301110001626,1248100979,19730808,12,경기도 수원시 영통구  매영로 150,2025,20260310003071,11314459238100.0,10294102976435.0,8892411942806.0,14595895255468.0,10166991385780.0,8377908028341.0,7598593088664.0,6795888643719.0,10093973921384.0,7590796586908.0,주요계정
01686755,(주)파인엠텍,441270,K,26299,1341110618279,5818102559,20220901,12,경기도 안양시 만안구 전파로24번길 93(안양동),2025,20260318001161,239121107842.0,382168522104.0,380029515142.0,427360659854.0,333773048363.0,88293228171.0,115458045464.0,113699423165.0,348415292733.0,105816898933.0,주요계정
00593032,(주)LF,093050,Y,14111,1101113555187,2118787724,20061103,12,서울특별시 강남구 언주로 870 (신사동),2025,20260601001924,1882430252411.0,1956268444555.0,1900725823265.0,3026661178694.0,1913141506744.0,1140620103883.0,1205319857036.0,1272587296377.0,1935387828560.0,1206175752432.0,주요계정
00171867,(주)에스씨디,042110,K,28519,1345110005858,1358102166,19870415,12,경기도 용인시 처인구  남사면 형제로17번길 21,2025,20260319000765,216137192300.0,213975488961.0,193993189983.0,174654184534.0,208035290415.0,198572222361.0,199316000014.0,181804072099.0,156884386033.0,193230764825.0,주요계정
00124276,(주)부-스타,008470,K,25130,1243110002628,1308102064,19730126,12,충청북도 진천군  이월면 고등2길 18 (주)부스타보일러,2025,20260313000821,120761096176.0,106182807740.0,101060228361.0,100355166513.0,109334710759.0,106982221963.0,97166088492.0,100983828361.0,97310173338.0,101710712939.0,주요계정
00155151,피에이치에이(주),043370,K,303,1701110021006,5038106628,19850411,12,대구 달서구 대천동 1032번지,2025,20260318000311,1200673221564.0,1152879626217.0,1134618152654.0,1138284616470.0,1162723666812.0,693892968273.0,681263947080.0,673903150145.0,802081981815.0,683020021833.0,주요계정
00269612,(주)파워로직스,047310,K,2812,1101111459191,1058189099,19970903,12,충청북도 청원군  옥산면 과학산업4로 163,2025,20260602000010,686534652866.0,733444024609.0,773181124037.0,365080086901.0,731053267171.0,527798793687.0,590565518885.0,566835796130.0,293592112413.0,561733369567.0,주요계정
00350482,성우테크론(주),045300,K,2629,1942110025941,6098129822,19970401,12,경남 창원시 성산구 성주동 24-6,2025,20260313000899,40916515347.0,41687064810.0,33775629980.0,100443141859.0,38793070046.0,40916515347.0,41257814343.0,33099493452.0,93378565014.0,38424607714.0,주요계정
00256715,(주)국순당,043650,K,11111,2013110001155,1248114925,19830205,12,강원도 횡성군 둔내면 강변로 975,2025,20260814002401,67498883797.0,68818650537.0,70483966911.0,258361185371.0,68933833748.0,65719014724.0,65262996321.0,67338237455.0,247279538232.0,66106749500.0,주요계정
00154055,태원물산(주),001420,Y,303,1101110086771,1208165136,19550111,12,서울특별시 강남구 테헤란로86길 14 (대치동),2025,20260327001530,,,,,,14864855000.0,11570639556.0,9212314418.0,45421078401.0,11882602991.0,주요계정
00447928,(주)네오티스,085910,K,303,1346110015095,1258134040,20000818,12,경기도 안성시  죽산면 용대길 38-9,2025,20260629000421,68676858572.0,54287070069.0,54292213091.0,128511197520.0,59085380577.0,48830850608.0,42353642864.0,40463418539.0,97721084335.0,43882637337.0,주요계정
00159564,한국주강(주),025890,Y,292,1943110000537,6088105400,19870826,12,경상남도 함안군 법수면 장백로 585 -,2025,20260701000447,,,,,,39872284084.0,47283741622.0,,38306813397.0,43578012853.0,주요계정
00759294,(주)와이솔,122990,K,2629,1358110154111,1358198089,20080624,12,경기도 오산시 가장로 531-7(가장동),2025,20260318000465,321239179749.0,374991657215.0,369736286348.0,346238781672.0,355322374437.0,170467020047.0,182313330681.0,181879929944.0,321677836332.0,178220093557.0,주요계정
00112165,(주)디아이씨,092200,Y,303,1801110025147,6208110295,19760803,12,울산광역시 울주군  두동면 봉계농공길 8,2025,20260320001046,757310499806.0,719127919117.0,728664902522.0,718346475907.0,735034440482.0,406814288213.0,462373864917.0,483807536755.0,449879768441.0,450998563295.0,주요계정
00445799,(주)서원인텍,093920,K,2642,1351110045041,1238144144,19830815,12,경기도 군포시 공단로140번길 32-15 -,2025,20260323000783,194904120443.0,223990808357.0,250676113863.0,249863567820.0,223190347554.0,55070183869.0,60327274972.0,81112063792.0,224461909544.0,65503174211.0,주요계정
01478712,대덕전자(주),353200,Y,2622,1314110460809,6748701704,20200501,12,경기도 안산시 단원구 강촌로 230,2025,20260318001514,1065294559811.0,892135903752.0,909651486895.0,1178006544303.0,955693983486.0,1064715003611.0,892135807636.0,909651486895.0,1175013021932.0,955500766047.0,주요계정
00143314,(주)에이엔피,015260,Y,2622,1243110006456,1308106245,19810121,12,인천광역시 남동구 남동대로 248 (주)에이엔피,2025,20260323000919,117490390365.0,113490429822.0,140906023255.0,99182468920.0,123962281147.0,116460105447.0,112163418220.0,140302495574.0,104023775069.0,122975339747.0,주요계정
00364306,성우전자(주),081580,K,2642,1243110020000,1228122467,19870826,12,"경기도 안산시 단원구 번영로 68 (성곡동, 시화공단 4마 606호)",2025,20260313001395,182738934318.0,146900969431.0,149212401734.0,159370980039.0,159617435161.0,18728349666.0,14711654903.0,15643066182.0,98064616283.0,16361023584.0,주요계정
00152783,(주)코메론,049430,K,27219,1801110047399,6038105797,19830125,12,부산광역시 사하구 장평로 73 (주)코메론,2025,20260320001359,72274341672.0,73949173060.0,70580550198.0,262457516860.0,72268021643.0,62681802985.0,67809283192.0,61030136207.0,251773772574.0,63840407461.0,주요계정
00105299,금강공업(주),014280,Y,2413,1801110034320,6038115882,19790808,12,부산광역시 사하구  다산로 110,2025,20260312000935,802156014802.0,801352012454.0,856892700510.0,1187991581329.0,820133575922.0,290112635592.0,293931258757.0,361333475844.0,624424394705.0,315125790064.0,주요계정
00623661,(주)원익머트리얼즈,104830,K,20121,1501110101662,3178102448,20061204,12,충청북도 청주시 청원구 오창읍 양청3길 30 -,2025,20260318000451,322467412745.0,310715204992.0,391674584740.0,637777093802.0,341619067492.0,302890865997.0,289406076486.0,376188398672.0,596389169446.0,322828447052.0,주요계정
00122898,(주)벽산,007210,Y,23999,1101110113384,2038143780,19710409,12,"서울특별시 중구  퇴계로 307 광희동 1가, 광희빌딩",2025,20260323001448,610688417236.0,643093353897.0,620719684691.0,659778658674.0,624833818608.0,404333691940.0,441633638885.0,443623082805.0,487258794413.0,429863471210.0,주요계정
01101041,패션플랫폼(주),225590,K,141,1101115782473,2328103753,20150715,12,서울특별시 강남구 논현로28길 9 유진빌딩 3층,2025,20260320000970,106300788661.0,104601417270.0,106002959393.0,103901301286.0,105635055108.0,97941048545.0,90346253500.0,78673008761.0,98920084744.0,88986770269.0,주요계정
00365758,(주)아이앤씨테크놀로지,052860,K,2611,1101111342213,1208167380,19961115,12,경기도 성남시 분당구 판교로255번길 24,2025,20260318001683,36878556322.0,23374281444.0,64285596112.0,52922386443.0,41512811293.0,39963122168.0,24459951206.0,63415796473.0,51905188373.0,42612956616.0,주요계정
00939331,한국콜마(주),161890,Y,20423,1647110030756,3078138444,20121002,12,세종특별자치시  전의면 덕고개길 12-11,2025,20260318001196,2722419169325.0,2452063980463.0,2155675927422.0,3457768462781.0,2443386359070.0,1192752359723.0,1059669026293.0,856755450058.0,1529002535318.0,1036392278691.0,주요계정
01077577,우리산업(주),215360,K,303,1345110257251,4168602172,20150401,12,경기도 용인시 기흥구 지삼로 89,2025,20260319000860,532037735923.0,510572103789.0,462150813837.0,342192018412.0,501586884516.0,517100624295.0,493778862924.0,448007027965.0,336957324032.0,486295505061.0,주요계정
00221728,(주)하츠,066130,K,28519,1156110003902,1288106145,19881010,12,경기도 평택시 진위면 동부대로 202,2025,20260316001275,,,,,,176939282893.0,186549537819.0,154622787162.0,159182470629.0,172703869291.0,주요계정
00761952,(주)아나패스,123860,K,2611,1101112663436,1078627134,20021129,12,"서울특별시 구로구 디지털로31길 61 신세계아이앤씨빌딩 6층, 7층",2025,20260318000908,,,,,,108165267297.0,182209532699.0,71466090073.0,123451544564.0,120613630023.0,주요계정
00129271,삼화전기(주),009470,Y,26291,1501110000856,3158100390,19731210,12,충청북도 청주시 흥덕구  봉명로 3 (복대동),2025,20260319000867,230067797956.0,233116164397.0,202450938538.0,180647655408.0,221878300297.0,185177162888.0,191887648479.0,165995520437.0,134220084219.0,181020110601.0,주요계정
00188797,(주)포메탈,119500,K,259,1301110010669,1348106140,19691015,12,충청남도 서산시  지곡면 무장산업로 229-7,2025,20260318000905,,,,,,51114697557.0,65149120698.0,71095183868.0,62159351160.0,62453000708.0,주요계정
01069736,(주)한독크린텍,256150,K,29175,1601110165806,3058166527,20031126,12,대전광역시 유성구 테크노8로 13,2025,20260317000700,,,,,,69443700454.0,68243493085.0,65070075098.0,64460471351.0,67585756212.0,주요계정
00374020,(주)이엘피,063760,K,27212,1101111790834,2148640186,19991016,12,경기도 화성시 삼성1로2길 29 -,2025,20260318001253,27313414664.0,28010840701.0,21412070653.0,80305389810.0,25578775339.0,26208322101.0,20014554762.0,14747504662.0,80149873488.0,20323460508.0,주요계정
00188089,(주)한섬,020000,Y,14112,1101110531578,1208126337,19870525,12,서울특별시 강남구  도산대로 523 한섬빌딩,2025,20260313001074,1491764026000.0,1485263895000.0,1528640729000.0,1734833488000.0,1501889550000.0,1489379442000.0,1478390646000.0,1521510783000.0,1734718043000.0,1496426957000.0,주요계정
00106368,금호석유화학(주),011780,Y,201,1101110205975,1028131147,19761210,12,"서울특별시 중구 청계천로 100 (수표동, 시그니쳐타워)",2025,20260318001268,6915145099921.0,7155003786012.0,6322528187782.0,8474479180387.0,6797559024572.0,4571978509755.0,4854274755589.0,4196148138989.0,4620148524909.0,4540800468111.0,주요계정
00256380,유아이엘(주),049520,K,2629,1101110320955,1118118357,19820617,12,경기도 파주시 광탄면 보광로 869-26,2025,20260319001180,412263992426.0,424657577159.0,332145486183.0,289601143202.0,389689018589.0,49295952682.0,52683860416.0,70417906290.0,150786443571.0,57465906463.0,주요계정
01199189,(주)이랜시스,264850,K,262,1101116314449,1758600569,20170210,12,인천광역시 서구 파랑로466번길 30 (청라동) -,2025,20260318000687,69574700188.0,71557511999.0,68449331332.0,66549307241.0,69860514506.0,51881753651.0,50591135386.0,43333384096.0,47908918350.0,48602091044.0,주요계정
00112721,(주)대창스틸,140520,K,24122,1101110276116,1398100044,19800610,12,인천광역시 남동구 아암대로 1213,2025,20260323000588,398574191699.0,402449365609.0,419753133733.0,253883692901.0,406925563680.0,398226905681.0,400399719865.0,296471939254.0,249516418886.0,365032854933.0,주요계정
00123781,부국철강(주),026940,Y,2413,2001110001407,4108105725,19760823,12,광주광역시 광산구 하남산단9번로 90 (안청동),2025,20260318000484,,,,,,179910680270.0,181818473591.0,191434539427.0,152062864116.0,184387897763.0,주요계정
00604815,(주)에스디시스템,121890,K,2629,1311110060530,1298142052,20010428,12,"경기도 성남시 중원구 갈마치로244번길 31 613호(상대원동, 현대아이밸리)",2025,20260318000689,,,,,,28793598189.0,18063667400.0,21295259282.0,20151089281.0,22717508290.0,주요계정
01291317,더블유씨피(주),393890,K,28202,1511110058698,7048800570,20161026,12,충청북도 충주시 대소원면 메가폴리스로 195,2025,20260319001310,110812962474.0,322073352106.0,304986337193.0,1945436490500.0,245957550591.0,110812962474.0,322073352106.0,304986337193.0,1573449283985.0,245957550591.0,주요계정
00154718,(주)비츠로셀,082920,K,28201,1101110548771,3118101999,19871031,12,충청남도 당진시 합덕읍 인더스파크로 70 -,2025,20260317000858,243082541135.0,210779361832.0,176220480964.0,370836626050.0,210027461310.0,235760794598.0,210779361832.0,176220480964.0,360887850949.0,207586879131.0,주요계정
00350020,(주)파인디앤씨,049120,K,26211,1101111667273,1198130184,19990319,12,충청남도 아산시  음봉면 연암산로 169 (주)파인디엔씨,2025,20260330001067,65794225834.0,65008896548.0,43483821914.0,108448464322.0,58095648099.0,55893587865.0,50430704870.0,40222875533.0,96365244984.0,48849056089.0,주요계정
00125646,삼목에스폼(주),018310,K,2511,1101110400377,1338123898,19850607,12,경기도 안성시  미양면 안성맞춤대로 474-40,2025,20260323001658,316985747797.0,401900935563.0,439386985136.0,766661920407.0,386091222832.0,245043837467.0,328190036417.0,404013780045.0,683421002008.0,325749217976.0,주요계정
00131692,(주)서흥,008490,Y,2049,1243110004252,1308100576,19730130,12,충청북도 청주시 흥덕구 오송읍 오송생명로 61 -,2025,20260319001055,722308593846.0,653264494420.0,594567151213.0,1061135569567.0,656713413160.0,355633395020.0,334120420949.0,316294947913.0,596830225292.0,335349587961.0,주요계정
00107677,(주)비비안,002070,Y,14120,1101110030934,1078111092,19570614,12,서울특별시 용산구  서빙고로51길 52,2025,20260323001209,222445054857.0,221742841204.0,217298020725.0,202247148246.0,220495305595.0,203916256147.0,202545075137.0,196736484294.0,189413813928.0,201065938526.0,주요계정
00234227,(주) 유진로봇,056080,K,292,1101110991467,2118642832,19931207,12,인천광역시 연수구 하모니로187번길 33 송도동,2025,20260319001000,,,,,,28189374133.0,24207874021.0,19270797682.0,53790100296.0,23889348612.0,주요계정
00110608,DSR(주),155660,Y,242,1801110000777,6178100224,19650401,12,부산광역시 강서구 녹산산업중로192번길 7,2025,20260319001193,302389824368.0,299809123352.0,291095086618.0,391592277418.0,297764678113.0,198192044742.0,207480698847.0,190218098926.0,300948631501.0,198630280838.0,주요계정
01059605,디와이파워(주),210540,Y,29241,1942110234534,6098622391,20141203,12,경상남도 창원시 성산구 웅남로 812 (성주동),2025,20260316001465,382750873929.0,384584916210.0,430034675907.0,375864370743.0,399123488682.0,246760537058.0,266229960541.0,312255675999.0,312651493314.0,275082057866.0,주요계정
00540429,휴림로봇(주),090710,K,29280,1101111817828,1098160401,19981129,12,충청남도 천안시 서북구 직산읍 4산단6길 27 -,2025,20260323001558,168304789069.0,133097920524.0,82665225759.0,276740783001.0,128022645117.0,11984560325.0,14186119286.0,19031924101.0,126468711733.0,15067534571.0,주요계정
00265005,옴니시스템(주),057540,K,272,1211110054981,1308151696,19970217,12,경기도 여주군  가남면 연삼로 284,2025,20260318001260,99068053730.0,109089220616.0,91429089280.0,130285749972.0,99862121209.0,77462807877.0,87378442923.0,72440697115.0,120616528917.0,79093982638.0,주요계정
00761059,펌텍코리아 주식회사,251970,K,22232,1211110088451,1308180997,20010810,12,인천광역시 부평구 부평대로329번길 46,2025,20260319001221,371960508790.0,337483151664.0,284481252453.0,455308284703.0,331308304302.0,281499370717.0,254004136047.0,212802248837.0,336468474189.0,249435251867.0,주요계정
00622787,(주)바이오노트,377740,Y,213,1348110324294,1238187177,20030328,12,경기도 화성시 삼성1로4길 22,2025,20260318001576,118323544203.0,102780333919.0,90080965589.0,1555892006169.0,103728281237.0,111224258514.0,96936947478.0,84875760790.0,1065712814721.0,97678988927.0,주요계정
00185356,제룡전기(주),033100,K,2811,1101110513633,2198109069,19861218,12,서울특별시 광진구  아차산로 628,2025,20260602000220,,,,,,224017012923.0,262736051492.0,183941144839.0,266912013218.0,223564736418.0,주요계정
00112679,대창단조(주),015230,Y,303,1801110039396,6068130107,19810101,12,경상남도 김해시 생림면 봉림리 1072-1,2025,20260319000402,346267051157.0,322237329620.0,372122590244.0,401820257799.0,346875657007.0,249750909174.0,230565292618.0,277056227860.0,283618353682.0,252457476551.0,주요계정
00439965,(주)나노신소재,121600,K,2049,1601110094162,3058136339,20000315,12,세종특별자치시   부강면 금호안골길 78 부용지방산업단지내,2025,20260320001026,111745369751.0,87767284001.0,83170197743.0,455376186202.0,94227617165.0,104974129698.0,84792329705.0,76442347186.0,457953558751.0,88736268863.0,주요계정
00160205,한국내화(주),010040,Y,2321,1846110000319,6228106900,19740624,12,충청남도 당진시  송산면 무수들길 370,2025,20260319000796,406341175254.0,416008387892.0,411810116407.0,275160718628.0,411386559851.0,291276547742.0,287322831414.0,274045993793.0,244742750958.0,284215124316.0,주요계정
00576789,디젠스(주),113810,K,303,1648110035910,3128180740,20060201,12,경기도 시흥시 공단1대로27번길 38 (정왕동),2025,20260318001189,80356641062.0,89539245681.0,85849885848.0,57875784450.0,85248590864.0,79072853733.0,88067730372.0,79436642824.0,54562894975.0,82192408976.0,주요계정
00360674,코위버(주),056360,K,26410,1101111883225,1058608183,20000218,12,서울특별시 강서구 마곡중앙8로7길 45 (마곡동),2025,20260316000323,62599540297.0,46836215609.0,83354203788.0,184022424070.0,64263319898.0,62533214454.0,46751045154.0,83325453788.0,184055654860.0,64203237799.0,주요계정
00129280,삼화전자공업(주),011230,Y,265,1348110000563,1248102768,19760401,12,경기도 용인시 처인구  남사면 경기동로 215 삼화전자공업(주),2025,20260319001013,29632415122.0,33397439064.0,41906999638.0,75421002916.0,34978951275.0,23544824139.0,24587349705.0,30682481693.0,63877997448.0,26271551846.0,주요계정
00141608,(주)오리엔탈정공,014940,K,291,1801110038447,6038105967,19800719,12,부산광역시 강서구  녹산산단289로 6 오리엔탈정공,2025,20260316000206,207255774213.0,207305296706.0,157532717479.0,237907822877.0,190697929466.0,92719607304.0,82426781251.0,64728459694.0,126484491348.0,79958282750.0,주요계정
00404288,(주)아진엑스텍,059120,K,2611,1801110248369,6218129249,19971229,12,대구광역시 달서구 성서공단로11길 27,2025,20260323000265,,,,,,24617900877.0,25168306541.0,24884104476.0,45229672958.0,24890103965.0,주요계정
00135467,(주) 승일,049830,K,259,1201110007204,1378101955,19781226,12,충청남도 천안시 서북구  직산읍 4산단1길 10,2025,20260309001566,,,,,,141548185822.0,144432917013.0,141948416534.0,185985205743.0,142643173123.0,주요계정
00260383,대한유화(주),006650,Y,20111,1101110024698,1048106794,19700602,12,서울특별시 종로구  자하문로 77 유남빌딩,2025,20260305001191,3347821791902.0,2800102662159.0,2499972627941.0,2700325545731.0,2882632360667.0,2828725728648.0,2779475446901.0,2478610922145.0,2003112484060.0,2695604032565.0,주요계정
01301252,티이엠씨 주식회사,425040,K,20121,1501110198453,3178146543,20150126,12,"충청북도 보은군 삼승면 남부로 3750-148(우진리,티이엠씨)",2025,20260319000082,279708410111.0,310234690169.0,200782972392.0,421830890467.0,263575357557.0,102758682851.0,107219663663.0,163156967009.0,263972253780.0,124378437841.0,주요계정
00579971,(주)칩스앤미디어,094360,K,261,1101112732413,2148730098,20030306,12,"서울특별시 강남구 테헤란로 509 엔씨타워1  7층,8층",2025,20260311004380,28467135839.0,27075424194.0,27569493903.0,106303672123.0,27704017979.0,28467135839.0,27075424194.0,27569493903.0,110051459863.0,27704017979.0,전체재무제표
00883980,(주)아이디스,143160,K,26429,1601110302755,3148625786,20110701,12,대전 유성구 관평동 1301,2025,20260318001553,327595925715.0,313645958610.0,278189278977.0,464962173336.0,306477054434.0,212943996893.0,202052997318.0,200408720389.0,313606081686.0,205135238200.0,주요계정
00604426,(주)인터로조,119610,K,271,1313110033856,1258134657,20001025,12,경기도 평택시  산단로15번길 28,2025,20260615000326,118440022952.0,115840405503.0,119297492057.0,244892304198.0,117859306837.0,117021486188.0,115024912511.0,117965450597.0,243906679953.0,116670616432.0,주요계정
00145109,(주)유한양행,000100,Y,212,1101110014409,1188100601,19260620,12,서울특별시 동작구  노량진로 74,2025,20260312001236,2186637586358.0,2067791451854.0,1858983759666.0,3220925833989.0,2037804265959.0,2105660561260.0,2008355122464.0,1809082040265.0,2713837449445.0,1974365907996.0,주요계정
00201131,(주)아즈텍더블유비이,032080,K,13402,1801110145953,6038119267,19701020,12,부산광역시 사하구 하신번영로 99,2025,20260323001517,,,,,,30229023516.0,35365624219.0,37089482391.0,118388184809.0,34228043375.0,주요계정
00925189,(주)신화콘텍,187270,K,2812,1101112637291,2158633301,20021023,12,경기도 안양시 만안구 일직로94번길 3 (석수동),2025,20260323001212,53433430757.0,51968813986.0,51942907903.0,95056986537.0,52448384215.0,50568563054.0,48579720357.0,46139576204.0,91908972859.0,48429286538.0,주요계정
00132628,성문전자(주),014910,Y,26291,1311110005114,1298105116,19800711,12,경기도 평택시  세교산단로 61,2025,20260318000170,53675382629.0,48061878139.0,45063801937.0,83412437341.0,48933687568.0,27467250605.0,25584899098.0,21698894056.0,66847036533.0,24917014586.0,주요계정
00866062,엘티씨(주),170920,K,20119,1341110160494,1388143899,20071123,12,경기도 화성시 마도면 청원산단8길 114 (경기화성바이오밸리),2025,20260813001338,310384726014.0,276973239785.0,113358801071.0,383387868522.0,233572255623.0,31202999736.0,30367755192.0,30459334611.0,150724618206.0,30676696513.0,주요계정
00305297,(주)코텍,052330,K,26519,1101110522494,1308144628,19870306,12,인천광역시 연수구 벤처로24번길 26,2025,20260331004794,396839741875.0,307988606670.0,327107490760.0,459940987670.0,343978613102.0,396838360262.0,307988606670.0,327106560157.0,403069431572.0,343977842363.0,주요계정
00185222,(주)크린앤사이언스,045520,K,291,2112110000553,4048100477,19791231,12,서울 강남구 삼성동 159-1 무역회관 903-1호,2025,20260319000283,86098327172.0,84623447939.0,92497051974.0,74852053246.0,87739609028.0,85111521829.0,81976924787.0,91030227933.0,75024507518.0,86039558183.0,주요계정
00142883,(주)우신시스템,017370,Y,292,1101110366719,1078136263,19840223,12,서울특별시 영등포구  영등포로 20,2025,20260318001142,388612954434.0,563596965854.0,242195761152.0,394844553274.0,398135227147.0,164174767735.0,365470191408.0,95843065101.0,259091309486.0,208496008081.0,주요계정
00612188,㈜에스티오,098660,K,1419,1101112722761,2068179031,20030222,12,"서울특별시 강서구  양천로 583 우림블루나인 (염창동, 우림블루나인비즈니스센터비동 15층)",2025,20260319000928,71491064624.0,70218195733.0,74045039700.0,71995272176.0,71918100019.0,71506466024.0,70232657753.0,74056944312.0,71977990962.0,71932022696.0,주요계정
01505186,(주)하이딥,365590,K,261,1101117616620,4978601885,20200909,12,경기도 성남시 분당구 대왕판교로644번길 49 DTC타워 10층(삼평동),2025,20260319001067,,,,,,1766991674.0,5889970051.0,10483522724.0,12560942983.0,6046828150.0,주요계정
00137012,(주)에스앤더블류,103230,K,29111,1801110095637,6038111659,19900208,12,부산광역시 사하구  다대로170번길 29,2025,20260320000704,,,,,,48804282274.0,47130238829.0,43633590030.0,85277595518.0,46522703711.0,주요계정
00118275,(주)디아이,003160,Y,27212,1101110039209,2118124974,19610316,12,서울특별시 강남구  논현로 703,2025,20260312001121,432293560547.0,213957402579.0,214541934868.0,373777690545.0,286930965998.0,151179171448.0,100937732614.0,170216456388.0,286295592535.0,140777786817.0,주요계정
00235183,(주)에이치케이,044780,K,29221,1201110059410,1398105656,19900530,12,경기도 화성시 양감면 사릅재길 117,2025,20260318001328,54189734390.0,54015388404.0,66637115087.0,82666278719.0,58280745960.0,35491427538.0,38987115317.0,53786811545.0,77768946439.0,42755118133.0,주요계정
00347062,(주)현대바이오랜드,052260,K,204,1101111192981,3128124525,19950901,12,충청북도 청주시 흥덕구 오송읍 오송생명2로 22 SK 바이오랜드 오송공장,2025,20260312000632,130505120709.0,119519059197.0,96719665540.0,166870892533.0,115581281815.0,130498720150.0,119505615811.0,96697001406.0,165707675802.0,115567112456.0,주요계정
00264732,(주)파인디지털,038950,K,2642,1101110896683,2138191028,19921020,12,경기도 성남시 분당구 성남대로925번길 41,2025,20260312000854,62850108669.0,70801421344.0,87726787052.0,103392699064.0,73792772355.0,52674713536.0,57870636617.0,76846058737.0,94940650276.0,62463802963.0,주요계정
00295547,(주)디지아이,043360,K,263,1115110015359,1278118162,19911128,12,경기도 양주시 청담로 52 (주)디지아이,2025,20260310002586,,,,,,21306123270.0,20404122813.0,16680293089.0,43764106692.0,19463513057.0,주요계정
00186717,(주)태양,053620,K,25991,1615110006118,3128107206,19891014,12,충청남도 천안시 서북구  업성1길 27 태양산업(주),2025,20260319000357,140352455497.0,152238218507.0,157015527356.0,222212610289.0,149868733787.0,139880468026.0,151782682228.0,156594508947.0,216141918665.0,149419219734.0,주요계정
00177816,대주전자재료(주),078600,K,2629,1301110007616,1338123923,19810706,12,경기 시흥시 정왕동 1236-10,2025,20260319000004,254613180231.0,219316249770.0,184988881822.0,660395440186.0,219639437274.0,194890715089.0,169420874055.0,133474782802.0,623080503437.0,165928790649.0,주요계정
01326224,(주)원바이오젠,307280,K,213,1101116860442,2058601156,20180903,12,경상북도 구미시 1공단로5길 56 ㈜원바이오젠,2025,20260323001342,35244285942.0,30439668570.0,29614740095.0,47625399900.0,31766231536.0,31095635623.0,26263522068.0,24278076362.0,46602086740.0,27212411351.0,주요계정
00109587,(주)대륙제관,004780,K,25991,1101110073877,2208104875,19661224,12,서울특별시 강남구 역삼로 221,2025,20260319000299,,,,,,266562442241.0,274659400896.0,271101699009.0,210380608892.0,270774514049.0,주요계정
00161976,한세예스24홀딩스(주),016450,Y,1419,1201110019382,1378108720,19821118,12,서울특별시 영등포구 은행로 30 중소기업중앙회 6층,2025,20260318001537,3409830339365.0,2830854661888.0,2780751628151.0,3034736690123.0,3007145543135.0,27760560218.0,44462994167.0,41626050351.0,760190715883.0,37949868245.0,주요계정
00435312,(주)하이스틸,071090,Y,2413,1101112686024,2018178906,20030101,12,충청남도 당진시 송악읍 부곡공단4길 28-252,2025,20260310002913,256623288696.0,246263519268.0,256655946687.0,261285238949.0,253180918217.0,254190897257.0,245341001807.0,255264741963.0,262005844253.0,251598880342.0,주요계정
01187494,주식회사 덴티스,261200,K,271,1101116246759,1348738310,20161201,12,대구광역시 달서구 성서서로 99 덴티스,2025,20260330001698,114245201119.0,114283327326.0,94334674935.0,209108219675.0,107621067793.0,92688935704.0,94587802962.0,81129451612.0,194058702791.0,89468730093.0,주요계정
00246417,(주)이오테크닉스,039030,K,29271,1101110998629,1388111553,19931230,12,경기도 안양시 동안구 동편로 91,2025,20260323001573,380890608578.0,320945496298.0,316339650431.0,777751432327.0,339391918436.0,348509726704.0,292202896424.0,281600581118.0,748838437667.0,307437734749.0,주요계정
00406727,(주)세진티에스,067770,K,26211,1101111279672,1138138010,19960607,12,경기도 안성시  원곡면 지문로 51-43,2025,20260629000270,11896547885.0,13176332207.0,10294388815.0,49000428786.0,11789089636.0,6728251631.0,8132638254.0,6268225575.0,46954577968.0,7043038487.0,주요계정
00115065,(주)동남합성,023450,Y,201,1101110057012,1228117945,19651001,12,충청남도 공주시 탄천면 탄천산업단지길 80-61 -,2025,20260318000382,,,,,,194264823958.0,186398920042.0,166721761463.0,95148921231.0,182461835154.0,주요계정
00921916,주식회사 석경에이티,357550,K,20129,1350110108445,1348163122,20001218,12,경기도 안산시 단원구 별망로459번길 24,2025,20260318000416,17546662983.0,13816434795.0,12196671042.0,54278121176.0,14519922940.0,17378777000.0,13704931349.0,12118770964.0,53789311406.0,14400826438.0,주요계정
00162832,한일단조공업(주),024740,K,303,1243110019293,2038151830,19660516,12,충청북도 진천군 덕산면 습지길 87 한일단조공업주식회사,2025,20260515000598,126595207214.0,139379274208.0,178166776876.0,254277906955.0,148047086099.0,109094374275.0,123120322375.0,158425391835.0,218729126633.0,130213362828.0,주요계정
00266934,(주)파루,043200,K,281,2013110006783,4168113067,19950828,12,전라남도 순천시 서면 선평리 42-2,2025,20260320001090,28785165562.0,40090145127.0,42204969570.0,56080578851.0,37026760086.0,28392000300.0,39759549826.0,40032775498.0,56122273932.0,36061441875.0,주요계정
00369657,리노공업(주),058470,K,2629,1801110220664,6038129824,19961220,12,부산광역시 강서구 미음산단로105번길 10,2025,20260318000182,,,,,,372534084608.0,278186189427.0,255573034656.0,791928165325.0,302097769564.0,주요계정
00563518,비나텍주식회사,126340,K,282,1341110067418,1238149760,19990726,12,전라북도 전주시 덕진구 운암로 15,2025,20260702000424,82228905359.0,59591709951.0,54964094324.0,202256288790.0,65594903211.0,81018757215.0,58333800830.0,54764094324.0,151867988943.0,64705550790.0,주요계정
00238153,(주)파세코,037070,K,28519,1301110026228,1348105608,19860801,12,경기도 안산시 단원구 원시로 248,2025,20260319000245,,,,,,167909772380.0,157757027360.0,147540869348.0,110766145071.0,157735889696.0,주요계정
01062867,(주)디알텍,214680,K,271,1101115633585,1078840539,20150203,12,경기도 성남시 중원구 둔촌대로541번길 29 상대원동 3층,2025,20260320001313,116304065586.0,97559283895.0,92438893337.0,201879013671.0,102100747606.0,108147877467.0,91846036401.0,80579416827.0,199234883868.0,93524443565.0,주요계정
00359623,우리산업홀딩스(주),072470,K,303,1341110026480,1358104164,19890227,12,경기도 용인시 기흥구 지삼로 89,2025,20260319000793,705003098505.0,645259102794.0,575273528400.0,509891987640.0,641845243233.0,,,,105929520906.0,,
00240857,(주)바이오스마트,038460,K,26293,1101110414302,2018149003,19851230,12,서울특별시 성동구 광나루로 172-,2025,20260319001208,482775592982.0,484309653002.0,456164440535.0,309881100162.0,474416562173.0,103333991106.0,94660570328.0,91543964764.0,149564858392.0,96512842066.0,주요계정
00138260,(주)SIMPAC,009160,Y,24113,1201110002189,1228100819,19730809,12,인천광역시 부평구  부평북로 141 (주)SIMPAC,2025,20260318001274,1179040874617.0,816042318946.0,640811581273.0,1333843317612.0,878631591612.0,698629014180.0,585780265113.0,404826538363.0,1073467471215.0,563078605885.0,주요계정
00164724,현대엘리베이터(주),017800,Y,29162,1344110001519,1268104267,19840523,12,충청북도 충주시 충주산단1로 128 현대엘리베이터 -,2025,20260318001372,2467378018763.0,2885296849309.0,2602099211882.0,3723057252310.0,2651591359985.0,1607100236100.0,1989103761388.0,1882524849559.0,2762804710956.0,1826242949016.0,주요계정
00423177,(주)텔레칩스,054450,K,2611,1101111799513,1208194951,19991029,12,경기도 성남시 수정구 금토로80번길 27 ㈜텔레칩스 판교사옥,2025,20260323001001,192802105423.0,186615513099.0,191094718185.0,367539039334.0,190170778902.0,192802105423.0,186615513099.0,191094718185.0,367622543926.0,190170778902.0,주요계정
01035368,(주)티에프이,425420,K,262,1201110330051,1228179714,20031029,12,경기도 화성시 반월길 50-8,2025,20260323000809,111742413458.0,73626688796.0,80325243852.0,143636036990.0,88564782035.0,106647331107.0,69468019853.0,77312586978.0,133590966837.0,84475979313.0,주요계정
00961570,(주)신도기연,290520,K,29272,1211110078395,1308172842,20000803,12,경기도 시흥시 마유로238번길 21,2025,20260323000716,31923243012.0,10597641707.0,20754838406.0,62602404059.0,21091907708.0,31714935745.0,10079146682.0,20499786826.0,62170966004.0,20764623084.0,주요계정
00997812,(주)코미코,183300,K,29271,1346110062393,1258614826,20130813,12,경기도 안성시 모산로 8,2025,20260323001516,604110117086.0,507138644286.0,307266896921.0,1030236890259.0,472838552764.0,193368673376.0,159729863566.0,126818178331.0,582870783908.0,159972238424.0,주요계정
00695969,(주)동운아나텍,094170,K,2611,1101113487546,2148792814,20060701,12,서울특별시 서초구 반포대로 22 서초 평화빌딩 12층,2025,20260319000936,,,,,,127630547202.0,138261288524.0,111486613090.0,109927218116.0,125792816272.0,주요계정
00139764,(주)에넥스,011090,Y,32021,1101110192635,2208131765,19760304,12,서울특별시 서초구 서초대로73길 40(서초동),2025,20260318000523,215243280358.0,264107661658.0,230617475526.0,127900899188.0,236656139181.0,213027553668.0,261776146526.0,227603614918.0,127235982543.0,234135771704.0,주요계정
00128926,삼현철강(주),017480,K,2419,1901110005551,6098105081,19840124,12,경상남도 창원시 의창구 평산로70번길 36 -,2025,20260306000369,,,,,,217962237638.0,223661506913.0,262437778010.0,217456766037.0,234687174187.0,주요계정
00612489,아이쓰리시스템(주),214430,K,2629,1601110072738,3148123158,19980711,12,대전광역시 유성구 테크노5로 69,2025,20260313000025,,,,,,124275749815.0,120701833274.0,121539205459.0,189547523513.0,122172262849.0,주요계정
00140052,(주)에이스침대,003800,K,32029,1311110002772,1298102666,19770512,12,경기도 성남시 중원구 사기막골로105번길 42,2025,20260309001785,317267060878.0,325991852047.0,306414500496.0,818415435596.0,316557804474.0,313024071031.0,322386674530.0,303585292437.0,819203144526.0,312998679333.0,주요계정
00367455,현우산업(주),092300,K,2622,1201110140484,1378115371,19961008,12,인천광역시 서구 검단로 51 -,2025,20260323000678,237355479103.0,206191625380.0,237301218620.0,200536702608.0,226949441034.0,213418593354.0,187604571296.0,232880549538.0,196075089611.0,211301238063.0,주요계정
00105606,(주)금호에이치티,214330,Y,303,2059110000169,4098107801,19890701,12,광주광역시 광산구 용아로 717,2025,20260318001668,385404440556.0,444874773913.0,364320450865.0,400154254079.0,398199888445.0,259629226051.0,290469145173.0,256235013984.0,320177143109.0,268777795069.0,주요계정
00201742,(주)유라테크,048430,K,281,1101110529820,3078102043,19870507,12,세종특별자치시   전동면 아래깊은내길 25 주식회사 유라테크,2025,20260317000545,197253919651.0,201350449443.0,209704070807.0,184843776385.0,202769479967.0,185521301700.0,187728317345.0,200394396983.0,168272522419.0,191214672009.0,주요계정
00608839,(주)에이루트,096690,K,26329,1341110095394,1238177233,20020408,12,경기도 오산시  가장산업동로 28-6,2025,20260714000499,50603806692.0,68591429517.0,62225691206.0,191626675274.0,60473642472.0,36209165357.0,48129673657.0,45811788707.0,149170076718.0,43383542574.0,주요계정
00202839,한창산업(주),079170,K,24229,1348110003715,1248133499,19860325,12,경기도 화성시 양감면 암소고개로 227-14,2025,20260319000505,,,,,,98562693505.0,94639979407.0,66951087089.0,86392081780.0,86717920000.0,주요계정
00158112,한국수출포장공업(주),002200,Y,1721,1101110008882,2148144931,19571121,12,서울특별시 서초구 서초중앙로 63,2025,20260311004029,289599658247.0,301761200613.0,312304377084.0,339512099189.0,301221745315.0,285483163835.0,297918622504.0,307895843936.0,332930439952.0,297099210092.0,주요계정
00139083,아진산업(주),013310,K,303,1701110008913,5158107635,19780531,12,경상북도 경산시 진량읍 공단8로26길 40,2025,20260323000927,1008867839227.0,776834397585.0,764289803909.0,1538069814204.0,849997346907.0,586581484319.0,502730183658.0,359105047199.0,931574601951.0,482805571725.0,주요계정
00163196,한일철강(주),002220,Y,2419,1101110048987,2018144712,19571205,12,서울특별시 중구  퇴계로27길 28 (한영빌딩 9층),2025,20260806000290,196404368831.0,205842246124.0,216255460140.0,336119241711.0,206167358365.0,176296077921.0,182966261623.0,201085347841.0,324391040584.0,186782562462.0,주요계정
00109718,(주)사조대림,003960,Y,10211,1101110042278,1148134190,19640501,12,서울특별시 서초구 남부순환로 2159,2025,20260318001283,3499812746968.0,2642956274496.0,2063074655686.0,2184824778039.0,2735281225717.0,1445409405612.0,1406688790061.0,1439416599984.0,1120816774152.0,1430504931886.0,주요계정
00994994,(주)나노,187790,K,20129,1101115248376,1078804227,20131018,12,경상북도 상주시 청리면 마공공단로 60 -,2025,20260323001464,85676337440.0,88600534688.0,88076437797.0,94244235799.0,87451103308.0,70461926418.0,56829460834.0,63685813693.0,88083757553.0,63659066982.0,주요계정
00201733,티제이미디어(주),032540,K,265,1101110770548,1308144332,19910418,12,서울특별시 마포구 월드컵북로 434 (상암동 1590) 상암아이티타워 8층,2025,20260313001177,94434815353.0,91871741553.0,96398616294.0,127346225905.0,94235057733.0,83113813331.0,82298170996.0,88554889305.0,113913351012.0,84655624544.0,주요계정
01047451,(주)셀바스헬스케어,208370,K,271,1101115530111,1078831025,20141002,12,대전광역시 유성구 신성로 155 (신성동),2025,20260515000361,30824695858.0,31702268070.0,29812771015.0,78988210572.0,30779911648.0,28802796802.0,30045640560.0,27869644141.0,78356149986.0,28906027168.0,주요계정
00569646,(주)영우디에스피,143540,K,29272,1311110110921,1298169992,20040216,12,충청남도 천안시 서북구 성거읍 새터길 164 -,2025,20260323001416,80504197379.0,59066008257.0,47814660587.0,68544202671.0,62461622074.0,80377995717.0,59026310471.0,47808456623.0,68512587223.0,62404254270.0,주요계정
00398668,(주)휴비츠,065510,K,27199,1341110065636,1238148801,19990427,12,경기도 안양시 동안구 부림로 170번길 38 (관양동),2025,20260319000985,118043310694.0,117875139902.0,117736981654.0,224755205943.0,117885144083.0,107883864782.0,110219719063.0,109591736999.0,203413519463.0,109231773615.0,주요계정
00340272,(주)에스폴리텍,050760,K,222,1101111716898,2298138692,19990618,12,충청북도 진천군  덕산면 한삼로 275 에스폴리텍,2025,20260323000252,66755291807.0,80163188870.0,73218466053.0,110098130121.0,73378982243.0,66251147957.0,79758468092.0,73181033253.0,109648577863.0,73063549767.0,주요계정
00152039,(주)SG글로벌,001380,Y,303,1615110000037,3148108778,19541222,12,충청남도 예산군 예산읍 창말로 75 (주)SG글로벌,2025,20260318000113,93481243542.0,99434870010.0,96577221552.0,198430614295.0,96497778368.0,89230740819.0,95575635239.0,94148804516.0,183764349217.0,92985060191.0,주요계정
00587466,KPX홀딩스(주),092230,Y,201,1101113520627,1108175919,20060901,12,서울특별시 마포구  마포대로 137 KPX빌딩 19층,2025,20260320001194,1163725582000.0,1223942110308.0,1207010159501.0,2176813167529.0,1198225950603.0,100960027441.0,115975236117.0,119208907413.0,625391175639.0,112048056990.0,주요계정
01158553,켄코아에어로스페이스(주),274090,K,31322,1954110024732,6138169798,20130408,12,경상남도 사천시 사남면 외국기업로 152-44,2025,20260323001536,76394211868.0,86153888057.0,91142703333.0,232802780468.0,84563601086.0,33289198397.0,50849943868.0,58902573279.0,194575645748.0,47680571848.0,주요계정
00141413,영화금속(주),012280,Y,303,1801110027078,6098112296,19770607,12,경상남도 창원시 진해구  남의로 57 (남양동),2025,20260316000700,,,,,,351423851427.0,301699111405.0,292311699831.0,236092067182.0,315144887554.0,주요계정
00993931,동양파일(주),228340,K,23325,1648110073035,3128653248,20130612,12,충청남도 아산시 염치읍 아산온천로 16-127,2025,20260318001680,,,,,,55925560654.0,56562644985.0,71057300475.0,121542283130.0,61181835371.0,주요계정
01128613,주식회사 화승엔터프라이즈,241590,Y,15219,1101115891943,6858100299,20151117,12,"부산광역시 연제구 중앙대로 1079 장천빌딩 6층 (연산동, 장천빌딩)",2025,20260312000443,1564379181881.0,1609616611391.0,1213831937248.0,1321440810164.0,1462609243507.0,1129354396.0,5208397270.0,949055572.0,362406289360.0,2428935746.0,주요계정
00796994,조선선재(주),120030,Y,2599,1717110086312,5068170186,20100101,12,경상북도 포항시 남구 괴동로 43 (장흥동),2025,20260814002194,,,,,,51761856558.0,50908446396.0,66614293267.0,173665140883.0,56428198740.0,주요계정
00353878,다스코(주),058730,Y,25112,2052110005288,4088125446,19960126,12,전라남도 화순군  동면 동농공길 26-2,2025,20260731000748,273192825187.0,312011404043.0,378093139375.0,327475122732.0,321099122868.0,239631452149.0,227946673054.0,291026684900.0,315550200747.0,252868270034.0,주요계정
01367586,(주)제이아이테크,417500,K,204,2111110040569,4018153863,20140328,12,전라북도 군산시 중가도길 16,2025,20260323001219,53551170592.0,57292697454.0,43362684673.0,129248195827.0,51402184240.0,52382771982.0,56082641798.0,42531407724.0,125900390215.0,50332273835.0,주요계정
01165739,잉글우드랩 주식회사,950140,K,204,,0101038103,20150820,12,"20 Campus Rd Totowa, NJ 07512, USA -",2025,20260316001080,152431009.0,133594656.0,158405481.0,158226274.0,148143715.0,84082915.0,82638820.0,81323710.0,101917951.0,82681815.0,주요계정
00156354,지엠비코리아(주),013870,Y,303,1942110000399,6098102857,19790320,12,경상남도 창원시 성산구  웅남로 618(성산동),2025,20260320001109,787271627828.0,726708233618.0,690905792852.0,681902762989.0,734961884766.0,704300930891.0,659816909838.0,625977305804.0,565528610487.0,663365048844.0,주요계정
00551920,(주)네오팜,092730,K,20423,1601110100688,3058138977,20000701,12,대전 유성구 탑립동 928번지,2025,20260316001522,132184096288.0,119013743695.0,97104890499.0,217810766237.0,116100910161.0,132104934470.0,119191350145.0,97032313914.0,217682750065.0,116109532843.0,주요계정
01488320,주식회사 필에너지,378340,K,29299,1358110389651,1518601825,20200402,12,경기도 오산시 지곶중앙로 1-19,2025,20260316001654,33194030028.0,285399723340.0,196715168088.0,211681385365.0,171769640485.0,32046687759.0,283324937712.0,196715168088.0,209566757468.0,170695597853.0,주요계정
00108612,주식회사 디에스단석,017860,Y,204,1341110010839,1338122642,19840806,12,경기도 시흥시 협력로 165,2025,20260323000702,954873741956.0,961722369625.0,1070440042557.0,759101921892.0,995678718046.0,892046476475.0,898741643392.0,1010886711522.0,717235552355.0,933891610463.0,주요계정
01305869,(주)세니젠,188260,K,339,1101113313254,2208716524,20050928,12,"경기도 안양시 동안구 흥안대로427번길 16, 411호",2025,20260309001837,,,,,,15354255261.0,15427879108.0,20186588315.0,10111820866.0,16989574228.0,주요계정
00561723,(주)쏘닉스,088280,K,26129,1341110078407,1238161707,20001024,12,경기도 평택시 청북읍 현곡산단로93번길 81,2025,20260320000716,,,,,,18205980616.0,16978336210.0,13813256246.0,52558475767.0,16332524357.0,주요계정
00138279,S-Oil(주),010950,Y,19210,1101110189955,1168136743,19760106,12,서울특별시 마포구  백범로 192,2025,20260320000559,34246957000000.0,36637031000000.0,35726694000000.0,26556957000000.0,35536894000000.0,33896041000000.0,36181794000000.0,35251031000000.0,26520056000000.0,35109622000000.0,주요계정
00160418,한국무브넥스(주),010100,Y,303,1812110000443,6208100079,19740715,12,울산 동구 동부동 194,2025,20260323000529,1699315845004.0,1567411153543.0,1510805866604.0,1009462857667.0,1592510955050.0,932889057319.0,928563552592.0,872849779884.0,441663395664.0,911434129932.0,주요계정
01146220,팸텍주식회사,271830,K,29271,1348110110148,1248635639,20050805,12,경기도 화성시 동탄면 동탄산단9길 9-22,2025,20260318000920,38741691594.0,44355751694.0,96146067572.0,87568611449.0,59747836953.0,36256948817.0,42449240380.0,95908764803.0,84467903861.0,58204984667.0,주요계정
00145552,(주)이수화학                             ,005950,Y,20111,1101110008600,1148154648,19690117,12,서울특별시 서초구 사평대로 84 이수화학,2025,20260319001212,1659477477000.0,1916230887000.0,1995488453000.0,897707782000.0,1857065605667.0,1377711851000.0,1475020061000.0,1381603866000.0,657775226000.0,1411445259333.0,주요계정
00167031,(주)흥국,010240,K,29241,1345110001228,1358100912,19741017,12,충청남도 아산시 둔포면 아산밸리로 357,2025,20260727000170,137023822812.0,128710756347.0,149383250987.0,135628627147.0,138372610049.0,102253839651.0,92062328310.0,117682772003.0,115109284466.0,103999646655.0,주요계정
00116949,(주)디엔오토모티브,007340,Y,28202,1845110000642,6218101580,19710623,12,경상남도 양산시 산막공단북11길 103 -,2025,20260312001285,3675704255000.0,3434542268000.0,3269243065000.0,5275680667000.0,3459829862667.0,986279635000.0,1100669248000.0,677433988000.0,1924019528000.0,921460957000.0,주요계정
00239514,(주)삼진엘앤디,054090,K,339,1348110004664,1248134479,19870106,12,경기도 화성시 동탄면 동탄기흥로 64-17,2025,20260325000061,136342510480.0,148006060698.0,189023403147.0,120117444684.0,157790658108.0,96334875768.0,105910837728.0,96472507979.0,102809171299.0,99572740492.0,주요계정
00191287,대동금속(주),020400,K,24312,1741110002630,5148106365,19871229,12,대구광역시 달성군  논공읍 논공로 602,2025,20260318000731,,,,,,101817187819.0,99514130970.0,133065161759.0,98820466184.0,111465493516.0,주요계정
01144028,(주)씨티케이,260930,K,20423,1101112233560,2148681682,20010508,12,서울특별시 서초구 효령로 234 씨티케이코스메틱스,2025,20260320001391,89230284535.0,83598956255.0,88916001181.0,256828624855.0,87248413990.0,67858176256.0,69505721686.0,72344160383.0,220876227980.0,69902686108.0,주요계정
00121686,엠케이전자(주),033160,K,262,1345110004412,1358106406,19821216,12,경기도 용인시 처인구 포곡읍 금어로 405 엠케이전자,2025,20260323001379,1403822824376.0,1170600325569.0,1116974657530.0,2534008826164.0,1230465935825.0,795409862755.0,555974963499.0,496097872821.0,474564401562.0,615827566358.0,주요계정
00409371,인베니아(주),079950,K,29272,1348110056871,1248180691,20010126,12,경기도 파주시 문산읍 돈유3로 55 (선유리1373-7),2025,20260703000398,18412572577.0,21841549606.0,22697492921.0,66368848043.0,20983871701.0,17999382342.0,21460691917.0,22425690096.0,66325684902.0,20628588118.0,주요계정
00892526,(주)디케이앤디,263020,K,22214,1101111967243,2148658707,20000512,12,경기도 안산시 단원구 별망로 345,2025,20260318000580,142586770560.0,112541798310.0,89793446871.0,110773634147.0,114974005247.0,52423367086.0,42527784484.0,34185387868.0,55169155841.0,43045513146.0,주요계정
00410997,(주)누리플랜,069140,K,25112,1101111015779,1368116116,19940304,12,경기도 김포시  대곶면 대곶로202번길 191,2025,20260319000644,117635132082.0,116059214572.0,122181435860.0,140291796553.0,118625260838.0,37520323090.0,26349602290.0,25063357008.0,58394948203.0,29644427463.0,주요계정
00494218,(주)엘엠에스,073110,K,262,1101111651242,2148629653,19990213,12,경기도 평택시 진위면 진위산단로 53-73,2025,20260319001255,69574137851.0,67710083550.0,75763936341.0,150301289639.0,71016052581.0,62409885969.0,49172470165.0,53485311501.0,146690027645.0,55022555878.0,주요계정
00536888,(주)케이알엠,093640,K,2611,1101111621956,2148628386,19981218,12,"서울특별시 서초구 서초대로 67 성령빌딩 (방배동 869-9,11) 2층",2025,20260323001508,9034332926.0,11197297460.0,12411674184.0,105473178974.0,10881101523.0,9009232070.0,11178384093.0,12411674184.0,81160013715.0,10866430116.0,주요계정
00128227,삼정펄프(주),009770,Y,171,1347110000333,1258100201,19740409,12,경기도 평택시 고덕면 해창리 250,2025,20260319000474,,,,,,148565929898.0,163884080446.0,178308058944.0,322255669541.0,163586023096.0,주요계정
01080252,주식회사 넥스틴,348210,K,29271,1344110044981,1268632036,20100623,12,경기도 화성시 동탄산단9길 23-12,2025,20260323000883,66914327141.0,113719875873.0,87930571023.0,222879250398.0,89521591346.0,88587887483.0,115900771511.0,87930571023.0,214779777433.0,97473076672.0,주요계정
01416572,(주)세림비앤지,340440,K,222,1101117262754,2628701457,20191017,12,경기도 평택시 오성면 오성북로 154-51 (주)세림비앤지,2025,20260318000519,,,,,,47989768658.0,55419229158.0,58245452504.0,51258562395.0,53884816773.0,주요계정
01402995,(주)케이엔에스,432470,K,29299,1348110121012,1248644399,20060425,12,경기도 평택시 서탄면 서탄로 446-9 &nbsp,2025,20260317000840,41230345116.0,26955762199.0,30041057028.0,90115655868.0,32742388114.0,18142901524.0,20702553159.0,24052571022.0,73395220695.0,20966008568.0,주요계정
00583424,(주)아모레퍼시픽,090430,Y,20423,1101113471036,1068643373,20060601,12,서울특별시 용산구 한강대로 100 (한강로2가),2025,20260318000785,4252820221496.0,3885110699186.0,3673963593157.0,6961213309494.0,3937298171280.0,2653725793231.0,2413786374578.0,2439435801356.0,5625244226847.0,2502315989722.0,주요계정
00113997,롯데에너지머티리얼즈(주),020150,Y,2629,2149110003625,4038103729,19870811,12,전라북도 익산시 석암로3길 63-25,2025,20260310002974,677530806593.0,902252020191.0,809006057001.0,2208680587320.0,796262961262.0,273282778085.0,285935478481.0,328068532170.0,1045281306198.0,295762262912.0,주요계정
00173032,동화기업(주),025900,K,16212,1201110004218,1378102333,19480402,12,인천광역시 서구 가정로97번길 28(가좌동),2025,20260608000293,829562476098.0,842823054286.0,886806176887.0,2270110568943.0,853063902424.0,369049244539.0,437725277171.0,449485087676.0,1762390345695.0,418753203129.0,주요계정
00480455,STX엔진(주),077970,Y,29111,1942110066763,6098162781,20040401,12,경상남도 창원시 성산구  공단로474번길 36,2025,20260323000690,789341914687.0,724609807886.0,630377733998.0,1157535042858.0,714776485524.0,744818465645.0,687958763734.0,596940042349.0,1125734421415.0,676572423909.0,주요계정
00228350,신화인터텍(주),056700,K,2229,1348110011677,1248135935,19880527,12,충남 천안시 동남구 병천면 매봉로 308,2025,20260318000583,229135522771.0,247444120137.0,177452861811.0,168747709566.0,218010834906.0,206806079674.0,230665533810.0,167878280668.0,159277371485.0,201783298051.0,주요계정
00520610,씨큐브(주),101240,K,20131,1543110010576,3018147023,20001020,12,충청북도 진천군  진천읍 성중로 144 시큐브,2025,20260318000535,,,,,,56519406165.0,60146725509.0,51101481903.0,141560870539.0,55922537859.0,주요계정
00133751,세명전기공업(주),017510,K,2599,1801110052091,6068108323,19840203,12,부산광역시 사상구 대동로 188,2025,20260316000205,,,,,,32333208200.0,14431484950.0,12480171413.0,106780487966.0,19748288188.0,주요계정
00137234,(주)모베이스전자,012860,K,303,1301110008961,1348102523,19780107,12,경기도 수원시 권선구 산업로156번길 100 (고색동),2025,20260318000473,1044088716546.0,971549079217.0,939353137800.0,774874072694.0,984996977854.0,806880613520.0,754401206406.0,744542934471.0,635326945589.0,768608251466.0,주요계정
01309421,(주)제이엔비,452160,K,29271,1348110105438,1248631161,20050401,12,경기도 평택시 진위면 진위2산단로 31-21 &nbsp,2025,20260318000375,14901644432.0,16032973792.0,15313114696.0,72158963348.0,15415910973.0,14876544432.0,15958973792.0,15137614696.0,66831303701.0,15324377640.0,주요계정
00365934,(주)코세스,089890,K,29271,1243110041444,1308136434,19940125,12,경기도 부천시 오정구  산업로 62,2025,20260323001563,82379163292.0,69184238320.0,95650538591.0,92264013118.0,82404646734.0,82361273951.0,69184238320.0,95650538591.0,92356363343.0,82398683621.0,주요계정
00125576,(주)체시스,033250,Y,303,1748110004244,5158102135,19890803,12,경상북도 경산시 진량읍 일연로 528,2025,20260323000928,93839011849.0,90263397163.0,49004497323.0,86044907740.0,77702302112.0,51565528255.0,53408947618.0,27138602172.0,72921592744.0,44037692682.0,주요계정
01203376,(주)유비쿼스,264450,K,26410,1311110475341,6558800491,20170302,12,경기도 성남시 분당구 판교로255번길 68,2025,20260310002770,116437998535.0,103793319517.0,150278202365.0,223476287308.0,123503173472.0,116437333574.0,103793093868.0,150278175846.0,223428173476.0,123502867763.0,주요계정
00855163,미원화학(주),134380,Y,20421,2301110172244,6108604700,20110103,12,울산광역시 남구  장생포로 247,2025,20260309001317,,,,,,284512419024.0,256110289517.0,232615760275.0,195733894029.0,257746156272.0,주요계정
00965512,주식회사 라온텍,418420,K,262,1311110241362,1298638645,20091013,12,경기도 성남시 수정구 창업로 43 판교글로벌비즈센터 6층 B동,2025,20260318001644,,,,,,8746267801.0,8902915788.0,10744039299.0,41819222253.0,9464407629.0,주요계정
00441304,가온그룹(주),078890,K,264,1311110060978,1298142066,20010511,12,경기도 성남시 분당구  성남대로 884-3,2025,20260317000844,517549509670.0,489342386438.0,536374631144.0,400370260910.0,514422175751.0,305965376673.0,289042136929.0,329413918215.0,291416035075.0,308140477272.0,주요계정
00619507,와이씨켐(주),112290,K,20491,1701110202416,5048141405,20010728,12,경상북도 성주군 선남면 유서리길 174-12 &nbsp,2025,20260318000721,,,,,,83088557517.0,70302947467.0,62271679259.0,173235678020.0,71887728081.0,주요계정
00472890,(주)동국알앤에스,075970,K,239,1955110069249,6158135770,20040101,12,경상남도 김해시  상동면 상동로375번길 26-29 동국내화(주),2025,20260316000774,110734618130.0,110359936194.0,108390541218.0,125763122898.0,109828365181.0,73452171609.0,74899115434.0,74659127650.0,102146665192.0,74336804898.0,주요계정
00127255,(주)삼영,003720,Y,2221,1101110010001,1138106556,19590410,12,"서울특별시 종로구 청계천로 35 13층(서린동, 관정빌딩)",2025,20260323000789,153208300579.0,126040086242.0,122586707813.0,198418692922.0,133945031545.0,96268883611.0,92773212579.0,85371898649.0,150531053985.0,91471331613.0,주요계정
00531917,(주)톱텍,108230,K,292,1845110014990,6218122815,19960620,12,경상북도 구미시 산동읍 5공단4로 28 -,2025,20260715000540,171001529881.0,473628901826.0,601655992697.0,555604371071.0,415428808135.0,155500667844.0,457884694366.0,581520228336.0,529496956407.0,398301863515.0,주요계정
01134216,주식회사 트루엔,417790,K,265,1101113161306,1088169506,20050128,12,"서울특별시 구로구 디지털로33길 28, 1108, 1309호(구로동, 우림이비지센터1차)",2025,20260312000578,,,,,,49113803516.0,53601363798.0,47174831935.0,114450762985.0,49963333083.0,주요계정
00614593,(주)넥스트아이,137940,K,27216,1348110037954,1248157924,19980907,12,경기도 안양시 동안구 동편로 13번길65 넥스트아이빌딩,2025,20260703000467,120063298601.0,52034758443.0,17749092561.0,95362744357.0,63282383202.0,10777230209.0,7115488920.0,8405698981.0,79978497369.0,8766139370.0,주요계정
00116301,(주)NI스틸,008260,Y,2419,1101110137491,2148171272,19721214,12,서울특별시 동작구 동작대로 35 -,2025,20260312001308,,,,,,247943373789.0,275274102150.0,382911138805.0,515938949317.0,302042871581.0,주요계정
00163318,(주)모헨즈,006920,K,23322,1101110046197,3128115972,19701124,12,충남 충남시 풍세면 남관리 195,2025,20260318000856,81161016764.0,100477953541.0,111406314393.0,59790459998.0,97681761566.0,37703293863.0,40611241460.0,49788733050.0,23840121091.0,42701089458.0,주요계정
00121570,문배철강(주),008420,Y,2419,1101110139190,1168100532,19730121,12,서울특별시 동작구 동작대로 35 -,2025,20260319000530,,,,,,137874736532.0,140206723395.0,163633902034.0,238379966578.0,147238453987.0,주요계정
00142865,(주)WISCOM,024070,Y,22299,1301110009274,1348103288,19780509,12,경기도 안산시 단원구  강촌로 237,2025,20260319000477,103275899079.0,98537115290.0,112319254509.0,101547428617.0,104710756293.0,96976265831.0,90350316417.0,103257216412.0,99958576547.0,96861266220.0,주요계정
00490151,(주)파트론,091700,K,2629,1358110090117,1248605362,20030128,12,경기도 화성시  삼성1로2길 22 (주)파트론,2025,20260702000296,1349528006319.0,1486422074868.0,1172405320789.0,775103719248.0,1336118467325.0,1281439139367.0,1385125518470.0,1068208638578.0,709571228722.0,1244924432138.0,주요계정
00138747,(주)아세아텍,050860,K,29210,1741110000098,5148100212,19780909,06,대구 달성군 유가면 금리 168,2025,20250912000376,,,,,,113296319206.0,123825860518.0,123630723741.0,196443090153.0,120250967822.0,주요계정
00483735,해성옵틱스(주),076610,K,273,1348110069163,1248194098,20020325,12,경기도 화성시 봉담읍 효행로184번길 66,2025,20260731000513,160334996562.0,108529760932.0,121168837228.0,145775808637.0,130011198241.0,53007359203.0,25842533608.0,26268054429.0,72823214127.0,35039315747.0,주요계정
00231105,(주)동성화인텍,033500,K,201,1101110404361,2148108385,19850731,12,부산광역시 사하구 신산로 99 -,2025,20260318001705,742186008411.0,597409682162.0,533761699823.0,501560927287.0,624452463465.0,742186008411.0,597409682162.0,533761699823.0,499642286659.0,624452463465.0,주요계정
00180795,(주)인팩,023810,Y,303,1301110008052,1348102412,19690625,12,서울특별시 송파구 백제고분로 450 -,2025,20260323001188,586443733483.0,563872906748.0,542893201476.0,669259469066.0,564403280569.0,187699002499.0,191645661885.0,233595269950.0,253211930676.0,204313311445.0,주요계정
00646732,(주)진양홀딩스,100250,Y,222,1801110618091,6058186253,20080107,12,부산광역시 부산진구 새싹로 73 -,2025,20260312001025,279815907810.0,286846166692.0,271104256117.0,699432612726.0,279255443540.0,26340093112.0,15178429378.0,16050864645.0,280602624382.0,19189795712.0,주요계정
00564562,(주)엠씨넥스,097520,Y,26519,1101113136383,1198177345,20041222,12,"인천광역시 연수구 송도과학로16번길 13-39 엠씨넥스 타워 송도동, 엠씨넥스타워",2025,20260318001219,1279236953303.0,1057058423929.0,932490110758.0,556394117660.0,1089595162663.0,964626721908.0,779770902610.0,708850928230.0,470618866740.0,817749517583.0,주요계정
00105040,(주)뉴인텍,012340,K,303,1243110003006,1308102119,19770629,12,충청남도 아산시 음봉면 음봉면로 243,2025,20260318001476,82799344609.0,79500274284.0,79095170753.0,73083870115.0,80464929882.0,73173077756.0,70828043947.0,73172456729.0,68048656388.0,72391192811.0,주요계정
00152437,(주)케이프,064820,K,31114,1801110051770,6218122339,19831226,12,경상남도 양산시  상북면 양산대로 1303,2025,20260810000668,579773872948.0,516502499171.0,590659693241.0,2692973699221.0,562312021787.0,67432836473.0,71902692547.0,74553727540.0,403790048513.0,71296418853.0,주요계정
00862312,(주)포스뱅크,105760,K,291,1101112860173,1068623061,20030919,12,"서울특별시 금천구 가산디지털2로 108. 805-808호(가산동, 뉴티캐슬) &nbsp",2025,20260320001214,91426124049.0,77082362573.0,79284386397.0,97722746681.0,82597624340.0,88847406481.0,72510877487.0,77236435481.0,96888369292.0,79531573150.0,주요계정
00356389,(주)프럼파스트,035200,K,22211,1601110031099,3058115765,19920624,12,세종특별자치시  연동면 명학2길 30 아래 사무실,2025,20260814001540,25230889434.0,29659703118.0,,41680469489.0,27445296276.0,21059984676.0,28043583051.0,,39136405757.0,24551783864.0,주요계정
00418379,(주)자연과환경,043910,K,233,1101111727853,2158178735,19990705,12,충청남도 공주시  우성면 보흥1길 116-28,2025,20260323001619,37308755838.0,40733432025.0,69712373567.0,132196462829.0,49251520477.0,38351755838.0,40405023068.0,69300208812.0,116162013413.0,49352329239.0,주요계정
00652007,(주)메카로,241770,K,261,1201110233338,1318159560,20001101,12,경기도 평택시 산단로121번길 89 (주)메카로,2025,20260318001611,94613747133.0,62858211721.0,38585601757.0,225650454777.0,65352520204.0,94610797133.0,62841291721.0,38115200510.0,222553279077.0,65189096455.0,주요계정
00102113,(주)경인양행,012610,Y,20132,1201110005703,1378100562,19771014,12,인천광역시 서구  건지로 199 (석남동) 223-52,2025,20260319000395,379701831841.0,374231082201.0,345408240080.0,526807131416.0,366447051374.0,239888185915.0,237067219092.0,216180929796.0,353592590428.0,231045444934.0,주요계정
00145598,이연제약(주),102460,Y,212,1101110048143,1068100516,19641125,12,"서울특별시 강남구 테헤란로 620 에이동 12층 (대치동, 미래에셋타워)",2025,20260320001314,145928626140.0,148299673635.0,151071143910.0,465099644104.0,148433147895.0,145928626140.0,148299673635.0,151071143910.0,467292142746.0,148433147895.0,주요계정
01476219,(주)코스텍시스,355150,K,261,1101117471470,1398701725,20200428,12,인천광역시 남동구 남동서로 261 주식회사 코스텍시스,2025,20260318000866,,,,,,15220234978.0,14213293474.0,11549322439.0,56005309519.0,13660950297.0,주요계정
00409672,(주)티비에이치글로벌,084870,Y,141,1801110346204,6068164892,20010101,12,서울특별시 송파구 중대로 168 신한빌딩(가락동),2025,20260323000437,182419159355.0,178464510529.0,197103368035.0,104296475432.0,185995679306.0,171345414390.0,177314017986.0,197069528856.0,100576560273.0,181909653744.0,주요계정
00664048,(주)우리넷,115440,K,2641,1301110057124,1248168611,20000104,12,경기도 안양시 동안구 시민대로 353(관양동),2025,20260323001378,75505437184.0,131594866213.0,119069644043.0,134905978481.0,108723315813.0,75505437184.0,129866931405.0,117391690304.0,119918104761.0,107588019631.0,주요계정
00138057,써니전자(주),004770,Y,262,1101110070881,1138106968,19660915,12,충청북도 충주시  목행산단2로 59,2025,20260318001440,,,,,,12360625475.0,12809512519.0,12759842344.0,86017322502.0,12643326779.0,주요계정
00605328,씨앤지하이테크(주),264660,K,29271,1348110072786,1248198492,20020716,12,경기도 안성시 원곡면 승량길 162 &nbsp,2025,20260706000269,196194330780.0,151187855593.0,166725521459.0,197506673607.0,171369235944.0,195545245943.0,150502417041.0,166694366544.0,196938826938.0,170914009843.0,주요계정
00468374,(주)원익큐엔씨,074600,K,2312,1760110035615,5138131648,20031112,12,경상북도 구미시 산동읍 5공단3로 14 -,2025,20260323001246,943641492868.0,891539336878.0,805948142955.0,1545872449060.0,880376324234.0,396917817057.0,345544871907.0,286855662417.0,697601146439.0,343106117127.0,주요계정
00260569,유니셈(주),036200,K,29271,1348110024878,1248142101,19960101,12,경기도 화성시 동탄면 장지남길 10-7,2025,20260313001168,273330435300.0,218160735643.0,232111743013.0,282810733794.0,241200971319.0,262677216730.0,208553000387.0,221618760984.0,276328846911.0,230949659367.0,주요계정
01357446,주식회사 퓨런티어,370090,K,27213,1311110230307,1298632694,20090506,12,경기도 성남시 중원구 사기막골로 58,2025,20260310002997,,,,,,12143538944.0,25341103329.0,46546986730.0,44552841709.0,28010543001.0,주요계정
00367710,(주)동인기연,111380,Y,151,1244110014316,1368107674,19921215,12,경기도 김포시 통진읍 대곶북로 370-26,2025,20260319001347,244145426389.0,226691392865.0,216057247215.0,301445840065.0,228964688823.0,235944946631.0,218394674686.0,208975060852.0,281164921504.0,221104894056.0,주요계정
00611912,(주)아모그린텍,125210,K,2629,1244110064402,1378158268,20040106,12,경기도 김포시 통진읍 김포대로1950번길 91,2025,20260318001646,130600692643.0,128565520649.0,147600020643.0,189711045041.0,135588744645.0,129304466579.0,128565520649.0,147600020643.0,191344100454.0,135156669290.0,주요계정
00692254,(주)아이패밀리에스씨,114840,K,204,1101111892333,1208600633,20000229,12,"서울특별시 송파구 동남로 122 문정동, COLLECTED 빌딩",2025,20260320000432,224096054183.0,204880606161.0,148685912955.0,142391571157.0,192554191100.0,221635724570.0,204880606161.0,148685912955.0,146779431617.0,191734081229.0,주요계정
00957373,(주)펨트론,168360,K,292,1101112422379,2148703174,20020115,12,"서울특별시 금천구 가산디지털1로 219 1406호(가산동, 벽산디지털밸리 6차)",2025,20260410001848,69861835068.0,57004658240.0,73715799864.0,106660548694.0,66860764391.0,69583634553.0,56841545900.0,73511536198.0,106268043930.0,66645572217.0,주요계정
00126201,삼성공조(주),006660,Y,30399,1942110000034,6098102070,19700611,12,경상남도 창원시 성산구  연덕로 176 삼성공조(주),2025,20260608000034,117736352607.0,115772504831.0,125890836954.0,334084121584.0,119799898131.0,74499522757.0,74559432656.0,80437312355.0,277934158618.0,76498755923.0,주요계정
00760999,상신전자(주),263810,K,2629,1341110025060,1388105124,19880701,12,경상남도 김해시 진영읍 본산로269번길 16-34 -,2025,20260317000565,129139555836.0,124971626613.0,109703758730.0,86674880962.0,121271647060.0,119985901974.0,115335242626.0,104732858401.0,77734012818.0,113351334334.0,주요계정
00604028,주식회사 피코그램,376180,K,339,1101112463654,1098176863,20020307,12,인천광역시 부평구 부평북로 118,2025,20260318000497,,,,,,30872569046.0,32144304576.0,27708930019.0,59689042915.0,30241934547.0,주요계정
00533191,(주)비보존제약,082800,K,212,1358110085019,1248199564,20020822,12,경기도 화성시 향남읍 제약공단2길 34-40,2025,20260812000273,59343216714.0,87601347762.0,71317790873.0,165480875379.0,72754118450.0,59343216714.0,87601347762.0,71317790873.0,177320360248.0,72754118450.0,주요계정
00913689,(주)세경하이테크,148150,K,2629,1345110097540,1358183418,20060116,12,경기도 수원시 권선구 산업로155번길 128,2025,20260323001499,277917111183.0,320333197014.0,304477120594.0,346450278522.0,300909142930.0,51088738605.0,59408162338.0,52169423545.0,247915268207.0,54222108163.0,주요계정
01080687,(주)아우딘퓨쳐스,227610,K,20423,1101112131821,2208602474,20001218,12,"서울특별시 강남구 테헤란로86길 13 12층 (대치동, 대경타워)",2025,20260323001168,42385393255.0,34685968494.0,32698314649.0,57848657221.0,36589892133.0,42385393255.0,34578874154.0,32698141840.0,57076655681.0,36554136416.0,주요계정
00578538,(주)티피씨,130740,K,303,1748110017627,5158113874,19990101,12,경상북도 경산시  진량읍 일연로 574,2025,20260317000725,79404293659.0,80422348875.0,79495864095.0,123558382927.0,79774168876.0,48109215918.0,48371629112.0,47831013340.0,84885060673.0,48103952790.0,주요계정
00602279,주식회사 그린플러스,186230,K,24222,1348110033605,1248152399,19971021,12,충청남도 예산군 응봉면 응봉로 50-42 &nbsp,2025,20260702000226,105715000362.0,87683082859.0,58874226647.0,96819469017.0,84090769956.0,96389432352.0,79429877088.0,59028073917.0,87732577348.0,78282461119.0,주요계정
00624749,주식회사 에스피시스템스,317830,K,29280,1801110078534,6178116288,19880309,12,경상남도 양산시 어곡공단로 123,2025,20260323001727,61613225016.0,71042045308.0,60478372061.0,98935815057.0,64377880795.0,36251681000.0,41854432604.0,36788334860.0,69375115376.0,38298149488.0,주요계정
00147994,(주)새로닉스,042600,K,2629,1753110000762,5138101294,19681221,12,경상북도 구미시  수출대로9길 36 (주)새로닉스,2025,20260625000120,164947822818.0,202501396859.0,201701546184.0,216888398118.0,189716921954.0,33937967393.0,55578723901.0,63124374280.0,132958876335.0,50880355191.0,주요계정
00230814,(주)휴림에이텍,078590,K,303,1913110002354,6158103939,19930825,12,경남 밀양시 산내면 가인리 364번지,2025,20260319001131,,,,,,64375014019.0,70316959871.0,63663274097.0,81606809941.0,66118415996.0,주요계정
00124780,사조씨푸드(주),014710,Y,102,1101110271596,1208116542,19800327,12,"서울특별시 서대문구 통일로 107-39 502(충정로2가, 사조빌딩)",2025,20260317000763,238019779764.0,188281808578.0,176023865603.0,393078639915.0,200775151315.0,217432935507.0,188281808578.0,176023865603.0,347347050710.0,193912869896.0,주요계정
00166500,화천기계(주),010660,Y,29223,1101110342181,1148145488,19750614,12,서울특별시 서초구  방배로 46,2025,20260318001051,,,,,,214513614009.0,232386971461.0,161884346555.0,174976804697.0,202928310675.0,주요계정
01135941,(주)원익아이피에스,240810,K,292,1313110163174,6958100374,20160404,12,경기도 평택시 진위면 진위산단로 75,2025,20260316001453,909795691103.0,748176487524.0,690337586778.0,1164636219440.0,782769921802.0,909820766098.0,748297156681.0,690311895520.0,1162171225595.0,782809939433.0,주요계정
00173351,(주)삼진,032750,K,264,1341110005351,1238105888,19760715,12,경기도 안양시 만안구  안양천서로 81 (주)삼진,2025,20260319001197,148323178536.0,159164388476.0,156407806151.0,128247102123.0,154631791054.0,131374351052.0,146216013092.0,145566261417.0,117656761193.0,141052208520.0,주요계정
01515864,(주)넥스트칩,396270,K,26112,1311110541069,3398601497,20190102,12,경기도 성남시 분당구 대왕판교로 660 유스페이스1 에이동 5층,2025,20260317000667,,,,,,39653511990.0,32252135197.0,16154132649.0,58285876155.0,29353259945.0,주요계정
01676642,(주)사피엔반도체,452430,K,2611,2301110281186,3848700893,20170829,12,경기도 성남시 수정구 창업로 43 판교글로벌비즈센터 A동 601~613호,2025,20260320000130,,,,,,17312155993.0,7992172190.0,3210281108.0,31612257216.0,9504869764.0,주요계정
00165103,(주)푸드웰,005670,K,1030,1701110001628,5028100145,19680809,12,대구광역시 달서구 성서서로 121 -,2025,20260324000034,320327563488.0,272990916857.0,228487093117.0,238033339321.0,273935191154.0,101843906831.0,90446426698.0,84882380506.0,126978433407.0,92390904678.0,주요계정
01387164,주식회사 샤페론,378800,K,211,1101113977050,1018642705,20081001,12,서울특별시 강남구 자곡로 174-10 강남에이스타워 606호(자곡동),2025,20260319000869,227804629.0,17704497.0,215251274.0,27875189599.0,153586800.0,227804629.0,17704497.0,215251274.0,27873502872.0,153586800.0,주요계정
01524118,나노팀 주식회사,417010,K,291,1601110444581,5888100566,20161228,12,대전광역시 유성구 국제과학2로 14,2025,20260320001279,40323638066.0,32391708805.0,47190666523.0,117668983925.0,39968671131.0,40923519034.0,33248085405.0,47606733896.0,120009821497.0,40592779445.0,주요계정
00535676,(주)테크윙,089030,K,29271,1348110072942,1248198532,20020801,12,경기도 화성시 동탄면 동탄산단6길 37,2025,20260623000173,159128398402.0,185507171034.0,133604260260.0,633699354109.0,159413276565.0,148152535512.0,163904291688.0,114385986626.0,629787638482.0,142147604609.0,주요계정
00155735,(주)피제이전자,006140,K,27112,1101110053465,1308147931,19690718,12,경기도 부천시 오정구 삼작로 22 부천테크노파크1단지 101동 6층,2025,20260316001412,,,,,,178552370684.0,169298930720.0,166844087220.0,198058302500.0,171565129541.0,주요계정
00595191,(주)후성,093370,Y,20129,1314110189425,1348634812,20061124,12,경기도 화성시  팔탄면 현대기아로 72-37,2025,20260318001491,471564293544.0,437795018982.0,523191899192.0,827498687937.0,477517070573.0,272340048398.0,253172924876.0,280669702152.0,588568875794.0,268727558475.0,주요계정
00136271,주식회사 신성이엔지,011930,Y,2612,1301110008664,1348103352,19770120,12,"경기도 과천시 과천대로7길 20 A타워 14층,15층",2025,20260318000940,567454391304.0,582301298381.0,576519652360.0,600686182250.0,575425114015.0,318829816991.0,376627970959.0,394854881049.0,492295316904.0,363437556333.0,주요계정
00426828,케이웨더(주),068100,K,291,1101111427586,1108137628,19970617,12,서울특별시 구로구 디지털로26길 5 에이스하이엔드타워1차 401,2025,20260319000742,17691551363.0,15586967912.0,16384768271.0,16360308964.0,16554429182.0,17118818852.0,15281129754.0,16589592940.0,16014939629.0,16329847182.0,주요계정
00149239,조일알미늄(주),018470,Y,24222,1701110021543,5028107788,19850919,12,경상북도 경산시  진량읍 공단6로 98,2025,20260312000761,,,,,,486678693232.0,498372378613.0,465783855340.0,411109986392.0,483611642395.0,주요계정
01365038,(주)자람테크놀로지,389020,K,261,1101111864829,2208176364,20000127,12,"경기도 성남시 분당구 성남대로925번길 41, 2층",2025,20260318000646,,,,,,10643506120.0,22170389666.0,11623137413.0,76999420852.0,14812344400.0,주요계정
01231786,(주)엑스페릭스,317770,K,262,1311110478436,7688600658,20170403,12,"경기도 성남시 중원구 사기막골로62번길 37 1207호 (상대원동, 스타타워)",2025,20260318001711,21486557890.0,14747157399.0,11908780233.0,121402345356.0,16047498507.0,19915511300.0,14488305783.0,11622239098.0,98179138295.0,15342018727.0,주요계정
00612294,(주)피엔티,137400,K,292,1752110017454,5138132083,20031230,12,경상북도 구미시 첨단기업로 33 (주)피엔티,2025,20260316000390,744889433349.0,1035042902706.0,545383016810.0,1718145213481.0,775105117622.0,719243824958.0,988935532058.0,516153082427.0,1469044295268.0,741444146481.0,주요계정
00104768,가온전선(주),000500,Y,28302,1341110000567,1238100049,19470924,12,경기도 군포시  엘에스로45번길 120,2025,20260316000969,2545698074000.0,1727103680000.0,1498606544000.0,1377927912000.0,1923802766000.0,1411696404000.0,1405185748000.0,1297331088000.0,1257468278000.0,1371404413333.0,주요계정
01137903,(주)디케이티,290550,K,26224,1201110615990,1228624946,20120621,12,인천광역시 부평구 평천로199번길 25 -,2025,20260318001382,425776296391.0,403349872283.0,280218060416.0,319676364759.0,369781409697.0,170134466349.0,135776987791.0,87767801339.0,184544833034.0,131226418493.0,주요계정
01528141,엘에스머트리얼즈 주식회사,417200,K,26291,1341110570437,7378701854,20210101,12,경기도 안양시 동안구 엘에스로116번길 39 엘에스엠트론 하이테크 센터 6층,2025,20260604000337,153582399002.0,142075605799.0,136884683735.0,274526446057.0,144180896179.0,29147753781.0,28846486742.0,35571073625.0,232324051682.0,31188438049.0,주요계정
01147487,(주)뷰티스킨,406820,K,20423,1201110590960,1378615890,20111207,12,인천광역시 서구 염곡로14번길 27,2025,20260319001377,54922098935.0,80871329493.0,80903510908.0,87680194136.0,72232313112.0,45507952979.0,71923869405.0,78982349888.0,85086189165.0,65471390757.0,주요계정
00150165,(주)브이티,018290,K,204,1101110509872,2028135574,19861107,12,경기도 파주시  산업단지길 139 (주)G.M.P,2025,20260319001002,437183656431.0,431696809961.0,295501383553.0,353501351205.0,388127283315.0,381052176242.0,319298490613.0,178076641955.0,304599679329.0,292809102937.0,주요계정
00165060,하이록코리아(주),013030,K,241,1801110029321,6038106103,19780318,12,부산광역시 강서구 녹산산단27로 97,2025,20260312001217,214565849545.0,190512316067.0,188839137919.0,498092199742.0,197972434510.0,193080007951.0,172730894229.0,170748475443.0,472917946258.0,178853125874.0,주요계정
00767460,피아이첨단소재(주),178920,Y,2221,1543110022729,3018197858,20080602,12,충청북도 진천군 이월면 고등1길 27,2025,20260312000098,,,,,,263421091422.0,251295439548.0,217639383722.0,464759120865.0,244118638231.0,주요계정
01047415,(주)정다운,208140,K,101,1101115542497,1078831874,20141020,12,전라남도 나주시 동수농공단지길 137-17 (주)정다운,2025,20260316000908,160876384094.0,181956736442.0,185491756008.0,215038440754.0,176108292181.0,160817954094.0,181954646442.0,185094678008.0,209373702138.0,175955759515.0,주요계정
00599595,(주)비지에프에코머티리얼즈,126600,K,20202,1350110079381,1338134551,19971013,12,경기도 화성시  장안면 상두원길 142,2025,20260318001144,397885888276.0,364314391661.0,285658919446.0,781725170717.0,349286399794.0,187014483471.0,180703539613.0,170253298446.0,495062588430.0,179323773843.0,주요계정
00571298,덕우전자(주),263600,K,2629,1760110006963,5138106227,19920801,12,경상북도 구미시 산동면 첨단기업7로 98-23,2025,20260323000904,176946596890.0,160950428993.0,154774103033.0,236036434496.0,164223709639.0,159686123391.0,145426706523.0,133019597690.0,215146131033.0,146044142535.0,주요계정
00152729,광전자(주),017900,Y,2612,2149110002560,4038102808,19840731,12,전라북도 익산시 약촌로8길 62-8 (어양동),2025,20260319000424,132685277641.0,130189190329.0,125705279635.0,258292978185.0,129526582535.0,131269728407.0,129022510188.0,122117863937.0,257789335061.0,127470034177.0,주요계정
01383229,주식회사 저스템,417840,K,29271,1101116042066,4958800337,20160425,12,경기도 용인시 기흥구 탑실로 35번길 57,2025,20260320001113,48288744108.0,38700592846.0,35933632867.0,87468723819.0,40974323274.0,47154179733.0,37786793324.0,34824517398.0,86340960655.0,39921830152.0,주요계정
00920379,(주)티엘비,356860,K,2622,1314110255979,1348677072,20110325,12,경기도 안산시 단원구 신원로 305,2025,20260320000683,258497722389.0,180001314818.0,171306693402.0,246296090246.0,203268576870.0,260312614635.0,180099294800.0,171306693402.0,245716317091.0,203906200946.0,전체재무제표
00364403,(주)쏠리드,050890,K,2642,1101111603764,2158172901,19981105,12,경기도 성남시 분당구 판교역로 220 쏠리드스페이스,2025,20260324000935,294830329228.0,331067887419.0,321364602371.0,536672709018.0,315754273006.0,225366202658.0,246710469779.0,246602077744.0,501718039230.0,239559583394.0,주요계정
00208444,피에스케이홀딩스(주),031980,K,29271,1347110004377,1258106879,19900611,12,경기도 화성시  삼성1로4길 48 피에스케이,2025,20260320000819,207764042799.0,215508095005.0,94716683944.0,584879159412.0,172662940583.0,188876147986.0,172220518779.0,74582197116.0,368188024001.0,145226287960.0,주요계정
00161860,한성기업(주),003680,Y,10211,1801110000230,6018108347,19630314,12,부산광역시 영도구  태종로 63,2025,20260318001070,,,,,,318445028569.0,332486628912.0,320600471187.0,243727742752.0,323844042889.0,주요계정
01336461,주식회사 뉴로메카,348340,K,29280,2841110112915,1328613766,20130214,12,서울특별시 성동구 아차산로 78 (성수동2가),2025,20260319000890,18954203205.0,25269404825.0,13742971105.0,91375484748.0,19322193045.0,18186153029.0,25222545710.0,13665059902.0,86732014807.0,19024586214.0,주요계정
00447609,(주)비에이치,090460,Y,2622,1350110087483,1228157587,19990310,12,인천광역시 부평구 평천로199번길 25,2025,20260323001134,1792660286542.0,1754441744291.0,1591992250709.0,1370500771503.0,1713031427181.0,349882710927.0,346403440277.0,299412465751.0,654574106366.0,331899538985.0,주요계정
00106119,(주)금양,001570,Y,201,1801110003101,6068104711,19551117,12,부산광역시 사상구 낙동대로960번길 77 (감전동),2025,20260608000226,102780898535.0,153730068660.0,152030952048.0,1222067941228.0,136180639748.0,62919191736.0,134508157155.0,135661668773.0,1181353631507.0,111029672555.0,주요계정
00568188,(주)마이크로컨텍솔루션,098120,K,2629,1845110022448,6218137017,19991228,12,충청남도 천안시 서북구 성거읍 오송2길 15-21,2025,20260319001387,100314289873.0,69664082922.0,64817181265.0,96886216703.0,78265184687.0,89184878363.0,66841927277.0,63854653571.0,96337831983.0,73293819737.0,주요계정
01199550,에이치디현대에너지솔루션(주),322000,Y,2612,1101116265410,1188122037,20161221,12,"경기도 성남시 분당구 분당수서로 477 9층(정자동, HD현대그룹 글로벌 R&D센터)",2025,20260313001045,492659873672.0,422371216357.0,546119805992.0,530430417283.0,487050298674.0,484387824120.0,404894570100.0,522030158394.0,518865508014.0,470437517538.0,주요계정
00543107,(주)오킨스전자,080580,K,262,1341110059845,1388116581,19980413,12,"경기도 의왕시 오전공업길 13, 6층 (오전동, 벽산선영테크노피아)",2025,20260319000615,94373992165.0,66679677491.0,56850074934.0,95757081811.0,72634581530.0,92681789252.0,64955978477.0,56220953660.0,94663536047.0,71286240463.0,주요계정
00164502,(주)현대공업,170030,K,303,1812110001102,6108101557,19780912,12,울산광역시 북구 매곡산업로 528(매곡동),2025,20260320001172,367911083613.0,326887589851.0,307539845202.0,259352541331.0,334112839555.0,353859469521.0,318581887865.0,292602577263.0,254559360641.0,321681311550.0,주요계정
00106669,(주)세아베스틸지주,001430,Y,2411,1101110035794,1138106798,19550204,12,서울시 마포구 양화로 45,2025,20260316001503,3651585276954.0,3636063257694.0,4083481175925.0,3914568488213.0,3790376570191.0,88378083190.0,160825197208.0,59258960626.0,1831764413165.0,102820747008.0,주요계정
00380429,(주)CMG제약,058820,K,212,1350110115846,1348171976,20010801,12,서울특별시 강남구 학동로 170 베터라이프빌딩 3층(논현동),2025,20260319001089,105229184685.0,99099733323.0,93906675105.0,305961524392.0,99411864371.0,104522458286.0,98149398892.0,92743087602.0,305612044651.0,98471648260.0,주요계정
00173078,명신산업(주),009900,Y,303,1712110000958,5058101731,19820417,12,경상북도 경주시 천북면 천북산단로 91,2025,20260323000909,1619154581776.0,1573818204184.0,1738905096629.0,1420721058269.0,1643959294196.0,164052743145.0,176342821556.0,167028659727.0,267297532014.0,169141408143.0,주요계정
00573579,평화산업(주),090080,Y,303,1701110309329,5148157898,20060502,12,대구광역시 달성군 논공읍 논공로 597,2025,20260316000837,626062341683.0,588377472367.0,564038964404.0,256001257575.0,592826259485.0,618025594998.0,582589217842.0,560456049696.0,253342824038.0,587023620845.0,주요계정
00910840,(주)윈하이텍,192390,K,2511,1545110049654,3038163280,20110915,12,충청북도 음성군 삼성면 하이텍산단로 99 &nbsp,2025,20260320000951,75147762488.0,112165957180.0,153794945013.0,152864432326.0,113702888227.0,75107019498.0,112139676392.0,153794945013.0,138836480251.0,113680546968.0,주요계정
00109781,(주)대림제지,017650,K,179,1348110003020,1248132409,19840321,12,경기 오산시 누읍동 7,2025,20260318001548,168837382045.0,166263916267.0,164383300566.0,328274455479.0,166494866293.0,168837382045.0,166263916267.0,164383300566.0,328132772446.0,166494866293.0,주요계정
00550994,(주)아이센스,099190,K,27112,1101111960924,2108129428,20000504,12,서울특별시 서초구 반포대로28길 43 아이센스 빌딩,2025,20260318001657,315444741611.0,291137903797.0,265120260375.0,577662983387.0,290567635261.0,239058916304.0,214023112269.0,210653113551.0,535270769903.0,221245047375.0,주요계정
01566248,주식회사 에코프로에이치엔,383310,K,204,1501110307674,2838702389,20210503,12,충청북도 청주시 청원구 오창읍 과학산업2로 587-40,2025,20260316001329,141057118027.0,234500459609.0,228946023204.0,458920378557.0,201501200280.0,138247970309.0,234160195654.0,228731036594.0,456151250647.0,200379734186.0,주요계정
01546101,(주)아이엠티,451220,K,29299,1345110044939,1358142061,20001123,12,경기도 수원시 영통구 신원로 306 1동 8층,2025,20260318000551,32943967760.0,13565444020.0,6469805221.0,67115420556.0,17659739000.0,11533933784.0,8493715969.0,6433241629.0,56932778296.0,8820297127.0,주요계정
00140779,영보화학(주),014440,Y,2225,1601110012742,3148101120,19791211,12,충청북도 청주시 흥덕구 강내면 서부로 230-23,2025,20260311004373,120111147525.0,117566592036.0,90279029906.0,210737258099.0,109318923156.0,93248886485.0,94401200881.0,72876510920.0,195223931544.0,86842199429.0,주요계정
00105138,주식회사 파라텍,033540,K,292,1243110000573,1308100241,19730608,12,충청남도 서산시 수석산업로 51 -,2025,20260320001022,173929893426.0,278014723065.0,218410558493.0,179453984833.0,223451724995.0,115909538283.0,212659309113.0,180614063332.0,161735009073.0,169727636909.0,주요계정
00922304,주식회사 아셈스,136410,K,22212,1801110515685,6038158974,20030613,12,부산광역시 사하구 을숙도대로873번길 31,2025,20260318000767,60272993631.0,57174933309.0,47734640838.0,114921434215.0,55060855926.0,44951639632.0,45592566023.0,36567727358.0,89355549527.0,42370644338.0,주요계정
00925587,(주)위드텍,348350,K,27213,1601110166341,3148163107,20031211,12,대전광역시 유성구 테크노2로 300 (탑립동),2025,20260313000682,57807030055.0,43615814810.0,49561291840.0,155095406174.0,50328045568.0,56830643680.0,42507653766.0,48480007467.0,153822303145.0,49272768304.0,주요계정
00125822,삼보산업 주식회사,009620,K,24222,1801110020246,6098116685,19740208,12,경상남도 창원시 진해구  남의로21번길 36,2025,20260407003361,285655693776.0,340974508783.0,427122516114.0,323447212982.0,351250906224.0,188355582876.0,229731274177.0,322176127326.0,165328767895.0,246754328126.0,주요계정
00228712,동우팜투테이블,088910,K,10121,2111110005365,4018106526,19930217,12,전라북도 군산시  서수면 동군산로 1095 주식회사 동우,2025,20260319000608,325457698211.0,303120132139.0,349164108766.0,282187804378.0,325913979705.0,321960746800.0,299385211204.0,343320113979.0,279315044541.0,321555357328.0,주요계정
00140858,(주)와이엠,007530,K,259,1101110123408,1198101578,19711201,12,경기도 평택시  포승읍 포승공단로118번길 118,2025,20260313001133,177146007940.0,172201380432.0,166290447686.0,148546744064.0,171879278686.0,172555556923.0,169054708056.0,163134054797.0,139936063252.0,168248106592.0,주요계정
00667373,현대힘스 주식회사,460930,K,31114,2301110143443,6208130928,20080425,12,울산광역시 북구 매곡산업로 21,2025,20260318000236,248203831277.0,223163801400.0,189188021565.0,333357623673.0,220185218081.0,241502084429.0,211715478367.0,181275577851.0,324308776457.0,211497713549.0,주요계정
00136624,(주)신영와코루,005800,Y,14120,1101110094964,1198101559,19681021,12,서울특별시 금천구  가산디지털1로 104 (주)신영와코루,2025,20260312001122,185154553424.0,196678118757.0,202775168754.0,427146648638.0,194869280312.0,185139657615.0,196678118757.0,202775168754.0,381046890564.0,194864315042.0,주요계정
01259232,(주)노바텍,285490,K,339,1351110083661,1238609157,20070223,12,"경기도 용인시 기흥구 흥덕중앙로 120 1101호, 1105호, 1106호, 1107호, 1111호, 1112호, 1113호(영덕동, ？",2025,20260319001085,55589851496.0,65812403810.0,92421026753.0,173989291355.0,71274427353.0,6995823136.0,7252689900.0,10938899950.0,126949901234.0,8395804329.0,주요계정
00248974,하나제약(주),293480,Y,212,1311110002409,1248137632,19780119,12,경기도 화성시 향남읍 제약단지로 13-39,2025,20260320001014,,,,,,239503892657.0,225339838199.0,224456850812.0,418140743513.0,229766860556.0,주요계정
00413417,우리손에프앤지 농업회사법인(주),073560,K,101,2112110005321,4048112594,20010222,12,전라남도 나주시 반남면 장송길 73,2025,20260316001668,287050419297.0,292662888938.0,279274037619.0,566150384236.0,286329115285.0,109789831324.0,111236101709.0,96901145987.0,254856265611.0,105975693007.0,주요계정
00498001,(주)모베이스,101330,K,2642,1101111665516,1198130151,19990317,12,경기도 화성시 동탄첨단산업1로 73 (영천동),2025,20260319000751,1371327433599.0,1301706118161.0,1262831655164.0,1083137810538.0,1311955068975.0,14161768922.0,13548208752.0,13881554677.0,218256596385.0,13863844117.0,주요계정
00450995,대모엔지니어링주식회사,317850,K,29242,1101110633556,1138116826,19890616,12,경기도 시흥시 엠티브이26로58번길 56 -,2025,20260319000427,40730717139.0,41319031078.0,44410624430.0,64807212163.0,42153457549.0,39718478749.0,40843897835.0,42940194280.0,63562331811.0,41167523621.0,주요계정
00202060,(주)구영테크,053270,K,303,1747110001791,5058104626,19891109,12,대구광역시 달성군 구지면 국가산단대로39길 119 (창리),2025,20260316001359,426181253496.0,377361299120.0,357438435431.0,710509062441.0,386993662682.0,186476314185.0,180102241732.0,145144868861.0,278230027499.0,170574474926.0,주요계정
01011368,(주)에이치브이엠,295310,K,24219,1355110238812,1408162109,20120607,12,경기도 안양시 동안구 시민대로248번길 25,2025,20260320001188,,,,,,66531544743.0,45140439641.0,41457404690.0,173276147468.0,51043129691.0,주요계정
00114765,케이비아이동국실업(주),001620,Y,303,1101110028939,1068112972,19551229,12,서울특별시 용산구  한강대로 350,2025,20260317000470,808008048191.0,668399686056.0,649418493012.0,861979153146.0,708608742420.0,506660512077.0,422061774520.0,434420932971.0,523146180784.0,454381073189.0,주요계정
01190568,(주)에이피알,278470,Y,20423,1101115535012,2208889441,20141010,12,"서울특별시 송파구 올림픽로 300 36층(신천동, 롯데월드타워앤드롯데월드몰)",2025,20260323001257,1527344973381.0,722753862301.0,523809364559.0,771737546894.0,924636066747.0,1528295842593.0,723000956467.0,524059049705.0,734298348264.0,925118616255.0,주요계정
00625942,한솔아이원스(주),114810,K,2927,1348110109828,1248633892,20050701,12,경기도 안성시 고삼면 안성대로 2061 (가유리 777-1),2025,20260313000415,198830230410.0,157137657251.0,123932727886.0,254358289046.0,159966871849.0,198830230410.0,157137657251.0,123932727886.0,254506424488.0,159966871849.0,주요계정
00132992,(주)성우하이텍,015750,K,303,1801110042612,6218114445,19811228,12,부산광역시 기장군  정관면 농공길 2-9 (주)성우하이텍,2025,20260319000729,4382670411366.0,4245092707610.0,4321987308635.0,4867042087907.0,4316583475870.0,1782329295259.0,1792917261216.0,1704758620353.0,2458889428910.0,1760001725609.0,주요계정
00153339,태경산업(주),015890,Y,20129,1348110002080,1248130662,19820215,12,서울특별시 강서구 공항대로 467 4층(등촌동),2025,20260323001550,777095583235.0,675692460593.0,656027303168.0,989501936569.0,702938448999.0,138071380178.0,142123472346.0,142463255613.0,222201820197.0,140886036046.0,주요계정
00365457,(주)제이티,089790,K,29271,1211110061910,1308156518,19980707,12,충청남도 천안시 서북구  직산읍 4산단3로 135,2025,20260319001329,38378522208.0,48945752594.0,47160458803.0,99950240164.0,44828244535.0,37911576008.0,49171846376.0,47044478216.0,98865378844.0,44709300200.0,주요계정
00660121,(주)디에이테크놀로지,196490,K,29271,1101111958888,1198138212,20000503,12,경기도 화성시 비봉면 쌍학길 15 (쌍학리 250-2),2025,20260323001530,33322099931.0,41656306155.0,89534954324.0,38920061959.0,54837786803.0,32853430763.0,41141441254.0,88041742896.0,38571471803.0,54012204971.0,주요계정
01284751,주식회사 시지트로닉스,429270,K,26129,2101110058935,4188124779,20080125,12,전라북도 완주군 봉동읍 테크노밸리로 497,2025,20260318000115,,,,,,12748957402.0,12172663876.0,12513645275.0,34037273558.0,12478422184.0,주요계정
00117027,(주)알루코,001780,Y,24222,1601110002313,3068101212,19560604,12,대전광역시 대덕구  대화로119번길 31,2025,20260318001554,575658057136.0,622944292918.0,591186560074.0,912972459028.0,596596303376.0,251313183648.0,297354761357.0,304316242405.0,430652813933.0,284328062470.0,주요계정
00544577,브이엠(주),089970,K,29271,1348110068248,1248193411,20020222,12,경기도 이천시 마장면 서이천로 58-47,2025,20260320000666,144411787537.0,70277411560.0,26008551330.0,248727741913.0,80232583476.0,144411787537.0,70277411560.0,26008551330.0,248529860191.0,80232583476.0,주요계정
01494118,노을 주식회사,376930,K,27112,1101115906974,4828100161,20151202,12,"경기도 용인시 수지구 광교중앙로 338, 비동 10층 &nbsp",2025,20260323001248,5121885655.0,1601464029.0,2733841254.0,39224540809.0,3152396979.0,5121885655.0,1601464029.0,2733841254.0,38916572996.0,3152396979.0,주요계정
01765265,동국제강(주),460860,Y,241,1101118651633,5788602878,20230601,12,서울특별시 중구 을지로5길 19,2025,20260313000519,,,,,,3203431341223.0,3527525783006.0,2632104129307.0,4134274429969.0,3121020417845.0,주요계정
00409681,(주)아스트,067390,K,31322,1954110007168,6138124511,20010420,12,경상남도 사천시 용현면 종포산단로 133 -,2025,20260318001569,254386380552.0,171380120862.0,168484017802.0,560593411124.0,198083506405.0,254397973852.0,168739896411.0,161609337548.0,558842413520.0,194915735937.0,주요계정
00108490,(주)엔피케이,048830,K,20202,1101110522311,2118138347,19870304,12,경상북도 구미시 옥계2공단로5길 7 -,2025,20260319000658,83822010472.0,64565578498.0,62987939899.0,69556770980.0,70458509623.0,57878440116.0,54839599115.0,56150500497.0,65321509554.0,56289513243.0,주요계정
00164779,에스케이하이닉스(주),000660,Y,2612,1344110001387,1268103725,19491015,12,경기도 이천시  부발읍 경충대로 2091,2025,20260317000635,97146675000000.0,66192960000000.0,32765719000000.0,176107659000000.0,65368451333333.0,86852117000000.0,55736287000000.0,27639997000000.0,168903929000000.0,56742800333333.0,주요계정
00115931,(주)디오,039840,K,27192,1845110003290,6218101561,19880125,12,부산광역시 해운대구 센텀서로 66,2025,20260306000812,164077830292.0,119649873058.0,155817892643.0,328467730338.0,146515198664.0,96017951961.0,103878211119.0,117014371169.0,300370143079.0,105636844750.0,주요계정
00604268,(주)에이프로,262260,K,289,1351110053143,1238158293,20000627,12,"경기도 안양시 동안구 부림로170번길 41-14 (관양동, 에이프로 글로벌센터)",2025,20260731000782,147079619081.0,200156427991.0,235952253023.0,327516705769.0,194396100032.0,141602239991.0,197497392255.0,234329673836.0,278081059466.0,191143102027.0,주요계정
00825223,(주)화신정공,126640,K,303,1101114339415,1078735359,20100428,12,경상북도 영천시  도남공단3길 96,2025,20260316000444,,,,,,378937475942.0,321956980467.0,359878250345.0,197908343869.0,353590902251.0,주요계정
00148984,주식회사 시알홀딩스,000480,Y,2321,2011110000440,4168107056,19470515,12,전라남도 광양시 산업로 55 본관 3층,2025,20260319000043,827752427000.0,810831515000.0,816904445000.0,1565188415000.0,818496129000.0,18718900000.0,14236538000.0,5325065000.0,648855398000.0,12760167667.0,주요계정
00101664,(주)경보제약,214390,Y,211,1648110001961,3128104567,19870331,12,충청남도 아산시 실옥로 174,2025,20260318001475,,,,,,264104056811.0,238556125924.0,216357481796.0,319537836305.0,239672554844.0,주요계정
01232192,(주)티디에스팜,464280,K,21212,1545110024284,3038134897,20021111,12,경기도 성남시 분당구 판교로 253 C동 403호,2025,20260629000376,,,,,,27620873511.0,27518775933.0,30049355329.0,54151710444.0,28396334924.0,주요계정
01181515,(주)엘앤씨바이오,290650,K,212,1311110288992,1298664008,20110802,12,"경기도 성남시 중원구 둔촌대로 474, 605호, 606호, 607호 (선텍시티)",2025,20260324000006,85476414998.0,72032432117.0,65926844211.0,456637114149.0,74478563775.0,69422886562.0,56168863806.0,56131552526.0,333364117550.0,60574434298.0,주요계정
01233465,동국생명과학(주),303810,K,212,1101116391778,3318100733,20170501,12,서울특별시 강남구 테헤란로108길 7,2025,20260313000218,,,,,,130343747512.0,131816122285.0,120161205350.0,217626925229.0,127440358382.0,주요계정
01658831,오름테라퓨틱 주식회사,475830,K,211,1601110433518,8878100503,20160817,12,대전광역시 유성구 문지로 281-25,2025,20260319001320,23564233.0,20905620577.0,135417607412.0,169324738276.0,52115597407.0,23564233.0,20905620577.0,135417607412.0,148563433561.0,52115597407.0,주요계정
00352064,(주)프리엠스,053160,K,28123,1101110660830,1308130556,19891128,12,경기도 부천시 오정구 삼작로178번길 14,2025,20260318000155,23135895576.0,17695269012.0,22943695630.0,80210265059.0,21258286739.0,22967324185.0,17608801850.0,22901566292.0,80173964273.0,21159230776.0,주요계정
00136226,신성델타테크(주),065350,K,28519,1942110003096,6098107658,19871109,12,경상남도 창원시 성산구  공단로271번길 39 신성델타테크(주),2025,20260317000805,945363793218.0,881982008853.0,833704098779.0,932560259261.0,887016633617.0,125996551346.0,139114211249.0,154693878981.0,370073523541.0,139934880525.0,주요계정
00369107,우리바이오(주),082850,K,108,1350110103198,1348155919,20000525,12,"경기도 안산시 단원구 성곡로 79 (성곡동,608블럭30롯트)",2025,20260323000520,1043962208896.0,1237198398100.0,1263943782342.0,761918002581.0,1181701463113.0,41168057743.0,49964508601.0,44249843018.0,99266855294.0,45127469787.0,주요계정
01142260,(주)에스엠씨지,460870,K,231,1342110027733,1268135848,19981230,12,경기도 안성시 양성면 양성로 134-13,2025,20260319000844,,,,,,55788407335.0,54570953170.0,37371272626.0,71199675343.0,49243544377.0,주요계정
00797364,케이씨코트렐(주),119650,Y,291,1101114255463,1058738796,20100106,12,서울특별시 마포구 상암산로 34디지털큐브 12층,2025,20260407003641,192872605567.0,340939801353.0,431949345289.0,202714625280.0,321920584070.0,180532908393.0,291306245985.0,401126067151.0,192913951673.0,290988407176.0,주요계정
00130408,(주)서산,079650,K,23322,2042110000370,4108100453,19740216,12,광주광역시 광산구  하남산단4번로 143,2025,20260316000539,45103016559.0,35683765002.0,41252744468.0,107388944784.0,40679842010.0,24677491457.0,21036379626.0,20381696691.0,46910906668.0,22031855925.0,주요계정
00129235,삼화왕관(주),004450,Y,25991,1341110003462,1388103179,19650502,12,경기도 안산시 단원구  강촌로 140 삼화왕관(주),2025,20260319000454,162897513863.0,167142498336.0,157903566081.0,214276081435.0,162647859427.0,126200827090.0,132540101811.0,131756607293.0,191144549432.0,130165845398.0,주요계정
01641600,주식회사 에이럭스,475580,K,33999,1101115894492,5878100224,20151118,12,"서울특별시 도봉구 마들로13길 61, 16층 (창동, 창동 씨드큐브)",2025,20260318001466,63015993000.0,55042189003.0,54845581406.0,93316471475.0,57634587803.0,28199409465.0,32105042210.0,29426926633.0,83011457068.0,29910459436.0,주요계정
00471068,덕산하이메탈(주),077360,K,261,2301110056969,6208119108,19990506,12,울산광역시 북구  무룡1로 66,2025,20260319001314,236404536110.0,235891931037.0,144452975904.0,658964267763.0,205583147684.0,126318034393.0,98206749988.0,77768206914.0,265453396204.0,100764330432.0,주요계정
00766106,엣지파운드리(주),105550,K,2629,1601110207244,3148182384,20060512,12,대전광역시 유성구 엑스포로 385 (주)트루윈,2025,20260323001355,36390814582.0,37297599228.0,37040201905.0,177094222917.0,36909538572.0,36390814582.0,37297599228.0,37040201905.0,177092833582.0,36909538572.0,주요계정
00226316,호전실업 주식회사,111110,Y,14199,1101110393457,1058164268,19850318,12,"서울특별시 마포구 마포대로 19 신화빌딩, 11층, 12층",2025,20260330001610,520877825230.0,463972606649.0,441548776508.0,416500644693.0,475466402796.0,493314399143.0,435038893151.0,413248487880.0,288901995292.0,447200593391.0,주요계정
00577380,(주)신진에스엠,138070,K,259,1348110061937,1248186623,20010718,12,전라북도 장수군  장계면 장무로 352-73 (주)신진에스엠장수공장,2025,20260323001249,54436124843.0,54625630129.0,59704217015.0,103007107959.0,56255323996.0,40446954863.0,41053348836.0,45250444222.0,91356170032.0,42250249307.0,주요계정
00160375,진양폴리우레탄(주),010640,Y,22259,1345110000387,1258118884,19750607,12,경기 평택시 세교동 536-8번지,2025,20260227008561,,,,,,46628342500.0,54038232041.0,54512150091.0,75820360310.0,51726241544.0,주요계정
00164788,현대모비스(주),012330,Y,303,1101110215536,1018116406,19770701,12,서울 강남구 역삼1동 로담코빌딩 140-2,2025,20260309001878,61118127000000.0,57236995000000.0,59254361000000.0,70400532000000.0,59203161000000.0,36256823000000.0,36604026000000.0,38970304000000.0,38537000000000.0,37277051000000.0,주요계정
00330044,(주)캠시스,050110,K,262,1201110081951,1398103094,19930130,12,인천광역시 연수구  벤처로100번길 26,2025,20260319001326,489937482073.0,378186831557.0,500586465075.0,250422161791.0,456236926235.0,369373316028.0,254260777844.0,308584694296.0,201734262297.0,310739596056.0,주요계정
00128032,삼일제약(주),000520,Y,212,1101110016679,1148116848,19471007,12,"서울특별시 서초구  효령로 155 (방배동, 삼일제약 사옥)",2025,20260318001625,210253472993.0,219699586442.0,196345807846.0,371601555822.0,208766289094.0,210253472993.0,219699586442.0,196345807846.0,363019361577.0,208766289094.0,주요계정
00441243,(주)형지엘리트,093240,Y,14112,1101112507551,1058639463,20020425,06,"인천광역시 연수구 하모니로177번길 49 업무동 10층(송도동, 형지글로벌 패션복합센터)",2025,20250919000232,166650465839.0,132748313784.0,94485977330.0,185282892679.0,131294918984.0,164902130597.0,131848741012.0,92856998017.0,184245816661.0,129869289875.0,주요계정
00264255,(주)바텍,043150,K,271,1341110036348,1238128203,19920404,12,경기도 화성시  삼성1로2길 13(석우동),2025,20260318000636,426416122877.0,385194634066.0,384945119813.0,689273534214.0,398851958919.0,276213357320.0,245339283269.0,234017700770.0,572048866395.0,251856780453.0,주요계정
00269922,(주)인바디,041830,K,27199,1101111271834,2208113603,19960515,12,서울시 강남구 논현로2길 54(개포동 1164-21),2025,20260318001304,233948308378.0,204464835870.0,170351229733.0,361061686085.0,202921457994.0,137199033079.0,132379675991.0,102949007910.0,319255604753.0,124175905660.0,주요계정
00225706,제이더블유생명과학(주),234080,Y,212,1350110057395,1338125692,19940510,12,충청남도 당진시 송악읍 한진1길 28,2025,20260318001371,257829408646.0,222478095665.0,206860371797.0,318205789712.0,229055958703.0,234013893513.0,221209755065.0,203040830346.0,297426727289.0,219421492975.0,주요계정
01540453,(주)에이직랜드,445090,K,26112,1358110290105,4278800445,20160411,12,경기도 수원시 영통구 대학4로 25 -,2025,20260319001064,72849892092.0,94058022977.0,74154339770.0,220969730169.0,80354084946.0,72174837501.0,93444479727.0,70917541884.0,216825570195.0,78845619704.0,주요계정
00373021,테라사이언스(주),073640,K,25929,1901110021119,6098124002,19931019,12,경남 창원시 성주동 30-5번지,2025,20260323000029,14134317596.0,17272994116.0,23076476627.0,56310304518.0,18161262780.0,14134317596.0,17201994116.0,23076476627.0,56419447225.0,18137596113.0,주요계정
00135795,(주)신도리코,029530,Y,263,1101110034960,2188100328,19600707,12,서울특별시 성동구  성수이로24길 3 (주)신도리코,2025,20260311003722,317327883419.0,340994882503.0,402553029898.0,1149029457149.0,353625265273.0,299884967949.0,322879212684.0,385050555720.0,1127001123594.0,335938245451.0,주요계정
00161125,한온시스템(주),018880,Y,29172,1347110002206,3068124501,19860311,12,대전광역시 대덕구  신일서로 95,2025,20260318000645,10883728406019.0,9998723268169.0,9521628335626.0,10492248416160.0,10134693336605.0,3930039896659.0,3625271424615.0,3531567612865.0,7151927488858.0,3695626311380.0,주요계정
00121039,명문제약(주),017180,Y,212,1341110013180,1248135615,19830901,12,경기도 화성시  향남읍 제약공단2길 26,2025,20260330000375,195247096550.0,186443052017.0,169567372992.0,272455465130.0,183752507186.0,176719430779.0,159915337129.0,143717787336.0,219056654963.0,160117518415.0,주요계정
00105271,(주)케이씨씨,002380,Y,20411,1101110221814,2148170045,19580812,12,서울특별시 서초구  사평대로 344 (주)케이씨씨 빌딩,2025,20260309001896,6483819486096.0,6658762417820.0,6288442613717.0,16803559405446.0,6477008172544.0,2935723859992.0,3126930489610.0,2999516590144.0,15126548803697.0,3020723646582.0,주요계정
00123523,(주)창해에탄올,004650,K,11121,2013110000107,4168100072,19660616,12,전라북도 전주시 덕진구 원만성로 15,2025,20260814002909,122344462021.0,137452411912.0,116422748457.0,194591450816.0,125406540797.0,103319360596.0,105922444418.0,104945177534.0,182425701482.0,104728994183.0,주요계정
00276834,(주)케이엑스하이텍,052900,K,2224,1648110010780,3128125747,19970305,12,충청남도 아산시  음봉면 연암율금로 330 비아이이엠티,2025,20260318001546,126276082558.0,132265152493.0,154677245205.0,206678209777.0,137739493419.0,87586849341.0,85629264828.0,79528739115.0,175907480747.0,84248284428.0,주요계정
01205851,에이치디현대일렉트릭(주),267260,Y,281,1101116363850,2668600531,20170403,12,경기도 성남시 분당구 분당수서로 477 HD현대 글로벌 R&D센터,2025,20260316000940,4079497658529.0,3322349007529.0,2702799337370.0,4769815393358.0,3368215334476.0,3381139400167.0,2993583277092.0,2293237423244.0,3503823710082.0,2889320033501.0,주요계정
01236897,제일약품(주),271980,Y,212,1101116420361,6288800669,20170601,12,서울특별시 서초구 사평대로 343 제일약품 사옥,2025,20260316000872,567244440283.0,704542027302.0,726393758032.0,510574727006.0,666060075206.0,571285016382.0,698378736558.0,708397754698.0,450806222504.0,659353835879.0,주요계정
01217829,주식회사엔에프씨,265740,K,20423,1201110608755,1318637479,20120423,12,인천광역시 연수구 갯벌로145번길 15-8 &nbsp,2025,20260313000481,,,,,,71621774017.0,40225556510.0,42868677215.0,92053691375.0,51572002581.0,주요계정
00317210,성호전자(주),043260,K,26291,1101110145860,1198102505,19730513,12,"서울특별시 금천구 가산디지털1로 205-15 에스에이치드림타워 1301호, 1302호, 1401호",2025,20260320001361,231577035770.0,207326568063.0,208061479027.0,581089727261.0,215655027620.0,81557343213.0,113110211238.0,155859081392.0,411707188321.0,116842211948.0,주요계정
00153278,(주)서연탑메탈,019770,K,292,1101110519003,1398102284,19870205,12,"인천광역시 남동구  청능대로410번길 40 고잔동,남동공단",2025,20260312000712,,,,,,207061838044.0,182361573211.0,173052825577.0,182743215836.0,187492078944.0,주요계정
00260408,(주)팜스코,036580,Y,105,1311110042950,1298130202,19991001,12,경기도 안성시  미양면 제2공단4길 33,2025,20260320000233,1554134933701.0,1574634584892.0,1854547688808.0,1073411058408.0,1661105735800.0,1427995693337.0,1498530910459.0,1720042339108.0,869543442974.0,1548856314301.0,주요계정
00405959,(주)스타플렉스,115570,K,2221,1201110136459,1368119262,19960711,12,충청북도 음성군  삼성면 대성로 417,2025,20260323001102,98655425592.0,80150853762.0,70700646378.0,99019019951.0,83168975244.0,64762004409.0,53386102538.0,47442494549.0,65935928107.0,55196867165.0,주요계정
00415594,(주)동국에스엔씨,100130,K,2511,1101112276784,1048163193,20010702,12,경상북도 포항시 남구 대송로 62(장흥동),2025,20260316001236,119684884783.0,165779489924.0,178578529292.0,256327957251.0,154680968000.0,119089577038.0,165067122429.0,177602435185.0,252391659162.0,153919711551.0,주요계정
00495086,(주)픽셀플러스,087600,K,2629,1601110096473,3148132491,20000412,12,경기도 성남시 수정구 금토로40번길 30 -,2025,20260318000528,,,,,,42707711339.0,53481912534.0,50670581353.0,106988345927.0,48953401742.0,주요계정
01283974,(주)삐아,451250,K,20423,1411110024675,2268132030,20040311,12,인천광역시 연수구 컨벤시아대로 165 32층,2025,20260408003344,67972288390.0,57644750090.0,38273480005.0,52358575521.0,54630172828.0,65364629700.0,56487564355.0,37917699090.0,51943832302.0,53256631048.0,주요계정
00360036,(주)백금티앤에이,046310,K,2642,1101111353153,2298125504,19961217,12,"경기도 군포시 엘에스로 153-18(산본동) L&C타워 4,5,6층",2025,20260320000180,148922256530.0,152492730341.0,170733617690.0,126288878155.0,157382868187.0,72388953794.0,79550506679.0,90011949184.0,61161722623.0,80650469886.0,주요계정
00567897,(주)에스비비테크,389500,K,291,1101112113142,2158600192,20001118,12,경기도 김포시 월곶면 김포대로2918번길 22,2025,20260323000721,,,,,,7198979874.0,5465590414.0,5134276778.0,32233141630.0,5932949022.0,주요계정
00371485,(주)켐트로닉스,089010,K,204,1311110028116,1298121998,19970401,12,세종특별자치시   전동면 배일길 31,2025,20260318000934,637485933185.0,575221850583.0,542256796298.0,782385054093.0,584988193355.0,356736942242.0,337382240595.0,278156584340.0,520000289224.0,324091922392.0,주요계정
01159853,(주)휴온스,243070,K,212,1311110446029,8638700270,20160503,12,경기도 성남시 수정구 창업로 17 판교 아이스퀘어 A동 8층,2025,20260323001636,620768254716.0,590231059719.0,552006502264.0,680281789538.0,587668605566.0,521054561136.0,529039863489.0,514982461717.0,581392629414.0,521692295447.0,주요계정
01310773,(주)엔시스,333620,K,28909,1615110077268,3128180677,20060112,12,충청남도 아산시 음봉면 스마트산단3로 18 (주)엔시스,2025,20260323000257,48836076321.0,62899277479.0,51226329598.0,84907822358.0,54320561133.0,48679576321.0,62851277479.0,51226329598.0,84646428015.0,54252394466.0,주요계정
01179866,(주)에스지헬스케어,398120,K,27111,1244110097700,1378196388,20090717,12,경기도 이천시  모가면 양녕로 10,2025,20260323001132,24601049961.0,16104629986.0,27778655312.0,40505560917.0,22828111753.0,24961318396.0,15206209178.0,27031167691.0,39652035027.0,22399565088.0,주요계정
00453929,메디포스트(주),078160,K,211,1101112007709,2118661218,20000626,12,경기도 성남시 분당구 대왕판교로 644번길21 -,2025,20260319001247,73656891468.0,70657028379.0,68642987374.0,431550932707.0,70985635740.0,76888153344.0,74112928114.0,69706823234.0,425491546645.0,73569301564.0,주요계정
00765462,씨에스베어링 주식회사,297090,K,29141,1801110611863,6068606640,20071109,12,서울특별시 강남구 언주로 723 8층(논현동),2025,20260318001679,126148072662.0,105410424602.0,76607854875.0,154563902434.0,102722117380.0,101255289125.0,98815632994.0,72337254265.0,129344278777.0,90802725461.0,주요계정
00670340,씨에스윈드(주),112610,Y,2511,1101113509887,2128176626,20060816,12,서울특별시 강남구 언주로 723 -,2025,20260318001110,2931648581449.0,3072529196695.0,1520162115494.0,3216594965195.0,2508113297879.0,613558736508.0,535988571158.0,252780518203.0,1503235719256.0,467442608623.0,주요계정
00239639,(주)삼표시멘트,038500,K,239,1101110738637,2298104571,19901222,12,강원도 삼척시  동양길 20,2025,20260320000882,676926715424.0,790786523331.0,823729443914.0,1446731199428.0,763814227556.0,640607919944.0,743966295597.0,775933239086.0,1216785615244.0,720169151542.0,주요계정
00532059,그린생명과학(주),114450,K,211,2062110029823,4178130958,20050401,12,전라남도 여수시 여수산단2로 84,2025,20260319001189,,,,,,40339622036.0,24860636227.0,22369480277.0,54863691768.0,29189912847.0,주요계정
00580199,(주)메디톡스,086900,K,211,1648110016928,3128142130,20000502,12,충청북도 청원군  오창읍 각리1길 78 (주)메디톡스,2025,20260319001223,247290289368.0,228621968787.0,221120682597.0,581756982355.0,232344313584.0,222046566421.0,208149476160.0,210904259819.0,563453994782.0,213700100800.0,주요계정
00877059,삼성바이오로직스(주),207940,Y,211,1201110566317,1318627632,20110422,12,인천광역시 연수구 송도바이오대로 300,2025,20260515001658,4556971695180.0,3497145675782.0,2938755680729.0,11060741976837.0,3664291017230.0,4556971695180.0,3497145675782.0,2938755680729.0,11023968735616.0,3664291017230.0,주요계정
00926522,테고사이언스(주),191420,K,211,1601110114126,3148140292,20010320,12,"서울특별시 강서구 마곡중앙8로 93 (마곡동, 테고사이언스)",2025,20260625000184,5940717263.0,6759059331.0,7772408575.0,78160932166.0,6824061723.0,5515638375.0,6483080067.0,7224320410.0,78242527102.0,6407679617.0,주요계정
00102618,계양전기(주),012200,Y,291,1101110212889,1048134422,19770427,12,서울특별시 강남구 테헤란로 508 (대치동)해성2빌딩 2층,2025,20260317000814,389798757593.0,369125242685.0,381634129995.0,220426948138.0,380186043424.0,380898344932.0,361209356623.0,376948717037.0,206969806411.0,373018806197.0,주요계정
00297095,나라엠앤디(주),051490,K,292,1942110033580,6098135789,19990219,12,경상남도 창원시 성산구  공단로 675 나라엠앤디(주),2025,20260319000720,184633171553.0,203815719224.0,231000548728.0,268650904285.0,206483146502.0,94875069853.0,95857254735.0,95749945934.0,168751333690.0,95494090174.0,주요계정
00753643,(주)주성코퍼레이션,109070,Y,264,1313110088017,1258179538,20090225,12,충청남도 당진시 시곡로 307 -,2025,20260318000727,85403171510.0,68846344884.0,23947360256.0,41985605299.0,59398958883.0,83103986067.0,66807454484.0,21784122777.0,41461900865.0,57231854443.0,주요계정
00104537,(주)국영지앤엠,006050,K,231,1101110103707,2078141843,19690507,12,"서울시 서초구 서초중앙로 36 (서초동, 준영빌딩 7층)",2025,20260316001289,,,,,,60198966693.0,75411207520.0,76640521220.0,73663110356.0,70750231811.0,주요계정
00105855,엘에스일렉트릭 주식회사,010120,Y,28121,1101110520076,1168119273,19740724,12,경기도 안양시 동안구  엘에스로 127 LS타워,2025,20260318001243,4965798552980.0,4551837252467.0,4230482628448.0,4956680318372.0,4582706144632.0,3462741368949.0,3108461007496.0,3004306322312.0,3999949042698.0,3191836232919.0,주요계정
00143907,(주)원일특강,012620,K,24123,1101110220288,1198101622,19771014,12,"경기도 시흥시  공단2대로256번길 4 (정왕동, 시화공단3바104)",2025,20260316000744,398115514874.0,379299734226.0,379986386064.0,282828182990.0,385800545055.0,365898672844.0,346252343340.0,347891296013.0,246481345535.0,353347437399.0,주요계정
00918222,(주)엘앤케이바이오메드,156100,K,27194,1101114017227,1058726820,20081222,12,경기도 용인시 기흥구 동백중앙로16번길 16-25 201호 &nbsp,2025,20260312001180,38920486823.0,36092216494.0,29904806625.0,83482864772.0,34972503314.0,21711786780.0,22776717255.0,16817502248.0,104758182490.0,20435335428.0,주요계정
00825959,(주)하이비젼시스템,126700,K,273,1101114324127,1048627794,20100408,12,경기도 성남시 중원구 둔촌대로 527 -,2025,20260319000847,171096948608.0,312011802751.0,348281451045.0,317835763904.0,277130067468.0,161801631087.0,282515330511.0,303287063400.0,263742609327.0,249201341666.0,주요계정
00602136,디와이피엔에프(주),104460,K,29163,1101111725386,1138154363,19990701,12,서울특별시 강서구 마곡중앙8로7길 39 -,2025,20260323001743,396256361230.0,281019021433.0,144055577245.0,246868549743.0,273776986636.0,365502243845.0,284531395337.0,153310705833.0,245351551403.0,267781448338.0,주요계정
00120571,롯데칠성음료(주),005300,Y,11209,1101110003684,2148107770,19671129,12,서울특별시 서초구 서초대로70길 15,2025,20260311004566,3971143829134.0,4024503304484.0,3224680481809.0,4284698593709.0,3740109205142.0,2566969761664.0,2723023738767.0,2757321369169.0,3410371410846.0,2682438289867.0,주요계정
00220969,(주)오공,045060,K,20493,1243110001513,1308101293,19740912,12,인천광역시 남동구  함박뫼로 341,2025,20260316001256,160071597465.0,163010096967.0,158428134529.0,147932598516.0,160503276320.0,55305590928.0,57324515891.0,56940051814.0,94570638502.0,56523386211.0,주요계정
00313649,현대바이오사이언스(주),048410,K,204,1344110015693,1268145614,20000525,12,경상북도 김천시  아포읍 아포공단길 106,2025,20260330001311,3517369223.0,15050025356.0,9481384632.0,130738698532.0,9349593070.0,3517369223.0,15050025356.0,9481384632.0,133025705829.0,9349593070.0,주요계정
00617314,주식회사 타이거일렉,219130,K,2622,1201110228610,1218138874,20000728,12,인천광역시 남구 염전로187번길 33,2025,20260317000532,,,,,,80678580109.0,61822374891.0,48569682585.0,90254501542.0,63690212528.0,주요계정
00450931,우양에이치씨(주),101970,K,2512,1350110062633,1348133443,19961001,12,경기도 평택시 포승읍 포승공단로118번길 88,2025,20260312001152,,,,,,100854566106.0,183248928232.0,200055393194.0,250655257091.0,161386295844.0,주요계정
00161383,한미반도체(주),042700,Y,29271,1201110038423,1378102051,19801224,12,인천광역시 서구 가좌로30번길 14,2025,20260312001230,576684619527.0,558917191547.0,159008528366.0,813331626120.0,431536779813.0,559680004877.0,555547131225.0,157081381666.0,798623033690.0,424102839256.0,주요계정
00172680,동국산업(주),005160,K,24122,1101110085583,2028147522,19670901,12,서울특별시 중구  다동길 46,2025,20260318001458,727764317548.0,790288185559.0,757010071920.0,872019766188.0,758354191676.0,373092684024.0,384242047872.0,373991371469.0,618971908173.0,377108701122.0,주요계정
00104388,국도화학(주),007690,Y,20111,1101110126642,1198104497,19720222,12,서울특별시 금천구  가산디지털2로 61,2025,20260305001586,1395556194366.0,1305775130486.0,1311776360252.0,1749499133148.0,1337702561701.0,967066362965.0,981235271976.0,1062354496974.0,1473131028230.0,1003552043972.0,주요계정
00288343,삼영이엔씨(주),065570,K,26429,1801110172667,6018126156,19950206,12,부산광역시 영도구  상리로 69,2025,20260324000001,,,,,,33261463483.0,36103058846.0,33338252948.0,40257888252.0,34234258426.0,주요계정
00111999,대원제약(주),003220,Y,212,1101110103955,2078136336,19610809,12,서울특별시 성동구 천호대로 386 대원제약,2025,20260318001398,605434719615.0,598162352613.0,526952045065.0,613651220679.0,576849705764.0,542981109597.0,536086070880.0,500696282453.0,575492486101.0,526587820977.0,주요계정
00870481,에코캡 주식회사,128540,K,303,1801110602755,6058184196,20070816,12,울산광역시 울주군 언양읍 반천반송산업로 137-66,2025,20260323001607,151845506167.0,138529396394.0,135901878758.0,166545853600.0,142092260440.0,112379628140.0,101242310246.0,106908852335.0,145871091669.0,106843596907.0,주요계정
01078178,알에프에이치아이씨(주),218410,K,264,1101115695337,6938100117,20150414,12,경기도 과천시 과천대로12길 110 (문원동),2025,20260331004907,185803786324.0,114875963020.0,111432998779.0,546184500788.0,137370916041.0,128253123681.0,71468874694.0,69314670529.0,450778810701.0,89678889635.0,주요계정
01095722,(주)심텍,222800,K,2622,1501110205802,1338800123,20150701,12,충청북도 청주시 흥덕구 산단로 73 &nbsp,2025,20260317000641,1410559919451.0,1231421381070.0,1041895724977.0,1620329743829.0,1227959008499.0,1097089873840.0,949490447607.0,813604104965.0,1478785596536.0,953394808804.0,주요계정
01288410,주식회사 셀바이오휴먼텍,318160,K,139,1314110346786,3568700092,20150707,12,"경기도 안양시 동안구 시민대로 401 대륭테크노타운15차 제2001호,제2101호",2025,20260325000792,51066196366.0,28418645601.0,27324211009.0,88457532275.0,35603017659.0,50828446255.0,28272663841.0,27285778021.0,67917826836.0,35462296039.0,주요계정
01538528,(주)에이에스텍,453860,K,20499,1351110074800,1238601591,20050315,12,충청남도 서천군 장항읍 장항산단7길 13 &nbsp,2025,20260320000825,,,,,,24560444117.0,42571531296.0,47339369988.0,107967365440.0,38157115134.0,주요계정
01770203,조선내화 주식회사,462520,Y,2321,2046110071943,2848102978,20230704,12,전라남도 광양시 산업로 55,2025,20260319000141,532032570000.0,500640282000.0,279366908000.0,500352761000.0,437346586667.0,482243738000.0,465779641000.0,262465658000.0,452122189000.0,403496345667.0,주요계정
00132202,선진뷰티사이언스(주),086710,K,20499,1350110029576,1348101179,19880601,12,서울특별시 금천구 가산디지털2로 143 가산 어반워크2 16층,2025,20260318001120,80766128193.0,79372060433.0,72622359560.0,173848768961.0,77586849395.0,68805862444.0,72592297354.0,68410737212.0,166021888145.0,69936299003.0,주요계정
01139035,주식회사 티에스아이,277880,K,292,1313110109110,1258196518,20110701,12,"경기도 화성시 동탄첨단산업1로 27 영천동, 금강 펜테리움 IX타워 코벤트가든 M201",2025,20260323001468,264652706977.0,271986540655.0,261126660091.0,302937881134.0,265921969241.0,264443612193.0,271986540655.0,261126660091.0,303453600448.0,265852270980.0,주요계정
01544468,이엔셀(주),456070,K,211,1101116693918,3608601147,20180321,12,서울특별시 송파구 송파대로 201 17층(송파테라타워2 A동),2025,20260320000954,,,,,,5258687306.0,7209317184.0,10525886941.0,63712916707.0,7664630477.0,주요계정
00367400,모티브링크(주),463480,K,26294,1345110002367,1358106046,19770321,12,경기도 용인시 처인구 백암면 백암로 79,2025,20260323001100,67411311418.0,61738933021.0,82917299058.0,63994451509.0,70689181166.0,67404497846.0,61755073515.0,82921057648.0,62002291486.0,70693543003.0,주요계정
00536523,(주)로보스타,090360,K,29280,1101111655393,1138151686,19990226,12,경기도 안산시 상록구  수인로 700,2025,20260312000793,75735139041.0,89140364461.0,102679156147.0,109142421219.0,89184886550.0,74678831313.0,88243502158.0,102114567055.0,108616175426.0,88345633509.0,주요계정
00660750,하나머티리얼즈(주),166090,K,2612,1615110086227,3128188209,20070123,12,충청남도 천안시 서북구 3공단3로 42,2025,20260313001351,273481969679.0,251646191336.0,233576716299.0,685606173112.0,252901625771.0,272870688285.0,250371382753.0,233214302815.0,685218360227.0,252152124618.0,주요계정
01208751,(주)아이에스티이,212710,K,261,1348110278748,1358635890,20130828,12,경기도 화성시 향남읍 토성로 306 (백토리 185),2025,20260320000831,32220867462.0,41086620121.0,27196582574.0,61384239329.0,33501356719.0,32134600245.0,41000839983.0,27079413662.0,61354761738.0,33404951297.0,주요계정
01316245,효성중공업(주),298040,Y,281,1101116770154,5788700896,20180604,12,서울특별시 마포구 마포대로 119 효성빌딩,2025,20260323001004,5968511616609.0,4894979612220.0,4300571503251.0,7227883006296.0,5054687577360.0,4097813940685.0,3360318545384.0,3096375811355.0,5101455864948.0,3518169432475.0,주요계정
01370863,주식회사 그린리소스,402490,K,261,1615110128011,3128626173,20110406,12,인천광역시 서구 파랑로 470 (주)그린리소스,2025,20260318000734,102155379135.0,18498939484.0,16501343055.0,147237264962.0,45718553891.0,91124642533.0,13901800173.0,12192089295.0,127479190144.0,39072844000.0,주요계정
00528791,(주)제일엠앤에스,412540,K,292,1101110418833,1248114298,19860225,12,경기도 이천시 부발읍 황무로2065번길 72-75,2025,20260615000296,151265078664.0,247486444077.0,143172829242.0,528073345609.0,180641450661.0,150911860357.0,227732994923.0,142835202110.0,491137774553.0,173826685797.0,주요계정
00629212,(주)딜리,131180,K,26323,1154110011579,1278165587,19960215,12,경기도 동두천시 강변로702번길 30,2025,20260313000806,,,,,,32306126087.0,38212514888.0,25705183783.0,68275686347.0,32074608253.0,주요계정
00111810,(주)대웅,003090,Y,212,1311110000271,1298100178,19610110,12,경기 성남시 중원구 상대원동 223-23,2025,20260318001178,2068370455244.0,1936916852599.0,1813841462124.0,3232157201634.0,1939709589989.0,73982158122.0,97960706807.0,116634502092.0,563184248020.0,96192455674.0,주요계정
00259545,(주)엠에스오토텍,123040,K,303,1712110005114,5058105299,19900906,12,경상북도 경주시  내남면 포석로 16-9,2025,20260330001617,1740551641926.0,1777518816112.0,2081763599500.0,1696890049682.0,1866611352513.0,14135406605.0,99868992733.0,241620472077.0,275607040977.0,118541623805.0,주요계정
00821607,(주)알톤,123750,K,31991,1101114313807,1078733730,20100325,12,경기도 양주시 칠봉산로120번길 82 -,2025,20260316001632,32159264764.0,28185286202.0,42075043659.0,29374312261.0,34139864875.0,29947735073.0,24765705649.0,37233525347.0,26349672476.0,30648988690.0,주요계정
00155124,평화홀딩스(주),010770,Y,303,1701110006412,5148106346,19501030,12,대구광역시 달성군  논공읍 논공로 597,2025,20260316000856,883676528085.0,835189547389.0,797052502774.0,558555295274.0,838639526083.0,18761701588.0,17864314528.0,16555435892.0,178127266393.0,17727150669.0,주요계정
00338170,(주)이닉스,452400,K,30399,1801110053411,6078118315,19840507,12,부산광역시 해운대구 해운대로191번길 16,2025,20260318000138,122587961259.0,104517963672.0,118889585648.0,141222943880.0,115331836860.0,102440382222.0,94376175229.0,116796431185.0,133303118855.0,104537662879.0,주요계정
00390055,(주)종근당바이오,063160,Y,212,1101112373308,1108153652,20011112,12,서울특별시 서대문구  충정로 8,2025,20260318001214,,,,,,160070986863.0,171756008722.0,160352778354.0,299866941097.0,164059924646.0,주요계정
00427483,(주)대웅제약,069620,Y,212,1348110075342,1248601143,20021001,12,경기도 화성시 향남읍 제약공단4길 35-14 -,2025,20260318001528,1570891005329.0,1422683296380.0,1375328744877.0,2362799296077.0,1456301015529.0,1390995347493.0,1265401249835.0,1221951076072.0,2100996812985.0,1292782557800.0,주요계정
00445054,하나마이크론(주),067310,K,2611,1648110021208,3128150630,20010823,12,충남 아산시 음봉면 원남리 95-1번지,2025,20260319000032,1534418874072.0,1250692575645.0,967971484717.0,2017838854218.0,1251027644811.0,1054998015465.0,797620419820.0,581861178622.0,1138887845338.0,811493204636.0,주요계정
00155638,피에스텍(주),002230,K,27214,1101110033623,2188103742,19571212,12,서울특별시 성동구 왕십리로 46(성수동1가),2025,20260318001237,97159784624.0,80585330844.0,69629912611.0,174884643176.0,82458342693.0,96565338206.0,79997236887.0,68950706510.0,171483535362.0,81837760534.0,주요계정
01302853,(주)아이씨에이치,368600,K,262,1348110250671,1438104883,20120814,12,경기도 군포시 벌새전리길 13(당정동),2025,20260330001000,46852015447.0,64567994093.0,43192695143.0,95000307242.0,51537568228.0,40989305940.0,61799901635.0,34019659970.0,87120039591.0,45602955848.0,주요계정
00155319,포스코홀딩스(주),005490,Y,2411,1746110000741,5068100017,19680401,12,경상북도 포항시 남구 동해안로 6261 -,2025,20260311004517,69094886192787.0,72688143160111.0,77127197108585.0,105192437963565.0,72970075487161.0,1403309682120.0,1997127595121.0,1454079239690.0,51815584736821.0,1618172172310.0,주요계정
00157681,롯데정밀화학(주),004000,Y,20119,1812110000013,6108100029,19640827,12,울산광역시 남구 여천로217번길 19,2025,20260814002211,1752682647758.0,1670545189888.0,1768621115725.0,2746168414774.0,1730616317790.0,1750345284209.0,1671976516452.0,1765761745797.0,2538986442593.0,1729361182153.0,주요계정
00939687,동일고무벨트(주),163560,Y,2219,1801110828129,6218197752,20121005,12,부산광역시 금정구 공단동로55번길 28,2025,20260318001036,364602809366.0,336983162562.0,357776406425.0,355346619626.0,353120792784.0,356658348535.0,329650516165.0,348100286362.0,347018148998.0,344803050354.0,주요계정
01385050,(주)넥스트바이오메디컬,389650,K,27199,1201110720228,1318663415,20140801,12,인천광역시 연수구 벤처로100번길 6,2025,20260320000422,,,,,,16476802680.0,9542630855.0,4882232877.0,59265165446.0,10300555471.0,주요계정
00663669,(주)폴라리스우노,114630,K,20501,2101110024308,4188119261,19990719,12,전라북도 완주군  봉동읍 완주산단3로 158-15 우노앤컴퍼니,2025,20260316001609,101825593820.0,80130453283.0,78051382009.0,156204940245.0,86669143037.0,78193711654.0,64497824913.0,71734354189.0,142194553373.0,71475296919.0,주요계정
00672603,(주)케이엔알시스템,199430,K,272,1348110051904,1248175112,20000715,12,"경기도 화성시 동탄기흥로 557 제4층 제406호 제407호 제408호 제409호 제410호 제411호 (영천동, 금강펜테",2025,20260320001331,15913249035.0,18532994075.0,21399034152.0,46944966861.0,18615092421.0,15789631241.0,18384326072.0,21497574792.0,48265524587.0,18557177368.0,주요계정
00141389,케이젯정밀(주),036560,K,29120,1101110342496,2118115683,19830120,12,서울특별시 강남구 테헤란로 419 강남파이낸스플라자 8층,2025,20260311004507,,,,,,110512771845.0,112713189198.0,138702144854.0,734007614682.0,120642701966.0,주요계정
01568413,주식회사 에프앤에프,383220,Y,14111,1101117875440,1538102451,20210503,12,서울특별시 강남구 테헤란로8길 8 -,2025,20260318001512,1933995926896.0,1896009590086.0,1978495535892.0,2651445897849.0,1936167017625.0,1694695683997.0,1517994384047.0,1693670709137.0,2215497400463.0,1635453592394.0,주요계정
00207375,대한뉴팜(주),054670,K,212,1101110383515,2298110729,19841020,12,경기도 화성시 향남읍 상신리 904-3,2025,20260828000682,,,,,,202401496497.0,202186716840.0,204222610934.0,271184096918.0,202936941424.0,주요계정
01765256,동국씨엠 주식회사,460850,Y,24122,1101118651659,8978702489,20230601,12,서울특별시 중구 을지로5길 19,2025,20260317000766,2768703132346.0,2163761368649.0,1266149070283.0,2710440937830.0,2066204523759.0,1973635302655.0,2163761368649.0,1266149070283.0,1940056139710.0,1801181913862.0,주요계정
01519790,주식회사 엠앤씨솔루션,484870,Y,292,1942110326208,2638101759,20201201,12,경상남도 창원시 성산구 완암로 171,2025,20260318000447,,,,,,403348735243.0,282796626108.0,183449862293.0,402948622235.0,289865074548.0,주요계정
00623184,(주)오늘이엔엠,192410,K,2642,1301110044808,1248152292,19971015,12,서울특별시 서초구 효령로 345 휴림빌딩 2층,2025,20260319001418,16693992539.0,13020313027.0,17449952618.0,80834690581.0,15721419395.0,14098900649.0,11663217647.0,17066822607.0,63523932266.0,14276313634.0,주요계정
00132725,에스비성보(주),003080,Y,2032,1147110000402,1288100011,19610106,12,경기도 안산시 단원구 산단로19번길 168 (목내동) 성보화학주식회사,2025,20260318001484,64334046194.0,59837932666.0,62612439874.0,228336893035.0,62261472911.0,63669588696.0,59735031856.0,62628140924.0,225629932144.0,62010920492.0,주요계정
01276026,(주)지놈앤컴퍼니,314130,K,211,1341110422240,6278700257,20150924,12,"경기도 수원시 영통구 창룡대로256번길 50 7층, 8층",2025,20260320001084,24586847088.0,27744683042.0,14295995472.0,145008358600.0,22209175201.0,12188077796.0,15069435758.0,2443808288.0,124792377505.0,9900440614.0,주요계정
01358463,현대무벡스(주),319400,K,291,1101117016870,7968701173,20190218,12,서울시 종로구 율곡로 194 현대그룹빌딩,2025,20260318001359,393940640251.0,341383043004.0,267838061818.0,283436434561.0,334387248358.0,355474623608.0,328553454726.0,266446085897.0,274262778661.0,316824721410.0,주요계정
01270749,(주)웨이비스,289930,K,261,1348110407800,2728600666,20170502,12,경기도 화성시 삼성1로5길 46,2025,20260317000533,,,,,,40706149797.0,29395539959.0,16889541506.0,110354012068.0,28997077087.0,주요계정
01011526,(주)엔켐,348370,K,20119,1512110026289,3048125799,20120216,12,충청북도 제천시 바이오밸리로 107,2025,20260326001049,312794042228.0,365708579550.0,424691399327.0,1107549178461.0,367731340368.0,34642678246.0,40832723430.0,89826683148.0,839684910979.0,55100694941.0,주요계정
01085026,(주)유진테크놀로지,240600,K,259,1501110137013,3178118936,20100519,12,충청북도 청주시 흥덕구 2순환로742번길 42,2025,20260319001162,28679627649.0,31123708985.0,47497623102.0,59265808340.0,35766986579.0,21019986344.0,22835509180.0,32986303600.0,49374175858.0,25613933041.0,주요계정
00310156,(주)셀루메드,049180,K,211,1201110019225,1348101408,19850430,12,"서울특별시 금천구  디지털로 130 402(가산동, 에이스테크노타워 9차)",2025,20260710000233,140194245644.0,129139780664.0,95552959605.0,60929423046.0,121628995304.0,12036992438.0,11166762133.0,15145746872.0,38525304753.0,12783167148.0,주요계정
01747977,(주)엘케이켐,489500,K,20499,1615110093610,3128194768,20071101,12,충청남도 천안시 서북구 성거읍 성거길 228-17,2025,20260318001137,20179862262.0,25044464791.0,15256953775.0,66121157183.0,20160426943.0,20166188262.0,25039914791.0,15257953775.0,66218149851.0,20154685609.0,주요계정
00166175,(주)대호특수강,021040,K,24123,1845110003856,6218105835,19880902,12,충청북도 충주시 충주산단1로 95 (용탄동),2025,20260317000646,277424948980.0,296390570520.0,300559957997.0,175036130573.0,291458492499.0,276819952371.0,295629128919.0,300559957997.0,173955267556.0,291003013096.0,주요계정
01082348,(주)오스테오닉,226400,K,27199,1101114816570,1138657540,20120309,12,서울특별시 구로구 디지털로29길 38 에이스테크노타워Ⅲ1206호,2025,20260626000761,45393099435.0,34234509043.0,27798503886.0,100428294354.0,35808704121.0,44899839612.0,33521711935.0,27119640309.0,99318478316.0,35180397285.0,주요계정
00119007,무림피앤피(주),009580,Y,171,1812110002548,6108102842,19740116,12,울산광역시 울주군 온산읍 우봉강양로 3-36 -,2025,20260313001288,731620027887.0,811651367990.0,768920159344.0,1820115150517.0,770730518407.0,683054294673.0,769514865347.0,719245301865.0,1497702482270.0,723938153962.0,주요계정
00121507,무림에스피(주),001810,K,171,1701110001082,2118163282,19560726,12,서울특별시 강남구  강남대로 656 (신사동),2025,20260313001308,205670598437.0,176865812368.0,162093712069.0,343812153418.0,181543374291.0,204759198437.0,175891628368.0,161141832069.0,294625302501.0,180597552958.0,주요계정
01373709,아이씨티케이 주식회사,456010,K,261,1311110496503,6498700830,20171018,12,"서울특별시 강남구 강남대로84길 16 비1층, 7층, 13층, 14층(역삼동, 제이스타워)",2025,20260723000522,4020136626.0,6683572584.0,6187514371.0,73232798197.0,5630407860.0,4020136626.0,6683572584.0,6187514371.0,73222663991.0,5630407860.0,주요계정
00136086,무림페이퍼(주),009200,Y,171,1911110000782,6138100289,19730829,12,경상남도 진주시  남강로 1003 (상평동),2025,20260316001269,1264911879644.0,1384380090169.0,1321885020099.0,2575053587435.0,1323725663304.0,507492455705.0,535386967926.0,514307632238.0,883543261120.0,519062351956.0,주요계정
00317681,(주)메타바이오메드,059210,K,213,1501110041925,3158135211,19990701,12,충청북도 청주시 흥덕구  오송읍 오송생명1로 270,2025,20260629000364,102951318559.0,94036051029.0,83100721820.0,186603753599.0,93362697136.0,92141769678.0,84445101540.0,75981489460.0,183678393836.0,84189453559.0,주요계정
00326731,(주)바이오니아,064550,K,213,1601110032542,3018127217,19920828,12,대전광역시 유성구 테크노2로 71 (주)바이오니아 글로벌센터,2025,20260324001036,330110657768.0,293975485094.0,263236802636.0,369883618596.0,295774315166.0,37553325838.0,38237855411.0,40037731949.0,193072686500.0,38609637733.0,주요계정
00349060,한스바이오메드(주),042520,K,213,1101111773872,2068117637,19990915,09,"서울특별시 송파구 정의로8길 7 9F,11F,12F",2025,20251218000494,89779853611.0,81137434056.0,78032037342.0,126407117302.0,82983108336.0,60231256132.0,50575180311.0,47606154234.0,106614811535.0,52804196892.0,주요계정
00608440,(주)티앤엘,340570,K,213,1345110028404,1358127264,19980609,12,경기도 용인시 수지구 신수로 767 에이동 2401호,2025,20260318001498,164157781834.0,174891676241.0,115461318940.0,217077493689.0,151503592338.0,164038841400.0,174706546485.0,115292868394.0,216799778299.0,151346085426.0,주요계정
00767628,(주)나이벡,138610,K,213,1101112940933,1018602611,20040220,12,충청북도 진천군  이월면 밤디길 116 이월전기전자농공1단지,2025,20260320001388,,,,,,32718793376.0,24550141599.0,15703946248.0,63002101804.0,24324293741.0,주요계정
00971726,(주)옵티팜,153710,K,213,1301110062876,1248175413,20000727,12,충청북도 청주시 흥덕구 오송읍 오송생명6로 63,2025,20260313000903,,,,,,22344530941.0,19636227402.0,17372567556.0,40769326788.0,19784441966.0,주요계정
01063954,(주)수젠텍,253840,K,213,1601110312126,3148630542,20111209,12,대전광역시 유성구 테크노2로 206 사무동2층 수젠텍,2025,20260318001334,9416857906.0,10097082997.0,7132305545.0,98213579408.0,8882082149.0,9261578730.0,10079032550.0,7132305545.0,100021931676.0,8824305608.0,주요계정
01161432,(주)레이저옵텍,199550,K,27112,1101112035552,2098126339,20000726,12,경기도 성남시 중원구 갈마치로 245 성남아이파크디어반 14층,2025,20260320000782,25695436108.0,33037915734.0,34352053954.0,36551429474.0,31028468599.0,25255610037.0,33818923359.0,34352053954.0,42586288143.0,31142195783.0,주요계정
00108038,엔피씨(주),004250,Y,22232,1101110212699,1348126904,19650529,12,경기도 용인시 수지구 신수로 785-17 엔피씨(주),2025,20260323001210,450319620231.0,458265475806.0,508721241750.0,625332153184.0,472435445929.0,294584665574.0,318831733896.0,359859917129.0,492327966398.0,324425438866.0,주요계정
00228059,(주)휴온스글로벌,084110,K,212,1101110400202,1298107002,19870710,12,경기도 성남시 수정구 창업로 17 판교 아이스퀘어 A동 9층,2025,20260323001670,847453173652.0,813460515145.0,758379660587.0,1559916952711.0,806431116461.0,41912593352.0,40035181185.0,39327571587.0,489429906310.0,40425115375.0,주요계정
00242934,(주)케이엠,083550,K,139,1450110000540,2258101359,19890928,12,경기도 안성시 미양면 협동단지길 147-1 (주)케이엠,2025,20260319000714,135414355363.0,131141520286.0,127779372841.0,179883797882.0,131445082830.0,106437219086.0,106010043979.0,108115962840.0,146521828196.0,106854408635.0,주요계정
01700587,(주)이노스페이스,462350,K,31311,1647110071148,6528700893,20170919,12,세종특별자치시  가름로 232 세종비지니스센터,2025,20260731000737,2746488690.0,14708000.0,231425455.0,70066703327.0,997540715.0,2746488690.0,14708000.0,231425455.0,70145712670.0,997540715.0,주요계정
01275489,주식회사 셀비온,308430,K,212,1101114398180,2148863223,20100721,12,서울특별시 종로구 대학로 103 서울대학교 암연구소 6층,2025,20260320001329,,,,,,1945073476.0,2289802980.0,1471257198.0,35194689378.0,1902044551.0,주요계정
00962393,(주)포인트모바일,318020,K,263,1101113501601,1198191385,20060728,12,"서울특별시 금천구 디지털로 178 (가산동, 가산퍼블릭) A동 26층",2025,20260318001433,87204429934.0,77295579606.0,80027251877.0,95018561122.0,81509087139.0,84727361069.0,76948589052.0,79955219691.0,96468811584.0,80543723271.0,주요계정
00109754,대림바스 주식회사,005750,Y,23222,1942110000018,6098100261,19680920,12,경상남도 창원시 성산구  공단로 52,2025,20260319001199,300567542574.0,281054583692.0,266280932560.0,338482567888.0,282634352942.0,264508197277.0,251604705114.0,243169884229.0,320032917601.0,253094262207.0,주요계정
00521390,(주)뉴파워프라즈마,144960,K,29271,1101111784952,2128144110,19991007,12,경기도 수원시 권선구 산업로155번길 214 (주)뉴파워프라즈마,2025,20260323001403,577990393724.0,519836396500.0,350666770950.0,991116951474.0,482831187058.0,152270764959.0,144559023555.0,117306048282.0,356193243257.0,138045278932.0,주요계정
00263654,(주)오스코텍,039200,K,212,1615110028691,3128132175,19981208,12,"경기도 성남시 분당구  대왕판교로 700 A-901(삼평동,코리아바이오파크)",2025,20260319001005,99838669222.0,34007602680.0,4950929999.0,229853200876.0,46265733967.0,75518667400.0,18826295227.0,4303284768.0,205099021363.0,32882749132.0,주요계정
00983916,에이치엘비제넥스(주),187420,K,211,1601110095821,3148132185,20000329,12,대전광역시 유성구 테크노1로 65(관평동),2025,20260320001238,43370322639.0,35429798360.0,27008338286.0,135828589557.0,35269486428.0,24218649474.0,16707377208.0,14239493671.0,105067225562.0,18388506784.0,주요계정
00256955,(주)테이팩스,055490,Y,2229,1201110095499,1398115931,19940801,12,"경기도 수원시 영통구 대학4로 17 제8층 812호, 813호(이의동, 에이스광교타워 1차)",2025,20260316001319,141138746609.0,135954866237.0,145840123985.0,201027023575.0,140977912277.0,141121628302.0,134174014276.0,143616406089.0,143584821251.0,139637349556.0,주요계정
00128412,삼진제약(주),005500,Y,212,1101110088652,1058100769,19680418,12,서울특별시 마포구  와우산로 121 삼진제약사옥,2025,20260316001338,,,,,,309133530719.0,308349934442.0,292128533737.0,470531747766.0,303203999633.0,주요계정
01592049,주식회사 엔젤로보틱스,455900,K,29280,1101116314085,4358600568,20170210,12,"서울특별시 광진구 광나루로56길 85 테크노마트21 제12층 제01호, 제02호(구의동)",2025,20260323000858,,,,,,4641312180.0,4210953924.0,5146186401.0,37033858938.0,4666150835.0,주요계정
00492353,(주)파이오링크,170790,K,26410,1101112035578,1198141089,20000726,12,서울특별시 금천구  가산디지털2로 98 IT캐슬 1동 401호,2025,20260320000730,65634922825.0,58295777255.0,59017753144.0,99832815219.0,60982817741.0,65549351725.0,58295777255.0,59017753144.0,99585182312.0,60954294041.0,주요계정
01051472,(주)젠큐릭스,229000,K,213,1101114690768,2068657589,20110921,12,서울특별시 구로구 디지털로 243 지하이시티 15층,2025,20260316001142,,,,,,7548219535.0,5133768897.0,2600317668.0,32107494024.0,5094102033.0,주요계정
00871833,에스티팜(주),237690,K,212,1545110039704,3038152269,20080818,12,"경기도 시흥시 협력로 231(정왕동, 시화공단 1나 802호) &nbsp",2025,20260602000343,331681282447.0,273751342840.0,284991652409.0,782566948564.0,296808092565.0,293178341057.0,244072360024.0,251558506779.0,776722093713.0,262936402620.0,주요계정
01686427,(주)에스오에스랩,464080,K,27211,2001110465372,4188800382,20160622,12,"광주광역시 북구 첨단과기로 123 B동 101호(오룡동, 창업진흥센터)",2025,20260319000013,,,,,,6086041489.0,4935969544.0,4103272029.0,78587867000.0,5041761021.0,주요계정
00151128,(주)모토닉,009680,Y,303,1101110161317,1018102940,19740307,12,"서울특별시 종로구 청계천로 41 9층(서린동, 영풍빌딩)",2025,20260318000984,279697463554.0,290604602023.0,244258777569.0,530548802467.0,271520281049.0,279697463554.0,290604602023.0,244258777569.0,530998932262.0,271520281049.0,주요계정
01445440,(주)위츠,459100,K,26299,1345110389715,2398101474,20190404,12,경기도 용인시 처인구 남사면 형제로 35,2025,20260313001285,168722438145.0,90763923263.0,99533806983.0,158274803044.0,119673389464.0,93096709135.0,73059477789.0,81124190771.0,118501147414.0,82426792565.0,주요계정
00155355,(주)풀무원,017810,Y,108,1101110375439,3158101744,19840531,12,충청북도 음성군 대소면 삼양로 730-27,2025,20260323001547,3380189222782.0,3213696853910.0,2993468191302.0,2348153156973.0,3195784755998.0,111449644728.0,120372665060.0,126032393683.0,562151435435.0,119284901157.0,주요계정
00300405,(주)오리엔트정공,065500,K,303,1812110008083,6208101651,19870625,12,경상북도 구미시 수출대로 9-1 26-5(공단동),2025,20260319000819,157135799037.0,173404473713.0,162809370321.0,98290350357.0,164449881024.0,132798030485.0,146725337727.0,127912066979.0,88894200762.0,135811811730.0,주요계정
00150439,진양산업(주),003780,Y,2225,1801110043610,1028134256,19630718,12,경상남도 양산시 유산공단7길 42 -,2025,20260304001741,90655194966.0,88220353454.0,86871531571.0,93689026884.0,88582359997.0,61645775585.0,62218582914.0,63714229623.0,70046567981.0,62526196041.0,주요계정
00661847,(주)화인베스틸,133820,Y,24121,1951110010951,6088168647,20070918,12,경상남도 창녕군 창녕읍 창밀로 259-33,2025,20260323001157,186171163411.0,119171936760.0,132197701719.0,171617473798.0,145846933963.0,180562458971.0,114498270230.0,129727545224.0,168686824295.0,141596091475.0,주요계정
01105153,두산로보틱스 주식회사,454910,Y,2928,1101115798272,2578800128,20150731,12,경기도 수원시 권선구 산업로156번길 79,2025,20260318001562,32978338354.0,46829943837.0,53038372299.0,399370499942.0,44282218163.0,27301039299.0,51571428411.0,55052581744.0,398676845297.0,44641683151.0,주요계정
00447575,(주)제이앤티씨,204270,K,262,1101111334583,1198122651,19961101,12,경기도 화성시 정남면 구내길 81-9 &nbsp,2025,20260323001603,185653161156.0,273239103365.0,323436932669.0,548175586463.0,260776399063.0,96668785883.0,101878571741.0,138839992236.0,431298432840.0,112462449953.0,주요계정
00480783,상신이디피(주),091580,K,28202,1348110016007,1248117179,19920128,12,충청남도 천안시 서북구 직산읍 4산단6길 57 -,2025,20260602000490,250083513076.0,245143658182.0,290120565566.0,335766845117.0,261782578941.0,101514143495.0,103642053449.0,109116046191.0,247979934059.0,104757414378.0,주요계정
01590528,(주)아스테라시스,450950,K,27112,1412110077086,6098625063,20150707,12,"서울특별시 성동구 성수일로4길 25, 서울숲코오롱디지털타워1차 1005호",2025,20260316000862,37943714291.0,28833182740.0,17497984287.0,52211904704.0,28091627106.0,37903084795.0,28767244357.0,17454406313.0,52139137686.0,28041578488.0,주요계정
00526599,(주)덴티움,145720,Y,27191,1351110052892,1238157732,20000607,12,경기도 수원시 영통구 창룡대로 256번길 76(이의동) 덴티움지식산업센터,2025,20260401003696,346451532721.0,407807117931.0,393188581139.0,932790285701.0,382482410597.0,266981328920.0,320722848447.0,317475206661.0,781738447322.0,301726461343.0,주요계정
01678312,아이빔테크놀로지(주),460470,K,27309,1601110458821,1548600806,20170623,12,"대전광역시 유성구 테크노4로 17, 대덕비즈센터 비동 415호(관평동)",2025,20260403002632,,,,,,4375864077.0,3564282688.0,4495088983.0,30227756331.0,4145078583.0,주요계정
00186799,(주)태웅,044490,K,25912,1801110073922,6038116009,19870619,12,부산광역시 강서구  녹산산단27로 67,2025,20260318001708,,,,,,349653597289.0,386324125935.0,443760096450.0,809910868576.0,393245939891.0,주요계정
00486705,아주스틸(주),139990,Y,2419,1760110020145,5138116496,19991029,12,경상북도 구미시 4공단로 321,2025,20260318001296,1085603129063.0,999671752739.0,938544286063.0,1005925873272.0,1007939722622.0,595626053228.0,548974392987.0,502585346315.0,707543425006.0,549061930843.0,주요계정
00527002,(주)화인써키트,127980,K,262,1201110063785,1378106417,19910110,12,인천광역시 남동구 남동대로79번길 71 &nbsp,2025,20260319000560,81789735978.0,85921268349.0,69222343617.0,82236506027.0,78977782648.0,63940321978.0,70188411160.0,57865428236.0,71337375318.0,63998053791.0,주요계정
01492217,(주)엑셀세라퓨틱스,373110,K,211,1101115836767,5348600230,20150914,12,서울특별시 강남구 영동대로 333 동원빌딩 6층,2025,20260515000429,1948989102.0,1934344104.0,1123898370.0,15721418187.0,1669077192.0,1948989102.0,1934344104.0,1123898370.0,15894859250.0,1669077192.0,주요계정
01020524,자이글(주),234920,K,28511,2850110153481,1288635873,20081230,12,서울특별시 강서구 허준로 217 11층 1114호,2025,20260323001551,,,,,,8229529017.0,12070713092.0,4144292300.0,49719311897.0,8148178136.0,주요계정
01458161,주식회사 티엑스알로보틱스,484810,K,291,1211110330000,6118800754,20170711,12,경기도 부천시 원미구 옥산로 216,2025,20260319000270,,,,,,56632898384.0,57227363835.0,33193262358.0,94806334681.0,49017841526.0,주요계정
00107987,남해화학(주),025860,Y,20312,1101110164717,2018145104,19740508,12,서울특별시 강남구 테헤란로113길 15 (삼성동),2025,20260319000635,1604420884203.0,1519109111887.0,1588078324797.0,824579888654.0,1570536106962.0,1600248827684.0,1521779049437.0,1590445423376.0,767818583007.0,1570824433499.0,주요계정
00863533,(주)삼양엔씨켐,482630,K,20499,1314110209166,1348646467,20080306,12,경기도 화성시 동탄면 동탄산단7길 98-34,2025,20260313000769,,,,,,125385914184.0,110516459677.0,98602886804.0,144797882829.0,111501753555.0,주요계정
00958327,(주)지앤비에스 에코,382800,K,29271,1348110105579,1248631287,20050404,12,경기도 안성시 대덕면 모산로 401-14,2025,20260312000549,91919436496.0,70763128588.0,89320182345.0,139485581860.0,84000915810.0,91354245672.0,70576022106.0,89320182345.0,138678157049.0,83750150041.0,주요계정
00216647,(주)원익홀딩스,030530,K,201,1243110033235,1338127249,19910919,12,경기도 평택시 진위면 마산12로 21 -,2025,20260923000536,622991604240.0,645472610486.0,749527050135.0,1969723238243.0,672663754954.0,234868850435.0,287708268678.0,322272070797.0,1042240546867.0,281616396637.0,주요계정
00222435,제이엠아이(주),033050,K,204,1101110922214,1248146204,19930220,12,경기도 화성시 동탄면 동탄산단8길 15-20,2025,20260317000531,89803265878.0,80436938348.0,74566785312.0,104934467440.0,81602329846.0,37243642679.0,38395385776.0,32124075414.0,67382905734.0,35921034623.0,주요계정
00657002,(주)에이디테크놀로지,200710,K,2611,1311110081627,1298153729,20020823,12,경기도 수원시 영통구 광교중앙로248번길 7-8 에이디테크놀로지 빌딩,2025,20260320001390,164511629858.0,106545463919.0,100172177678.0,293465147035.0,123743090485.0,124432233785.0,70994563138.0,61310243222.0,291871844324.0,85579013382.0,주요계정
00149354,(주)종근당홀딩스,001630,Y,212,1101110028955,1138106667,19560110,12,서울특별시 서대문구  충정로 8 종근당빌딩,2025,20260318001530,959011774439.0,957752613068.0,879780769949.0,1628780738713.0,932181719152.0,25650845910.0,28311320144.0,25550344121.0,444745023793.0,26504170058.0,주요계정
00384762,(주)파커스,065690,K,221,1201110041327,1228116892,19870623,12,충남 천안시 성거읍 천흥리316-4,2025,20260318001539,53499990345.0,63689337418.0,63616324294.0,81293288223.0,60268550686.0,14840873998.0,20430895859.0,21063544110.0,65140109898.0,18778437989.0,주요계정
00466428,(주)아미노로직스,074430,K,211,1311110030369,1298123337,19970903,12,서울특별시 강남구 역삼로 151 삼오빌딩3층 301호,2025,20260323001526,22020233503.0,16790273164.0,20886622718.0,84178004615.0,19899043128.0,22020233503.0,16790273164.0,20886622718.0,84176530973.0,19899043128.0,주요계정
01453944,(주)벡트,457600,K,26519,1101113429621,2208727579,20060330,12,서울특별시 강남구 역삼로 229 &nbsp,2025,20260320001120,44543769991.0,64679463948.0,68878478835.0,40038268812.0,59367237591.0,27637449907.0,41301346260.0,45260939835.0,28851309676.0,38066578667.0,주요계정
00121534,(주)MH에탄올,023150,Y,11121,1901110003563,6088103800,19780704,12,경상남도 창원시 마산회원구 내서읍 광려천남로 25,2025,20260312000803,94719109542.0,100419425361.0,105484095313.0,261165503051.0,100207543405.0,52128078911.0,53731565330.0,55120453585.0,119434593984.0,53660032609.0,주요계정
00366845,(주)탑엔지니어링,065130,K,29272,1760110007937,5138107376,19931113,12,경상북도 구미시  고아읍 농공단지길 53-17,2025,20260331002196,798498300100.0,815419033739.0,959380436380.0,492123214404.0,857765923406.0,120533409239.0,90354611783.0,174320888401.0,197477438880.0,128402969808.0,주요계정
00137252,사조동아원(주),008040,Y,105,1244110000662,1368101103,19720726,12,서울특별시 서초구 방배천로2길 12 사조빌딩,2025,20260318001588,,,,,,674263587949.0,678149244374.0,678497886892.0,463742803194.0,676970239738.0,주요계정
00150633,(주)지누스,013890,Y,320,1347110002553,1248128792,19790308,12,"경기도 성남시 분당구 야탑로81번길 10,8층(야탑동, 아미고타워)",2025,20260313000634,913180017856.0,920399251687.0,952282926124.0,1073120500372.0,928620731889.0,387591850838.0,309116746259.0,342967266441.0,723313451146.0,346558621179.0,주요계정
00556907,(주)에이스테크놀로지,088800,K,2642,1201110397241,1318195829,20060302,12,인천광역시 연수구 하모니로187번길 16 -,2025,20260323001723,178426016983.0,145075504423.0,140047443096.0,254285934222.0,154516321501.0,159338105605.0,125495541833.0,100329211751.0,180106335771.0,128387619730.0,주요계정
00666204,제너셈(주),217190,K,29271,1246110236750,1218140894,20001121,12,인천광역시 연수구 송도과학로84번길 24 제너셈 사옥,2025,20260323001155,56757244825.0,68738086291.0,56453761125.0,85512892699.0,60649697414.0,56494211834.0,67409905480.0,55881242858.0,85107693600.0,59928453391.0,주요계정
00799539,(주)제노레이,122310,K,27111,1101112215261,2158606482,20010412,12,경기도 성남시 중원구 둔촌대로541번길 60 -,2025,20260327001840,108042067262.0,106981860603.0,97897440573.0,131228150026.0,104307122813.0,103578593422.0,102323703808.0,95428912580.0,134223772670.0,100443736603.0,주요계정
01105621,(주)엔투텍,227950,K,292,1101115829407,7598800172,20150904,12,경기도 안성시 원곡면 원당로 157 -,2025,20260323000313,28763646487.0,13614360273.0,13054534556.0,149005304099.0,18477513772.0,20818089625.0,13424011123.0,12930156122.0,138486904234.0,15724085623.0,주요계정
01112889,(주)피엔에이치테크,239890,K,20119,1311110237931,1298636614,20090824,12,"경기도 용인시 기흥구 동백중앙로16번길 16-25, 804호(중동, 대우프론티어밸리 1단지) &nbsp",2025,20260323000934,,,,,,30119070313.0,33592601051.0,40181180331.0,67213925448.0,34630950565.0,전체재무제표
00958664,주식회사 신스틸,162300,K,241,1942110094409,6098184859,20080908,12,부산광역시 강서구 미음산단4로 174,2025,20260318000805,352171696187.0,386554918254.0,323817908414.0,200339797835.0,354181507618.0,211568142322.0,241411373203.0,219350980406.0,167533081182.0,224110165310.0,주요계정
01203808,에이피시스템(주),265520,K,29272,1348110400341,2048700511,20170302,12,경기도 화성시  동탄면 동탄산단8길 15-5 &nbsp,2025,20260319001249,460144858180.0,516698011486.0,533579250430.0,680939799732.0,503474040032.0,455612373698.0,512729397507.0,526700624643.0,677327573222.0,498347465283.0,주요계정
00765897,한국피아이엠(주),448900,K,303,1748110026107,5158119499,20010414,12,대구광역시 달성군 다사읍 세천로8길 26,2025,20260320001061,36931110519.0,37447247186.0,37963338813.0,85889946272.0,37447232173.0,31809434910.0,31616831382.0,34987384520.0,64507231077.0,32804550271.0,주요계정
01023211,와이제이링크(주),209640,K,29299,1701110379976,5038185074,20090616,12,대구광역시 달성군 다사읍 세천로1길 110,2025,20260319000950,46072766900.0,48533636570.0,48551207007.0,123519529020.0,47719203492.0,43036751942.0,46409510382.0,48640528193.0,97207389465.0,46028930172.0,주요계정
00155258,포스코스틸리온(주),058430,Y,2419,1746110006492,5068105517,19880215,12,경상북도 포항시 남구  철강로 173 포스코강판주식회사,2025,20260317000684,1125440499863.0,1209864896429.0,1158539579689.0,507324692962.0,1164614991994.0,1093988999026.0,1175768617047.0,1132510179185.0,479863698368.0,1134089265086.0,주요계정
00155276,(주)포스코퓨처엠,003670,Y,282,1746110001947,5068101452,19710513,12,경상북도 포항시 남구 신항로 110,2025,20260312000826,2938698184392.0,3699944235821.0,4759871486264.0,9143896515830.0,3799504635492.0,2676968855833.0,3608988009617.0,4457200823055.0,7828095562850.0,3581052562835.0,주요계정
00204208,(주)마니커,027740,Y,1012,1345110004149,1358103151,19850927,12,경기도 용인시 기흥구 구성로 278 -,2025,20260313001223,368890857923.0,332788209759.0,339611584985.0,155490054936.0,347096884222.0,368893636288.0,332789542759.0,339612916985.0,151740564764.0,347098698677.0,주요계정
00377610,(주)세아홀딩스,058650,Y,241,1101112276809,1048163174,20010701,12,서울특별시 마포구 양화로 45,2025,20260318001415,6611085565727.0,6016826083760.0,6419203603021.0,6190781950964.0,6349038417503.0,50654053389.0,45759183172.0,45959435266.0,1175686250983.0,47457557276.0,주요계정
01032413,해성디에스(주),195870,Y,262,1942110223694,6098618048,20140306,12,경상남도 창원시 성산구 웅남로 726,2025,20260318001527,653396882375.0,602993604010.0,672245278175.0,880631376376.0,642878588187.0,644987651316.0,594589313583.0,661771352875.0,857874712999.0,633782772591.0,주요계정
01316254,에이치에스효성첨단소재(주),298050,Y,205,1101116770170,1988700929,20180604,12,서울특별시 마포구 마포대로 119 효성빌딩,2025,20260312001146,3283044948859.0,3311227813004.0,3202331179495.0,3903414776514.0,3265534647119.0,488052782230.0,590087861426.0,662027641519.0,2213720390812.0,580056095058.0,주요계정
00927558,(주)유바이오로직스,206650,K,212,1101114294122,2118840314,20100310,12,"서울특별시 강남구 도산대로 509 13층,15층",2025,20260317000832,,,,,,149195024704.0,96035297831.0,69365660612.0,240225281667.0,104865327716.0,주요계정
01563922,(주)엠오티,413390,K,29299,2341110105621,4598701269,20190307,12,경상남도 양산시 상북면 석계산단2길 46,2025,20260615000277,75453871276.0,84857102424.0,73729713909.0,119970123609.0,78013562536.0,75453871276.0,84857102424.0,73729713909.0,119997103270.0,78013562536.0,주요계정
00113234,대한제당(주),001790,Y,105,1201110018368,1218107309,19560706,12,인천광역시 중구  월미로 116(북성동1가),2025,20260319000542,1356276028000.0,1373829105000.0,1332349884000.0,1255280770000.0,1354151672333.0,1040646851000.0,1048886169000.0,1003480694000.0,1036213713000.0,1031004571333.0,주요계정
00140566,(주)한탑,002680,K,105,1801110005834,6178100559,19590626,12,부산 남구 대연3동 598-7,2025,20260227007246,82399706144.0,84890417598.0,94845849580.0,138322418615.0,87378657774.0,71781679133.0,74295219679.0,84184177858.0,132461130689.0,76753692223.0,주요계정
00121941,대상(주),001680,Y,108,1101110327125,1098114886,19560131,12,서울특별시 종로구 창경궁로 120 종로플레이스,2025,20260327000936,4401305371276.0,4255134757567.0,4107493943805.0,3479148559839.0,4254644690883.0,3528856015820.0,3485020086683.0,3394936520565.0,3061398296526.0,3469604207689.0,주요계정
00192499,(주)팜스토리,027710,K,109,1543110001715,3038105937,19910417,12,서울특별시 강남구  강남대로 310 유니온센터 3층,2025,20260323000994,1455851080750.0,1453900541921.0,1500248272338.0,969038633846.0,1469999965003.0,1332721783396.0,1340043871496.0,1377371610115.0,801940002192.0,1350045755002.0,주요계정
00241209,(주)모아텍,033200,K,2629,1101110613607,1178101820,19890306,03,인천광역시 남동구  인주대로 698 (주)모아텍,2025,20250618000340,31500704726.0,30584075005.0,31956939380.0,76174324202.0,31347239704.0,30650103926.0,29780127805.0,31282891475.0,68099790974.0,30571041069.0,주요계정
00242378,(주)이지홀딩스,035810,K,109,1101110565163,2208115028,19880314,12,서울특별시 강남구  강남대로 310 유니온센타3층,2025,20260323001036,3388904350275.0,3284975746816.0,3119160305224.0,2896618126429.0,3264346800772.0,185440109173.0,157438298046.0,124012212664.0,587392082947.0,155630206628.0,주요계정
00142661,(주)우성,006980,Y,105,1601110001167,3058120439,19701230,12,대전광역시 대덕구 한밭대로 1027,2025,20260814003673,613023508125.0,606198677648.0,634838094173.0,462306101255.0,618020093315.0,79842533804.0,54801648049.0,46474887843.0,187636169032.0,60373023232.0,주요계정
01226270,(주)스톰테크,352090,K,22211,1101111785710,1098159637,19991008,12,서울특별시 강서구 화곡로68길 143,2025,20260320001099,69679394350.0,66914685956.0,55161763218.0,132909139186.0,63918614508.0,63895089264.0,62129611340.0,55161763218.0,120092230501.0,60395487941.0,주요계정
00158149,한국쉘석유(주),002960,Y,19221,1801110002591,6178100016,19600705,12,부산광역시 남구  신선로 250 (용당동),2025,20260319000588,,,,,,344959163929.0,327169149754.0,320486205004.0,200264519929.0,330871506229.0,주요계정
00127158,(주)씨아이테크,004920,Y,26529,1101110074479,2108101231,19670117,12,서울특별시 송파구 양재대로 932 가락몰 업무동 11층 동관,2025,20260323001571,41449800518.0,33756128642.0,56685997504.0,126953652884.0,43963975555.0,24824992915.0,18135114302.0,18960270427.0,103208945153.0,20640125881.0,주요계정
00220622,서호전기(주),065710,K,28123,1101110591928,1238126054,19880923,12,경기도 안양시 동안구  귀인로 9,2025,20260319000025,116625518085.0,46467231659.0,66169002063.0,103409688237.0,76420583936.0,108131498778.0,36260317874.0,53646064411.0,99034708722.0,66012627021.0,주요계정
01353024,(주)티에스트릴리온,317240,K,204,1101116982139,4258701422,20190111,12,"서울특별시 영등포구 양평로 96 1층,6층,8층(양평동4가,티에스빌딩)",2025,20260323001115,26033520171.0,29682251187.0,39984448895.0,55827863065.0,31900073418.0,26391856111.0,30449569627.0,39642319025.0,55941523218.0,32161248254.0,주요계정
00370255,(주)테크엘,064520,K,2612,1211110060136,1308155315,19980217,12,경기도 화성시  동탄면 경기동로 548,2025,20260316000782,18149684065.0,25301712621.0,21928276515.0,100320069500.0,21793224400.0,18537659778.0,25932120622.0,21928276515.0,105920061492.0,22132685638.0,주요계정
00298447,(주)아모텍,052710,K,2629,1244110019308,1368112269,19941019,12,인천 남동구 남촌동 617 남동공단 5블럭 1롯트,2025,20260317000848,253765089587.0,229444552451.0,186814458731.0,353263201536.0,223341366923.0,220030192571.0,192498815012.0,157174313025.0,371882079055.0,189901106869.0,주요계정
00863038,(주)캐리,313760,K,2811,1314110144073,1348604069,20030821,12,경기도 용인시 처인구 모현읍 초부로54번길 7-3,2025,20260407003484,7481352962.0,8174064954.0,,52647471881.0,7827708958.0,7488352962.0,8174064954.0,8381123018.0,52609305355.0,8014513645.0,주요계정
01153105,비비씨 주식회사,318410,K,204,1601110243678,3148198760,20080619,12,대전광역시 대덕구 문평동로 25 -,2025,20260323000940,51648442504.0,60662023995.0,53601594101.0,92152436773.0,55304020200.0,33834122840.0,30613022644.0,29024748286.0,86748907091.0,31157297923.0,주요계정
00816933,(주)진영,285800,K,2221,1201110127961,1368118924,19960109,12,인천광역시 서구 마중로 129,2025,20260318000746,32423321754.0,34220821292.0,30903076752.0,70158709400.0,32515739933.0,27992428941.0,33837761678.0,30903076752.0,55316986753.0,30911089124.0,주요계정
00149345,(주)조흥,002600,Y,108,1101110019334,1138106497,19590211,12,경기도 안산시 단원구  시화로 38 (성곡동),2025,20260312000677,488246059548.0,428162970536.0,405945609421.0,434783887139.0,440784879835.0,481716330314.0,411544850602.0,407517464970.0,420908142846.0,433592881962.0,주요계정
00449254,주식회사쎄트렉아이,099320,K,3131,1601110091283,3148129846,19991229,12,대전광역시 유성구 엑스포로 441 (문지동),2025,20260406004277,206916796302.0,171279451654.0,125433494958.0,411001934412.0,167876580971.0,197895121110.0,161730960890.0,115201467445.0,420403108866.0,158275849815.0,주요계정
00545734,아미코젠(주),092040,K,108,1911110019783,6138121213,20000529,12,경상남도 진주시 문산읍 월아산로950번길 14-10 아미코젠 문산 1공장,2025,20260430001612,41981406105.0,173604673969.0,159904289100.0,231862994591.0,125163456391.0,40521947937.0,40858630618.0,39759316130.0,197471239804.0,40379964895.0,주요계정
00560849,(주)에스앤디,260970,K,108,1615110028766,3128132312,19981215,12,충청북도 청주시 흥덕구 오송읍 오송생명4로 163,2025,20260316001045,,,,,,150937281130.0,116139400246.0,88275911467.0,108902343086.0,118450864281.0,주요계정
00428321,해태제과식품주식회사,101530,Y,108,1615110044225,3128149680,20010711,12,충청남도 천안시 서북구 성거읍 천흥8길 67-26,2025,20260318001023,641386567732.0,629196328510.0,624865973087.0,710500327091.0,631816289776.0,597709502110.0,583795452430.0,586284505279.0,666410301383.0,589263153273.0,주요계정
00576798,디아이티(주),110990,K,29272,1348110112334,1248637544,20050930,12,경기도 화성시 정남면 가장로 355-50,2025,20260317000522,107910277371.0,116655392937.0,107061292801.0,266542879464.0,110542321036.0,107910277371.0,116643132777.0,107051722572.0,266202140837.0,110535044240.0,주요계정
00956930,동아에스티(주),170900,Y,212,1101115079713,2048640122,20130304,12,서울 동대문구 용두동 138 ~255 천호대로 64,2025,20260318001313,808780057197.0,697869071451.0,663980368109.0,1412046030981.0,723543165586.0,745140777481.0,640730265329.0,605220778248.0,1386294387603.0,663697273686.0,주요계정
01601222,씨피시스템(주),413630,K,222,1101118112669,4938702235,20211201,12,부산광역시 기장군 정관면 정관상곡1길 27-37 (정관읍 매학리),2025,20260323000631,19053735010.0,21290631574.0,21950488675.0,46422649586.0,20764951753.0,18399376151.0,20452748014.0,21468734784.0,44943380142.0,20106952983.0,주요계정
00650771,하이젠알앤엠 주식회사,160190,K,28111,1942110088197,6098179792,20070928,12,경상남도 창원시 성산구 공단로473번길 57,2025,20260804000547,73543971242.0,75886180614.0,77247394706.0,166522218018.0,75559182187.0,73212379500.0,75838866485.0,76060495455.0,165204517601.0,75037247147.0,주요계정
00579139,한국맥널티(주),222980,K,108,1101111495971,2148620763,19971219,12,충청남도 천안시 서북구 성환읍 연암율금로 42 &nbsp,2025,20260319000958,96309714203.0,88832089424.0,78399918458.0,83165714018.0,87847240695.0,46551432496.0,49641869503.0,44102710248.0,67674374637.0,46765337416.0,주요계정
00855093,(주)선진,136490,Y,109,1344110046664,1268636352,20110104,12,경기도 이천시  대월면 사동로 76,2025,20260320000571,1895741974966.0,1681370807177.0,1906005301125.0,1361716299332.0,1827706027756.0,990913890530.0,1016312023275.0,1191101709789.0,891718826136.0,1066109207865.0,주요계정
00986898,주식회사 팜스빌,318010,K,108,1101111908338,1208601608,20000315,12,서울특별시 강서구 마곡중앙8로3길 37 -,2025,20260318001701,12728245936.0,16724977154.0,21394730375.0,68502067956.0,16949317822.0,12165019450.0,16683895144.0,21357011005.0,68569605140.0,16735308533.0,주요계정
01167056,샘표식품(주),248170,Y,108,1101116110045,4468700473,20160704,12,"서울특별시 중구 충무로 2 8층 (필동1가, 매일경제빌딩)",2025,20260515000077,408926546791.0,404881504598.0,383426040745.0,380321140921.0,399078030711.0,396010099635.0,394721491444.0,371172634015.0,362469937705.0,387301408365.0,주요계정
01205329,(주)크라운제과,264900,Y,106,1101116332590,4118700569,20170302,12,서울특별시 용산구 한강대로72길 3(남영동),2025,20260318000900,,,,,,444838419779.0,438102375193.0,434728792634.0,354970413163.0,439223195869.0,주요계정
00101488,(주)경동나비엔,009450,Y,28520,1347110001159,1258101234,19781113,12,경기도 평택시 서탄면 수월암길 95 -,2025,20260318001570,1502239729157.0,1353879442184.0,1204312871752.0,1522167095867.0,1353477347698.0,1263544598017.0,1246855086780.0,995055167584.0,1084589094971.0,1168484950794.0,주요계정
00158565,한국알콜산업(주),017890,K,204,1812110003728,6108105494,19840727,12,경기도 용인시 기흥구 탑실로35번길 14 (공세동),2025,20260318001201,423883457380.0,421013788394.0,438274113703.0,703581690943.0,427723786492.0,276114035574.0,294491311349.0,312439657516.0,431244205543.0,294348334813.0,주요계정
00184667,유진기업(주),023410,K,23322,1101110376148,1308122624,19840613,12,경기도 부천시 오정구  석천로 457,2025,20260320001208,1332687769915.0,1393301260353.0,1473426055245.0,2369584586592.0,1399805028504.0,746219587758.0,855014723011.0,960020774333.0,1854763054262.0,853751695034.0,주요계정
00125521,에스엘(주),005850,Y,303,1701110000034,5048100078,19681107,12,대구광역시 북구 검단공단로 32 -,2025,20260318000781,5239939345004.0,4973273970111.0,4838846695980.0,3997077723045.0,5017353337032.0,2969029410392.0,2682077165889.0,2655510930000.0,2614618829422.0,2768872502094.0,주요계정
00329093,(주)코데즈컴바인,047770,K,141,1101111187031,1148166713,19950816,12,서울특별시 강남구 논현로145길 66 (논현동),2025,20260318001354,39722870931.0,39601345466.0,41956462583.0,92866096436.0,40426892993.0,37914573576.0,38020608898.0,39956151767.0,70823176469.0,38630444747.0,주요계정
00528515,한라아이엠에스(주),092460,K,31114,1801110186907,6068157969,19950713,12,부산광역시 강서구  화전산단1로 115,2025,20260318000522,133476935159.0,104235725498.0,78944495370.0,241735526920.0,105552385342.0,131636821680.0,102593108938.0,77347132372.0,237277672528.0,103859020997.0,주요계정
00442154,제이엔케이글로벌(주),126880,K,291,1101111591034,1168169870,19980928,12,"경기도 성남시 수정구 창업로 43 A동 10층(시흥동, 판교글로벌비즈센터)",2025,20260318001443,147293291891.0,138638063472.0,166706283422.0,250891212218.0,150879212928.0,147340791891.0,138643063472.0,166706283422.0,250884846879.0,150896712928.0,주요계정
01453670,(주)휴럼,353190,K,108,1101117442710,4258601594,20200331,12,"서울특별시 금천구 가산디지털2로 115 416호(가산동, 대륭테크노타운3차)",2025,20260318000448,99011416963.0,98165792130.0,88406989389.0,98991319915.0,95194732827.0,72091854291.0,71667321800.0,71204402952.0,71841556530.0,71654526348.0,주요계정
00101549,경동제약(주),011040,K,212,1201110003765,1248135518,19760212,12,경기도 화성시  양감면 제약단지로 224-3,2025,20260320001252,196273042787.0,193936297352.0,162674098953.0,321895468124.0,184294479697.0,194005924819.0,191188360761.0,159643451076.0,319180070438.0,181612578885.0,주요계정
00103015,고려제약(주),014570,K,212,1344110001840,1268104796,19800110,12,경기도 이천시  신둔면 원적로 69-10,2025,20260312000466,,,,,,62508834676.0,73001424478.0,81374983430.0,94318455095.0,72295080861.0,주요계정
00113128,대한약품공업(주),023910,K,212,1101110080484,1078134737,19630511,12,서울특별시 영등포구 선유로45길 3,2025,20260318001361,,,,,,208614118262.0,204194880322.0,195911458889.0,347663382169.0,202906819158.0,주요계정
00114686,(주)동구바이오제약,006620,K,212,1101110352156,1138103336,19830701,12,"서울특별시 송파구 법원로 114, B동 14층",2025,20260625000520,242687805574.0,249274859206.0,215686305355.0,336349564434.0,235882990045.0,230580104422.0,247527688773.0,214876931213.0,329956532101.0,230994908136.0,주요계정
00114808,동국제약(주),086450,K,212,1101110094477,1208122608,19681015,12,서울특별시 강남구 영동대로 715 동국제약 청담빌딩,2025,20260312001256,926883701823.0,812166073057.0,730993597323.0,1062896288305.0,823347790734.0,766904458040.0,682907417552.0,619929392157.0,837131633937.0,689913755916.0,주요계정
00540863,(주)글로벌스탠다드테크놀로지,083450,K,29271,1313110038864,1258139609,20011012,12,경기도 화성시 동탄면 동탄산단6길 15-13,2025,20260318001383,347158632861.0,333445882315.0,269792316792.0,386310986387.0,316798943989.0,337312845528.0,323618309740.0,260611974703.0,345857112194.0,307181043324.0,주요계정
00156488,(주)휴스틸,005010,Y,2413,1101110077283,1078111563,19670418,12,"서울특별시 강남구  테헤란로 512 (대치동, 신안빌딩 14층)",2025,20260602000398,612490282785.0,723068271123.0,764841700033.0,1372404760518.0,700133417980.0,461857122739.0,535716704893.0,617683732125.0,1116999801011.0,538419186586.0,주요계정
00614478,(주)휴메딕스,200670,K,212,1101112727141,2048176343,20030227,12,경기도 성남시 수정구 창업로 17 판교 아이스퀘어 A동 6층 603호,2025,20260320000801,,,,,,170052787103.0,161872958430.0,152273808567.0,323638814179.0,161399851367.0,주요계정
00656289,코스맥스엔비티(주),222040,K,108,1101112407470,2148701803,20020102,12,"경기도 성남시 분당구 판교로256번길 25 GB2빌딩 6층 (삼평동,제C동)",2025,20260330000011,287479069571.0,317985309667.0,333630908880.0,282958913247.0,313031762706.0,206940425100.0,209007220093.0,225995316178.0,300356006620.0,213980987124.0,주요계정
00106614,기신정기(주),092440,Y,29293,1201110046476,1398116717,19881101,03,"인천광역시 남동구  은봉로 111 49동 1호(논현동, 남동공단)",2025,20250612000335,131315525932.0,137860488679.0,144440857401.0,264383143974.0,137872290671.0,108912089975.0,120128473240.0,129315423008.0,248533255058.0,119451995408.0,주요계정
01663569,(주)하스,450330,K,21309,1748110047195,5158133943,20080104,12,강원특별자치도 강릉시 과학단지로 77-14 하스 본사,2025,20260319001303,16590608547.0,16164621818.0,16039074617.0,54853671500.0,16264768327.0,15640810407.0,15356590524.0,14974220154.0,55825977027.0,15323873695.0,주요계정
01110182,(주)에스씨엘사이언스,246960,K,213,1101114327915,1078734817,20100419,12,서울특별시 영등포구 선유로13길 25 에이스하이테크시티 2차 1209호,2025,20260515001783,22010565275.0,4737116055.0,1322103893.0,79924144585.0,9356595074.0,15564429015.0,4737116055.0,1293380542.0,57784159305.0,7198308537.0,주요계정
00122551,(주)백산,035150,Y,22214,1147110003729,1338123001,19861006,12,경기도 시흥시 공단1대로27번길 47,2025,20260319000754,504921990788.0,496957597172.0,417721809967.0,446657454582.0,473200465976.0,271375977154.0,258284843069.0,214084676475.0,313159160832.0,247915165566.0,주요계정
00139205,안국약품(주),001540,K,212,1101110026420,1188104188,19590212,12,경기도 과천시 과천대로7길 12 (갈현동) 프리즘스퀘어2 A동,2025,20260318000992,306873904373.0,271115916678.0,233675500767.0,310952617469.0,270555107273.0,293315716919.0,259460893267.0,220890271180.0,295953527332.0,257888960455.0,주요계정
00534598,주식회사 한컴라이프케어,372910,Y,27199,1345110021549,1358121955,19711221,12,경기도 용인시 처인구 양지면 중부대로1960번길 53,2025,20260317000861,92088469654.0,104776425927.0,112779715327.0,203628184111.0,103214870303.0,87677787640.0,102966682552.0,107072101822.0,207072385753.0,99238857338.0,주요계정
00123718,부광약품(주),003000,Y,212,1101110030405,1188100450,19601017,12,서울특별시 동작구  대방동1길 47,2025,20260316001273,200714183691.0,160086870107.0,125928240771.0,476294610331.0,162243098190.0,167276051115.0,157607296114.0,125176189725.0,468028864394.0,150019845651.0,주요계정
00126414,삼성제약(주),001360,Y,212,1101110032568,2078100726,19290815,12,경기도 화성시 향남읍 제약공단4길 10 -,2025,20260318001547,,,,,,46074379551.0,44294231025.0,51955037960.0,167437187130.0,47441216179.0,주요계정
00126788,삼아제약(주),009300,K,212,1341110000765,1388105823,19731004,12,강원도 원주시 문막읍 동화공단로 49,2025,20260422000199,77799035965.0,95580725368.0,97211286212.0,247044687258.0,90197015848.0,77799035965.0,95580725368.0,97211286212.0,246953513712.0,90197015848.0,주요계정
00136448,신신제약(주),002800,K,212,1101110027353,1188104136,19590909,12,세종특별자치시  소정면 소정산단동로 9 -,2025,20260318001364,113778253746.0,106387869012.0,102585576212.0,137497263987.0,107583899657.0,113227227306.0,106089200834.0,102191952227.0,137361533104.0,107169460122.0,주요계정
00137058,신일제약(주),012790,K,212,1152110000790,3038113742,19771216,12,충북 충주시 앙성면 본평리 산 5-1,2025,20260318001104,,,,,,80563639511.0,89440459441.0,89135208847.0,169488875383.0,86379769266.0,주요계정
00141149,영진약품(주),003520,Y,212,1101110043127,2188100352,19620716,12,서울특별시 송파구 올림픽로35다길 13 국민연금 잠실사옥 2~3층,2025,20260312000801,,,,,,254255894053.0,252040228764.0,234902460182.0,262384700788.0,247066194333.0,주요계정
00144818,(주)유유제약,000220,Y,212,1341110002307,1238101790,19410228,12,충청북도 제천시  바이오밸리1로 94,2025,20260318001501,140884666972.0,133147218082.0,137209588673.0,207223189486.0,137080491242.0,96720963639.0,92855015488.0,102223786048.0,169493294846.0,97266588392.0,주요계정
00158963,한국유나이티드제약(주),033270,Y,212,1342110002769,3078105244,19871203,12,세종특별자치시 전동면 노장리 404-10,2025,20260319001196,,,,,,288764867640.0,288706729642.0,278943296812.0,519491695617.0,285471631365.0,주요계정
00161046,(주)한독,002390,Y,212,1101110037005,2208100530,19540701,12,서울특별시 강남구  테헤란로 132,2025,20260318000762,535137855367.0,507358329302.0,522741079531.0,790750159507.0,521745754733.0,520261293469.0,501266329159.0,518001545221.0,850926765888.0,513176389283.0,주요계정
00167192,(주)넥센,005720,Y,221,1846110000583,6188115827,19680910,12,경상남도 김해시  김해대로 2595,2025,20260318000932,3586518022664.0,3214304005061.0,3036061854464.0,5611910810908.0,3278961294063.0,580785146202.0,509052926201.0,475924895088.0,820281717516.0,521920989164.0,주요계정
00854997,에스디바이오센서(주),137310,Y,27112,1358110191121,1358613315,20101227,12,"경기도 수원시 영통구 덕영대로1556번길 16 씨동 4층, 5층",2025,20260318001064,710580825154.0,694573795269.0,655676513230.0,3242719829223.0,686943711218.0,287945884665.0,275730629782.0,291658487859.0,2485048176906.0,285111667435.0,주요계정
00157399,한솔테크닉스(주),004710,Y,26299,1101110004682,1208153945,19660820,12,서울특별시 중구 을지로 100,2025,20260311004024,1252424760923.0,1199483140800.0,1302679102712.0,996025406733.0,1251529001478.0,549743934298.0,572709039239.0,717109627869.0,595540432730.0,613187533802.0,주요계정
00164706,현대약품(주),004310,Y,212,1243110000250,1308100988,19650716,11,충청남도 천안시 동남구  풍세면 잔다리길 55,2025,20260213002543,,,,,,191790079025.0,175735499255.0,180762658997.0,163215645432.0,182762745759.0,주요계정
00166573,환인제약(주),016580,Y,212,1101110339542,2158136171,19821216,12,"서울특별시 송파구 법원로6길 11 (문정동, 환인빌딩)",2025,20260312001200,255214382356.0,259596031749.0,230393578986.0,478890741418.0,248401331030.0,254712339808.0,257969479123.0,228242817692.0,478171257573.0,246974878874.0,주요계정
00210740,대화제약(주),067080,K,212,2111110001529,1338122322,19890119,12,강원도 횡성군  횡성읍 한우로 495,2025,20260323000941,143060002187.0,149409212217.0,141359215372.0,210863255709.0,144609476592.0,105285195987.0,113502915335.0,105145872266.0,191219694951.0,107977994529.0,주요계정
00216027,(주)바이넥스,053030,K,212,1801110058742,6038107005,19850605,12,부산광역시 사하구 다대로 368-3,2025,20260313001124,168474906148.0,130050545617.0,154824775515.0,311423000761.0,151116742427.0,168474906148.0,130045835537.0,154824775515.0,311018450406.0,151115172400.0,주요계정
00231831,조아제약(주),034940,K,212,1943110004498,6088124071,19960315,12,"서울특별시 영등포구 당산로2길 12 에이스테크노타워 101호(문래동3가, 에이스테크노타워1층)",2025,20260313000763,59310981915.0,62693744124.0,62973743089.0,64683059314.0,61659489709.0,58008647597.0,61169717375.0,61435981525.0,62847705699.0,60204782166.0,주요계정
00256043,(주)비씨월드제약,200780,K,212,1243110005515,1398111269,19800319,12,경기도 여주시 가남읍 여주남로 872-23,2025,20260313001254,75799976796.0,74814338700.0,75110698903.0,176801274862.0,75241671466.0,67515917435.0,67338474028.0,68513614395.0,149264754471.0,67789335286.0,주요계정
00541349,(주)셀트리온제약,068760,K,212,1101112112764,2148671641,20001117,12,충청북도 청주시 청원구 오창읍 2산단로 82셀트리온제약,2025,20260316001332,,,,,,536400308882.0,477835307770.0,388794335490.0,759440541950.0,467676650714.0,주요계정
00765851,위더스제약(주),330350,K,212,1101113069534,2148763871,20040819,12,서울특별시 서초구 동산로12길 9,2025,20260318000724,,,,,,106444236309.0,102721786936.0,80119449783.0,136644571623.0,96428491009.0,주요계정
00937324,한국타이어앤테크놀로지(주),161390,Y,221,1101114952093,2208843431,20120901,12,경기도 성남시 분당구 판교로 286 -,2025,20260318000959,21202299462815.0,9411947926996.0,8939621475507.0,26647188444916.0,13184622955106.0,3648437885609.0,3298568729593.0,3024973769258.0,8857117175008.0,3323993461487.0,주요계정
00446901,코칩(주),126730,K,2629,1101111049794,1068148878,19940623,12,경기도 안양시 만안구 만안로 359,2025,20260327000999,38284849477.0,33371108724.0,32912374630.0,67199484026.0,34856110944.0,39289053098.0,33371108724.0,32912374630.0,66954890629.0,35190845484.0,주요계정
00992871,(주)종근당,185750,Y,212,1101115260669,1108608069,20131105,12,서울 서대문구 충정로3가 3가 368 종근당빌딩,2025,20260318001376,1692403987134.0,1586430795630.0,1669404438769.0,1800298497462.0,1649413073844.0,1681192200410.0,1559344112891.0,1649640907059.0,1786937713807.0,1630059073453.0,주요계정
01012066,에이치케이이노엔 주식회사,195940,K,212,1101115379692,2018638914,20140401,12,충청북도 청주시 흥덕구 오송읍 오송생명2로 239 에이치케이이노엔(주) 오송공장,2025,20260318000705,,,,,,1063151055391.0,897141915178.0,828908232826.0,2096931315991.0,929733734465.0,주요계정
00109310,대동기어(주),008830,K,292,1911110000758,6198103305,19730529,12,경상남도 사천시  사남면 공단1로 42 (주)대동기어,2025,20260317000606,,,,,,220939401126.0,257057008425.0,281237511057.0,269547086319.0,253077973536.0,주요계정
00128111,(주)포스코엠텍,009520,K,24199,1746110000866,5068100055,19731227,12,경상북도 포항시 남구  형산강북로 131 포스코엠텍,2025,20260318000807,,,,,,357432185147.0,346628290419.0,341410235234.0,155201620131.0,348490236933.0,주요계정
00130763,서울반도체(주),046890,K,2612,1101110522436,1128113675,19870305,12,경기도 안산시 단원구 산단로 163번길 97-11,2025,20260319000003,1013523607401.0,1090485819261.0,1032380637430.0,1103260274069.0,1045463354697.0,756089894386.0,871476735639.0,851792684867.0,767152781626.0,826453104964.0,주요계정
00153375,(주)태광,023160,K,2413,1801110045559,6038107233,19820901,12,부산광역시 강서구  녹산산업대로 117-12,2025,20260320000407,296965688227.0,266809991545.0,312067468098.0,740815619979.0,291947715957.0,265617235360.0,233066384241.0,269918192681.0,673393069676.0,256200604094.0,주요계정
00589127,(주)케이이씨,092220,Y,2612,1101113525750,1198191880,20060912,12,서울특별시 서초구  마방로10길 5,2025,20260319000580,229616634285.0,243169932842.0,206935260144.0,448923235931.0,226573942424.0,219393654621.0,233026197232.0,199078087688.0,488404731567.0,217165979847.0,주요계정
01009789,코스맥스(주),192820,Y,20423,1348110294273,1438119635,20140303,12,"경기도 화성시  향남읍 제약공단1길 27, 2길 46",2025,20260318000694,2398757972848.0,2166089636742.0,1777494448320.0,2125418400005.0,2114114019303.0,1526414620755.0,1357660037190.0,1057537127679.0,1364939447652.0,1313870595208.0,주요계정
01412725,두산퓨얼셀 주식회사,336260,Y,28111,2149110058935,7738801177,20191001,12,전라북도 익산시 석암로7길 100 (팔봉동),2025,20260318001264,454794706613.0,411783710408.0,260886184003.0,1198423425943.0,375821533675.0,454852507957.0,411830414076.0,260886184003.0,1201875277326.0,375856368679.0,주요계정
00488402,서울바이오시스(주),092190,K,2612,1350110122156,1348178872,20020125,12,경기도 안산시 단원구 산단로163번길 65-16 (원시동),2025,20260318001624,763809147116.0,699232725004.0,503960846284.0,717773205486.0,655667572801.0,257076779691.0,209975523033.0,153071878014.0,281600014791.0,206708060246.0,주요계정
00668965,(주)지오엘리먼트,311320,K,262,1313110059571,1258157795,20050503,12,경기도 안성시 금석3길 30,2025,20260319000153,54623538260.0,44777284388.0,17811078054.0,76804567328.0,39070633567.0,32560148098.0,30259363500.0,17811078054.0,65003850072.0,26876863217.0,주요계정
00249894,(주)테라젠이텍스,066700,K,212,1101110724107,1338122943,19900927,12,경기도 안산시 단원구 산단로 68번길 58(초지동),2025,20260319001163,271589661726.0,249625346187.0,216470152266.0,257628373553.0,245895053393.0,172140078543.0,152654986965.0,123254755527.0,181133543638.0,149349940345.0,주요계정
00184889,(주)이건홀딩스,039020,K,161,1301110028935,1348101053,19880414,12,인천 남구 도화동 967-3,2025,20260318001617,447114517033.0,497372679636.0,458516755984.0,734413820920.0,467667984218.0,6939748604.0,7146047642.0,6923670830.0,209358058307.0,7003155692.0,주요계정
00899556,제룡산업(주),147830,K,251,1101114722917,2068658555,20111104,12,서울특별시 광진구  아차산로 628 (광장동),2025,20260316000423,,,,,,37923882483.0,29328250520.0,40895901213.0,96049264525.0,36049344739.0,주요계정
00122481,(주)태경비케이,014580,Y,23312,1101110301111,1098127101,19800122,12,서울특별시 강서구  공항대로 467 (등촌동),2025,20260319000934,385942613685.0,308594841506.0,294162114095.0,626041034698.0,329566523095.0,219451249151.0,237479066763.0,223415907213.0,311505287154.0,226782074376.0,주요계정
01274329,성일하이텍 주식회사,365340,K,201,2111110049793,5208800609,20170329,12,전북특별자치도 군산시 새만금북로 122 -,2025,20260602000219,194629131476.0,136215012576.0,247367786854.0,720705308067.0,192737310302.0,186268601136.0,124532639308.0,211803035746.0,605418112655.0,174201425397.0,주요계정
00162072,한신기계공업(주),011700,Y,29132,1301110010346,1348103309,19761123,12,경기도 안산시 단원구  해봉로330번길 23 신길동,2025,20260319001391,52718857507.0,63085257262.0,61254832221.0,120169071957.0,59019648997.0,50507232118.0,60341669153.0,60944214387.0,109940733619.0,57264371886.0,주요계정
00121154,(주)엠에스씨,009780,K,108,1845110000147,6218109054,19740412,12,경남 양산시 웅상읍 소주리 439-13,2025,20260319000368,197662693140.0,189756857111.0,189048296801.0,277193366709.0,192155949017.0,196954996133.0,189116796827.0,188027102360.0,272471392150.0,191366298440.0,주요계정
00141307,(주)영풍,000670,Y,24213,1101110003824,2118111275,19491125,12,서울특별시 강남구  강남대로 542,2025,20260317000753,2908974321148.0,2787414358375.0,3761732632263.0,6002694219498.0,3152707103929.0,1192666327316.0,1053314451951.0,1546654798272.0,1969640774506.0,1264211859180.0,주요계정
00158219,시그네틱스(주),033170,K,2612,1101110070815,1098100780,19660912,12,경기도 파주시 탄현면 평화로 711,2025,20260319000661,103046699790.0,118150985037.0,185484580200.0,107129773768.0,135560755009.0,103046699790.0,118150985037.0,185484580200.0,107099058294.0,135560755009.0,주요계정
00157991,한국석유공업(주),004090,Y,23999,1101110048490,1068103639,19641211,12,서울특별시 용산구  이촌로 166,2025,20260319001351,696926234873.0,726195804425.0,682274380401.0,413045650887.0,701798806566.0,369560363319.0,389904791761.0,350542220572.0,365437177582.0,370002458551.0,주요계정
00262266,(주)삼현,437730,K,303,1901110012514,6098109210,19880901,12,경상남도 창원시 의창구 죽전로 45,2025,20260319000680,95041722249.0,100447699055.0,99848743018.0,202098988834.0,98446054774.0,94591115131.0,100108646618.0,99848743018.0,200365629944.0,98182834922.0,주요계정
00175173,(주)오스템,031510,K,303,1615110006796,3128107773,19900307,12,충청남도 천안시 동남구 수신면 수신로 739,2025,20260319001031,128548602017.0,127865182887.0,141975544188.0,131602601080.0,132796443031.0,104421047042.0,120551027342.0,130805220058.0,121893530425.0,118592431481.0,주요계정
00126779,삼아알미늄(주),006110,Y,24222,1341110002365,1238101882,19690625,12,경기도 평택시 포승읍 평택항로 92 삼아알미늄 주식회사,2025,20260318000860,271458652401.0,251733337646.0,268023420437.0,452042872779.0,263738470161.0,213039221815.0,213244952708.0,238656109571.0,451649401404.0,221646761365.0,주요계정
00138516,아남전자(주),008700,Y,265,1201110018300,1228102613,19730420,12,서울특별시 구로구 디지털로27가길 27아남빌딩,2025,20260312001247,151351168.0,189473465.0,255594471.0,144149370.0,198806368.0,144710148.0,171419506.0,237943429.0,111463878.0,184691028.0,주요계정
00191472,KPX케미칼(주),025000,Y,20119,1101110166903,1108133923,19740701,12,서울특별시 마포구  마포대로 137  KPX빌딩,2025,20260312001374,808350805037.0,868571273861.0,911119635067.0,875368968863.0,862680571322.0,613426770079.0,648017740487.0,726275915360.0,794644063715.0,662573475309.0,주요계정
00788773,(주)씨젠,096530,K,2130,1101112070334,1108147859,20000918,12,서울특별시 송파구 오금로 91(방이동) 7층,2025,20260319000422,474231586051.0,414251733221.0,367375048980.0,1235797418831.0,418619456084.0,345322484874.0,299122016239.0,272463325036.0,1040842273157.0,305635942050.0,주요계정
01553129,주식회사 제이투케이바이오,420570,K,20423,1501110229589,6658600626,20161227,12,충청북도 청주시 청원구  오창읍 두릉유리로 50-3,2025,20260319000464,32966351938.0,33129185725.0,28472272288.0,38064178260.0,31522603317.0,31077941562.0,31236916613.0,27915409720.0,39017961389.0,30076755965.0,주요계정
00105961,엘지이노텍(주),011070,Y,262,1101110192180,1058174316,19760224,12,서울특별시 강서구 마곡중앙10로 30 LG사이언스파크,2025,20260312001270,21896603000000.0,21200755000000.0,20605290000000.0,11930883000000.0,21234216000000.0,21596008000000.0,20841776000000.0,20209273000000.0,10190414000000.0,20882352333333.0,주요계정
00126478,삼성중공업(주),010140,Y,3111,1101110168595,1208152780,19740805,12,경기도 성남시 분당구 판교로227번길 23 삼성중공업 판교R&D센터,2025,20260312001037,10650010702818.0,9903077919464.0,8009429912108.0,14948871093928.0,9520839511463.0,10634952868811.0,9867428881355.0,7907247253069.0,14774688371138.0,9469876334412.0,주요계정
00166519,화천기공(주),000850,Y,29223,2001110001704,4108100996,19771011,12,광주광역시 광산구 하남산단4번로 123-17 (장덕동) 화천기공(주),2025,20260318000857,221755533963.0,222200718833.0,225720429438.0,420411492511.0,223225560745.0,194713374468.0,185194019103.0,196480180132.0,365991872642.0,192129191234.0,주요계정
01663116,㈜에어레인,163280,K,29175,1101112183963,2068155816,20010303,12,충청북도 청주시 흥덕구 옥산면 과학산업4로 151-5,2025,20260318000364,,,,,,28075652732.0,24499902644.0,16343932414.0,111357455381.0,22973162597.0,주요계정
00400121,(주)유아이디,069330,K,26211,1647110001608,3078102854,19900518,12,충청북도 청주시 흥덕구 대신로146번길 174 (송정동),2025,20260323001026,49690517314.0,53558158467.0,52968921282.0,45806496740.0,52072532354.0,31005524689.0,32702983074.0,31121000979.0,30301177263.0,31609836247.0,주요계정
00819374,(주)나무가,190510,K,262,1311110126192,1298177736,20041014,12,경기도 성남시 분당구 대왕판교로 670 유스페이스2 B동 7층,2025,20260318000744,459879687266.0,450363058954.0,365609176662.0,257388437426.0,425283974294.0,345652437683.0,331354761150.0,241867494887.0,212197559415.0,306291564573.0,주요계정
01109070,주식회사 비피도,238200,K,108,1101111787378,1198132746,19991012,12,강원도 홍천군 홍천읍 농공단지길 23-16,2025,20260311003760,19678962044.0,12350094585.0,18634263875.0,61302323713.0,16887773501.0,18757505839.0,12080160540.0,17145881007.0,62808434832.0,15994515795.0,주요계정
00148470,제일일렉트릭(주),199820,K,28123,1801110037887,6038103203,19800822,12,부산광역시 사하구 을숙도대로 555,2025,20260323000869,196035438223.0,186286728174.0,143986066033.0,226556731052.0,175436077477.0,154958390334.0,165622160241.0,143986066033.0,215606571667.0,154855538869.0,주요계정
00103006,고려제강(주),002240,Y,2411,1801110001220,6178100049,19450922,12,부산광역시 수영구 구락로 150,2025,20260319001226,1809183329321.0,1739609163820.0,1788877688439.0,2660051901199.0,1779223393860.0,562153886362.0,540278817185.0,516985557167.0,1431709437643.0,539806086905.0,주요계정
00113614,(주)대현,016090,Y,14112,1101110319320,2118119302,19820525,12,"서울특별시 강남구 언주로 619 (논현동, 대현그린타워)",2025,20260319001075,,,,,,240544349714.0,259284732061.0,295303511096.0,314893056359.0,265044197624.0,주요계정
00525934,(주)엘엑스세미콘,108320,Y,2612,1601110089395,3148129147,19991111,12,대전광역시 유성구 테크노2로 222,2025,20260318001308,1639070665791.0,1865621538499.0,1901444975029.0,1399843476485.0,1802045726440.0,1639070665791.0,1865621538499.0,1901444975029.0,1386272395730.0,1802045726440.0,주요계정
00146861,자화전자(주),033240,Y,26292,1501110005955,3018105474,19870201,12,충청북도 청원군  북이면 충청대로 1217,2025,20260318000870,848919780257.0,681144518352.0,503330314586.0,777823953224.0,677798204398.0,791892619718.0,650528455550.0,449417239793.0,678193152664.0,630612771687.0,주요계정
00317104,(주)라이온켐텍,171120,K,2049,1601110004947,3068104257,19821124,12,대전 대덕구 문평동 41-5,2025,20260313001028,130272114072.0,141812364396.0,130782710870.0,167114092836.0,134289063113.0,90609765598.0,107134715289.0,98424055047.0,151074695963.0,98722845311.0,주요계정
00346610,(주)시지메드텍,056090,K,27192,1101111453648,2178113679,19970821,12,경기도 의정부시 산단로76번길 20 &nbsp,2025,20260320001211,47234945024.0,34622756083.0,34968541350.0,114921636923.0,38942080819.0,30054617452.0,22600379657.0,23838079202.0,109213484029.0,25497692104.0,주요계정
00372226,(주)티에스이,131290,K,27212,1615110017818,3128121630,19950831,12,충청남도 천안시 서북구 직산읍 군수1길 189 -,2025,20260318000738,428900789083.0,348053207965.0,249147689845.0,608025581215.0,342033895631.0,311150388580.0,220995534881.0,136378543256.0,440157071312.0,222841488906.0,주요계정
00852087,(주)시디즈,134790,Y,32029,1101114493344,2158748121,20101216,12,경기도 평택시 세교산단로 67-20 (주)시디즈,2025,20260319001086,195719724417.0,208408238360.0,200135778002.0,97876438949.0,201421246926.0,193979490389.0,206628905285.0,197957267766.0,98505943319.0,199521887813.0,주요계정
00494476,(주)이녹스,088390,K,319,1346110018221,1258140130,20011108,12,충청남도 아산시 둔포면 아산밸리로 171,2025,20260318001598,59112838075.0,56165047988.0,61697133222.0,324060170859.0,58991673095.0,22879032512.0,24640354249.0,11229620635.0,268002949790.0,19583002465.0,주요계정
00535481,에스와이(주),109610,K,25112,1301110064351,1248177032,20000929,12,"경기도 수원시 권선구 정조로 340-2 (권선동, 에스와이빌딩)",2025,20260722000434,501552720795.0,561008736665.0,553670148803.0,477069152693.0,538743868754.0,342919596684.0,381104244720.0,392416602623.0,322274284422.0,372146814676.0,주요계정
00540447,(주)유니테스트,086390,K,29271,1311110047356,1298133266,20000321,12,경기도 용인시 기흥구  기곡로 27 (주)유니테스트,2025,20260319001022,110195025305.0,92434193510.0,167769309722.0,171297105950.0,123466176179.0,100675688116.0,82725218193.0,148305995846.0,146907265384.0,110568967385.0,주요계정
01493793,주식회사 코셈,360350,K,27219,1601110226195,3148190680,20070613,12,대전광역시 유성구 테크노2로 199,2025,20260320001122,13390488732.0,14730380482.0,13729282775.0,23140165226.0,13950050663.0,12373709224.0,14104675357.0,13729282775.0,21705286101.0,13402555785.0,주요계정
01448544,(주)셀로맥스사이언스,471820,K,10897,1313110142300,1258627262,20141022,12,"경기도 용인시 기흥구 구성로 357 D동 710호 (청덕동, 용인테크노밸리)",2025,20260629000325,22183949136.0,21630336194.0,19309523033.0,50907958361.0,21041269454.0,21670230136.0,21630336194.0,19309523033.0,51004300119.0,20870029788.0,주요계정
00169215,(주)에너토크,019990,K,29133,1101110530687,1288105641,19870516,12,경기도 여주군  능서면 능여로 344,2025,20260318000417,23532183911.0,25161078103.0,26943911903.0,45757894526.0,25212391306.0,23521549768.0,25151443559.0,26908976620.0,46089488553.0,25193989982.0,주요계정
00187725,(주)코콤,015710,K,26410,1243110005359,1308105192,19800115,12,서울 강서구 염창동 260-7,2025,20260318001121,,,,,,95770916172.0,104993315733.0,100488220566.0,150877041280.0,100417484157.0,주요계정
00131939,선도전기(주),007610,Y,28123,1301110007989,1348102431,19720122,12,경기도 안산시 단원구 시화벤처로 444 (성곡동),2025,20260319000984,38170718483.0,23984030522.0,41641878386.0,73687545160.0,34598875797.0,38076480483.0,23267191516.0,38131767043.0,71379922374.0,33158479681.0,주요계정
00159573,한국주철관공업(주),000970,Y,24131,1801110000587,6038104347,19530427,12,부산광역시 사하구  을숙도대로 525,2025,20260814000666,406620008497.0,419416899335.0,456325697481.0,435616657290.0,427454201771.0,119570203864.0,120927947827.0,140306926718.0,331554763948.0,126935026136.0,주요계정
00129642,상신브레이크(주),041650,Y,303,1741110000527,5148103617,19750813,12,대구광역시 달성군 논공읍 논공중앙로33길 10,2025,20260318001187,542260553063.0,578555061212.0,575491184783.0,557807152421.0,565435599686.0,389018846221.0,401994782639.0,396724057572.0,416173869843.0,395912562144.0,주요계정
00573269,주식회사에스코넥,096630,K,26422,1311110045540,1298132103,20000111,12,경기도 광주시  오포읍 마루들길172번길 30,2025,20260625000380,278688408641.0,289273100792.0,270522758123.0,170621596074.0,279494755852.0,45794250346.0,57501772446.0,70234293914.0,97966805169.0,57843438902.0,주요계정
01217795,엠에프씨(주),432980,K,21100,1314110209249,1348646389,20080307,12,경기도 화성시 마도면 청원산단7길 35(청원리 1453),2025,20260323000972,,,,,,20799543231.0,20604400363.0,17309437304.0,35676109721.0,19571126966.0,주요계정
01237540,(주)이녹스첨단소재,272290,K,2629,1648110105010,5018600680,20170601,12,충청남도 아산시 둔포면 아산밸리로 171,2025,20260318001197,439633940622.0,422809289354.0,387002612208.0,1087951647205.0,416481947395.0,397080900924.0,399987133307.0,359397009572.0,880004632245.0,385488347934.0,주요계정
00367604,(주)에스엠라이프디자인그룹,063440,K,182,1101111626063,1138150713,19981229,12,경기도 파주시 직지길 376,2025,20260316000473,53324973138.0,44780387467.0,47318501515.0,73466958918.0,48474620707.0,52655408110.0,44364386285.0,46812943545.0,71728024271.0,47944245980.0,주요계정
00125743,현대비앤지스틸(주),004560,Y,24122,1101110065395,1208128432,19660407,12,경상남도 창원시 성산구  적현로 124,2025,20260316001374,741250134001.0,795376120096.0,1045305563220.0,713203530639.0,860643939106.0,739197686220.0,793495304287.0,1044395496494.0,710994994030.0,859029495667.0,주요계정
01027828,(주)퓨릿,445180,K,20119,1101114253681,1208749365,20100104,12,경상북도 경주시 안강읍 사박길 21 주식회사 퓨릿,2025,20260312000650,,,,,,142546874717.0,122537087251.0,120458972206.0,122751699678.0,128514311391.0,주요계정
01025644,주식회사 강스템바이오텍,217730,K,211,1101114461002,1198634832,20101029,12,서울특별시 강남구 테헤란로 522 홍우빌딩 9층,2025,20260320001396,3572463936.0,7745823635.0,12704101187.0,81493316993.0,8007462919.0,3572463936.0,7745823635.0,5912667181.0,70557922327.0,5743651584.0,주요계정
00475985,(주)시너지이노베이션,048870,K,271,1101111530959,1208179246,19980402,12,"경기도 성남시 중원구 사기막골로 52 5층(상대원동, 선텍시티2)",2025,20260319001269,113050025181.0,90605209448.0,83214793566.0,336885342158.0,95623342732.0,21276161561.0,20825375942.0,18116452375.0,188287008618.0,20072663293.0,주요계정
00138598,아비코전자(주),036010,K,26293,1311110000718,1298100692,19731019,12,경기도 성남시 중원구  둔촌대로388번길 31,2025,20260316000805,133852502966.0,120929975441.0,125029847788.0,152985921922.0,126604108732.0,62015136717.0,55516566556.0,51613953940.0,128856833672.0,56381885738.0,주요계정
01118281,(주)피플바이오,304840,K,213,1101112606171,2148718925,20020909,12,"경기도 성남시 분당구 판교로 242, 판교디지털센터 C동 7층",2025,20260407003703,2850535918.0,2530624671.0,4452858220.0,44571639934.0,3278006270.0,2850535918.0,2530624671.0,4239521489.0,43582547811.0,3206894026.0,주요계정
01071944,(주)미래생명자원,218150,K,109,1101115687615,4928800056,20150406,12,"서울특별시 송파구 법원로9길 26 D동 506 ~ 512호(문정동, H business PARK)",2025,20260318001301,67554559835.0,62453269047.0,60015912443.0,58963721591.0,63341247108.0,48788596806.0,47256702139.0,45683107566.0,46556249658.0,47242802170.0,주요계정
01335143,주식회사 로킷헬스케어,376900,K,21309,1101114780072,1198651995,20120120,12,"서울특별시 금천구 디지털로10길 9, 12층",2025,20260731000634,26247011691.0,13111237720.0,12417565750.0,55028692350.0,17258605054.0,13386314102.0,6829188244.0,6381035712.0,47220954238.0,8865512686.0,주요계정
00814582,(주)탑런토탈솔루션,336680,K,262,1760110037504,5138133516,20040524,12,경상북도 구미시 옥계2공단로 46-14,2025,20260421000082,550111118017.0,519654712241.0,513876854406.0,557067806637.0,527880894888.0,150689233913.0,123934852015.0,117035701286.0,306633357098.0,130553262405.0,주요계정
01760738,OCI(주),456040,Y,20129,1101118626793,3288802675,20230502,12,서울특별시 중구 소공로 94 OCI빌딩,2025,20260313000943,2009429144000.0,2215285616000.0,1288825675000.0,2275774798000.0,1837846811667.0,1794178493000.0,1989717669000.0,1288825675000.0,2114755969000.0,1690907279000.0,주요계정
00148461,제일연마공업(주),001560,Y,23992,1801110021806,5068107010,19741227,12,경상북도 포항시 남구 대송로101번길 34(장흥동),2025,20260318000296,78898942508.0,81974461738.0,85239048510.0,121234213232.0,82037484252.0,68573237569.0,71005496687.0,74809368234.0,96109353294.0,71462700830.0,주요계정
00385363,(주)빅텍,065450,K,27211,1341110048674,1238139826,19960109,12,인천광역시 연수구 연구단지로55번길 25 -,2025,20260318000629,82956728421.0,71488568458.0,54928577801.0,126231673412.0,69791291560.0,82947173421.0,71488568458.0,54928577801.0,126531007748.0,69788106560.0,주요계정
00119195,동화약품(주),000020,Y,212,1101110043870,1108100102,18970925,12,서울특별시 중구 서소문로9길 20 -,2025,20260318001027,496394309778.0,464874735245.0,361108562008.0,642168098413.0,440792535677.0,388660153296.0,363797312192.0,335135052834.0,573789971875.0,362530839441.0,주요계정
00914341,(주)아이티켐,309710,K,21100,1801110520973,6178156392,20050526,12,충청북도 청주시 청원구 오창읍 양청송대길 231,2025,20260407003281,61966968775.0,49102752858.0,44958571087.0,181019209024.0,52009430907.0,57152225641.0,48801698588.0,43861842072.0,158787763585.0,49938588767.0,주요계정
00106623,현대위아(주),011210,Y,303,1942110000125,6098101770,19760329,12,경상남도 창원시 성산구  정동로 153,2025,20260317000785,8481561000000.0,8180886000000.0,8165581000000.0,7025106000000.0,8276009333333.0,7278797000000.0,6938051000000.0,6877041000000.0,5575653000000.0,7031296333333.0,주요계정
00172228,(주)엔케이,085310,Y,2512,1801110054641,6038106888,19840801,12,부산광역시 강서구 과학산단로 194-11 (주)엔케이,2025,20260323001528,130102265815.0,110936560917.0,91535244729.0,230547230245.0,110858023820.0,93350073189.0,84651809570.0,57267874084.0,179559889545.0,78423252281.0,주요계정
00416414,(주)넥스턴앤롤코리아,089140,K,292,1345110042264,1358139760,20000718,12,경기도 용인시 기흥구 기흥단지로121번길 35 (고매동),2025,20260323001746,70440930511.0,31640413075.0,41257657896.0,340909640792.0,47779667161.0,11808637507.0,13741156276.0,19343642640.0,209953687251.0,14964478808.0,주요계정
00659161,(주)싸이맥스,160980,K,29271,1311110153525,1298191801,20051202,12,경기도 화성시 동탄면 동탄산단2길 47 (주)싸이맥스,2025,20260323001377,164404533950.0,165058416302.0,156626583125.0,224003645356.0,162029844459.0,164244630048.0,164885513587.0,127773272699.0,227644860245.0,152301138778.0,주요계정
00631518,SK이노베이션(주),096770,Y,192,1101113710385,1018632319,20070703,12,서울특별시 종로구  종로 26,2025,20260316000827,80296054243000.0,74269646737000.0,76755738640000.0,105608481396000.0,77107146540000.0,4850904693000.0,1874893744000.0,2489429998000.0,39714545542000.0,3071742811667.0,주요계정
01596221,주식회사 세미티에스,0017J0,K,29299,1348110292970,1358640618,20140217,12,경기도 용인시 기흥구 용구대로2211번길 7,,,,,,,,,,,,,
01466373,(주)알트,459550,K,264,1311110492543,6888701019,20170901,12,"경기도 성남시 분당구 성남대로331번길 8, 1201호(정자동, 킨스타워)",2025,20260323000960,112948434552.0,127611954492.0,85244264915.0,62417435028.0,108601551320.0,111835396314.0,127611954492.0,85244264915.0,63277559650.0,108230538574.0,주요계정
00568461,(주)에이치씨보광산업,225530,K,239,1743110003882,5088116437,20040827,12,대구광역시 북구 유통단지로3길 40 &nbsp,2025,20260323001053,38493462752.0,63877146203.0,85460172473.0,175263808874.0,62610260476.0,38493462752.0,63877146203.0,85460172473.0,173489883117.0,62610260476.0,주요계정
00203847,국일신동(주),060480,K,24221,1201110082793,1398102120,19930226,12,경기도 안산시 단원구 번영2로 58 &nbsp,2025,20260316000972,,,,,,36286194700.0,31397800162.0,19639701107.0,46633517222.0,29107898656.0,주요계정
00885906,(주)에이치와이티씨,148930,K,25924,1101113364372,1138602327,20051221,12,경기도 군포시 산본로101번길 9-14,2025,20260319000343,30085095751.0,32321393845.0,40628539637.0,75519376109.0,34345009744.0,22153064500.0,24132039746.0,32923699589.0,71333035918.0,26402934612.0,주요계정
00145914,(주)인터엠,017250,K,265,1101110357403,1278158989,19831005,09,경기도 양주시 화합로1402번길 73 (덕정동),2025,20251217000580,60053752284.0,60338490432.0,50963849828.0,89210589811.0,57118697515.0,60053752284.0,60338490432.0,50963849828.0,88028246923.0,57118697515.0,주요계정
01099667,(주)에스디생명공학,217480,K,20423,1101113971466,2118818506,20080919,12,서울특별시 강서구 마곡중앙8로1길 66 -,2025,20260316001636,30069469569.0,34471256404.0,46942769396.0,48001780862.0,37161165123.0,26082959873.0,27315022442.0,31800876776.0,44713626290.0,28399619697.0,주요계정
00667425,(주)에이팩트,200470,K,261,1344110035203,1268603851,20070620,12,경기도 안성시 일죽면 서동대로 7280-26 &nbsp,2025,20260323001417,,,,,,110999185614.0,86722560746.0,93742317670.0,181859657148.0,97154688010.0,주요계정
00977650,(주)엔케이젠바이오텍코리아,182400,K,211,1101112421157,2068166254,20020114,12,경기도 수원시 영통구 창룡대로 440 -,2025,20260324000530,7862515138.0,8800038505.0,9947882202.0,14294115172.0,8870145282.0,7859202055.0,8667322015.0,10528426204.0,14240111014.0,9018316758.0,주요계정
00440712,(주)리튬포어스,073570,K,339,1101111549108,1138148008,19980523,12,서울특별시 성동구 아차산로17길 48 1120호,2025,20260323001735,,,,,,10653571827.0,15164117282.0,15633542239.0,59125143536.0,13817077116.0,주요계정
00159616,두산에너빌리티(주),034020,Y,29119,1942110000943,6098104684,19620920,12,경상남도 창원시 성산구  두산볼보로 22 두산중공업 주식회사,2025,20260320001246,17057876000000.0,16233055000000.0,17589888000000.0,27513223000000.0,16960273000000.0,7117023000000.0,6320304000000.0,6651862000000.0,14866375000000.0,6696396333333.0,주요계정
00164742,현대자동차(주),005380,Y,30121,1101110085450,1018109147,19671229,12,서울특별시 서초구  헌릉로 12,2025,20260318001394,186254472000000.0,175231153000000.0,162663579000000.0,368844849000000.0,174716401333333.0,78766791000000.0,79060777000000.0,78033758000000.0,98580388000000.0,78620442000000.0,주요계정
00524421,(주)테스,095610,K,29271,1345110064482,1358157375,20020919,12,경기도 용인시 처인구 양지면 중부대로 2374-36,2025,20260313000585,351115732341.0,240077826420.0,146938072263.0,487468886334.0,246043877008.0,347392290853.0,237287236903.0,144390647443.0,490722529366.0,243023391733.0,주요계정
00966168,(주)디알젬,263690,K,27111,1101112863789,2208671516,20030925,12,경기도 광명시 하안로 60 광명테크노파크 E동 7층,2025,20260312000972,102746224632.0,104005797536.0,112916729575.0,121965831481.0,106556250581.0,99665641313.0,101444716613.0,110536853838.0,122608366116.0,103882403921.0,주요계정
00683061,(주)한라캐스트,125490,K,303,1201110371576,1318190799,20050501,12,인천광역시 남동구 은봉로105번길 59,2025,20260319000665,155882334021.0,144441528834.0,121979644190.0,193037330869.0,140767835682.0,52627004528.0,49244987112.0,42945090808.0,120849357896.0,48272360816.0,주요계정
01259418,대보마그네틱(주),290670,K,28909,1101111114589,1308150004,19941229,12,경기도 화성시 팔탄면 현대기아로 25-13,2025,20260630001121,26147290618.0,28393852143.0,39999530917.0,47498260722.0,31513557893.0,25011777955.0,28393852143.0,39999530917.0,46789089750.0,31135053672.0,주요계정
00486875,(주)우양,103840,K,103,1644110000820,3098101598,19920401,12,충청남도 서천군 장항읍 장산로 357,2025,20260323001414,,,,,,183775849010.0,176260400982.0,191294814010.0,153372644843.0,183777021334.0,주요계정
00356370,(주)LG생활건강,051900,Y,20422,1101112208000,1078198143,20010403,12,서울특별시 중구 후암로 98 LG서울역빌딩,2025,20260316000985,6355489977342.0,6811918756741.0,6804839370129.0,6869383558281.0,6657416034737.0,3040730093373.0,3534849946196.0,3500213662373.0,4931297372939.0,3358597900647.0,주요계정
00220109,(주)알파에이아이,043100,K,27192,1347110014590,1258115723,19950712,12,경기 평택시 서탄면 금암리 34-6,2025,20260721000833,16834272765.0,20680847259.0,20782266469.0,72724392380.0,19432462164.0,12440049700.0,11383087418.0,9673409438.0,64424520952.0,11165515519.0,주요계정
00560982,주식회사 바이오솔루션,086820,K,211,1301110057421,1248169186,20000114,12,"서울특별시 노원구 공릉로 232 5층 (공릉동, 서울테크노파크)",2025,20260319001181,15199886701.0,12888526978.0,12461714311.0,68480637029.0,13516709330.0,15209634550.0,12888526978.0,12461714311.0,68472430209.0,13519958613.0,주요계정
01267967,(주)마이크로디지탈,305090,K,271,1348110073536,1248199109,20020802,12,경기도 성남시 분당구 판교역로 225-15 업무B동 6층,2025,20260323001576,,,,,,12842770689.0,11533272625.0,10839854618.0,65200642119.0,11738632644.0,주요계정
01867758,한화비전(주),489790,Y,264,1311110745562,6808603414,20240902,12,경기도 성남시 분당구 판교로319번길 6,2025,20260316001204,1790921869125.0,493322362934.0,,1809393507006.0,1142122116030.0,821603769063.0,0.0,,1233667898265.0,410801884532.0,주요계정
00693554,(주)티케이케미칼,104480,K,20501,1101113783457,1078701960,20071109,12,대구광역시 북구  원대로 128 연우빌딩 3층,2025,20260323001373,,,,,,345756223802.0,339574686712.0,379151731204.0,1475543333684.0,354827547239.0,주요계정
00537832,(주)푸른로보틱스,094940,K,263,1101111444241,2298128699,19970724,12,서울특별시 서초구 효령로60길 23-10 (주)푸른빌딩 2층,2025,20260318001682,23475613984.0,34770823435.0,32289721635.0,45208269381.0,30178719685.0,23347881590.0,34628126715.0,32088823535.0,45054690564.0,30021610613.0,주요계정
00571483,(주)오이솔루션,138080,K,26410,2001110180384,4098176875,20030807,12,광주광역시 북구 첨단연신로30번길 53 -,2025,20260319001159,57377286181.0,32026596164.0,46002760622.0,119613175533.0,45135547656.0,57358717233.0,32026596164.0,46002121267.0,120624448606.0,45129144888.0,주요계정
00100939,강남제비스코(주),000860,Y,20411,1801110003391,6058103330,19520716,12,"부산광역시 부산진구 중앙대로 639 18층(범천동, 엠디엠타워)",2025,20260318001400,598552862276.0,643137092555.0,638789180998.0,974015674336.0,626826378610.0,272938057132.0,313072053266.0,319251826894.0,432520213400.0,301753979097.0,주요계정
00135777,신대양제지(주),016590,Y,172,1301110008789,1348102858,19821217,12,경기도 안산시 단원구 별망로 129 -,2025,20260319001044,639529019559.0,658502364521.0,645359891647.0,922899070325.0,647797091909.0,195697398764.0,217560980424.0,218069628022.0,439506502370.0,210442669070.0,주요계정
00562360,에코볼트(주),097780,K,303,1358110109364,1248626275,20041118,12,충청남도 아산시 음봉면 산동로 433-31 -,2025,20260318000446,217426570735.0,202917689820.0,180164482428.0,253843277165.0,200169580994.0,186521190772.0,138886819687.0,49045561532.0,237548985876.0,124817857330.0,주요계정
01219155,(주)네오크레마,311390,K,108,1101113594763,2158693463,20070108,12,"서울특별시 강남구 언주로93길 27 12층(역삼동, 아시아미디어센터)",2025,20260318001614,81943689101.0,40313599873.0,24866771855.0,181836812241.0,49041353610.0,29630046588.0,23821692053.0,24851842286.0,95550693575.0,26101193642.0,주요계정
01326279,(주)아이엘,307180,K,284,1101116859099,8818801236,20180831,12,충청남도 천안시 동남구 수신면 장산동길 32 아이엘사이언스 천안공장,2025,20260324000015,102864055822.0,83215639985.0,39078135188.0,154697625359.0,75052610332.0,20525710193.0,30028018260.0,18073875687.0,100391090700.0,22875868047.0,주요계정
00114154,디와이덕양(주),024900,Y,303,1812110000922,6208101234,19770711,12,울산광역시 북구  효암로 366,2025,20260317000660,1738072339439.0,1883286365934.0,1875890050635.0,590839092949.0,1832416252003.0,1723701715475.0,1879199345534.0,1839599926929.0,578835929350.0,1814166995979.0,주요계정
00137207,(주)유니켐,011330,Y,303,1301110011807,1348103920,19760427,12,경기도 안산시 단원구 해봉로 38,2025,20260325000515,106243075628.0,68216069343.0,108288136804.0,226738055850.0,94249093925.0,105735908458.0,68216069343.0,108288136804.0,225026387967.0,94080038202.0,주요계정
00426086,티케이지휴켐스(주),069260,Y,2049,1101112611906,2018176228,20020915,12,서울특별시 중구 마른내로 27 타워107 15층,2025,20260402002347,1127691137096.0,1188238697698.0,1052689288463.0,1168210236084.0,1122873041086.0,1082236125709.0,1178503410670.0,1052689288463.0,1069435393535.0,1104476274947.0,주요계정
00303703,(주)씨에스,065770,K,2642,1101111644809,2158174874,19990203,12,경기도 성남시 분당구 판교로228번길 15 윈스동 8층(삼평동 판교세븐벤처밸리1),2025,20260319001412,23640234124.0,37172496286.0,33661402007.0,19055924565.0,31491377472.0,22614036334.0,38122490740.0,33661402007.0,18608262873.0,31465976360.0,주요계정
00899459,(주)레이언스,228850,K,27111,1348110216516,1248713025,20110502,12,경기도 화성시 삼성1로1길 14 &nbsp,2025,20260316001022,114722998848.0,125563733952.0,142985961678.0,261215994854.0,127757564826.0,78784852539.0,93801599830.0,115161034283.0,252121593537.0,95915828884.0,주요계정
00522007,(주)크리스에프앤씨,110790,K,1419,1101111572612,2078152490,19980806,12,서울특별시 강남구 도곡로 176,2025,20260331003421,311944979108.0,331280497035.0,367042824810.0,845864908512.0,336756100318.0,314218387790.0,330060614717.0,365432905060.0,686373671406.0,336570635856.0,주요계정
00108649,(주)티피씨로보틱스,048770,K,29142,1101110245575,1098114912,19790123,12,인천광역시 서구 갑문2로 39 (오류동) 단해창도클러스터,2025,20260319000001,86327967145.0,86444286561.0,86177095415.0,106726399881.0,86316449707.0,73109666559.0,75478964134.0,75488874618.0,95684589274.0,74692501770.0,주요계정
00526951,(주)신화프리텍,095190,K,259,1943110012186,6088151660,20030320,12,경상남도 창원시 성산구 웅남로 767 (남산동),2025,20260316000795,,,,,,92505989386.0,85434971594.0,101463362603.0,233775888973.0,93134774528.0,주요계정
01157846,(주)바이오포트코리아,188040,K,108,1801110500991,6068189006,20041111,12,부산광역시 기장군 장안읍 반룡산단1로 36,2025,20260318001675,70879747598.0,73346275464.0,68699069507.0,57284115425.0,70975030856.0,69164437799.0,72658248841.0,68699069507.0,56841766458.0,70173918716.0,주요계정
00197759,미래산업(주),025560,Y,27219,1243110030413,3128115889,19901226,12,충청남도 천안시 서북구 백석공단7로 65 (백석동),2025,20260319001166,50777866585.0,27041833124.0,21739463482.0,152351412994.0,33186387730.0,48895818237.0,27300388569.0,20374295315.0,148562773455.0,32190167374.0,주요계정
00962922,(주)팬젠,222110,K,212,1311110248194,1298642227,20100129,12,"경기도 수원시 영통구 신원로 306, 2동 4층(원천동 영통이노플렉스) &nbsp",2025,20260422000484,,,,,,13416632780.0,14672686810.0,7315125370.0,32700285210.0,11801481653.0,주요계정
00298377,(주)아이씨디,040910,K,29271,1301110058560,1248170233,20000226,12,경기도 안성시  대덕면 만세로 274,2025,20260320000723,197041477697.0,147615670947.0,62273750997.0,144397432698.0,135643633214.0,172867810330.0,129948041437.0,47046487283.0,131430000803.0,116620779683.0,주요계정
00809429,(주)뉴온,123840,K,108,1101114305614,1078733496,20100323,12,경기도 성남시 중원구 갈마치로 302 907호,2025,20260320001292,48163918636.0,10474118116.0,0.0,118735536277.0,19546012251.0,48154988467.0,10351779116.0,0.0,116551845215.0,19502255861.0,주요계정
00958451,한선엔지니어링(주),452280,K,259,1801110796665,6038179945,20120222,12,부산광역시 강서구 녹산산단381로 80 -,2025,20260319000779,,,,,,63216280322.0,48541119085.0,47752548300.0,140596237213.0,53169982569.0,주요계정
00153524,태림포장(주),011280,Y,1721,1301110010015,1338122623,19760412,12,경기도 시흥시 공단1대로379번안길 74,2025,20260319001237,753896340000.0,715375066000.0,719597767000.0,685971528000.0,729623057667.0,713412669000.0,680088172000.0,678112041000.0,633056172000.0,690537627333.0,주요계정
01294110,에스엔시스(주),0008Z0,K,28123,1348110412990,2258127780,20170622,12,"경기도 화성시 동탄순환대로 830 (영천동, 동탄SKV1center) 7층",2025,20260320000971,144425340172.0,138127527874.0,106268534704.0,232525687221.0,129607134250.0,144724047894.0,138127527874.0,106268534704.0,232856184365.0,129706703491.0,주요계정
00111704,한화오션(주),042660,Y,3111,1101112095837,1048157667,20001023,12,경상남도 거제시 거제대로 3370 (아주동),2025,20260317000644,12783512278323.0,10776004933627.0,7408312265643.0,20140914014349.0,10322609825864.0,12903594354486.0,10764756994564.0,7425978807573.0,19724646034029.0,10364776718874.0,주요계정
01549472,대진첨단소재(주),393970,K,22213,1358110358846,2068801153,20190116,12,서울특별시 송파구 올림픽로 342,2025,20260407003630,84513320058.0,88992921600.0,64645726523.0,151918119774.0,79383989394.0,7743409976.0,9818691806.0,17609054895.0,86086566063.0,11723718892.0,주요계정
00351375,(주)뉴보텍,060260,K,22211,1412110004279,2248104616,19901101,12,강원도 원주시 태장공단길 42-6 -,2025,20260323001632,,,,,,43479893003.0,43306470933.0,48852646602.0,55638476714.0,45213003513.0,주요계정
00627029,(주)디지아이티엑스,099520,K,26519,1101111517709,1208178820,19980227,12,서울특별시 금천구  가산디지털1로 212 코오롱디지털타워애스턴 906호,2025,20260319000358,25172528475.0,21360983111.0,13391973891.0,29371778873.0,19975161826.0,25080258475.0,21106907911.0,13287553091.0,29597787174.0,19824906492.0,주요계정
00580065,(주)월덱스,101160,K,262,1760110020723,5138117137,20000117,12,경상북도 구미시  4공단로7길 53-77,2025,20260318001643,291764969976.0,306791365556.0,288087193001.0,429672762944.0,295547842844.0,249341711418.0,279173711620.0,260915624572.0,393253831959.0,263143682537.0,주요계정
00231044,(주)우리기술,032820,K,281,1101111118656,1128138619,19950112,12,"서울특별시 마포구 월드컵북로56길 9 4층(상암동, 우리기술빌딩)",2025,20260323001668,87135395389.0,71250184948.0,63166127548.0,338455308703.0,73850569295.0,46363304055.0,36683836209.0,42709710138.0,253986018033.0,41918950134.0,주요계정
00113544,대한화섬(주),003830,Y,20501,1101110012437,2038143612,19631022,12,서울특별시 중구  동호로 310,2025,20260318001465,,,,,,108225676813.0,123785673930.0,134407371795.0,837279572052.0,122139574179.0,주요계정
00624998,(주)제닉,123330,K,204,1345110052677,1358149079,20010927,12,경기도 성남시 수정구 금토로 52 에프동 8층,2025,20260316001140,78198461125.0,49908316638.0,28069766610.0,56533469721.0,52058848124.0,78198461125.0,49908316638.0,28069766610.0,56523448307.0,52058848124.0,주요계정
00206039,경남스틸(주),039240,K,24199,1942110006090,6098111206,19901115,12,경남 창원시 웅남동 61-46번지,2025,20260309001568,,,,,,357139177502.0,395490089089.0,390306288912.0,159149627172.0,380978518501.0,주요계정
01136977,(주)마녀공장,439090,K,204,1101114810308,1088600365,20120302,12,서울특별시 강남구 테헤란로 124 삼원타워 4층,2025,20260323001497,113016260841.0,127919035290.0,105000932107.0,132697063242.0,115312076079.0,109998123244.0,126773457716.0,102291949929.0,132305596334.0,113021176963.0,주요계정
01412822,솔루스첨단소재 주식회사,336370,Y,26299,2149110058927,6688101406,20191001,12,전북특별자치도 익산시 용안면 동지산안대길 46 -,2025,20260319000659,616083220023.0,570949198601.0,429422392943.0,2160516819035.0,538818270522.0,124091735705.0,123400484044.0,113814166865.0,875496148242.0,120435462205.0,주요계정
00232821,(주)에이치엠넥스,036170,K,2612,1301110023349,1248122158,19931202,12,경기도 수원시 영통구 신원로 170 (신동),2025,20260319000253,31707375183.0,15162909359.0,14523739748.0,162859122159.0,20464674763.0,17708295355.0,15162909359.0,14523739748.0,157506782827.0,15798314821.0,주요계정
00110431,제이더블유신약(주),067290,K,212,1615110001291,3128102332,19810813,12,경기도 과천시 과천대로7길 38 -,2025,20260318001271,81043717132.0,93013748432.0,104234950412.0,58241070091.0,92764138659.0,81043717132.0,93013748432.0,99557900181.0,58238905649.0,91205121915.0,주요계정
01513440,(주)파이버프로,368770,K,27219,1101117648186,3368601784,20201013,12,대전광역시 유성구 가정북로 26-55 주식회사 파이버프로,2025,20260318000249,43472321309.0,32943669332.0,19386431576.0,60717374739.0,31934140739.0,43396320128.0,32650667976.0,19336735119.0,60449598981.0,31794574408.0,주요계정
00977641,(주)하이로닉,149980,K,27199,1101113802992,2068621359,20071211,12,"경기도 용인시 수지구 신수로 767 19층(동천동, 분당수지U-TOWER)",2025,20260716000527,32086031399.0,31628770815.0,33731985488.0,71242246309.0,32482262567.0,26856561511.0,23169368002.0,29683285083.0,77434925384.0,26569738199.0,주요계정
00127200,삼영전자공업(주),005680,Y,26291,1311110000205,1298100372,19680820,12,경기도 성남시 중원구  사기막골로 47 (상대원동),2025,20260319001319,149728576895.0,162977940986.0,177289642415.0,563753404670.0,163332053432.0,134344765096.0,147522375145.0,155120765098.0,494249220960.0,145662635113.0,주요계정
01166109,(주)예선테크,250930,K,22291,1101116122470,5698800415,20160715,12,경기도 군포시 공단로 356-3 (지번 주소: 경기도 군포시 산본1동 1026-2),2025,20260323001486,37875754485.0,43613399679.0,44115964461.0,51086423348.0,41868372875.0,17240595951.0,21390925630.0,22755422810.0,31999789438.0,20462314797.0,주요계정
00124799,사조산업(주),007160,Y,102,1101110112328,1108109699,19710319,12,서울특별시 서대문구  통일로 107-39 사조산업빌딩 5층,2025,20260318000986,706210125216.0,635200660442.0,632240275627.0,1253228674215.0,657883687095.0,478608273836.0,484680628407.0,470904308942.0,544547934399.0,478064403728.0,주요계정
00260657,(주)오상헬스케어,036220,K,271,1101111265697,2298102291,19960426,12,경기도 안양시 동안구 안양천동로 132,2025,20260320000572,128628728661.0,80488364604.0,355846882565.0,336205562297.0,188321325277.0,128618989127.0,80471433926.0,355564956704.0,334796767211.0,188218459919.0,주요계정
00264714,(주)에스지엔지,040610,K,303,1101110984199,2208140774,19931108,12,경기도 안산시 단원구 원시로 239-10 (원시동),2025,20260319000627,47697024082.0,50762457794.0,41898698934.0,488759326992.0,46786060270.0,47697024082.0,50762457794.0,41898698934.0,178799476269.0,46786060270.0,주요계정
01217865,주식회사 프롬바이오,377220,K,108,1358110127754,1358186512,20060626,12,경기도 용인시 기흥구 서천로127번길 10 -,2025,20260323001651,72162174415.0,67181877862.0,66723974526.0,65244955356.0,68689342268.0,51553954227.0,50768810719.0,52244255674.0,67544794228.0,51522340207.0,주요계정
00177320,(주)대성미생물연구소,036480,K,21230,1341110000880,1388102340,19660204,12,경기도 의왕시  덕영대로 103,2025,20260316000567,,,,,,25988810012.0,23803929086.0,25562323134.0,57979205426.0,25118354077.0,주요계정
00384887,에이테크솔루션(주),071670,K,29293,1345110051645,1358148139,20010820,12,경기도 화성시  정남면 가장로 277,2025,20260602000371,305490060000.0,289527428000.0,268503739000.0,323251005000.0,287840409000.0,257726734000.0,238704971000.0,212006738000.0,276808283000.0,236146147667.0,주요계정
00549891,(주)케어젠,214370,K,211,1101112310946,2148688555,20010823,12,서울특별시 강남구 역삼로98길 23 (대치동),2025,20260316001449,72807992793.0,82585947786.0,79209511675.0,231273422155.0,78201150751.0,72807992793.0,82585947786.0,79209511675.0,231273422155.0,78201150751.0,주요계정
00152589,(주)코리아나화장품,027050,K,20423,1101110597166,3128107545,19881115,12,충청남도 천안시 서북구 성거읍 삼곡2길 6,2025,20260515000792,73677182497.0,82451674673.0,86049461423.0,98970738389.0,80726106198.0,64694491942.0,66610307657.0,70432070028.0,97778946412.0,67245623209.0,주요계정
00405506,주식회사 삼영에스앤씨,361670,K,2629,1311110050086,1298135115,20000612,12,경기도 성남시 중원구 둔촌대로 446,2025,20260629000219,10975623854.0,12393769268.0,11647345784.0,21830678385.0,11672246302.0,10975623854.0,12393769268.0,11647345784.0,21852730601.0,11672246302.0,주요계정
00579980,(주)아이티엠반도체,084850,K,2629,1311110046639,1298132781,20000223,12,충청북도 청주시 청원구 오창읍 양청3길 60,2025,20260320001343,603110608556.0,647909543710.0,580535283001.0,489837304987.0,610518478422.0,512406126111.0,588182655917.0,538799917598.0,462112259131.0,546462899875.0,주요계정
00497631,(주)티플랙스,081150,K,242,1101110822159,1078134004,19911213,12,"경기도 안산시 단원구 엠티브이1로 75 (목내동, (주)티플랙스)",2025,20260413001727,,,,,,209235195605.0,207497762012.0,251061348197.0,235117561913.0,222598101938.0,주요계정
00874803,에이피위성(주),211270,K,264,1101114531045,1198638269,20110210,12,서울특별시 금천구 가산디지털2로 98 IT캐슬 2동 9층 &nbsp,2025,20260312000696,,,,,,47812373057.0,58631773787.0,49434135093.0,126277188188.0,51959427312.0,주요계정
00875237,주식회사 씨앤투스,352700,K,205,2301110096064,6108166526,20030527,12,부산광역시 강서구 녹산산업중로192번길 24,2025,20260318000989,67177456978.0,72986615933.0,78037214136.0,161504559526.0,72733762349.0,54680940759.0,62717358383.0,63897285257.0,156670957570.0,60431861466.0,주요계정
01325979,(주)세아제강,306200,Y,2413,1101116860640,5688601173,20180903,12,서울특별시 마포구 양화로 45,2025,20260312000989,1484796736010.0,1809432963576.0,1860904969919.0,1828293597693.0,1718378223168.0,1372127828938.0,1786196953156.0,1860904969919.0,1779216820266.0,1673076584004.0,주요계정
00115676,KG스틸(주),016380,Y,24122,1101110393308,1208142676,19821027,12,"서울특별시 중구 통일로 92 케이지타워 서울 중구 순화동 1-170, 케이지타워, 5층",2025,20260316001588,3193444424500.0,3300982020646.0,3429848200193.0,3100740293377.0,3308091548446.0,2926388205392.0,3214672206323.0,3287842124059.0,2974649142876.0,3142967511925.0,주요계정
00255275,(주)에이치비테크놀러지,078150,K,29272,1311110030335,1298123356,19970902,12,세종특별자치시  소정면 소정산단6로 20 -,2025,20260316001660,160310839339.0,162368639166.0,111647444745.0,382256656958.0,144775641083.0,160310839339.0,162368639166.0,111647444745.0,348766973674.0,144775641083.0,주요계정
00134510,에스제이지세종(주),033530,Y,303,1812110000758,6208100119,19760610,12,울산광역시 북구 공단길 4 (효문동),2025,20260316000994,1896882583006.0,1816595152264.0,1792324075283.0,1326283584898.0,1835267270184.0,562029556108.0,626254473279.0,478833422163.0,725945525346.0,555705817183.0,주요계정
00166315,(주)화신,010690,Y,30391,1701110014936,5058120965,19740701,12,경상북도 영천시  도남공단길 94-2,2025,20260316000461,1962483716837.0,1712315816922.0,1802759833241.0,1559099212744.0,1825853122333.0,1114907012807.0,940622547791.0,957106396810.0,1129304059733.0,1004211985803.0,주요계정
00415327,(주)중앙백신연구소,072020,K,211,1601110042533,3058119849,19941004,12,대전광역시 유성구 유성대로 1476-37 (주)중앙백신연구소,2025,20260316001508,,,,,,49068711762.0,45592513653.0,41867966000.0,122815695040.0,45509730472.0,주요계정
00191588,(주)삼원강재,023000,Y,303,1746110014924,5068112319,19920721,12,경상북도 포항시 남구  대송면 철강산단로66번길 40,2025,20260316001210,,,,,,359287042852.0,343558905658.0,359058169925.0,307639962327.0,353968039478.0,주요계정
00453442,해성에어로보틱스(주),059270,K,259,1201110148800,1398130494,19970303,12,인천광역시 남동구 능허대로 551,2025,20260313000915,,,,,,15077935821.0,14938117848.0,13683022145.0,43062407333.0,14566358605.0,주요계정
00524786,(주)비엠티,086670,K,29133,1801110331502,6068128130,20000726,12,부산광역시 기장군 장안읍 신소재산단2로 17 -,2025,20260320000579,146991337484.0,132809349767.0,149605878145.0,262640351911.0,143135521799.0,146079952274.0,132138323499.0,148855087509.0,263651188513.0,142357787761.0,주요계정
00300548,(주)현대리바트,079430,Y,32029,1345110034097,1358132239,19990610,12,경기도 용인시 처인구  남사면 경기동로 316 리바트,2025,20260316001287,1546206037790.0,1870657004478.0,1585704938901.0,773256191482.0,1667522660390.0,1477292211832.0,1821458932483.0,1552128223656.0,763012768837.0,1616959789324.0,주요계정
00406046,에이치디현대마린엔진(주),071970,Y,29119,1942110048381,6098148213,20010615,12,경상남도 창원시 성산구 적현로 222 STX중공업,2025,20260316001327,402396221904.0,315793988713.0,244368378750.0,814697175815.0,320852863122.0,379847863143.0,295824034505.0,235734816507.0,783343999995.0,303802238052.0,주요계정
00530185,(주)이엔에프테크놀로지,102710,K,2049,1101111957195,2118697360,20000501,12,경기도 용인시 기흥구 탑실로35번길 14 한국알콜산업그룹빌딩,2025,20260316000534,670896289801.0,582433714374.0,531103274601.0,749300530429.0,594811092925.0,598981663495.0,519173187119.0,489790606727.0,591387263398.0,535981819114.0,주요계정
00366438,산일전기(주),062040,Y,28112,1101111020728,1398125410,19940326,12,경기도 안산시 단원구 시화벤처로 481,2025,20260403003697,501946220880.0,333996550771.0,214537829766.0,681958856706.0,350160200472.0,501946220880.0,333996550771.0,214537829766.0,681100631423.0,350160200472.0,주요계정
01015160,(주)피에스일렉트로닉스,332570,K,26299,1717110071503,5068159541,20061201,12,"경기도 성남시 분당구 황새울로319번길 8-4 (서현동, 삼헌빌딩)",2025,20260701000606,125476577087.0,122129660010.0,68149317459.0,231884645633.0,105251851519.0,64270783899.0,87597442598.0,59585599792.0,197626834992.0,70484608763.0,주요계정
01292291,(주)파두,440110,K,26112,1101115767269,3908700132,20150630,12,"서울특별시 강남구 학동로 343 16층, 17층(논현동, 더피나클강남)",2025,20260318001002,92419333233.0,43502744974.0,22470905715.0,122427167093.0,52797661307.0,92385149457.0,43392254645.0,22428199866.0,122226334967.0,52735201323.0,주요계정
00377018,(주)기가레인,049080,K,262,1101111867831,1078177264,20000131,12,경기도 화성시 동탄산단10길 61 -,2025,20260319000752,40331425989.0,41689699551.0,44294520242.0,95950653324.0,42105215261.0,45214569978.0,43756688986.0,39543421146.0,88871289968.0,42838226703.0,주요계정
01565364,(주)폴레드,487580,K,28519,1342110213952,2478601655,20190304,12,충청남도 서산시 운산면 장생동로 523,,,,,,,,,,,,,
01671285,주식회사 쿼드메디슨,464490,K,211,1311110468544,3138133819,20161223,12,"경기도 성남시 중원구 사기막골로45번길 14, 제6층 제비-605호(상대원동, 성남우림라이온스밸리2차) &nbsp",2025,20260706000055,10698152626.0,9303610913.0,1011722941.0,51179024993.0,7004495493.0,10698152626.0,9303610913.0,1011722941.0,50286913431.0,7004495493.0,전체재무제표
01455410,주식회사 파인메딕스,387570,K,27199,1701110383357,5028601324,20090727,12,대구광역시 동구 율암로 140-9 &nbsp,2025,20260626000596,9522704304.0,9960360985.0,10154094544.0,25521054978.0,9879053278.0,9522704304.0,9960360985.0,10154094544.0,27069799030.0,9879053278.0,주요계정
01016309,(주)한켐,457370,K,20119,1350110097060,1348147326,19991015,12,대전광역시 유성구 테크노11로 55-11,2025,20260318001493,,,,,,33895952208.0,36697456129.0,26940818816.0,65692894554.0,32511409051.0,주요계정
01214248,(주)뉴트리,270870,K,108,1101112214429,2148680043,20010412,12,서울시 송파구 백제고분로 27길 6-14 (삼전동 101-3) -,2025,20260320001416,101087982676.0,121972837610.0,151377308327.0,136682989095.0,124812709538.0,91385125530.0,107594303985.0,136535751515.0,108790205302.0,111838393677.0,주요계정
00359261,빛샘전자(주),072950,K,262,1301110049246,1248158831,19981103,12,경기도 용인시 기흥구  언동로 53-11 빛샘전자 (청덕동),2025,20260316001265,120858537424.0,85120717267.0,74104681649.0,117144598604.0,93361312113.0,39156621416.0,25122985114.0,29080942574.0,103547145082.0,31120183035.0,주요계정
00178790,동양이엔피(주),079960,K,2811,1348110004870,1248134668,19870327,12,경기도 평택시 진위면 진위산단로 76,2025,20260320001266,596475211237.0,548392783461.0,536914173334.0,536293012645.0,560594056011.0,540648656071.0,497697509964.0,481408154759.0,491084917711.0,506584773598.0,주요계정
00308896,(주)셀피글로벌,068940,K,26293,1701110141812,5018123451,19981110,12,대구광역시 달서구  호산동로7길 17,2025,20260323001695,35505883136.0,33712530431.0,34548050084.0,25777691812.0,34588821217.0,33009160482.0,31317378755.0,31234098894.0,26721119815.0,31853546044.0,주요계정
01012987,주식회사 아모센스,357580,K,262,1244110093120,1378191480,20081101,12,충청남도 천안시 서북구 직산읍 모시리 308 천안 제4지방산업단지 19-1블럭,2025,20260316001301,122140313384.0,134155017976.0,87453532398.0,137129203630.0,114582954586.0,122012294899.0,134155017976.0,87453532398.0,136371090797.0,114540281758.0,주요계정
00635134,CJ제일제당(주),097950,Y,108,1101113748253,1048609535,20070904,12,서울특별시 중구  동호로 330,2025,20260316001116,27342589100000.0,27239748024000.0,26822425792000.0,29744790534000.0,27134920972000.0,7281140720000.0,7598277073000.0,7547072629000.0,10612774732000.0,7475496807333.0,주요계정
01113754,티이엠씨씨엔에스(주),241790,K,292,1101114809963,1198653348,20120302,12,충청북도 보은군 삼승면 남부로 3790-52 -,2025,20260316001631,168040555596.0,193531706663.0,140336756639.0,168074903539.0,167303006299.0,127724280030.0,97931052116.0,100055250321.0,131542418965.0,108570194156.0,주요계정
00759513,(주)엘엑스하우시스,108670,Y,2222,1101114071207,1078718122,20090402,12,서울특별시 종로구 새문안로 58 LX광화문빌딩,2025,20260316001555,3178689000000.0,3572036000000.0,3525807000000.0,2169997000000.0,3425510666667.0,2642115000000.0,3091827000000.0,3056147000000.0,1723432000000.0,2930029666667.0,주요계정
01144569,(주)피엔티 엠에스,257370,K,292,1701110207177,5148142148,20011015,12,대구광역시 달서구 성서공단로25길 16 &nbsp,2025,20260316000348,,,,,,11082330000.0,26217506855.0,25029807561.0,52886257303.0,20776548139.0,주요계정
01267170,에스케이케미칼(주),285130,Y,20202,1311110501021,8468100915,20171201,12,경기도 성남시 분당구 판교로 310,2025,20260319000495,2365164441719.0,1736778902011.0,1748777740387.0,6087624380520.0,1950240361372.0,1440380625560.0,1340527392476.0,1232925641365.0,2323251553433.0,1337944553134.0,주요계정
00127042,에스와이티에스(주),002170,Y,15110,1101110033433,2208130276,19571012,12,서울특별시 강남구 테헤란로 301(역삼동) 삼정개발빌딩 6층,2025,20260319000873,174685073701.0,191310493294.0,179258365881.0,474241122433.0,181751310959.0,172604744075.0,190855348172.0,179036291054.0,455144317738.0,180832127767.0,주요계정
00137915,(주)엠엑스로보틱스,007820,K,29169,1101110128680,1138117320,19720413,12,서울특별시 중구 후암로 110 서울시티타워 20층(회현동),2025,20260319001365,149093596003.0,163228400060.0,173774167026.0,116625243450.0,162032054363.0,133715138065.0,156847870396.0,173208114461.0,116252941511.0,154590374307.0,주요계정
00670766,(주)엠엑스온,347890,K,27216,1351110048798,1238148572,19990408,12,경기도 안양시 동안구 시민대로327번길 11-35 엠투아이빌딩,2025,20260320001321,62254825120.0,36793434766.0,33020955073.0,195729169133.0,44023071653.0,32545055465.0,36793434766.0,33020955073.0,84669812414.0,34119815101.0,주요계정
01588189,씨메스로보틱스(주),475400,K,29299,1101115501550,2208886560,20140828,12,서울특별시 강남구 도산대로 318 &nbsp,2025,20260617000463,13056154094.0,6888405852.0,7639315336.0,68932584827.0,9194625094.0,11205778842.0,6700814956.0,7639315336.0,72116627937.0,8515303045.0,주요계정
00255044,현대에이치티(주),039010,K,26410,1101111539597,2208151999,19980425,12,"서울특별시 영등포구  여의대방로 107 (신길동,현대통신빌딩)",2025,20260323001354,153333115485.0,168906637340.0,131416440859.0,141946537572.0,151218731228.0,153299471798.0,168906637340.0,131416440859.0,141747005945.0,151207516666.0,주요계정
00869272,(주)서전기전,189860,K,28123,1101110816938,1348121423,19911118,12,경기도 이천시 대월면 대월로 667번길 38-19 (주)서전기전 (이천대월 일반산업단지 내),2025,20260604000502,,,,,,68106757182.0,63335667930.0,43269003267.0,68881898419.0,58237142793.0,주요계정
01293485,제닉스로보틱스(주),381620,K,29299,1313110097737,1258187907,20100423,12,충청남도 천안시 서북구 직산읍 부송로 165-33,2025,20260313000454,22665261675.0,63469561784.0,61300434302.0,73116924408.0,49145085920.0,22665261675.0,63469561784.0,61300434302.0,73159799486.0,49145085920.0,주요계정
00217743,화성밸브(주),039610,K,29133,1701110030958,5038108664,19870427,12,대구광역시 서구  팔달로2길 29 화성,2025,20260320000173,81448684458.0,91263944666.0,91550544835.0,128787513223.0,88087724653.0,71404321523.0,81638198790.0,86896190460.0,123946129250.0,79979570258.0,주요계정
00454946,그린케미칼(주),083420,Y,20421,1614110012349,3168103672,20030101,12,충남 서산시 대산읍 독곳리 411-13,2025,20260317000822,,,,,,304057102221.0,330339365530.0,282345762196.0,205355110485.0,305580743316.0,주요계정
00123143,(주)보령,003850,Y,212,1101110012560,2088100281,19631111,12,서울 종로구 원남동 보령빌딩 66-21,2025,20260709000536,1017427357548.0,1017106670442.0,859625585767.0,1387880345936.0,964719871252.0,967810858971.0,966462334729.0,814097241957.0,1373800087537.0,916123478552.0,주요계정
00156150,(주)엑시큐어하이트론,019490,Y,265,1243110017841,3128106094,19861110,12,경기도 안성시 서운면 안성맞춤대로 16 나동 2층 202호,2025,20260323000002,5299944408.0,6580126289.0,5504482588.0,42294849877.0,5794851095.0,5299944408.0,6580126289.0,5504482588.0,29085834687.0,5794851095.0,주요계정
00144252,(주)유니온,000910,Y,23311,1101110200579,1048124962,19521206,12,서울특별시 중구  소공로 94 OCI빌딩 13층,2025,20260319000893,202400732520.0,218159407914.0,224649755569.0,333392379451.0,215069965334.0,100286221018.0,108495691681.0,107966915620.0,206440199705.0,105582942773.0,주요계정
00156600,한주라이트메탈(주),198940,K,24212,1812110008538,6108106722,19871208,12,울산광역시 울주군 온산읍 화산2길 34-5,2025,20260317000438,259464652455.0,250764376647.0,220981852363.0,213313634975.0,243736960488.0,247871094128.0,237467114367.0,211109392915.0,200349108772.0,232149200470.0,주요계정
00160843,주식회사 DB하이텍,000990,Y,2611,1101110026206,2118110771,19530428,12,경기도 부천시 수도로 90 (주)DB하이텍,2025,20260601001661,1397233307039.0,1131167709804.0,1154223638940.0,2992581747645.0,1227541551928.0,1213775673521.0,991586676882.0,1063261107338.0,2514222338447.0,1089541152580.0,주요계정
00626464,(주)지엔씨에너지,119850,K,28111,1101110952055,1078142450,19930623,12,서울특별시 강서구 마곡중앙2로 49 -,2025,20260331003325,262633597538.0,226316215163.0,166417408343.0,370790899923.0,218455740348.0,202858568877.0,182743072928.0,145050416469.0,342482111480.0,176884019425.0,주요계정
00687711,한국철강(주),104700,Y,2411,1942110094318,6098184470,20080903,12,경상남도 창원시 성산구  공단로103번길 12 한국철강(주),2025,20260319001021,,,,,,486605490510.0,600003866825.0,905095863024.0,866783355876.0,663901740120.0,주요계정
01214743,(주)더네이쳐홀딩스,298540,K,144,1101112958259,1068626388,20040220,12,서울특별시 용산구 새창로44길 10 -,2025,20260317000817,477521854058.0,516897055775.0,548443577367.0,675904004288.0,514287495733.0,384562437416.0,427199244699.0,470601340979.0,579645081518.0,427454341031.0,주요계정
00624518,(주)다산솔루에타,154040,K,2629,1351110065750,1238189952,20030627,12,경기도 화성시 마도면 해운로 498-42 -,2025,20260324000018,,,,,,31399403970.0,35436409241.0,31308829664.0,82300080932.0,32714880958.0,주요계정
00493185,(주)제이스로보틱스,090470,K,29271,1243110046030,1308148610,19950309,12,충청남도 아산시 음봉면 산동로 433-15 -,2025,20260318001365,30661005588.0,63632960537.0,72087353783.0,177177604418.0,55460439969.0,28687230801.0,60579196915.0,68785677632.0,176634833172.0,52684035116.0,주요계정
01065679,(주)이노인스트루먼트,215790,K,264,1101115658640,4478700025,20150306,12,인천광역시 연수구 송도미래로 30 송도스마트밸리 이동 1507호,2025,20260323001699,43686995895.0,41174829794.0,43871733220.0,65158147611.0,42911186303.0,19312927747.0,18435282865.0,23064681677.0,38262951725.0,20270964096.0,주요계정
01329957,(주)국전,307750,K,212,1101116868529,1168701173,20180911,12,"경기도 안양시 동안구 학의로 282 B동 1516호 (관양동,금강펜테리움)",2025,20260323001002,131039398700.0,136467647880.0,121997885408.0,179207011973.0,129834977329.0,130232188700.0,135952861011.0,121443127908.0,180160093611.0,129209392540.0,주요계정
00911955,(주)잇츠한불,226320,Y,20423,1101113394048,2208723971,20060207,12,서울특별시 강남구 학동로 311 주식회사 잇츠한불,2025,20260814002486,153387097887.0,142430717571.0,135449723674.0,535717320063.0,143755846377.0,23826806118.0,27284955467.0,37963675143.0,418088331460.0,29691812243.0,주요계정
00160302,코스모화학(주),005420,Y,2049,1101110152738,1058133052,19680212,12,서울특별시 서초구  반포대로 43 코스모빌딩 5층,2025,20260602000269,664155164378.0,749281395087.0,798983652893.0,1168366014277.0,737473404119.0,200539350166.0,172455322716.0,159799358115.0,523743675091.0,177598010332.0,주요계정
01594791,(주)나우로보틱스,459510,K,29280,1201110845638,4398800375,20161027,12,인천광역시 남동구 앵고개로449번길 42,2025,20260323000990,,,,,,12526033167.0,12059591829.0,10406269410.0,32002827967.0,11663964802.0,주요계정
00158015,한국선재(주),025550,K,24123,1801110102359,6068138360,19740705,12,부산광역시 사하구 하신번영로 27 (신평동),2025,20260319001245,219400375461.0,223448269998.0,248447837494.0,335340383966.0,230432160984.0,147230381552.0,161953555013.0,180471169418.0,222282212833.0,163218368661.0,주요계정
00117726,디와이피(주),092780,Y,301,1243110003379,1348101198,19770701,12,경기도 안산시 단원구 해봉로255번길 16,2025,20260323001599,459333394568.0,431024695614.0,421732458047.0,463394842463.0,437363516076.0,374959053687.0,365357185123.0,351042355490.0,337933806678.0,363786198100.0,주요계정
01762569,주식회사 이수스페셜티케미컬,457190,Y,20111,1101118626561,6318103101,20230502,12,서울특별시 서초구 사평대로 84,2025,20260319001027,411470361000.0,332069863000.0,117528615000.0,366409360000.0,287022946333.0,411470361000.0,332069863000.0,117528615000.0,366405689000.0,287022946333.0,주요계정
00122472,피케이씨(주),001340,Y,20131,1101110003709,1138101094,19541125,12,전라북도 군산시  임해로 494-16,2025,20260318001618,272137469082.0,245228124294.0,233521888171.0,606449785297.0,250295827182.0,269125018001.0,239478065066.0,230577136923.0,604211980102.0,246393406663.0,주요계정
00606886,(주)엔지켐생명과학,183490,K,211,1601110084890,3148127038,19990720,12,충청북도 제천시 바이오밸리로 59,2025,20260324000019,67750824736.0,77377688864.0,76038893905.0,148592462348.0,73722469168.0,22904481202.0,34171570951.0,35111960577.0,144681796760.0,30729337577.0,주요계정
00154329,티피(주),007980,Y,141,1301110010031,1348105011,19720630,12,서울특별시 구로구 디지털로31길 12 태평양물산,2025,20260318001472,1028988630596.0,1064151435568.0,920175022485.0,766760563279.0,1004438362883.0,763138039835.0,755618153786.0,627397157594.0,697666908994.0,715384450405.0,주요계정
00401731,LG전자(주),066570,Y,264,1101112487050,1078614075,20020401,12,서울특별시 영등포구  여의대로 128 LG트윈타워,2025,20260706000276,89200882000000.0,87728182000000.0,82262664000000.0,68620167000000.0,86397242666667.0,29554826000000.0,30762552000000.0,28868175000000.0,35091143000000.0,29728517666667.0,주요계정
00189538,(주)피델릭스,032580,K,2611,1101110717441,1058152326,19900820,12,"경기도 성남시 분당구 백현로 93(수내동, 후너스빌딩 6층)",2025,20260313000041,,,,,,53615518212.0,44810331384.0,52783978412.0,57422108295.0,50403276003.0,주요계정
01060744,한솔제지(주),213500,Y,171,1101115604700,1048658322,20150102,12,"서울특별시 중구 을지로 100 비동 (을지로2가, 파인애비뉴)",2025,20260313001328,2290040442405.0,2215792424792.0,2194102551558.0,1993741068936.0,2233311806252.0,2169056497597.0,2120454644329.0,2072862048914.0,1919584873146.0,2120791063613.0,주요계정
00463342,(주)폴라리스에이아이파마,041910,K,212,1351110047782,1238147345,19981217,12,경기도 화성시 향남읍 발안공단로 25,2025,20260313001345,,,,,,55543076772.0,59602371962.0,64214830710.0,195928871523.0,59786759815.0,주요계정
01060814,주식회사 삼양패키징,272550,Y,22232,1101115554418,1018693655,20141101,12,서울특별시 종로구 종로33길 31,2025,20260313001090,420217993585.0,448111536488.0,421668811107.0,649275550491.0,429999447060.0,418914127885.0,433772527088.0,413414538277.0,647610266622.0,422033731083.0,주요계정
01316227,효성티앤씨(주),298020,Y,2050,1101116770138,8808701070,20180604,12,서울특별시 마포구 마포대로 119,2025,20260311004548,7694843720869.0,7776065076844.0,7526918824216.0,5739089251365.0,7665942540643.0,4325171696629.0,4663802301345.0,4453044534376.0,2296979932705.0,4480672844117.0,주요계정
01506848,주식회사 비스토스,419540,K,27199,1101112317653,1208625954,20010827,12,경기도 성남시 중원구 갈마치로 302 우림라이온스빌딩5차 A동 7층,2025,20260323001578,,,,,,17099549571.0,20254829230.0,21304785943.0,20710724404.0,19553054915.0,주요계정
01063884,(주)솔디펜스,215090,K,272,1101115642726,1078841260,20150212,12,경기도 안양시 동안구 학의로 268 410호 (관양동),2025,20260323001185,26761166493.0,21756567908.0,16254001186.0,60029463229.0,21590578529.0,25822925100.0,21756567908.0,16254001186.0,59199068369.0,21277831398.0,주요계정
00648721,SNT에너지(주),100840,Y,29176,1942110090598,6098181774,20080205,12,경상남도 창원시 성산구  완암로 12,2025,20260220002472,606119987434.0,294264258276.0,321955650203.0,589839322838.0,407446631971.0,499146460507.0,262569502027.0,253099921678.0,526140424065.0,338271961404.0,주요계정
00493510,(주)뉴프렉스,085670,K,2622,1350110103601,1348156859,20000622,12,경기 안산시 단원구 신길동 1055603-4호,2025,20260319000036,154135605019.0,175942140361.0,195106479561.0,164466388543.0,175061408314.0,89425751059.0,125881879163.0,137450414744.0,109774752201.0,117586014989.0,주요계정
00109514,(주)티웨이홀딩스,004870,Y,23325,1101110073413,2078100110,19661206,12,"서울특별시 송파구 법원로 135 202호(문정동, 소노타워)",2025,20260323001343,,,,,,5034977500.0,5242842500.0,7774124999.0,119172275420.0,6017315000.0,주요계정
01238169,(주)오리온,271560,Y,108,1101116417805,7098100727,20170601,12,서울특별시 강남구 남부순환로 2745 -,2025,20260318001320,3332442536373.0,3104338576129.0,2912358051475.0,4598663246300.0,3116379721326.0,1145838309534.0,1097613165124.0,1069993639125.0,1945313729634.0,1104481704594.0,주요계정
00113225,대한제강(주),084010,Y,2411,1801110003268,6038113259,19540610,12,부산광역시 사하구 하신번영로 69,2025,20260318000780,1247058624052.0,1224534509948.0,1447832026434.0,1249954072860.0,1306475053478.0,731269024453.0,796284829280.0,955564674636.0,936952439735.0,827706176123.0,주요계정
00129989,코스모신소재(주),005070,Y,204,1201110018251,1378101917,19730628,12,충청북도 충주시 충주호수로 36 (목행동) 코스모신소재 주식회사,2025,20260602000342,,,,,,456295847107.0,569728589077.0,629578773085.0,721100349936.0,551867736423.0,주요계정
01109937,(주)티앤알바이오팹,246710,K,21100,1355110249041,1408173187,20130311,12,경기도 시흥시 마유로 96 -,2025,20260825000373,26967256198.0,4873728487.0,5199194463.0,92713948686.0,12346726383.0,7579626819.0,4873728487.0,5199194463.0,72013248613.0,5884183256.0,주요계정
00411048,(주)에스앤에스텍,101490,K,2629,1311110057925,1298140113,20010222,12,대구광역시 달서구  호산동로 42,2025,20260316000487,243733252593.0,176013891367.0,150320408224.0,393041682256.0,190022517395.0,234810218725.0,166609723104.0,143024902491.0,391086531120.0,181481614773.0,주요계정
00319272,(주)성우,458650,K,282,1760110007078,5138106381,19920901,12,경상북도 구미시 3공단2로 107,2025,20260319000953,85550263958.0,130913082962.0,146659200324.0,246593655310.0,121040849081.0,71526839454.0,103723193450.0,109601611206.0,207329656448.0,94950548037.0,주요계정
01101254,케이피항공산업(주),288180,K,31322,1801110100551,6228106875,19900604,12,경상남도 김해시 진례면 테크노밸리로 12,2025,20260330000218,53907682893.0,49650973727.0,34568675428.0,81957466870.0,46042444016.0,53922869222.0,50116089823.0,34568675428.0,77822438379.0,46202544824.0,주요계정
00128315,삼지전자(주),037460,K,2642,1101110300303,1198101883,19810724,12,경기도 화성시 금곡로 63-27 삼지전자,2025,20260317000862,4291096557599.0,3359681220937.0,2526207927918.0,1825577701009.0,3392328568818.0,63405540702.0,60895131756.0,44320513867.0,264365690835.0,56207062108.0,주요계정
00146560,(주)일지테크,019540,K,303,1701110029802,5048106257,19861124,12,경상북도 경산시  진량읍 공단4로 50 주일지테크,2025,20260319000717,855062638987.0,757295076969.0,628485714969.0,646416055882.0,746947810308.0,443620147723.0,322826045636.0,358750931119.0,450106409754.0,375065708159.0,주요계정
00101752,(주)케이씨피드,025880,K,109,1747110000187,5058100799,19700506,12,경상북도 영천시 금호읍 금호로 320,2025,20260814003179,121771141803.0,102958912967.0,92576838916.0,100350220320.0,105768964562.0,120446800699.0,102568829595.0,93213151874.0,90768870802.0,105409594056.0,주요계정
00309503,한국항공우주산업(주),047810,Y,31311,1101111827570,1108142397,19991001,12,경상남도 사천시  사남면 공단1로 78 한국항공우주산업,2025,20260318001461,3696379351601.0,3633742105840.0,3819344382446.0,10370256890187.0,3716488613296.0,3625239285458.0,3598366746562.0,3798360603082.0,10197273764281.0,3673988878367.0,주요계정
00245472,(주)티씨케이,064760,K,23999,1346110007844,1258119772,19960807,12,경기도 안성시 미양면 개정산업단지로 71-,2025,20260310002891,,,,,,301334302844.0,275724843444.0,226652881531.0,567616557963.0,267904009273.0,주요계정
01210677,(주)씨케이솔루션,480370,Y,29172,1345110077964,1358168571,20040223,12,"경기도 용인시 기흥구 신구로12번길 32, 씨케이빌딩",2025,20260320001407,291009514864.0,295772527163.0,215298444210.0,211303631821.0,267360162079.0,91082251728.0,178243036875.0,145563679386.0,125007061549.0,138296322663.0,주요계정
01380578,(주)도우인시스,484120,K,26211,1501110134952,3018606430,20100325,12,충청북도 청주시 흥덕구 옥산면 옥산산단로 42,2025,20260312001439,139791218651.0,141707834884.0,95062751582.0,228430085122.0,125520601706.0,47281418381.0,67001428122.0,85758913933.0,235753078295.0,66680586812.0,주요계정
01182240,(주)배럴,267790,K,1419,1101114256924,1058739951,20100107,12,서울특별시 용산구 새창로44길 10 2층,2025,20260316001357,59192865808.0,64445966180.0,58163177764.0,80992727341.0,60600669917.0,59141353424.0,64466115398.0,58107948808.0,80939721995.0,60571805877.0,주요계정
00162461,한화솔루션(주),009830,Y,20111,1101110360935,2028116577,19740427,12,서울특별시 중구 청계천로 86 한화빌딩,2025,20260325001401,13333055000000.0,12394024000000.0,13078536000000.0,33144011000000.0,12935205000000.0,5739541000000.0,6182042000000.0,7340947000000.0,19609395000000.0,6420843333333.0,주요계정
01135057,(주)녹십자웰빙,234690,K,212,1345110083218,1358172584,20040902,12,서울특별시 성동구 왕십리로 241 4층,2025,20260316001685,164680042293.0,133804572383.0,,222249644479.0,149242307338.0,151875934232.0,127928690890.0,120534664952.0,225873041756.0,133446430025.0,주요계정
01246034,(주)다이나믹솔루션,290660,K,27199,1101114362531,1198629663,20100603,12,경기도 성남시 수정구 창업로 42 판교제2테크노밸리 경기기업성장센터 801호,2025,20260317000506,16052919041.0,17274593958.0,26613904786.0,77791245730.0,19980472595.0,3893949767.0,4436581779.0,2985172014.0,74466137253.0,3771901187.0,주요계정
01419205,(주)피앤에스로보틱스,460940,K,27199,1101112922478,1078643925,20031226,12,"서울특별시 영등포구 선유로 70, 509호(문래동 3가, 우리벤처타운2)",2025,20260312000752,7639478060.0,7105295087.0,6009352447.0,45090169479.0,6918041865.0,7639478060.0,7105295087.0,6009352447.0,45112376222.0,6918041865.0,주요계정
01279698,채비(주),0011T0,K,28119,1701110604795,6708800336,20160526,12,대구광역시 수성구 알파시티1로31길 9,,,,,,,,,,,,,
00831428,(주)옵투스제약,131030,K,212,1101114399906,1078738943,20100727,12,충청북도 청주시 흥덕구 오송읍 오송생명6로 50 .,2025,20260317000678,,,,,,87161378628.0,81904833952.0,72426447150.0,191056547070.0,80497553243.0,주요계정
01649204,(주)달바글로벌,483650,Y,20423,1101115995993,8408800333,20160309,12,"서울특별시 마포구 마포대로 78 (도화동, 자람빌딩), 12층",2025,20260407001978,519735447906.0,309062616157.0,200802470160.0,255334642397.0,343200178074.0,502589078688.0,303018754129.0,200032607788.0,253523715358.0,335213480202.0,주요계정
00137289,(주)이엘씨,041520,K,272,1301110004620,1248132073,19840423,12,충청남도 아산시 음봉면 스마트산단1로 20 -,2025,20260317000600,37888100006.0,29234744853.0,16118985027.0,182458043820.0,27747276629.0,17884503846.0,15369871280.0,27280000.0,159736774799.0,11093885042.0,주요계정
00302582,(주)캐스텍코리아,071850,K,303,1801110273986,6068120370,19981223,12,부산광역시 강서구 미음산단4로 55 (미음동) 캐스텍코리아,2025,20260319000858,155324721018.0,158512372176.0,172901541864.0,183718362055.0,162246211686.0,83227733259.0,80331565200.0,87622355263.0,172791290750.0,83727217907.0,주요계정
00159786,(주)유니드,014830,Y,20129,1101110275069,1048124846,19800510,12,서울특별시 중구  을지로5길 19,2025,20260310002923,1338757918765.0,1111631182007.0,1133715006136.0,1523789829869.0,1194701368969.0,601750378042.0,609300695576.0,645797699907.0,894387573681.0,618949591175.0,주요계정
00508274,일진다이아몬드(주),081000,Y,204,1545110029242,3038140972,20041202,12,충청북도 음성군  대소면 대금로 157,2025,20260311004300,162400019578.0,157050555577.0,154457870494.0,611980241027.0,157969481883.0,63423472712.0,60499900040.0,63297349102.0,263509788060.0,62406907285.0,주요계정
00683469,일진전기(주),103590,Y,2830,1348110159279,1248667922,20080702,12,경기도 화성시  만년로 905-17,2025,20260311004216,2044552052000.0,1577247371000.0,1246731647000.0,1525996520000.0,1622843690000.0,2018227476000.0,1549553530000.0,1229667325000.0,1478489554000.0,1599149443667.0,주요계정
00972503,일진하이솔루스(주),271940,Y,319,2101110086548,4028198956,20121102,12,전라북도 완주군 봉동읍 완주산단5로 97-46,2025,20260311004292,81586396146.0,79297672959.0,78740158706.0,347965356897.0,79874742604.0,81586396146.0,79297672959.0,78740158706.0,347971568167.0,79874742604.0,주요계정
01234297,미원스페셜티케미칼(주),268280,Y,201,2101110123944,7788700797,20170501,12,전라북도 완주군 봉동읍 완주산단1로 167,2025,20260311003661,532122514140.0,509267220489.0,437672918321.0,549237107801.0,493020884317.0,506002585210.0,490101109037.0,421413760069.0,519546599135.0,472505818105.0,주요계정
01708163,(주)엔알비,475230,K,259,1101117269370,4338701796,20191024,12,전북특별자치도 군산시 군산산단로 96,2025,20260318001166,59481544678.0,52801303324.0,51532616211.0,175264801480.0,54605154738.0,59481544678.0,52801060597.0,51532616211.0,175316276741.0,54605073829.0,주요계정
00381756,티씨머티리얼즈(주),125020,K,283,1812110031589,6108121529,19950401,12,울산광역시 울주군 온산읍 산남길 64,2025,20260316001647,,,,,,299118621385.0,303895189566.0,252059822241.0,121022389643.0,285024544397.0,주요계정
01049167,롤링스톤(주),214610,K,27199,1501110123252,3178112475,20090306,12,"경기도 성남시 수정구 창업로 54 가동 3층, 4층",2025,20260325000345,,,,,,10884865055.0,4640103575.0,5367423455.0,25363452677.0,6964130695.0,주요계정
00413046,(주)셀트리온,068270,Y,21100,1350110034038,1338123603,19910227,12,인천광역시 연수구 아카데미로 23,2025,20260316001415,4162495108881.0,3557303554371.0,2176431531380.0,22334900189800.0,3298743398211.0,2928637506047.0,3709213742987.0,1873430064117.0,21813010247799.0,2837093771050.0,주요계정
00228536,(주)현대에버다임,041440,K,29241,1101111042574,1078145758,19940601,12,충청북도 진천군  진천읍 부영길 49,2025,20260608000442,289586707208.0,355118376929.0,358052339749.0,295123017390.0,334252474629.0,272553841786.0,326633715541.0,339836827701.0,283370783526.0,313008128343.0,주요계정
00144720,(주)와이투솔루션,011690,Y,2611,1101110204498,2208121836,19761104,12,경기도 화성시 팔탄면 시청로 971 212호,2025,20260320000895,165064566493.0,154513998976.0,136937717876.0,148390498414.0,152172094448.0,161450311375.0,154513998976.0,136562232242.0,140003036330.0,150842180864.0,주요계정
00161709,(주)퍼시스,016800,Y,32029,1101110345630,2158120534,19830311,12,서울특별시 송파구 오금로 311 오금동,2025,20260407003277,358199545192.0,385705375506.0,362905625021.0,670149044709.0,368936848573.0,308596578959.0,335262185377.0,331576402684.0,671005232076.0,325145055673.0,주요계정
00304076,케이엔솔(주),053080,K,291,1101110645353,3038111045,19890825,12,충청북도 음성군 금왕읍 금율로30번길 32-10,2025,20260616000254,463537032859.0,579197289294.0,417441558585.0,387675478988.0,486725293579.0,255447285143.0,241542306075.0,202427288217.0,273851624287.0,233138959812.0,주요계정
00309831,(주)알에프텍,061040,K,2642,1350110045639,1358119560,19950222,12,경기도 용인시 처인구  원삼면 죽양대로1763번길 60 알에프텍,2025,20260319001003,266007649510.0,358323498458.0,314378116170.0,407430424081.0,312903088046.0,73325108296.0,104147744203.0,120076907018.0,195470329318.0,99183253172.0,주요계정
00486370,(주)성창오토텍,080470,K,303,1313110020308,1258120828,19961018,12,경기도 안성시  원곡면 청원로 1785-14,2025,20260319001158,243521604086.0,194360449325.0,169274188884.0,204691591318.0,202385414098.0,138711086442.0,109941202591.0,82631365886.0,136847795698.0,110427884973.0,주요계정
00523936,에이치비솔루션(주),297890,K,29272,1311110065514,1298144690,20010906,12,세종특별자치시  소정면 소정산단6로 48 에이치비솔루션 주식회사,2025,20260318001457,62848643582.0,131531306583.0,96170053722.0,308900006194.0,96850001296.0,61627839070.0,131280563789.0,96189811587.0,304410425552.0,96366071482.0,주요계정
00970453,(주)파마리서치,214450,K,213,1101112183749,2208607450,20010303,12,강원도 강릉시  과학단지로 77-19 &nbsp,2025,20260319001417,536289118812.0,350115068641.0,261010910564.0,1043888016418.0,382471699339.0,473789922204.0,312732023380.0,235499410567.0,989620033035.0,340673785384.0,주요계정
01311408,주식회사 에코프로머티리얼즈,450080,Y,28202,1717110132339,8108800647,20170426,12,경상북도 포항시 북구 흥해읍 영일만산단남로75번길 15,2025,20260320000475,,,,,,392506172705.0,299846484651.0,952523315840.0,1729095169605.0,548291991065.0,주요계정
01185566,(주)휴엠앤씨,263920,K,33999,1201110290289,1378146699,20020625,12,인천광역시 서구 원적로7번길 29 (주)에스엔피월드,2025,20260323001218,52307212214.0,47228709530.0,48425321550.0,61798161465.0,49320414431.0,52307212214.0,47228709530.0,48425321550.0,62685003756.0,49320414431.0,주요계정
00924931,(주)엔비알모션,0004V0,K,259,1913110017692,6158181731,20110111,12,경상남도 밀양시 부북면 사포산단1길 35,2025,20260514001027,63094455574.0,63840713113.0,68085761791.0,86307585555.0,65006976826.0,63094455574.0,63840713113.0,68085761791.0,85547354432.0,65006976826.0,주요계정
01584183,(주)퀄리타스반도체,432720,K,26112,1101116743763,7948100574,20170201,12,"경기도 성남시 분당구 성남대로331번길 8, 609호 &nbsp",2025,20260319000931,,,,,,5350047190.0,6074683889.0,10774541164.0,83037319427.0,7399757414.0,주요계정
00180263,(주)리더스코스메틱,016100,K,172,1341110021539,1348112735,19861224,12,서울특별시 광진구 능동로 90 더클래식 500 씨 404호,2025,20260323001234,68313820168.0,73498715632.0,69278802746.0,69627860016.0,70363779515.0,66063165904.0,72765137898.0,68872686830.0,68399257815.0,69233663544.0,주요계정
00888347,휴젤(주),145020,K,211,1101112380890,2118704515,20011122,12,강원특별자치도 춘천시 동내면 거두단지1길 23 -,2025,20260320000349,425109983561.0,373046885998.0,319699941151.0,1076837920124.0,372618936903.0,292849776347.0,269014929779.0,241395409455.0,756797066121.0,267753371860.0,주요계정
00136165,(주)스페코,013810,K,29229,1348110001545,1248106497,19790207,12,서울특별시 강남구 학동로 171 삼익빌딩 7층,2025,20260318001092,37964956719.0,27191519908.0,22987862181.0,72291118364.0,29381446269.0,37646349936.0,26814946491.0,22277862905.0,73166385857.0,28913053111.0,주요계정
01555215,(주)스마트레이더시스템,424960,K,272,1311110496206,4368700817,20171016,12,서울특별시 강남구 봉은사로81길 7 -,2025,20260319000672,9397297026.0,4736694422.0,4075934941.0,33682536200.0,6069975463.0,9350422602.0,4736694422.0,4075934941.0,33707017987.0,6054350655.0,주요계정
01575839,주식회사 플라즈맵,405000,K,27199,1601110395297,7708600063,20150331,12,"경기도 성남시 분당구 대왕판교로 670 에이동 10층 1005호(삼평동, 판교테크노밸리 유스페이스2)",2025,20260319000954,8482954613.0,10139296801.0,12917403651.0,20553334641.0,10513218355.0,8433356969.0,10124552575.0,12917403651.0,20447736320.0,10491771065.0,주요계정
00141626,(주)오리엔트바이오,002630,Y,212,1101110030116,2188101142,19590416,03,경기 성남시 중원구 상대원동 143-1,2025,20250619000265,,,,,,29397883042.0,28005127326.0,28819028142.0,84781838689.0,28740679503.0,주요계정
00113207,대한전선(주),001440,Y,28302,1101110035835,1198110062,19550221,12,경기도 안양시 동안구 관양동 1746-2 대한스마트타워,2025,20260318001418,3636018215712.0,3291299374607.0,2843980012193.0,3493282185409.0,3257099200837.0,3118222633643.0,3023291998803.0,2606310847400.0,3230289150992.0,2915941826615.0,주요계정
00896753,(주)에코글로우,159910,K,204,1311110165843,1298198293,20060619,12,경기도 파주시 문산읍 돈유2로 14-1 씨동,2025,20260319000929,9924758012.0,8448884978.0,13468747533.0,36772737960.0,10614130174.0,9958771103.0,8448884978.0,11220765471.0,35273697653.0,9876140517.0,주요계정
01201970,주식회사 셀레스트라,352770,K,213,1358110198797,1358616587,20110621,12,"경기도 수원시 영통구 대학4로 17 제 4층 416호(이의동, 에이스광교타워 1차)",2025,20260407002850,2007745450.0,8501826471.0,11407673306.0,18402094385.0,7305748409.0,1677857589.0,2606772926.0,3986974681.0,19565501480.0,2757201732.0,주요계정
01316236,효성화학(주),298000,Y,201,1101116770188,1758801164,20180604,12,서울특별시 서초구 반포대로 235,2025,20260311004423,2340718244068.0,2452219662527.0,2193606369567.0,2594091115287.0,2328848092054.0,1271649340387.0,1365663242464.0,1413860837556.0,1604972491992.0,1350391140136.0,주요계정
00580667,에스엔케이폴리텍(주),091340,K,2629,1355110101465,1348147990,19991108,12,경기도 화성시 마도면 청원산단1길 69 -,2025,20260814002955,310237496597.0,330069974679.0,251085148599.0,254764600039.0,297130873292.0,9795832228.0,13432285347.0,13479849429.0,68054865530.0,12235989001.0,주요계정
01706794,(주)아이언디바이스,464500,K,26112,1101113892513,2118812569,20080501,12,"서울시 강남구 강남대로 636 7층 (신사동, 두원빌딩)",2025,20260319000120,10127280088.0,8371607726.0,6232338771.0,34205754406.0,8243742195.0,10127280088.0,8371607726.0,6232338771.0,34158373119.0,8243742195.0,주요계정
00146454,일양약품(주),007570,Y,212,1101110124802,2098100872,19460701,12,경기도 용인시 기흥구  하갈로 110,2025,20260318000595,272422211708.0,268677532918.0,266669003173.0,457330667955.0,269256249266.0,265790148698.0,261344735934.0,259042263253.0,415081995842.0,262059049295.0,주요계정
00302926,현대로템(주),064350,Y,31910,1942110036336,6098137486,19990701,12,경상남도 창원시 의창구  창원대로 488,2025,20260319001275,5839031553000.0,4376597857000.0,3587382453000.0,9318033774000.0,4601003954333.0,5694994720000.0,4323302753000.0,3498942898000.0,9051011501000.0,4505746790333.0,주요계정
00605124,(주)알파칩스,117670,K,2611,1345110066131,1358158772,20021101,12,"경기도 성남시 분당구 판교역로 225-12 2층, 3층, 4층 (삼평동 671, 제테마)",2025,20260316001038,,,,,,82279635343.0,85271882741.0,79873110316.0,59836855590.0,82474876133.0,주요계정
00144012,(주)원풍,008370,K,22212,1101110138382,1098104258,19730106,12,서울특별시 강서구 공항대로 343 원풍빌딩 9층,2025,20260320001082,,,,,,87635177741.0,79609134649.0,73785384649.0,98559108690.0,80343232346.0,주요계정
01786958,주식회사 큐리오시스,494120,K,273,1101115622801,2648148780,20150122,12,"서울특별시 강남구 테헤란로38길 10, 4층",2025,20260316000751,7302782626.0,5414998706.0,3214498314.0,34228606164.0,5310759882.0,6817768297.0,4689159285.0,2684787428.0,34021168454.0,4730571670.0,주요계정
00117230,주식회사 티와이엠,002900,Y,29210,1101110032899,1068128552,19600201,12,서울특별시 용산구 장문로 52 동빙고동,2025,20260318001226,929360802636.0,788790147164.0,836475030282.0,852366217524.0,851541993361.0,741394134704.0,644187539935.0,706580246475.0,799132690759.0,697387307038.0,주요계정
00147152,(주)유니크,011320,K,303,1801110024496,6038103047,19760421,12,경상남도 김해시  진영읍 서부로179번길 90 (주)유니크,2025,20260320001049,430183306362.0,374799680024.0,328952037421.0,299697155212.0,377978341269.0,424528575466.0,371288488346.0,325838636373.0,289957926070.0,373885233395.0,주요계정
00153393,태광산업(주),003240,Y,20501,1101110185276,2038143626,19610915,12,서울특별시 중구  동호로 310 (장충동2가),2025,20260323001584,1827439561466.0,2027535145711.0,2126334323954.0,4498283132949.0,1993769677044.0,1711255928719.0,1895202561226.0,2024741371712.0,3836925763375.0,1877066620552.0,주요계정
00366942,(주)미코,059090,K,261,1346110012744,1258129377,19990716,12,경기도 안성시 대덕면 모산로 53 -,2025,20260323001611,977036793661.0,540504643904.0,381655137380.0,2264573968886.0,633065524982.0,61105182172.0,52291703946.0,27703783273.0,614361956971.0,47033556464.0,주요계정
00681249,(주)씨유메디칼시스템,115480,K,27112,1412110022619,2248124096,20011213,12,강원도 원주시  문막읍 동화공단로 130-1,2025,20260724000403,48222586383.0,40629340409.0,41803052141.0,99662942214.0,43551659644.0,44150938464.0,35872488559.0,36623147071.0,93729169906.0,38882191365.0,주요계정
00493325,(주)에이엘티,172670,K,2612,1501110075164,3018170596,20030723,12,충청북도 청주시 흥덕구 옥산면 과학산업1로 82-19 &nbsp,2025,20260323000831,48358194953.0,36667038178.0,47687929129.0,205375473006.0,44237720753.0,42813533802.0,31866780997.0,43257350734.0,204176897884.0,39312555178.0,주요계정
00261054,(주)이지,037370,K,201,1615110003619,3058108153,19870515,12,전라남도 광양시 명당3길 118 -,2025,20260316001628,62750627943.0,65213324318.0,61797981915.0,151597052789.0,63253978059.0,23856336338.0,33388198213.0,31334848713.0,90576197272.0,29526461088.0,주요계정
00400857,(주)에이블씨엔씨,078520,Y,20423,1101111846174,1198134685,20000107,12,"서울특별시 중구 남대문로 78 7층(명동1가, 타임워크명동빌딩)",2025,20260320000406,242001742092.0,239243264624.0,228544885980.0,163761224039.0,236596630899.0,179925708861.0,190411926930.0,175428057801.0,155966719013.0,181921897864.0,주요계정
00127802,삼익THK(주),004380,Y,29141,1701110000935,5038110869,19651005,12,대구광역시 달서구  성서동로 163,2025,20260319001288,222175005872.0,304426059356.0,315640474732.0,392780111552.0,280747179987.0,218571446719.0,303560679692.0,315649066665.0,388375624532.0,279260397692.0,주요계정
00149947,JW중외제약(주),001060,Y,212,1101110019342,1188102477,19450808,12,경기도 과천시 과천대로7길 38 -,2025,20260318001544,775298057923.0,719375756340.0,748526707817.0,605273167595.0,747733507360.0,767150151569.0,710598608151.0,741062958051.0,595935478279.0,739603905924.0,주요계정
01194607,주식회사 비츠로넥스텍,488900,K,31322,1314110373599,8708100451,20160830,12,경기도 안산시 단원구 장자골로 11,2025,20260714000375,,,,,,36790989927.0,30375898845.0,45523136057.0,113784541586.0,37563341610.0,주요계정
00158024,케이비아이메탈(주),024840,K,242,1741110001294,5148105779,19870225,12,대구광역시 달성군 논공읍 논공로87길 88 갑을메탈 대구공장,2025,20260319000983,758566539460.0,702691927333.0,685035268666.0,389288152677.0,715431245153.0,729896666423.0,668043265617.0,663190612117.0,280324187205.0,687043514719.0,주요계정
00256502,(주)에이텍,045660,K,291,1101110954374,2148156422,19930630,12,"경기도 성남시 분당구 판교로 289 (삼평동, 에이텍빌딩)",2025,20260619000542,160212667134.0,45526630657.0,3704107982.0,172312823912.0,69814468591.0,140163135010.0,45221986779.0,3704107982.0,147713351817.0,63029743257.0,주요계정
00271501,(주)코아시아,045970,K,262,1101110944622,2148155613,19930525,12,인천광역시 남동구  남동서로 193 (주)비에스이홀딩스,2025,20260319001354,375129006470.0,357809975395.0,377629884303.0,360325583031.0,370189622056.0,60842534744.0,58977510029.0,55818929449.0,218645492027.0,58546324741.0,주요계정
00145163,파미셀(주),005690,Y,262,1601110005177,3148100664,19680820,12,"서울특별시 강남구 언주로 874 (신사동, 쌍봉빌딩 7층)",2025,20260318000243,,,,,,114061538479.0,64851303832.0,56227378925.0,157172891322.0,78380073745.0,주요계정
00152385,(주)에이프로젠,007460,Y,212,1101110122731,2198100146,19711115,12,"경기도 성남시 중원구 둔촌대로 545 경기도 성남시 중원구 둔촌대로545, 비1층 (상대원동, 한라시그마밸리)",2025,20260323001476,117974152260.0,150113578970.0,150577975324.0,717264630402.0,139555235518.0,38634626122.0,79404383542.0,76106204637.0,675188359999.0,64715071434.0,주요계정
00404941,(주)한텍,098070,K,251,2301110052355,6108133200,19981009,12,울산광역시 울주군 온산읍 연자로 51,2025,20260318000570,171902906776.0,155880764900.0,178617425427.0,229602281586.0,168800365701.0,171902906776.0,155843764900.0,178615225427.0,229365534402.0,168787299034.0,주요계정
00409964,(주)하이텍팜,106190,K,211,1545110012907,3038120127,19980901,12,충청북도 충주시 대소원면 첨단산업6로 12 (주)하이텍팜,2025,20260312001020,,,,,,70183145366.0,77513117378.0,76772140714.0,143696600479.0,74822801153.0,주요계정
00530413,(주)더코디,224060,K,262,1615110031686,3128137108,19990727,12,충청남도 천안시 서북구 백석공단2길 62,2025,20260323001675,25266240903.0,27133693589.0,20212268116.0,72309703321.0,24204067536.0,17512528940.0,10051563956.0,12772718518.0,51970432124.0,13445603805.0,주요계정
00107224,(주)남선알미늄,008350,Y,24222,1701110005042,5028100107,19730104,12,대구광역시 달성군  논공읍 논공중앙로 288,2025,20260323001569,258921909120.0,289539027472.0,310499187506.0,437277779372.0,286320041366.0,257675635632.0,289539027472.0,310499187506.0,331823528086.0,285904616870.0,주요계정
00117629,케이비아이동양철관(주),008970,Y,2413,1201110002056,1228100857,19730628,12,충청남도 천안시 동남구  풍세면 풍세로 515 동양철관(주),2025,20260318001380,234784294346.0,250297485190.0,278300201937.0,239457342235.0,254460660491.0,180127244534.0,200428941393.0,224964993816.0,212560699210.0,201840393248.0,주요계정
00160010,(주)한국큐빅,021650,K,2229,1350110031042,1348100374,19890513,12,경기도 안산시 단원구 첨단로245번길 58 성곡동 679-1번지,2025,20260313000831,227225841275.0,252147530422.0,252096865048.0,163085716744.0,243823412248.0,28753686868.0,39355454393.0,38619998839.0,98133532577.0,35576380033.0,주요계정
01221752,(주)지에프씨생명과학,388610,K,20495,1101112548993,2118716248,20020618,12,경기도 화성시 동탄순환대로 823 17층,2025,20260318000998,,,,,,17714780998.0,16804533739.0,15434186294.0,33833189088.0,16651167010.0,주요계정
01504211,(주)라메디텍,462510,K,2711,1101114778316,1198651786,20120113,12,"서울특별시 금천구 벚꽃로 234 제 10층 제1002호, 제17층 제1701호,1702호, 1704호 (가산동,에이스하이엔드",2025,20260814003320,,,,,,7187488048.0,6576887158.0,2918221978.0,25199789859.0,5560865728.0,주요계정
00125530,(주)삼립,005610,Y,108,1101110090516,1338122244,19680628,12,경기도 시흥시 공단1대로 101,2025,20260318001066,3370480879745.0,3427920218534.0,3433322296454.0,1244873302783.0,3410574464911.0,1606120134768.0,1647064038078.0,1682291697476.0,886708271129.0,1645158623441.0,주요계정
00129679,(주)녹십자,006280,Y,212,1101110109854,3038117108,19691101,12,경기도 용인시 기흥구  이현로30번길 107(보정동),2025,20260318001316,1991279093821.0,1679891941477.0,1626643815820.0,2971095184896.0,1765938283706.0,1460353744344.0,1275964709837.0,1209836294646.0,2391757973580.0,1315384916276.0,주요계정
00407036,선바이오(주),067370,K,212,1101111424243,2138632344,19970610,12,인천광역시 남동구 은봉로 129 -,2025,20260316000852,,,,,,13672512814.0,8682778981.0,12291883598.0,60680113162.0,11549058464.0,주요계정
00541437,(주)코렌텍,104540,K,27112,1101111983653,1078184746,20000530,12,충청남도 천안시 서북구 입장면 영산홍1길 12,2025,20260319001143,100428537181.0,85594233813.0,92046040615.0,171927246497.0,92689603870.0,76480454574.0,64752417582.0,69833861185.0,121736568098.0,70355577780.0,주요계정
00554352,아이큐어(주),175250,K,204,1101111982720,1148199306,20000529,12,서울특별시 강남구 봉은사로104길 10 7층,2025,20260507000634,83384563119.0,50578007492.0,56806335194.0,90499633547.0,63589635268.0,82838066575.0,50016689657.0,35161785554.0,89874346646.0,56005513929.0,주요계정
00619640,(주)에코앤드림,101360,K,282,1101113085598,1178151806,20040916,12,충청북도 청주시 흥덕구 직지대로409번길 37,2025,20260403002080,141958412396.0,104901418831.0,51455287308.0,464749775946.0,99438372845.0,135550606124.0,101691326104.0,46660684843.0,464032131420.0,94634205690.0,주요계정
00813389,(주)베셀,177350,K,222,1358110105388,1248621867,20040617,12,경기도 수원시 권선구 서수원로99번길 20 ㈜베셀,2025,20260323001310,16571060267.0,25708184138.0,26135468474.0,58362007088.0,22804904293.0,16551941963.0,22499875286.0,9821976029.0,58257178172.0,16291264426.0,주요계정
00138242,케이지모빌리티(주),003620,Y,301,1101110035132,1258114248,19621206,12,경기도 평택시  동삭로 455-12,2025,20260318000964,4303636808271.0,3905069387798.0,3736368968570.0,3369204394425.0,3981691721546.0,4243263756974.0,3782501839723.0,3780018267767.0,3301456353790.0,3935261288155.0,주요계정
01299106,농업회사법인 우듬지팜 주식회사,403490,K,103,1643110019980,3088208921,20110518,12,충청남도 부여군 규암면 흥수로 698,2025,20260324000162,63676776798.0,63906049261.0,56576333044.0,76258893433.0,61386386368.0,59129464070.0,62592984228.0,56281959773.0,76706848217.0,59334802690.0,주요계정
00244455,(주)케이티앤지,033780,Y,12000,1601110067804,3068130866,19870401,12,대전광역시 대덕구 벚꽃길 71 주식회사 케이티앤지,2025,20260318001422,6579707000000.0,5908792000000.0,5862608000000.0,14189127000000.0,6117035666667.0,4145475000000.0,3704548000000.0,3586696000000.0,11364292000000.0,3812239666667.0,주요계정
00525679,(주)차바이오텍,085660,K,211,1345110065662,1358158340,20021105,12,서울특별시 강남구 도산대로 442 청담동 피엔폴루스 3층,2025,20260609000370,1268253668584.0,1045049021124.0,953951423132.0,2547575322447.0,1089084704280.0,62225154102.0,54008591958.0,69177760648.0,929274115377.0,61803835569.0,주요계정
01053540,(주)퓨쳐켐,220100,K,212,1246110260311,1218146715,20010813,12,서울특별시 성동구 성수일로10길 26 하우스디세종타워 1802호 (성수동2가),2025,20260318000404,18670511678.0,17293266226.0,13968016475.0,74530577453.0,16643931460.0,8547760075.0,8322238842.0,7499620359.0,67077934962.0,8123206425.0,주요계정
01035678,(주)링크드,193250,K,2629,1101113016999,2048185390,20040521,12,"서울특별시 강남구 테헤란로78길 16 1001호(대치동, 노벨빌딩)",2025,20260320000272,10455279389.0,14078981236.0,20171254674.0,71845993900.0,14901838433.0,4482620371.0,3593369573.0,4134582872.0,60664112716.0,4070190939.0,주요계정
00107598,남양유업(주),003920,Y,104,1101110092976,2028104367,19640313,12,서울특별시 강남구 도산대로 240 1964빌딩,2025,20260319001235,914148968157.0,952794199365.0,996763358982.0,1095486409669.0,954568842168.0,879032515798.0,937276555258.0,972263980285.0,987110261077.0,929524350447.0,주요계정
00105873,엘지디스플레이(주),034220,Y,2621,1101110393134,1208155297,19850228,12,서울특별시 영등포구 여의대로 128 LG트윈타워 (동관 12층),2025,20260311003822,25810082000000.0,26615347000000.0,21330819000000.0,26916700000000.0,24585416000000.0,24115926000000.0,25178688000000.0,19811015000000.0,24811122000000.0,23035209666667.0,주요계정
00367482,(주)빛과전자,069540,K,264,1601110075170,3148123352,19981027,12,대전광역시 대덕구 문평동로 68,2025,20260320001115,31770167371.0,18133363002.0,21694145951.0,92614988770.0,23865892108.0,30049720940.0,15996108773.0,19372854972.0,88489969014.0,21806228228.0,주요계정
00876865,(주)네오오토,212560,K,303,1101114255801,1048625573,20100106,12,"서울특별시 종로구 새문안로5길 19 6층(당주동, 로얄빌딩)",2025,20260319001301,,,,,,232116353603.0,218567206244.0,198227864842.0,224367055315.0,216303808230.0,주요계정
01702017,(주)유니드비티플러스,446070,Y,16102,1101118466280,4848802669,20221102,12,"서울특별시 중구 서소문로 50 6층(중림동, 센트럴플레이스)",2025,20260318001647,,,,,,157531389366.0,194894088152.0,168785613274.0,220373040343.0,173737030264.0,주요계정
00141404,블루산업개발 주식회사,006740,Y,172,1347110000408,1258100424,19700718,12,경기도 평택시 진위면 서탄로 9,2025,20260323001405,93251674239.0,88112890040.0,82568024475.0,165184475641.0,87977529585.0,84667014355.0,81851012283.0,78585489154.0,154826338867.0,81701171931.0,주요계정
01223219,에이에프더블류(주),312610,K,242,1752110007968,5048127679,19980916,12,대구광역시 달성군 구지면 국가산단대로33길 270 -,2025,20260317000168,,,,,,13707979371.0,15744037340.0,6822097666.0,67396282298.0,12091371459.0,주요계정
00479705,(주)케스피온,079190,K,26422,1101111551608,1098154326,19980601,12,"인천광역시 남동구 은봉로 114번길 27 논현동, 52블럭 4로트",2025,20260319000021,44149955336.0,32599438408.0,62637869466.0,24322659443.0,46462421070.0,3867320176.0,4011188385.0,7683398526.0,27517809891.0,5187302362.0,주요계정
00126362,삼성SDI(주),006400,Y,28202,1101110394174,1248131282,19700120,12,경기도 용인시 기흥구  공세로 150-20,2025,20260310002954,13266730679499.0,16592248884388.0,21436788407451.0,42255338580919.0,17098589323779.0,11455690694760.0,16097841111335.0,19106396627997.0,22103874635370.0,15553309478031.0,주요계정
01573336,(주)토모큐브,475960,K,27309,1601110406466,5148800190,20150824,12,대전광역시 유성구 죽동로 141 2층,2025,20260320000110,11306726320.0,5938649975.0,3747265433.0,41512112634.0,6997547243.0,9579343762.0,6034466828.0,3747265433.0,41454024513.0,6453692008.0,주요계정
01089350,(주)켐트로스,220260,K,204,1101115723120,8388800039,20150514,12,경기도 안산시 단원구 능안로 7 -,2025,20260323001177,,,,,,56809696904.0,50308795651.0,47464098463.0,124211924370.0,51527530339.0,주요계정
01359815,(주)한울반도체,320000,K,292,1101117032545,5598601510,20190305,12,경기도 군포시 고산로 166 104동 1001호,2025,20260320001333,11462850473.0,9453392037.0,15967468488.0,130189938220.0,12294570333.0,11462850473.0,9453392037.0,15967468488.0,69381867814.0,12294570333.0,주요계정
00815369,(주)에스제이엠,123700,Y,303,1314110241465,1348666202,20100504,12,경기도 안산시 단원구  별망로459번길 20 (주)에스제이엠,2025,20260319001071,201415058405.0,201912429709.0,198880157404.0,285846523155.0,200735881839.0,77345617220.0,77101341124.0,80359487455.0,202738046251.0,78268815266.0,주요계정
01020843,(주)원익피앤이,217820,K,292,1348110045535,1248167704,19991110,12,경기도 수원시 권선구 산업로 185 (주)원익피앤이,2025,20260318000720,390690915662.0,294707929332.0,306840170909.0,316302513296.0,330746338634.0,373765329207.0,277380278341.0,290043027228.0,319663098945.0,313729544925.0,주요계정
00121543,(주)무학,033920,Y,11122,1901110002721,6088107131,19730919,12,경상남도 창원시 마산회원구  봉암공단2길 6,2025,20260318000658,143830395069.0,152059251251.0,146573700822.0,719917915104.0,147487782381.0,139567140470.0,147752802437.0,142745727796.0,713897282732.0,143355223568.0,주요계정
00815095,우리이앤엘하루틴(주),153490,K,2612,1314110212929,1348648994,20080609,12,경기도 안산시 단원구  성곡로 79,2025,20260323000560,121210836014.0,146852886071.0,141964383578.0,122006821491.0,136676035221.0,119952903890.0,147146667106.0,143900303998.0,125289903608.0,136999958331.0,주요계정
00556712,(주)힘스,238490,K,29272,1101111634272,2298135638,19990115,12,인천광역시 남동구 남동서로 126,2025,20260626000038,,,,,,59259188126.0,61263780643.0,50099847521.0,89181987012.0,56874272097.0,전체재무제표
00132211,(주)선앤엘,002820,Y,22232,1101110027593,1098133530,19591017,12,인천광역시 중구 월미로 96,2025,20260323000705,272403719123.0,339342203215.0,441061876743.0,473160410615.0,350935933027.0,108814425781.0,137419849929.0,243049618205.0,427270657813.0,163094631305.0,주요계정
01514698,(주)엑스플러스,373200,K,339,1101117695210,3488801710,20201125,12,서울특별시 송파구 송파대로 201 A동 13층,2025,20260319000006,10076623856.0,10426581859.0,9776117626.0,57254583469.0,10093107780.0,5777698338.0,10426581859.0,9776117626.0,57919209254.0,8660132608.0,주요계정
00925374,주식회사 윤성에프앤씨,372170,K,292,1355110102249,1348150350,19991213,12,경기도 안성시  공도읍 문터길 72-23,2025,20260323001135,100175134197.0,271333263956.0,312881434759.0,267401786179.0,228129944304.0,98684297762.0,270360884239.0,312881434759.0,265656079441.0,227308872253.0,주요계정
00160861,(주)한농화성,011500,Y,20421,2111110001090,4018101273,19760710,12,"전라북도 군산시  외항1길 24 (소룡동,0)",2025,20260319000612,,,,,,214492954042.0,247473264569.0,212395970159.0,238342326227.0,224787396257.0,주요계정
00660033,(주)씨엔플러스,115530,K,262,1201110330796,1318182038,20031110,12,경기도 시흥시 시화벤처로 305 B동(정왕동),2025,20260821000672,53617316563.0,47492786638.0,36261410433.0,48532145344.0,45790504545.0,52161063758.0,43988553754.0,32518087303.0,39483037678.0,42889234938.0,주요계정
00141529,(주)오뚜기,007310,Y,108,1341110002258,1388103238,19710603,12,경기도 안양시 동안구  흥안대로 405,2025,20260318000621,3674545422005.0,3539120882890.0,3454548477401.0,3641076426477.0,3556071594099.0,2988655024536.0,2926767214446.0,2872350951592.0,2594456353175.0,2929257730191.0,주요계정
00445160,APS이노베이션 주식회사,079810,K,289,1615110044697,3128150095,20010801,12,경기도 오산시 가장산업서북로 40-56 -,2025,20260319000618,73985134062.0,146374220970.0,127353695998.0,220491796266.0,115904350343.0,73668045803.0,145784475241.0,127252416081.0,220474056591.0,115568312375.0,주요계정
00503668,엘아이지디펜스앤에어로스페이스(주),079550,Y,25200,1101111516933,2158635051,19980225,12,경기도 용인시 기흥구 마북로 207 엘아이지넥스원(주),2025,20260323001211,4306936127418.0,3276339508425.0,2308571092877.0,8064772884180.0,3297282242907.0,4289984583062.0,3258575047879.0,2302922312036.0,7832920569033.0,3283827314326.0,주요계정
00462121,(주)엘아이지아큐버,073490,K,2642,1101112078073,1208612537,20000927,12,경기도 성남시 분당구 서현로 190-,2025,20260325001192,186100825069.0,189719878849.0,137371054434.0,228114201717.0,171063919451.0,75068036053.0,82764401805.0,75580312497.0,163549087111.0,77804250118.0,주요계정
01307593,(주)에이아이코리아,364950,K,29271,1348110309577,1358646965,20140822,12,경기도 수원시 권선구 산업로 94 -,2025,20260313001213,86949654104.0,114555344263.0,76836344743.0,83207949869.0,92780447703.0,73644877185.0,108564998162.0,74246313356.0,70956463251.0,85485396234.0,주요계정
01110474,풍전약품(주),298060,K,212,1201110715352,1218634816,20140702,12,"인천광역시 연수구 갯벌로145번길 7-7 (송도동, 에스씨엠생명과학(주))",2025,20260316001672,23839029791.0,824800629.0,695697915.0,51993772289.0,8453176112.0,3630834358.0,824800629.0,695697915.0,42244841196.0,1717110967.0,주요계정
00151298,DSR제강(주),069730,Y,24123,1801110004753,6178102687,19710901,12,전라남도 순천시  서면 산단1길 15,2025,20260318001149,226550389881.0,215582385097.0,212953620629.0,258456517662.0,218362131869.0,223570015476.0,215582385097.0,212953620629.0,255480907389.0,217368673734.0,주요계정
00378363,(주)삼에스코리아,060310,K,272,1101110746474,1298116215,19910128,03,서울특별시 금천구 가산디지털1로 75-24 1310호,2025,20250618000208,29022184967.0,43595351592.0,41857755025.0,74789041969.0,38158430528.0,25949934639.0,40344304542.0,40174802434.0,75952058517.0,35489680538.0,주요계정
00761183,신성에스티(주),416180,K,30399,1942110068066,6098163913,20040616,12,경상남도 창원시 마산회원구 3·15대로 711 대아빌딩,2025,20260316001016,116912967727.0,127027520143.0,124673269789.0,245528487436.0,122871252553.0,51324086595.0,42047233645.0,50276768180.0,151570250380.0,47882696140.0,주요계정
00938721,주식회사 필옵틱스,161580,K,2927,1351110088083,1238613175,20080205,12,경기도 오산시 지곶중앙로 1-19 -,2025,20260324000644,103440867014.0,410893768511.0,300001066109.0,383483112083.0,271445233878.0,69768889301.0,127804181440.0,104083619249.0,184788989039.0,100552229997.0,주요계정
00442570,(주)제우스,079370,K,29271,1101110600430,2298105323,19881212,12,경기도 화성시 안녕남로 132 (주)제우스,2025,20260323001146,383307591232.0,490785653271.0,402871359940.0,551531359535.0,425654868148.0,229927990719.0,315663892007.0,187092870010.0,365744550116.0,244228250912.0,주요계정
01450938,(주)지에프아이,493330,K,29192,2201110120203,6168624344,20141120,12,경기도 김포시 양촌읍 황금3로39번길 20-42,2025,20260320000164,44955710087.0,24241505220.0,18168646015.0,65128960144.0,29121953774.0,42853233181.0,23070585896.0,18040507456.0,64358392877.0,27988108844.0,주요계정
01565054,주식회사 그래피,318060,K,20202,1101116277580,8488800661,20170102,12,서울특별시 금천구 가산디지털1로 225 6층,2025,20260323001740,20532799353.0,16124504289.0,10447933672.0,39696157690.0,15701745771.0,20020566966.0,16148804289.0,10471933672.0,39172824347.0,15547101642.0,주요계정
00608802,(주)텔콘알에프제약,200230,K,212,1345110031382,1358129641,19990108,12,경기도 용인시 기흥구 공세로 54 -,2025,20260319001306,43161795161.0,37865282088.0,36307203781.0,156668061672.0,39111427010.0,41669762813.0,36211735781.0,34934742264.0,163578779234.0,37605413619.0,주요계정
00911229,(주)라온로보틱스,232680,K,29280,1201110216699,1218135936,20000314,12,경기도 수원시 권선구 산업로156번길 88-4 &nbsp,2025,20260318001140,53842351768.0,49240287501.0,34544095895.0,66916034813.0,45875578388.0,53936050640.0,49240287501.0,34544095895.0,67187859134.0,45906811345.0,주요계정
00173102,(주)모나리자,012690,Y,17902,1101110220882,1098107177,19771028,12,서울특별시 동작구  보라매로5길 15 전문건설회관빌딩 21층 (주)모나리자,2025,20260515002512,,,,,,124021215334.0,126337593913.0,129760048314.0,100559151752.0,126706285854.0,주요계정
01386916,에스케이아이이테크놀로지 주식회사,361610,Y,282,1101117064217,5598601539,20190401,12,서울특별시 종로구 종로 51 종로타워빌딩,2025,20260316001149,261874278000.0,217864619000.0,648322214000.0,4391860994000.0,376020370333.0,175345680000.0,128866761000.0,318683100000.0,2591927658000.0,207631847000.0,주요계정
00268251,(주)다산네트웍스,039560,K,26410,1101110924765,1298116613,19930304,12,경기도 성남시 분당구 대왕판교로644번길 49 DTC타워 11층,2025,20260323001163,541777680410.0,337595735908.0,92292591370.0,615660836728.0,323888669229.0,52989475338.0,43860282644.0,37260859538.0,330705769708.0,44703539173.0,주요계정
00874168,(주)싸이닉솔루션,234030,K,26112,1311110132107,1298180570,20050117,12,"경기도 성남시 수정구 창업로 43 에이동 707호(시흥동, 판교글로벌비즈센터)",2025,20260320001412,154563595625.0,167426001716.0,138229852107.0,63725753621.0,153406483149.0,150011381878.0,162573090196.0,132033948407.0,54585064190.0,148206140160.0,주요계정
00770312,(주)마니커에프앤지,195500,K,10121,1345110080529,1358170723,20040522,12,경기도 용인시 처인구 이동면 백옥대로144번길 36-2 &nbsp,2025,20260313000844,,,,,,106758230980.0,107702390835.0,101217984830.0,122674217656.0,105226202215.0,주요계정
01152586,(주)유일로보틱스,388720,K,292,1201110592130,1218613562,20111216,12,인천광역시 서구 첨단기술로 87 (주)유일로보틱스 청라국제도시 사옥,2025,20260318000929,,,,,,36917751388.0,35168850105.0,29454386714.0,108220768704.0,33846996069.0,전체재무제표
00610083,(주)비아트론,141000,K,29272,1101112405721,1198152946,20011226,12,경기도 수원시 권선구 산업로155번길 139 (고색동),2025,20260612000582,65118567077.0,58034681708.0,28014037151.0,203945193583.0,50389095312.0,61329082884.0,54932431859.0,24173626109.0,199838188998.0,46811713617.0,주요계정
00363510,제이케이시냅스(주),060230,K,204,1101111833486,1148193374,19991222,12,충청남도 천안시 서북구 2공단7길 50 (차암동),2025,20260324000021,61925399597.0,48851434588.0,49519154769.0,151376976528.0,53431996318.0,20996229071.0,34621592175.0,37994472586.0,137706882438.0,31204097944.0,주요계정
00129615,(주)상보,027580,K,222,1243110024177,1368102854,19890401,12,경기도 김포시 통진읍 대서명로 50,2025,20260317000588,50105278206.0,53827014584.0,66156769308.0,94303201747.0,56696354033.0,48868771086.0,52309460340.0,66110455725.0,93281925530.0,55762895717.0,주요계정
00124726,(주)빙그레,005180,Y,104,1152110000287,1328100631,19670913,12,경기도 남양주시 미금로65번길 45 (도농동) (주)빙그레,2025,20260318001526,1489587173794.0,1463041258105.0,1394316382403.0,1068753458746.0,1448981604767.0,1312434176823.0,1258734635244.0,1195327077579.0,1015735736621.0,1255498629882.0,주요계정
00101433,(주)경농,002100,Y,2032,1101110089395,2148108779,19570712,12,서울특별시 서초구 효령로77길 28 동오빌딩,2025,20260318001176,339236756604.0,325185752782.0,347407788945.0,486456900345.0,337276766110.0,232337217913.0,214094542319.0,223405301789.0,389737832489.0,223279020674.0,주요계정
00226352,(주)케이엠더블유,032500,K,2642,1348110020579,1248125403,19880108,12,경기도 화성시 동탄대로25길 21 -,2025,20260319000852,97518624961.0,87357147199.0,100068287667.0,247065548902.0,94981353276.0,55936680557.0,33477136612.0,44713992081.0,225051432933.0,44709269750.0,주요계정
00270113,(주)멕아이씨에스,058110,K,271,1341110063143,1388118411,19981126,12,경기도 파주시 상지석길 21,2025,20260317000499,11287751059.0,11369004636.0,13261391997.0,56220578392.0,11972715897.0,11332852801.0,10417256734.0,11315504902.0,57501019450.0,11021871479.0,주요계정
00112457,대주산업(주),003310,K,109,1101110036148,2078139347,19620116,12,서울특별시 광진구 천호대로 549 20층,2025,20260318001116,100983295727.0,106038654753.0,105014557386.0,147121334683.0,104012169289.0,100660792440.0,105560211520.0,104924386124.0,145075020032.0,103715130028.0,주요계정
01587056,엔젯 주식회사,419080,K,29272,1101114175728,2068636037,20090909,12,경기도 수원시 권선구 산업로92번길 45 &nbsp,2025,20260320000826,5414590946.0,6259950733.0,12072705251.0,43435603051.0,7915748977.0,5414590946.0,6259950733.0,12072705251.0,43509905831.0,7915748977.0,주요계정
01636565,루미르 주식회사,474170,K,31311,1348110182973,1248685425,20091102,12,경기도 용인시 수지구 신수로 767 A-621,2025,20260323000575,,,,,,10568518218.0,14277073160.0,12126540395.0,69367511026.0,12324043924.0,주요계정
01023318,주식회사 센코,347000,K,27212,1411110025962,2268132985,20041123,12,경기도 오산시 독산성로 445 (주)센코,2025,20260317000614,36725295188.0,35862109477.0,33952242199.0,71324160320.0,35513215621.0,34108770692.0,31664787470.0,30288078536.0,71535886366.0,32020545566.0,주요계정
01114586,주식회사 셀레믹스,331920,K,211,1101114481282,1198635850,20101129,12,"서울특별시 금천구 가산디지털1로 131, A동 19층 및 20층 2004호 외 &nbsp",2025,20260323000319,5767635388.0,6718995008.0,6577578379.0,24410576650.0,6354736258.0,5718101065.0,6670435255.0,6577578379.0,24466144137.0,6322038233.0,주요계정
00199988,SY동아(주),041930,K,2219,1801110021509,6228106443,19741118,12,경상남도 김해시  유하로 154-9,2025,20260320000125,403410122226.0,383208579476.0,368722029928.0,307715897465.0,385113577210.0,116529990550.0,121456669486.0,123543506669.0,175184514520.0,120510055568.0,주요계정
01160974,주식회사 바이오에프디엔씨,251120,K,2110,1201110388092,1318194024,20051111,12,"인천광역시 연수구 송도미래로 30 A동 509호, 510호, 511호",2025,20260320000265,,,,,,19179051492.0,16066431824.0,15592090130.0,73449600502.0,16945857815.0,주요계정
01577952,(주)지투지바이오,456160,K,21212,1601110451528,1958800664,20170322,12,충청북도 청주시 흥덕구 오송읍 의료단지길 21,2025,20260318001347,,,,,,423070926.0,768930985.0,739823074.0,67749470637.0,643941662.0,주요계정
01489648,솔브레인 주식회사,357780,K,204,1311110597525,5248601789,20200701,12,"경기도 성남시 수정구 금토로 52 F동 (금토동, 솔브레인)",2025,20260316001567,923381966875.0,863356156458.0,844029122465.0,1446750282671.0,876922415266.0,780891546823.0,798217403675.0,795328780866.0,1123522652928.0,791479243788.0,주요계정
01573381,레이저쎌 주식회사,412350,K,29271,1311110405091,4168602207,20150406,12,경기도 화성시 동탄면 동탄산단4길 9-9 -,2025,20260324000280,4684448307.0,4015870540.0,6026961356.0,42926540324.0,4909093401.0,3920480651.0,3520688553.0,6026961356.0,43336567501.0,4489376853.0,주요계정
00102353,경창산업(주),024910,K,30331,1701110007733,5038104241,19770622,12,대구광역시 달서구 성서로35길 6 월암동,2025,20260323000235,705339667803.0,638045034346.0,667253963817.0,491427943570.0,670212888655.0,661212874788.0,594368434699.0,588659442952.0,431218152383.0,614746917480.0,주요계정
00488989,한양디지텍(주),078350,K,2611,1348110094160,1248619959,20040419,12,경기도 화성시 삼성1로 332-7,2025,20260316001638,651051158827.0,595167452558.0,478837673371.0,297513744344.0,575018761585.0,651223502117.0,595311977187.0,478761263418.0,291144676221.0,575098914241.0,주요계정
00679314,(주)동성케미컬,102260,Y,20202,1801110633031,6038168642,20080514,12,부산광역시 사하구  신산로 99,2025,20260318001381,1211599795389.0,1066318113144.0,993003787815.0,1139025243623.0,1090307232116.0,387065153130.0,387799173588.0,372814762524.0,569940679824.0,382559696414.0,주요계정
00531014,(주)유진테크,084370,K,29271,1351110051329,1238153245,20000105,12,경기도 용인시 처인구  양지면 추계로 42 유진테크,2025,20260319000837,350324287104.0,338067812312.0,276533350776.0,580613743719.0,321641816731.0,258868481204.0,244098991962.0,218980225499.0,601430024101.0,240649232888.0,주요계정
00442826,대봉엘에스(주),078140,K,212,1243110016976,1398119806,19860708,12,인천광역시 연수구 송도미래로 101 대봉그룹 송도 B&H Plex,2025,20260323001653,102063530166.0,93953561154.0,87622205173.0,264960926642.0,94546432164.0,79102955808.0,75817303589.0,72504826337.0,178049331200.0,75808361911.0,주요계정
00398701,(주)엘앤에프,066970,Y,28202,1760110022654,5138119101,20000727,12,대구광역시 달서구 이곡동로 11,2025,20260814000818,2154938965103.0,1907478512809.0,4644090367589.0,3134104265112.0,2902169281834.0,2149618578656.0,1903173521972.0,4600044289859.0,3080311635412.0,2884278796829.0,주요계정
01022142,엠디바이스 주식회사,226590,K,262,1355110198834,1408134641,20090316,12,경기도 과천시 과천대로7길 33 B동 807호(디테크타워),2025,20260313001373,96491049515.0,48305247339.0,9850672827.0,96808497770.0,51548989894.0,96491049515.0,48305247339.0,9850672827.0,96277254431.0,51548989894.0,주요계정
00838005,(주)서진시스템,178320,K,289,1201110447781,1228197712,20071030,12,경기도 부천시 오정구 산업로 20-22 &nbsp,2025,20260323001543,1066330738953.0,1213752801436.0,778694260990.0,2306446623339.0,1019592600460.0,368236024186.0,680983076317.0,222328155926.0,1251390286344.0,423849085476.0,주요계정
01157235,(주)아스타,246720,K,213,1311110157098,1298193717,20060127,12,"경기도 수원시 영통구 광교로 145, 11층(이의동, 차세대융합기술연구원 에이동)",2025,20260331001631,,,,,,2594819140.0,3354706693.0,3133234465.0,15490896648.0,3027586766.0,주요계정
01256864,에이비엘바이오(주),298380,K,211,1101115974020,4528800266,20160216,12,서울 강남구 봉은사로 456 에이비엘바이오빌딩,2025,20260312000744,79349848373.0,33403030159.0,65547054627.0,280934191003.0,59433311053.0,79349848373.0,33403030159.0,63551323528.0,281872383451.0,58768067353.0,주요계정
00820352,(주)파인텍,131760,K,292,2850110151881,1288635081,20081119,12,"경기도 안양시 동안구 흥안대로 457-25 15층(평촌동, 에이케이밸리지식산업센터)",2025,20260319000647,46345235298.0,71020352798.0,44755330657.0,80563395827.0,54040306251.0,42547737343.0,59828388342.0,29017879086.0,87235704329.0,43798001590.0,주요계정
00109824,대림통상(주),006570,Y,25993,1101110021678,1028101153,19700401,12,서울특별시 서대문구  연희로 142,2025,20260319001328,126171254752.0,136965965065.0,145721236338.0,154793298808.0,136286152052.0,102246529272.0,116488732616.0,113422271609.0,140509963966.0,110719177832.0,주요계정
00120289,(주)제이에스티나,026040,K,331,1101110569074,2158103705,19880402,12,서울특별시 송파구 양재대로62길 53,2025,20260327001131,,,,,,72242575120.0,74433968530.0,75362474833.0,55314581660.0,74013006161.0,주요계정
00113243,대한제분(주),001130,Y,105,1101110003733,1048104345,19521225,12,서울특별시 중구 세종대로 39,2025,20260319001278,1375199649054.0,1374735359151.0,1441458547512.0,1534815922172.0,1397131185239.0,456569839266.0,467835944747.0,490292368312.0,1043849559418.0,471566050775.0,주요계정
00144243,유니슨(주),018000,K,29119,1101110382020,1208130898,19840924,12,경상남도 사천시 사남면 해안산업로 513 -,2025,20260319001238,40267921584.0,25733465438.0,107739239966.0,255828596290.0,57913542329.0,40297694015.0,25883386475.0,106969904738.0,258563477778.0,57716995076.0,주요계정
00204323,키스트론(주),475430,K,28302,1746110015485,5068113147,19921127,12,경기도 안산시 단원구 산단로68번길 37,2025,20260319000531,,,,,,69316361099.0,68954759345.0,55936042068.0,214435771030.0,64735720837.0,주요계정
00118266,(주)디알비동일,004840,Y,221,1801110000339,6218101635,19450930,12,부산광역시 금정구 공단동로55번길 28,2025,20260319000977,802745958892.0,752688127961.0,737777767832.0,974909860501.0,764403951562.0,20788506024.0,16112360557.0,17168848447.0,251802866896.0,18023238343.0,주요계정
00130879,서울식품공업(주),004410,Y,108,1101110059702,1348107983,19551017,12,충청북도 충주시 충원대로 862,2025,20260319000927,,,,,,68603497542.0,58588657427.0,64784789661.0,72849156691.0,63992314877.0,주요계정
00159795,(주)한국카본,017960,Y,2512,1801110054691,6158101585,19840917,12,경상남도 밀양시 부북면 춘화로 85,2025,20260319001272,908810220281.0,741740847191.0,594417384371.0,1043222615767.0,748322817281.0,866374473973.0,708940265634.0,573012463336.0,1033022742637.0,716109067648.0,주요계정
01693922,(주)지슨,446840,K,272,1101118444707,2318602547,20221007,12,서울특별시 강남구 개포로 208 형지빌딩 -,2025,20260319000737,,,,,,11295873816.0,13575700648.0,13761869663.0,19325669090.0,12877814709.0,주요계정
00492894,(주)젬백스&카엘,082270,K,29271,1601110069636,3148121219,19980310,12,경기도 성남시 분당구 운중로 117 포모나타워 5층,2025,20260320001156,81530820294.0,62691712030.0,72208573285.0,158874710036.0,72143701870.0,81530820294.0,62691712030.0,72203073285.0,164009940466.0,72141868536.0,주요계정
01385005,(주)리브스메드,491000,K,27112,1101114625385,1198643312,20110616,12,경기도 성남시 분당구 판교로 700 분당테크노파크 디동 304호,2025,20260323001621,51192098328.0,27121459522.0,17266859717.0,201933050640.0,31860139189.0,52711581591.0,27143705840.0,16956364485.0,203050631091.0,32270550639.0,주요계정
01031502,(주)코아시아씨엠,196450,K,273,1345110233665,1428172016,20140509,12,"경기도 화성시 동탄첨단산업1로 27 B동 3530호, 3531호, 3532호, 3533호, 3534호, 3535호, 3536호 (영천동,",2025,20260318001247,258196765549.0,267335829059.0,293967118507.0,128523498223.0,273166571038.0,43365318937.0,32341379748.0,39874338938.0,82252760184.0,38527012541.0,주요계정
00145260,율촌화학(주),008730,Y,22231,1101110145147,1188101288,19730501,12,서울특별시 동작구 여의대방로 112 도연관 15층,2025,20260316001034,485382903935.0,457078095305.0,414490610375.0,687562082962.0,452317203205.0,465716549251.0,435923420542.0,393256337345.0,678827243059.0,431632102379.0,주요계정
00833064,(주)엠플러스,259630,K,292,1341110106357,1238187371,20030408,12,충청북도 청주시 흥덕구 옥산면 옥산산단로 27 엠플러스 사옥,2025,20260731000751,184211329846.0,128744388506.0,340051608007.0,241385473368.0,217669108786.0,184589487485.0,128362494774.0,339990982349.0,240322424216.0,217647654869.0,주요계정
01201590,에브리봇(주),270660,K,28519,1311110396927,1298692106,20150106,12,"경기도 과천시 과천대로7나길 60 과천어반허브 A동 6층(603호,604호,606호)",2025,20260316000300,34356667933.0,29750850517.0,31697412701.0,110290571800.0,31934977050.0,32907822573.0,29716597791.0,31697412701.0,109996763026.0,31440611022.0,주요계정
01274310,이오플로우(주),294090,K,27199,1101114694679,1058762879,20110927,12,경기도 성남시 분당구 돌마로 172 분당서울대학교병원 헬스케어혁신파크 H2202호,2025,20260327001731,3669588357.0,5241463027.0,6589217470.0,36375819048.0,5166756285.0,3669588357.0,5333909476.0,5656083535.0,41856920531.0,4886527123.0,주요계정
01137860,(주)위너스일렉,479960,K,289,1152110049566,1328154141,20040130,12,경기도 남양주시 진접읍 진벌로223번길 53,2025,20260323000549,,,,,,31246643473.0,26357463329.0,27635509945.0,49916982811.0,28413205582.0,주요계정
01117413,주식회사 바이오다인,314930,K,2719,1101111786057,2148639452,19991008,12,서울특별시 성동구 아차산로5길 24-4,2025,20260313000802,7027675925.0,5271365360.0,4088693758.0,44939881971.0,5462578348.0,7027675925.0,5271365360.0,4088693758.0,44772519413.0,5462578348.0,주요계정
00111874,대원산업(주),005710,K,303,1301110007533,1348104254,19680910,12,경기도 안산시 단원구 원시로 179,2025,20260312001127,1058925866620.0,931473122460.0,777688827197.0,757072600835.0,922695938759.0,923734287034.0,831374294011.0,728422433495.0,648394949379.0,827843671513.0,주요계정
00108241,(주)농심,004370,Y,108,1101110057574,1188103914,19650918,12,서울특별시 동작구  여의대방로 112,2025,20260311003892,3514315500097.0,3438730857998.0,3410559367259.0,3822122467403.0,3454535241785.0,2734714249425.0,2701618803858.0,2605366051571.0,3232121302269.0,2680566368285.0,주요계정
00117276,(주)네이처셀,007390,K,211,1243110005721,1308105606,19710806,12,서울특별시 영등포구 국회대로76길 10 5층,2025,20260323001523,20734613571.0,32333908156.0,19350887029.0,74731473448.0,24139802919.0,20674794044.0,32104074722.0,19357772546.0,73852500920.0,24045547104.0,주요계정
00328191,(주)케이에스피,073010,K,29111,1801110328550,6068127539,20000628,12,부산광역시 강서구  녹산산단381로86번길 43,2025,20260312000684,95532762605.0,85265079671.0,81626661943.0,144011584862.0,87474834740.0,89593085491.0,85265079671.0,81626661943.0,134596518647.0,85494942368.0,주요계정
00489243,(주)동아엘텍,088130,K,292,1341110065470,1388119462,19990414,12,경기도 안양시 동안구 시민대로327번길 12-24 (주)동아엘텍 빌딩,2025,20260316001316,582437006389.0,178436625705.0,165117482966.0,502592778507.0,308663705020.0,62932693138.0,60372110161.0,99420924017.0,142296697153.0,74241909105.0,주요계정
00165413,롯데케미칼(주),011170,Y,20111,1101110193196,1188115012,19760316,12,서울특별시 송파구 올림픽로 300 롯데월드타워,2025,20260312001296,18483005314922.0,19894809600093.0,19564417813545.0,31117333049679.0,19314077576187.0,11912607124952.0,13640122547484.0,13473082835886.0,17778815810196.0,13008604169441.0,주요계정
01063990,(주)로보로보,215100,K,28909,1101115638741,1078841033,20150209,12,서울특별시 강북구 도봉로54길 6 로보로보빌딩(미아동),2025,20260313000261,13362404287.0,13494458497.0,14261192289.0,31911288271.0,13706018358.0,8294596296.0,8937752877.0,10387421875.0,31235451972.0,9206590349.0,주요계정
00178851,(주)동양에스텍,060380,K,241,1601110004426,3068103597,19811112,12,대전광역시 중구 중앙로 164번길 20(은행동) 동양빌딩 4층,2025,20260318001507,197820474985.0,191040272513.0,210467132054.0,198903891959.0,199775959851.0,156341846867.0,154612275117.0,177892733152.0,173837291671.0,162948951712.0,주요계정
01243161,(주)인산가,277410,K,108,1101116471554,1398144493,20170726,12,경상남도 함양군 수동면 수동농공길 23-26 -,2025,20260707000320,35804215193.0,32484223840.0,37300346743.0,114121833052.0,35196261925.0,35535020799.0,32661660428.0,37293696948.0,111106572151.0,35163459392.0,주요계정
01108442,(주)에치에프알,230240,K,264,1101115855973,2098700272,20151007,12,경기도 성남시 수정구 금토로80번길 40 C동,2025,20260319001383,141982727703.0,157094151451.0,164184216763.0,280656523386.0,154420365306.0,81482377078.0,101524505472.0,119267654698.0,249559202504.0,100758179083.0,주요계정
00101044,(주)에이프로젠바이오로직스,003060,Y,212,1101110036396,2188100518,19601203,12,"서울특별시 송파구 백제고분로 480 4층 (방이동, 풍문빌딩)",2025,20260320000881,73226140158.0,67378141310.0,87363627712.0,586992600346.0,75989303060.0,48840894266.0,53011524412.0,62081998789.0,510848672856.0,54644805822.0,주요계정
00372129,전진건설로봇(주),079900,Y,292,1101111807910,1148192507,19991112,12,충청북도 음성군  금왕읍 대금로 1264,2025,20260318000902,190660739993.0,169785980240.0,158370290546.0,230189468832.0,172939003593.0,179786889426.0,165962987643.0,158079710420.0,212647544960.0,167943195830.0,주요계정
00260392,대원전선(주),006340,Y,28302,1348110001181,1248105047,19691129,12,충청남도 예산군  고덕면 호음덕령길 92,2025,20260331003244,624542487406.0,552777321378.0,515401908392.0,346448665318.0,564240572392.0,514144669265.0,539928858508.0,508133154159.0,264783111533.0,520735560644.0,주요계정
00301422,(주)스모트로닉,066590,K,303,1943110003995,6088121958,19950613,12,경남 창원시 신촌동 192-4번지,2025,20260728000417,368608811121.0,354215329745.0,347995612773.0,268145034045.0,356939917880.0,294973443435.0,283638131506.0,268452180588.0,223700075698.0,282354585176.0,주요계정
00198697,일진디스플레이(주),020760,Y,261,1545110006076,3038110352,19940401,12,충청북도 음성군  대소면 대금로 157,2025,20260323001151,57847116015.0,66550828113.0,40958644542.0,67339826255.0,55118862890.0,6346644323.0,5065420708.0,6918951280.0,62414334953.0,6110338770.0,주요계정
00220613,넥스틸(주),092790,Y,2419,1746110022860,5068121195,19900115,12,경상북도 포항시 남구 대송면 송덕로212번길 195,2025,20260414002511,550992457557.0,552365337649.0,619052056916.0,699321998710.0,574136617374.0,544671975941.0,552365337649.0,619052056916.0,684043724895.0,572029790169.0,주요계정
00361381,(주)제이브이엠,054950,K,29192,1701110111352,5038131016,19770620,12,대구광역시 달서구  호산동로 121,2025,20260323001116,173129219712.0,159434150636.0,157085342969.0,319127680911.0,163216237772.0,154468364064.0,143265527695.0,136939338828.0,291972142428.0,144891076862.0,주요계정
00356361,(주)LG화학,051910,Y,20111,1101112207995,1078198139,20010401,12,서울특별시 영등포구  여의대로 128,2025,20260313001195,45932167000000.0,48699754000000.0,55043713000000.0,101061661000000.0,49891878000000.0,18216499000000.0,20387492000000.0,19750028000000.0,34424144000000.0,19451339666667.0,주요계정
00365590,에이치엘비생명과학(주),067630,K,213,1101111568885,1168169278,19980724,12,"경기도 화성시 동탄첨단산업1로 51-9 8층(영천동,엠타워지식산업센터)",2025,20260323001728,45752222713.0,32770837921.0,34578312014.0,478093566716.0,37700457549.0,32085318181.0,29707829573.0,29493645953.0,441794323530.0,30428931236.0,주요계정
01275665,(주)리메드,302550,K,27199,1311110100021,1298164250,20030731,12,충청북도 청주시 흥덕구 오송읍 오송생명2로 84 -,2025,20260626000758,24504879379.0,25554051153.0,18536134645.0,53909494092.0,22865021726.0,23340126435.0,24673746902.0,17970068414.0,54103615402.0,21994647250.0,주요계정
00102751,고려산업(주),002140,Y,10520,1801110001494,6048100024,19570724,12,부산광역시 중구 중앙대로 22 (중앙동6가),2025,20260311003408,297322291052.0,307656378676.0,319058618654.0,263595796874.0,308012429461.0,277268739506.0,290929906902.0,305568523157.0,241269421733.0,291255723188.0,주요계정
00123541,보해양조(주),000890,Y,11122,2011110000036,4118100209,19521111,12,전라남도 목포시  호남로68번길 36 보해양조(주),2025,20260318000704,,,,,,89878693356.0,87624248943.0,93084785144.0,146550950501.0,90195909148.0,주요계정
00406222,(주)쎄크,081180,K,291,1301110059360,1248171120,20000322,12,경기도 수원시 권선구 산업로155번길 111,2025,20260323000640,,,,,,59205964528.0,53931372723.0,50435649742.0,83996670583.0,54524328998.0,주요계정
01253636,(주)에르코스 농업회사법인,435570,K,107,1601110372344,3058634656,20140514,12,대전광역시 유성구 도안동로 329,2025,20260317000656,35627647458.0,36460997416.0,33014860198.0,99675375452.0,35034501691.0,33907363842.0,36460997416.0,33014860198.0,96621238952.0,34461073819.0,주요계정
00150244,하이트진로(주),000080,Y,11122,1101110028591,2148100777,19540615,12,서울특별시 강남구 영동대로 714,2025,20260318000752,2498566821284.0,2599183408023.0,2520181551629.0,3272507702370.0,2539310593645.0,2240431695323.0,2329034671293.0,2246749010909.0,3033413411746.0,2272071792508.0,주요계정
00415628,(주)세진중공업,075580,Y,31114,2301110060126,6108137716,19990920,12,울산광역시 울주군 온산읍 당월로 216-18,2025,20260323001183,402686260726.0,352376572888.0,384796445852.0,637763654084.0,379953093155.0,366130145053.0,311656739711.0,347839601916.0,491777057672.0,341875495560.0,주요계정
00480367,에스케이오션플랜트(주),100090,Y,2413,1913110003485,6158106111,19961101,12,경상남도 고성군 동해면 내산3길 51-1,2025,20260323000486,965388430763.0,662615726791.0,925835675846.0,1148241651965.0,851279944467.0,928915090551.0,626418503995.0,906019617252.0,1081731828983.0,820451070599.0,주요계정
00365624,(주)아이윈,090150,K,303,1845110020244,6218132365,19990206,12,부산광역시 기장군  장안읍 장안산단9로 110,2025,20260323001346,115909884130.0,119318697988.0,108275071416.0,132122705447.0,114501217845.0,105588807690.0,114684978824.0,104491110367.0,114201940518.0,108254965627.0,주요계정
00795135,코오롱인더스트리(주),120110,Y,205,1353110013606,1388156604,20100105,12,서울특별시 강서구 마곡동로 110 코오롱 One&Only 타워,2025,20260331001900,4873399491952.0,4843003131269.0,4734907182667.0,7682530168368.0,4817103268629.0,3986810597353.0,3353644045008.0,3296494638552.0,6309367594864.0,3545649760304.0,주요계정
00816544,(주)토니모리,214420,Y,20423,1101113500249,1148653270,20060726,12,서울특별시 서초구 남부순환로 2557 토니모리 빌딩,2025,20260323001192,220273588910.0,176995852869.0,151091527920.0,226602913355.0,182786989900.0,141414481610.0,123799557630.0,108037617707.0,201781810871.0,124417218982.0,주요계정
00447487,(주)제주반도체,080220,K,2611,1311110047918,1298133683,20000404,12,제주특별자치도 제주시 첨단로 330 A동 2층,2025,20260323001029,302230571186.0,162349945455.0,145899793599.0,335988104339.0,203493436747.0,299245042095.0,159227945455.0,145899793599.0,326675941179.0,201457593716.0,주요계정
01390344,에이치디현대중공업(주),329180,Y,31113,2301110312741,2528701412,20190603,12,울산광역시 동구 방어진순환도로 1000,2025,20260320000859,17580633257000.0,14486453544000.0,11963925991000.0,26163044535000.0,14677004264000.0,17569457486000.0,14476389927000.0,11957982952000.0,26199062006000.0,14667943455000.0,주요계정
00488244,(주)원일티엔아이,136150,K,291,1350110093737,1338137918,19980924,12,경기도 김포시 양촌읍 황금1로 150,2025,20260318000428,,,,,,29616648801.0,42188062019.0,41879647335.0,64801279723.0,37894786052.0,주요계정
00560122,(주)한울소재과학,091440,K,26410,1101112072330,1208611843,20000920,12,경기도 성남시 중원구 갈마치로 214-1 4층,2025,20260323001643,13435067440.0,17338602355.0,37597363642.0,120408458403.0,22790344479.0,11361941357.0,15589413342.0,34912999882.0,98126957347.0,20621451527.0,주요계정
01764099,(주)링크솔루션,474650,K,29222,1355110281176,3748100176,20150528,12,"경기도 안양시 동안구 부림로170번길 41-4, 5층",2025,20260319000455,,,,,,13124605399.0,11187804975.0,7360479717.0,66010962247.0,10557630030.0,주요계정
00140955,(주)한솔케미칼,014680,Y,20129,1101110270895,1028134955,19800313,12,서울특별시 강남구 테헤란로 513K Tower 7F / 8F,2025,20260318001424,883968714104.0,776356975793.0,771654641559.0,1600348080121.0,810660110485.0,683182182594.0,584851047907.0,565897023944.0,1266309974484.0,611310084815.0,주요계정
00475718,(주)이엠앤아이,083470,K,201,1350110096608,1348146818,19990930,12,"경기도 안산시 상록구 해안로 705, 파일롯플랜트 2동 203호(사동,경기테크노파크)",2025,20260323000723,18380261067.0,29699055105.0,24528932896.0,13398607856.0,24202749689.0,18380261067.0,29699055105.0,24528932896.0,13396074168.0,24202749689.0,주요계정
00580056,(주) 스맥,099440,K,29221,1601110052665,3148114800,19960305,12,경상남도 김해시 주촌면 골든루트로 157-10,2025,20260323001679,153589636057.0,201298944290.0,176628631520.0,301515657631.0,177172403956.0,139944204458.0,165357640087.0,173621403024.0,314526497409.0,159641082523.0,주요계정
00585538,(주)에스에너지,095910,K,2811,1101112149890,2068154253,20010112,12,서울특별시 송파구 법원로6길 11 4층,2025,20260320000812,102439706002.0,147848120709.0,169855953418.0,227855411673.0,140047926710.0,64014816974.0,89184843222.0,109273735603.0,106621610672.0,87491131933.0,주요계정
00654175,(주)피엠티,147760,K,27212,1351110069710,1238198238,20040512,12,충청남도 아산시 음봉면 연암율금로 77-20 (주)피엠티,2025,20260316001657,,,,,,25287736817.0,24393115333.0,33042724100.0,53456916573.0,27574525417.0,주요계정
00866451,워트 주식회사,396470,K,29271,1601110172108,3148165634,20040408,12,경기도 화성시 동탄면 동탄산단10길 53-15 &nbsp,2025,20260318000059,15220856646.0,15184230309.0,12845576073.0,68036241159.0,14416887676.0,15220812751.0,15184253284.0,12845576073.0,68057774821.0,14416880703.0,주요계정
00916516,(주)흥국에프엔비,189980,K,11209,2801110086726,1278610281,20080325,12,"서울특별시 강남구 삼성로 546 (삼성동, 흥국에프엔비빌딩)",2025,20260323000584,99378439543.0,102624064718.0,101121012105.0,225773290519.0,101041172122.0,70371079267.0,73238775061.0,72135855624.0,200686557623.0,71915236651.0,주요계정
00956028,엑세스바이오 인코퍼레이션,950130,K,213,,0100888833,20020927,12,"7 Fitzgerald Avenue, Monroe Township, NJ 08831, USA -",2025,20260623000058,21976285.0,82451940.0,267075591.0,423681105.0,123834605.0,13817768.0,58701034.0,255766548.0,418482248.0,109428450.0,주요계정
01037214,(주)킵스바이오파마,256940,K,212,1101112063743,2098126571,20000904,12,서울특별시 강남구 테헤란로13길 8-11 킵스빌딩 4층,2025,20260323000346,170146866389.0,127583228842.0,92133337144.0,233917145815.0,129954477458.0,32647872364.0,4977559744.0,4118325932.0,179202118839.0,13914586013.0,주요계정
01042979,휴마시스(주),205470,K,213,1101115503308,1078827778,20140829,12,경기도 군포시 군포첨단산업2로 37 (부곡동) 휴마시스㈜,2025,20260323001233,30113048982.0,25413315020.0,13827303630.0,327031186367.0,23117889211.0,4719050005.0,7255168834.0,13668317250.0,281438628022.0,8547512030.0,주요계정
00536286,(주)윈팩,097800,K,2612,1344110020543,1268161690,20020403,12,경기도 용인시 처인구  백암면 청강가창로 50,2025,20260319000027,,,,,,75547662067.0,74141469775.0,86205142343.0,130664662904.0,78631424728.0,주요계정
00957735,(주)클리오,237880,K,20423,1101111421273,2118622189,19970531,12,서울특별시 성동구 왕십리로 66 -,2025,20260323001466,328903470798.0,351365821349.0,330584497213.0,299252972651.0,336951263120.0,317427787811.0,340940959664.0,325346217902.0,290258513372.0,327904988459.0,주요계정
00624378,(주)마이크로투나노,424980,K,26129,1101112059031,1198141599,20000828,12,경기도 용인시 처인구 이동읍 덕성산단2로50번길 43,2025,20260319000429,,,,,,22228158731.0,10151471769.0,9370216743.0,50072646940.0,13916615748.0,주요계정
00106881,(주)인디에프,014990,Y,14112,1101110279996,1208117274,19800908,12,서울특별시 강남구  테헤란로104길 21,2025,20260319000445,104591440092.0,114737877861.0,126499790341.0,115862924255.0,115276369431.0,104267298492.0,114413238861.0,126174026341.0,115802815767.0,114951521231.0,주요계정
00120924,매일홀딩스(주),005990,K,104,1101110099609,2038143193,19690214,12,서울시 종로구 종로1길 50 더케이트윈타워A동,2025,20260319001082,2196211284329.0,2190170660149.0,2146398739613.0,1423606242799.0,2177593561364.0,16210203316.0,17322064405.0,17756975638.0,374346128297.0,17096414453.0,주요계정
00479787,(주)인텍플러스,064290,K,292,1101111204637,1058174771,19951013,12,대전광역시 유성구  테크노2로 263 (주)인텍플러스,2025,20260318001550,89765092570.0,83873419602.0,74802246295.0,118814866862.0,82813586156.0,89765092570.0,83873419602.0,74802246295.0,118836903277.0,82813586156.0,주요계정
01068737,주식회사 에이치피오,357230,K,108,1101114838516,1058770267,20120406,12,서울특별시 영등포구 양평로 115 -,2025,20260323001535,258188615006.0,242830801884.0,232025910017.0,257095039561.0,244348442302.0,110522430622.0,111630850335.0,119946494362.0,165800716615.0,114033258440.0,주요계정
01073678,(주)얼라인드제네틱스,238120,K,273,1341110170980,1388149267,20081002,12,경기도 군포시 고산로148번길 18 -,2025,20260323001245,16015916140.0,15777579149.0,15214698591.0,57794757767.0,15669397960.0,12807256919.0,13462962155.0,12887468397.0,56686335869.0,13052562490.0,주요계정
01095704,케이엠제약(주),225430,K,204,1101115779909,4208600149,20150710,12,경기도 평택시 포승읍 평택항로268번길 121 -,2025,20260323000724,,,,,,15989987109.0,14474795637.0,17769628477.0,46393264312.0,16078137074.0,주요계정
01222867,(주)제테마,216080,K,213,1358110168568,1358603665,20090717,12,강원도 원주시 지정면 조엄로 321,2025,20260320000625,76902884066.0,68520182954.0,58716076773.0,209135993481.0,68046381264.0,73616988293.0,63997825311.0,58749053133.0,212283219747.0,65454622246.0,주요계정
01226410,(주)씨앤씨인터내셔널,352480,K,20423,1358110238402,1358638179,20131025,12,경기도 화성시 삼성1로5길 39,2025,20260323001238,288477800460.0,282883855707.0,220327417089.0,437835367957.0,263896357752.0,266912286272.0,272812622654.0,204798613574.0,427528062849.0,248174507500.0,주요계정
01258020,주식회사 에스바이오메딕스,304360,K,212,1101112838477,2118756314,20030811,12,"경기도 파주시 문발로 320 사무동, 연구동",2025,20260324000025,16547626709.0,13734027409.0,13108378002.0,41218860975.0,14463344040.0,106998000.0,655236147.0,290997692.0,23255264061.0,351077280.0,주요계정
01393721,(주)포커스에이아이,331380,K,265,1101117167128,5548701400,20190710,12,경기도 안양시 동안구 엘에스로91번길 16-17 포커스빌딩,2025,20260323001612,,,,,,45308322646.0,58183819225.0,59458221600.0,46665341279.0,54316787824.0,주요계정
00177199,디씨엠(주),024090,Y,2419,1801110071794,6218116744,19870302,12,경상남도 양산시  웅상농공단지길 55,2025,20260724000315,,,,,,227052934104.0,240913433640.0,218258669539.0,294286057738.0,228741679094.0,주요계정
00150536,진양제약(주),007370,K,212,1101110233629,2148110673,19780607,12,서울특별시 서초구  효령로 231,2025,20260318001709,,,,,,120686230379.0,113332121347.0,93708173984.0,267809077303.0,109242175237.0,주요계정
01311310,주식회사 지아이텍,382480,K,292,1648110065785,3128639116,20120502,12,충청남도 아산시 둔포면 아산밸리로387번길 42,2025,20260507000504,36219713807.0,37765720123.0,36622011346.0,129587017256.0,36869148425.0,31995560807.0,35603079441.0,36622011346.0,129607640781.0,34740217198.0,주요계정
00617998,(주)폴라리스세원,234100,K,303,1348110015885,1258117473,19911223,12,경기도 평택시 산단로64번길 56 &nbsp,2025,20260318001559,242634611034.0,204644289190.0,160350478984.0,455535894278.0,202543126403.0,87081775135.0,83484524361.0,80921417116.0,193235784409.0,83829238871.0,주요계정
00618410,(주)케이에스인더스트리,101000,K,292,1955110072268,6158138175,20040603,12,경상남도 함안군 군북면 석교천길 223 -,2025,20260622000085,39447384534.0,24686666088.0,24121095879.0,61193612721.0,29418382167.0,30893809082.0,23531372713.0,24121095879.0,58206881135.0,26182092558.0,주요계정
00657783,모델솔루션 주식회사,417970,K,292,1101113176925,1138196403,20050225,12,서울특별시 금천구 벚꽃로20길 24,2025,20260318000753,76502212442.0,68034064510.0,64718955728.0,97396065921.0,69751744227.0,76502212442.0,67631367975.0,63926188542.0,96962061238.0,69353256320.0,주요계정
01416642,주식회사 다보링크,340360,K,264,1101117263174,8238801453,20191017,12,경기도 안양시 동안구 벌말로 112 주식회사 다보링크,2025,20260323001726,63202011258.0,65921266384.0,75369137413.0,40687717639.0,68164138352.0,63190483622.0,65921266384.0,75369137413.0,40485766644.0,68160295806.0,주요계정
01435489,범한퓨얼셀 주식회사,382900,K,28111,1942110310912,7308601458,20191231,12,경상남도 창원시 마산회원구 자유무역4길 61,2025,20260323001375,43361093941.0,36194682101.0,30515676816.0,352360772024.0,36690484286.0,43361093941.0,36194682101.0,30515676816.0,351828327088.0,36690484286.0,주요계정
01437858,주식회사 진시스템,363250,K,271,1615110116305,3128615545,20100324,12,대전광역시 유성구 테크노2로 200-9,2025,20260324000016,381356664.0,1207760282.0,897027724.0,14395506156.0,828714890.0,318326264.0,1129800216.0,899625790.0,14051755001.0,782584090.0,주요계정
01462605,지투파워(주),388050,K,28123,1351110102065,1238625235,20101217,12,경기도 화성시 양감면 초록로 868-12,2025,20260731000292,77377777992.0,55423270415.0,49413146361.0,89876159965.0,60738064923.0,77040772780.0,55078407445.0,49413146361.0,89527806069.0,60510775529.0,주요계정
01480568,(주)이지바이오,353810,K,109,1101117474424,8238801642,20200501,12,서울특별시 강남구 강남대로 310 (역삼동 837-11) 유니온센터 3층,2025,20260323000984,476938919229.0,384330911334.0,165385090893.0,327472714215.0,342218307152.0,144883962081.0,149117424038.0,149580758058.0,248473429483.0,147860714726.0,주요계정
01638387,케이지에이(주),455180,K,29271,1348110428195,4808100919,20171031,12,경기도 평택시 브레인산단4로 45 -,2025,20260323000797,18123087764.0,51431679187.0,14051861535.0,101840993284.0,27868876162.0,18123087764.0,51431679187.0,14051861535.0,101845231037.0,27868876162.0,주요계정
00126380,삼성전자(주),005930,Y,264,1301110006246,1248100998,19690113,12,경기도 수원시 영통구  삼성로 129 (매탄동),2025,20260310002820,333605938000000.0,300870903000000.0,258935494000000.0,566942110000000.0,297804111666667.0,238043009000000.0,209052241000000.0,170374090000000.0,358902051000000.0,205823113333333.0,주요계정
01261893,(주)케이씨텍,281820,Y,272,1346110087565,6128153314,20171101,12,경기도 안성시 미양면 제2공단3길 12 -,2025,20260313001174,382856574357.0,385433971366.0,286909703428.0,600479162239.0,351733416384.0,383391616140.0,385433971366.0,286909703428.0,601083973976.0,351911763645.0,주요계정
00664853,제이씨케미칼(주),137950,K,2049,1358110124726,1358185115,20060324,12,울산광역시 울주군  온산읍 화산1길 70,2025,20260318001183,367542495747.0,367319979259.0,439247116474.0,382337126501.0,391369863827.0,295817002195.0,297546257890.0,374369995579.0,365475249007.0,322577751888.0,주요계정
00172936,동일산업(주),004890,Y,24113,1701110002171,5028100015,19661227,12,경상북도 포항시 남구  괴동로 112 (장흥동) 동일산업(주),2025,20260326000328,347922351797.0,415796640204.0,441161261164.0,455132592932.0,401626751055.0,295026261958.0,364079439303.0,382162736789.0,411772017906.0,347089479350.0,주요계정
00799177,(주)삼기,122350,K,303,1101114249458,1068669145,20091224,12,충청남도 서산시 지곡면 무장산업로 263-29 -,2025,20260318001642,570538736376.0,542109881986.0,537441450272.0,663256706885.0,550030022878.0,489356402339.0,479596353707.0,481691248191.0,458251818735.0,483548001412.0,주요계정
00173874,넥센타이어(주),002350,Y,221,1101110014219,6218110769,19580411,12,경상남도 양산시  충렬로 355 넥센타이어,2025,20260318001435,3189610448781.0,2847925036412.0,2701720151279.0,4709514375870.0,2913085212157.0,2129969990147.0,2132624859171.0,2084335509847.0,3498880625705.0,2115643453055.0,주요계정
00923516,(주)메가터치,446540,K,28201,1615110121601,3128620219,20100909,12,충청남도 천안시 서북구 3공단2로 42 &nbsp,2025,20260318001084,,,,,,43240176069.0,52992354510.0,50143416324.0,62610628208.0,48791982301.0,주요계정
00179489,명인제약(주),317450,Y,21212,1243110022866,1248118673,19881108,12,경기도 화성시 팔탄면 노하길 361-12,2025,20260325001031,287254358952.0,269434788789.0,242337808007.0,841674647202.0,266342318583.0,287364202152.0,269585959989.0,242497244807.0,831537426839.0,266482468983.0,주요계정
01031229,(주)한국비티비,219750,K,271,1101111651101,2298136321,19990212,12,경기도 성남시 분당구 동원로 7 지티지웰니스,2025,20260331003468,,,,,,32030669908.0,30135373919.0,31436243620.0,44244918539.0,31200762482.0,주요계정
01032583,(주)강동씨앤엘,198440,K,233,1101115403623,1078818207,20140428,12,전라남도 장성군 장성읍 영천로 35 고려시멘트,2025,20260318001156,,,,,,71843117330.0,47382972250.0,50522976679.0,427945566506.0,56583022086.0,주요계정
01061558,덕산네오룩스(주),213420,K,262,1615110176036,3128674729,20141231,12,충청남도 천안시 서북구 입장면 쑥골길 21-32,2025,20260318001436,344309797191.0,212252223722.0,163702143267.0,714152331754.0,240088054727.0,202283546625.0,212252223722.0,163702143267.0,565229231152.0,192745971205.0,주요계정
00641393,엔시트론(주),101400,K,2611,1101111930787,1138160337,20000404,12,"서울특별시 강남구 언주로148길 19 4층(논현동, 청호빌딩)",2025,20260323000929,34368016671.0,36311562492.0,35869230492.0,47560817291.0,35516269885.0,15581394276.0,25341237312.0,30968935288.0,43943595404.0,23963855625.0,주요계정
00147860,(주)에스엠벡셀,010580,Y,303,1341110003058,1258106772,19750411,12,충청남도 아산시 도고면 도고면로 48-15 (주)지코,2025,20260320000787,,,,,,150271118361.0,172548105255.0,202720700696.0,100176500447.0,175179974771.0,주요계정
00567222,우림피티에스(주),101170,K,29142,1942110039934,6098140851,20000301,12,경상남도 창원시 성산구  남면로 613 우림기계,2025,20260323000743,57112791211.0,71766793137.0,57344901360.0,93123568272.0,62074828569.0,57112791211.0,71766793137.0,57344901360.0,92986182566.0,62074828569.0,주요계정
01109539,(주)와이씨,232140,K,292,1101115869346,2838600313,20151022,12,"경기도 성남시 분당구 판교로255번길 28 (삼평동, 디에이치케이솔루션빌딩 7층)",2025,20260318001246,272629978227.0,211241210832.0,255182306180.0,607188961441.0,246351165080.0,182484836517.0,152886276710.0,220342729889.0,351172722700.0,185237947705.0,주요계정
00357935,에이치디씨현대이피(주),089470,Y,204,1650110006768,3118113651,20000115,12,충청남도 당진시  석문면 대호만로 1221-32 현대EP 주식회사,2025,20260814001252,992661845300.0,990565997299.0,1008120084643.0,661226988172.0,997115975747.0,793405658477.0,809305298241.0,823770871262.0,494467849143.0,808827275993.0,주요계정
00369833,유니온머티리얼(주),047400,Y,23222,1701110176489,5148137645,20000630,12,대구광역시 달서구  성서공단남로 151,2025,20260318001126,101937090012.0,108366485493.0,116470234149.0,136395574481.0,108924603218.0,101381267232.0,108302728044.0,116134685546.0,148088029372.0,108606226941.0,주요계정
01343665,알에프머트리얼즈(주),327260,K,26299,1355110186996,1408126307,20071228,12,"경기도 안산시 단원구 강촌로 213, 215(목내동) .",2025,20260318001224,64084381231.0,44496976185.0,47911985391.0,128192539098.0,52164447602.0,25943746983.0,11865549905.0,15139858608.0,61132568283.0,17649718499.0,주요계정
00896285,(주)삼양사,145990,Y,108,1101114720945,1018666838,20111103,12,서울특별시 종로구 종로33길 31 삼양사,2025,20260318001585,2562499706149.0,2671821461625.0,2651439171359.0,3625448840653.0,2628586779711.0,1897132847359.0,1966333283072.0,1998766894362.0,2917062185207.0,1954077674931.0,주요계정
01042775,에이치엘만도(주),204320,Y,303,1313110140776,1258625094,20140902,12,경기도 평택시 포승읍 하만호길 32,2025,20260318000883,9454812581023.0,8848181871751.0,8393086800929.0,7136602919112.0,8898693751234.0,3029657613639.0,2771511554478.0,2758148037427.0,4044506155525.0,2853105735181.0,주요계정
01205842,에이치디건설기계(주),267270,Y,29241,1101116363868,5288800622,20170403,12,"경기도 성남시 분당구 분당수서로 477 11층(정자동, HD현대그룹 글로벌 R&D센터)",2025,20260602000456,3776524012000.0,3438062302000.0,3824966876000.0,3602695392000.0,3679851063333.0,2150088763000.0,1936148884000.0,2574570887000.0,2421291998000.0,2220269511333.0,주요계정
01428203,(주)케이씨씨글라스,344820,Y,2311,1101117342473,4018701412,20200102,12,서울특별시 서초구 강남대로 587(잠원동),2025,20260319000948,1900606191952.0,1903321455409.0,1680055646591.0,2313583865629.0,1827994431317.0,1870911380060.0,1903321455409.0,1680055646591.0,2382594287245.0,1818096160687.0,주요계정
01011438,(주)에이치엘사이언스,239610,K,108,1341110077704,1238161032,20000928,12,"경기도 의왕시 안양판교로 89 (포일동, 에이치엘사이언빌딩)",2025,20260316001343,16705710069.0,17664168768.0,25587457016.0,85044689179.0,19985778618.0,14591439745.0,16679079908.0,25573802187.0,85152887405.0,18948107280.0,주요계정
00127857,(주)삼익악기,002450,Y,33201,1201110001818,1228101045,19730104,12,충청북도 음성군  소이면 소이로 313,2025,20260814002549,224438993364.0,230380204827.0,247929198845.0,514460612193.0,234249465679.0,72776200741.0,77789730868.0,83081509284.0,311741880763.0,77882480298.0,주요계정
00917861,(주)슈피겐코리아,192440,K,339,1101114045848,1208736593,20090218,12,서울특별시 강남구 봉은사로 446 슈피겐HQ,2025,20260320001111,463698273567.0,465294035302.0,447398859445.0,574067736090.0,458797056105.0,300714916785.0,298714147254.0,289827303974.0,363451709251.0,296418789338.0,주요계정
00755739,(주)파인테크닉스,106240,K,28410,1341110173489,1238616212,20090101,12,경기도 안양시 만안구 덕천로 38 (주)파인테크닉스,2025,20260327001240,42876376647.0,57768466076.0,59576122521.0,130050787211.0,53406988415.0,40843846825.0,58457938786.0,59380694334.0,97110864004.0,52894159982.0,주요계정
01016479,(주)오로스테크놀로지,322310,K,292,1311110104403,1298166452,20031021,12,경기도 화성시 동탄구 삼성1로5길 25 -,2025,20260323001066,52136517687.0,61412173565.0,45529498555.0,92165560588.0,53026063269.0,50814195013.0,60604715280.0,45609010060.0,91200490856.0,52342640118.0,주요계정
01554508,(주)액스비스,0011A0,K,289,1601110269020,3148610420,20091120,12,대전광역시 유성구 테크노1로 57 &nbsp,2025,20260318000683,56573055392.0,55659539835.0,50578762171.0,72416914052.0,54270452466.0,54662250667.0,51505086974.0,48009205382.0,69663687005.0,51392181008.0,주요계정
00107613,(주)이수페타시스,007660,Y,2622,1101110186638,5148116131,19720204,12,대구광역시 달성군  논공읍 논공로53길 36 이수페타시스,2025,20260323000847,1088025119176.0,836866961285.0,675332755709.0,1289510030680.0,866741612057.0,929664876365.0,718728999128.0,579045332646.0,1187846761986.0,742479736046.0,주요계정
00187770,(주)한국파마,032300,K,212,1801110059112,1248115899,19851224,12,경기도 화성시 향남읍 제약공단3길 87,2025,20260319001107,,,,,,87601377061.0,81277283919.0,83240454815.0,126640396444.0,84039705265.0,주요계정
00992543,엘케이삼양(주),225190,K,273,1942110216483,6088600017,20130802,12,경상남도 창원시 마산회원구 자유무역6길 123,2025,20260318001650,21406322851.0,32015353229.0,39031722713.0,45265711594.0,30817799598.0,21406322851.0,32015353229.0,39031722713.0,45459860294.0,30817799598.0,주요계정
01429220,(주)피아이이,452450,K,29299,1358110345801,4808801144,20180706,12,경기도 화성시 동탄기흥로 614 더퍼스트타워2차 19층,2025,20260323000950,65088392269.0,124047770514.0,85838375761.0,150238598437.0,91658179515.0,18965484659.0,65029647357.0,41346168493.0,121488055304.0,41780433503.0,주요계정
00871587,(주)보원케미칼,0010F0,K,2221,1201110105488,1398120962,19941227,12,"충청북도 충주시 주덕읍 중원산업로 101(당우리, (주)보원케미칼)",2025,20260630000782,,,,,,52193588709.0,39727764003.0,33674835819.0,70155535846.0,41865396177.0,주요계정
00385415,(주)일신바이오베이스,068330,K,29171,1101111079155,1278164875,19940927,12,경기도 동두천시 삼육사로548번길 84,2025,20260319001084,,,,,,14530428309.0,10817961079.0,16437046608.0,68584801254.0,13928478665.0,주요계정
00172945,동일스틸럭스(주),023790,K,24121,1801110002004,6068106096,19670712,12,부산 북구 학장동 716-1,2025,20260323000861,,,,,,24045379541.0,16633409791.0,21471427299.0,74803061045.0,20716738877.0,주요계정
00103510,인지컨트롤스(주),023800,Y,30310,1301110006296,1338122303,19780131,12,"경기도 시흥시  군자천로 171 (정왕동, 시화공단2다504)",2025,20260323001493,717902449045.0,649271485609.0,634018251095.0,650215566414.0,667064061916.0,447480308861.0,435793566708.0,407395094588.0,458663440020.0,430222990052.0,주요계정
00230425,(주)나노엔텍,039860,K,27199,1101110550502,2298108112,19871118,12,서울특별시 구로구  디지털로26길 5 에이스하이엔드타워1차 1210호,2025,20260323000963,38130262567.0,30464019321.0,26836556528.0,98005251814.0,31810279472.0,28575621476.0,29211684796.0,24379463298.0,98084348679.0,27388923190.0,주요계정
00526696,(주)웨이브일렉트로닉스,095270,K,272,1311110043271,1298130691,19991013,12,경기도 수원시 영통구 센트럴타운로 114-6 4층 402호,2025,20260814001743,80532556275.0,78043596827.0,77983771830.0,102940100562.0,78853308311.0,46235063752.0,48472115881.0,47084627339.0,80868741229.0,47263935657.0,주요계정
00963976,에스지이(주),255220,K,23991,1201110517154,1378603486,20091211,12,"인천광역시 서구 봉수대로300번길 15, 300번길 9 &nbsp",2025,20260316001642,102246199563.0,118940081051.0,80921130313.0,224392841651.0,100702470309.0,49445822622.0,51435881203.0,50689315548.0,187580874610.0,50523673124.0,주요계정
01360875,주식회사 탑머티리얼,360070,K,28202,1311110304011,1298672468,20120215,12,경기도 이천시 호법면 덕평로 554-30,2025,20260316001549,,,,,,23130641417.0,106078637083.0,122198212216.0,187522517134.0,83802496905.0,주요계정
01318933,(주)지니틱스,303030,K,261,1101116793007,8468101097,20180626,12,"경기도 용인시 기흥구 흥덕1로 13 흥덕아이티밸리 1901호, (주)지니틱스",2025,20260325000837,,,,,,36380023074.0,54075603095.0,33068422790.0,21943879670.0,41174682986.0,주요계정
00134723,페이퍼코리아(주),001020,Y,171,2111110000042,4018100013,19530606,12,전라북도 군산시 외항로 1245 페이퍼코리아(주),2025,20260323001240,266668528958.0,290184364896.0,362071696060.0,469194967845.0,306308196638.0,238650960108.0,259435421547.0,259155868767.0,418982370192.0,252414083474.0,주요계정
00147082,재영솔루텍(주),049630,K,27309,1201110060450,1398101306,19841220,12,인천광역시 연수구 갯벌로 118,2025,20260319001116,164545576680.0,111416090631.0,86131293694.0,216173381733.0,120697653668.0,160750214841.0,111400266759.0,86131293694.0,195978906832.0,119427258431.0,주요계정
01021666,(주)덕산테코피아,317330,K,2049,2301110120607,6208124727,20060316,12,충청남도 천안시 동남구 풍세면 풍세산단2로 39 &nbsp,2025,20260323001592,112078954483.0,99694431512.0,94076712274.0,646705781509.0,101950032756.0,106441762652.0,99401271587.0,93881300606.0,369369630272.0,99908111615.0,주요계정
00583442,(주)노루페인트,090350,Y,20411,1341110142575,1238606034,20060602,12,경기도 안양시 만안구  박달로 351,2025,20260312000811,771052153523.0,793847292349.0,780366686993.0,691934047518.0,781755377622.0,656917054146.0,690764490068.0,689236234106.0,601458154933.0,678972592773.0,주요계정
01258507,롯데웰푸드(주),280360,Y,108,1101116536481,1868100924,20171001,12,서울특별시 영등포구 양평로21길 10,2025,20260312000907,4215952626184.0,4044252365474.0,4066391863111.0,4574000252553.0,4108865618256.0,3282856614951.0,3230181906535.0,3300751826996.0,4116863957077.0,3271263449494.0,주요계정
00146436,엔브이에이치코리아(주),067570,K,30320,1812110003421,6208101350,19840117,12,울산광역시 북구 모듈화산업로 207-14엔브이에이치코리아(주),2025,20260323001278,1623889869779.0,1587354171741.0,1371412851857.0,1579146291059.0,1527552297792.0,544771342605.0,531862816510.0,569002539967.0,652823126011.0,548545566361.0,주요계정
00119140,핸즈코퍼레이션(주),143210,Y,303,1201110000323,1378103633,19720303,12,인천광역시 서구 가정로37번길 50,2025,20260731000461,784750861389.0,764435874065.0,736993503021.0,771746516023.0,762060079492.0,587425484622.0,527401408227.0,492889560894.0,538265918919.0,535905484581.0,주요계정
00173591,(주)세원물산,024830,K,303,1701110020694,5048105369,19850201,12,경상북도 영천시 도남공단길 53,2025,20260323001247,,,,,,211615991165.0,230905196586.0,193044822258.0,484759038617.0,211855336670.0,주요계정
00177870,(주)대창솔루션,096350,K,251,1801110028042,6038114879,19771026,12,부산광역시 강서구 화전산단1로 155 화전동,2025,20260731000758,59877251686.0,61398550420.0,71715102822.0,141833187052.0,64330301643.0,43617668790.0,41269402318.0,46713375690.0,99766181105.0,43866815599.0,주요계정
00124090,(주)한국특강,007280,Y,24121,1801110015362,6068101728,19710518,12,경상남도 함안군 칠서면 공단동길 98 -,2025,20260323000279,,,,,,767140668215.0,768777778364.0,830391818276.0,553426736688.0,788770088285.0,주요계정
00131197,(주)서원,021050,Y,243,1350110029881,1348101655,19880907,12,"경기도 안산시 단원구  산단로67번길 94  (목내동, (주)서원)",2025,20260601001187,1713611354765.0,1229526508990.0,233179269197.0,1079186018040.0,1058772377651.0,273225123292.0,260861181507.0,233179269197.0,198687077692.0,255755191332.0,주요계정
00135050,(주)팜젠사이언스,004720,Y,212,1243110000812,1248136540,19660822,12,경기 화성시 향남면 상신리 향남제약공단 902-5,2025,20260515001314,,,,,,173072508298.0,171286609685.0,166778825652.0,195413585967.0,170379314545.0,주요계정
00258360,(주)위지트,036090,K,29272,1101111373755,1058185147,19970204,12,"인천광역시 남동구 남동서로 187 (고잔동, 58B/5L)",2025,20260326000001,483026164741.0,357440585776.0,35232358333.0,679926616634.0,291899702950.0,36070586920.0,33891503767.0,35232358333.0,134101266877.0,35064816340.0,주요계정
00135111,(주)수산세보틱스,017550,Y,29241,1348110002981,1248131958,19840302,12,경기도 화성시  양감면 정문송산로 260,2025,20260323001435,229388263473.0,197892248312.0,226540510519.0,268079065105.0,217940340768.0,160486483308.0,130895485764.0,97697055543.0,236256304689.0,129693008205.0,주요계정
00141477,(주)영흥,012160,Y,24123,1942110000191,6098102065,19770420,12,충청남도 보령시 주교면 관창공단길 50 -,2025,20260323000923,433484558559.0,480348334559.0,497499818426.0,399827283080.0,470444237181.0,113667567906.0,156546811432.0,200773238689.0,234469549854.0,156995872676.0,주요계정
00260611,웰킵스하이텍(주),043590,K,261,1101110171168,3038107177,19741023,12,서울특별시 강동구 고덕비즈밸리로 54 웰킵스타워,2025,20260626000482,21353066604.0,29840103941.0,20230592910.0,56409494545.0,23807921152.0,8160867118.0,11132450542.0,20236335890.0,35897952953.0,13176551183.0,주요계정
00141583,주식회사 삼양컴텍,484590,K,25200,1101110035728,2298115613,19621222,12,"서울특별시 서초구 반포대로27길 16, 8층(서초동, 파크빌딩)",2025,20260326001251,,,,,,154607270230.0,141594663733.0,83036517818.0,239664899299.0,126412817260.0,주요계정
00533924,(주)이브이첨단소재,131400,K,2622,1701110262452,5038163589,20040301,12,대구광역시 달서구 성서로35길 26,2025,20260324000012,58957039857.0,81920209500.0,62797170564.0,136382252288.0,67891473307.0,52081147150.0,70646240916.0,58260670051.0,138514562882.0,60329352706.0,주요계정
00102858,고려아연(주),010130,Y,24213,1101110168404,2118111260,19740801,12,서울특별시 종로구 종로33 (청진동) -,2025,20260813001726,16587850779912.0,12052918410249.0,9704521343024.0,20210431697664.0,12781763511062.0,10534240543625.0,8089016782445.0,7291069464175.0,16921641897872.0,8638108930082.0,주요계정
00157636,(주)케이피에프,024880,K,259,1301110010841,1348102988,19631031,12,경기도 성남시 분당구 운중로 136 판교송현타워,2025,20260317000758,743913803698.0,768851420182.0,809653196526.0,669249520000.0,774139473469.0,256819655660.0,278525683273.0,289556712785.0,391639230968.0,274967350573.0,주요계정
00469799,(주)이엔플러스,074610,Y,29193,1355110144291,1348608314,20031203,12,경기도 화성시  비봉면 현대기아로 818-11,2025,20260331000004,29504334488.0,20199884719.0,44887669106.0,42618128379.0,31530629438.0,29504334488.0,20199884719.0,25128003757.0,41898539965.0,24944074321.0,주요계정
00244747,(주)파크시스템스,140860,K,27219,1101111397648,2148615106,19970407,12,경기도 과천시 과천대로12길 150 -,2025,20260319000022,205613479882.0,175059849427.0,144806376321.0,349922446098.0,175159901877.0,172502405857.0,141846873966.0,114846041955.0,324795645861.0,143065107259.0,주요계정
01136001,(주)나노실리칸첨단소재,286750,K,20129,1358110139600,1358191640,20070515,12,경기도 평택시 산단로52번길 68,2025,20260324000956,5976639350.0,5278777668.0,6459076533.0,44973138429.0,5904831184.0,5975377103.0,5294461479.0,6459045540.0,44556091183.0,5909628041.0,주요계정
00409788,비에이치아이주식회사,083650,K,29176,1943110006262,6158108287,19980612,12,경상남도 함안군  군북면 장백로 122,2025,20260320000821,774116878915.0,404741038609.0,367399208640.0,830757375864.0,515419042055.0,764486190884.0,399169197496.0,352273157510.0,827258218880.0,505309515297.0,주요계정
00728638,한세실업(주),105630,Y,14199,1201110484303,1378192214,20090106,12,서울특별시 영등포구 은행로 29 정우빌딩,2025,20260318001459,1941776924955.0,1797795746533.0,1708756427696.0,1535658846708.0,1816109699728.0,1827932619764.0,1719024089082.0,1658425896972.0,1177599415489.0,1735127535273.0,주요계정
01745173,(주)이노테크,469610,K,29299,1358110231646,1358633456,20130604,12,충청남도 아산시 음봉면 스마트산단로 102,2025,20260617000355,75699364393.0,61188283914.0,51830013785.0,94004633993.0,62905887364.0,28586584629.0,16700015165.0,9116913013.0,79345848825.0,18134504269.0,주요계정
00112651,(주)대창,012800,Y,24221,1301110007137,1338123689,19771219,12,경기도 시흥시 공단1대로 391,2025,20260318000499,1470237029200.0,1336870975857.0,1323045955936.0,925177064547.0,1376717986998.0,557260537695.0,515700465945.0,520849694479.0,575912210779.0,531270232706.0,주요계정
00139153,에코플라스틱(주),038110,K,30320,1712110001253,5058102351,19840601,12,경상북도 경주시  공단로69번길 30 에코플라스틱(주),2025,20260318001470,2562025593000.0,2255119700000.0,2160621915000.0,1696948724000.0,2325922402667.0,1410342051000.0,1317616804000.0,1238717611000.0,845504231000.0,1322225488667.0,주요계정
00115977,아이에스동서(주),010780,Y,2332,1101110208383,2118631577,19750901,12,"경기도 고양시 덕양구 으뜸로 50 12,13,14층",2025,20260318001565,1234356436787.0,1514572538167.0,2029440057224.0,3457985098127.0,1592789677393.0,699457617209.0,951480064411.0,1405959508643.0,2935611960882.0,1018965730088.0,주요계정
00117300,(주)TCC스틸,002710,Y,24191,1101110032112,1078113810,19590716,12,경상북도 포항시 남구  괴동로 100,2025,20260318000366,611513908644.0,582074815373.0,624418627125.0,574103492112.0,606002450381.0,415351075885.0,438928481110.0,471543090215.0,467057613005.0,441940882403.0,주요계정
00155452,풍국주정공업(주),023900,K,11121,1701110000745,5148120391,19540227,12,대구광역시 달서구 성서로 72,2025,20260318001648,163520042927.0,156327300028.0,168467096763.0,223744587290.0,162771479906.0,56384793504.0,60708904322.0,62612435758.0,137453752272.0,59902044528.0,주요계정
00198192,(주)한국팩키지,037230,K,17223,1350110040291,1348118419,19931108,12,경상남도 김해시 주촌면 서부로1293번길 24 한국팩키지,2025,20260318001128,,,,,,224078895876.0,225600709096.0,228068585477.0,219425207451.0,225916063483.0,주요계정
00203209,(주)에쎈테크,043340,K,29133,1201110087834,1398105578,19930806,12,"전라북도 군산시 자유무역2길 15 (오식도동, 군산자유무역표준공장 7동)",2025,20260317000359,,,,,,57909045929.0,54374002353.0,47640536056.0,67176154263.0,53307861446.0,주요계정
00140061,티케이지애강(주),022220,K,22211,1545110001571,3128107981,19900122,12,충청북도 충주시 중앙탑면 기업도시로 422 -,2025,20260323001602,64731135694.0,58405107795.0,78148269266.0,138925990092.0,67094837585.0,40707957449.0,58405107795.0,78148269266.0,130506053435.0,59087111503.0,주요계정
00268118,(주)코맥스,036690,K,2642,1311110001964,1298101726,19761203,12,경기도 성남시 중원구 둔촌대로 494,2025,20260320001378,85126354242.0,117161884091.0,118031715677.0,93400414061.0,106773318003.0,81969518945.0,114366525773.0,115447605104.0,93121830271.0,103927883274.0,주요계정
01569102,주식회사 라이콤,388790,K,264,1101117889821,2698702118,20210517,12,경기도 용인시 처인구 이동읍 백자로 109 -,2025,20260323000697,,,,,,17688068719.0,13136686476.0,19463077256.0,28681322068.0,16762610817.0,주요계정
01383779,(주)에스켐,475660,K,204,1358110248774,1248749805,20140514,12,충청북도 제천시 제2바이오밸리로5길 15(왕암동),2025,20260320000097,,,,,,22099311758.0,33085342158.0,24408052937.0,39681631113.0,26530902284.0,주요계정
00227333,(주)네패스,033640,K,261,1545110002355,3038105198,19901227,12,충청북도 청주시 청원구 오창읍 과학산업2로 587-32 주식회사 네패스,2025,20260318001666,521439287008.0,464331506206.0,468982672122.0,696198458357.0,484917821779.0,376748974391.0,336272651397.0,327264607758.0,438008800826.0,346762077849.0,주요계정
00229030,(주)알멕,354320,K,24222,1942110050823,6098150607,20011101,12,경상남도 창원시 성산구 공단로 148,2025,20260318001072,187825356603.0,156864765066.0,216024728022.0,342757154564.0,186904949897.0,141969724566.0,128877059992.0,182047794632.0,257457706571.0,150964859730.0,주요계정
00132637,동원시스템즈(주),014820,Y,222,1341110011712,1238115163,19800510,12,충청남도 아산시 둔포면 아산밸리동로 100 -,2025,20260514000698,1372874325188.0,1334257031663.0,1276650646414.0,1530722788822.0,1327927334422.0,1265531143432.0,1230143977287.0,1159577126687.0,1476731798581.0,1218417415802.0,주요계정
00230911,(주)에이치알에스,036640,K,20201,1244110001008,1368101710,19810630,12,"서울특별시 영등포구 국제금융로 70 1605호(여의도동, 미원빌딩)",2025,20260318000227,78910003465.0,80234100280.0,78169020610.0,142539922526.0,79104374785.0,77687283351.0,78609230785.0,76733542348.0,141022070784.0,77676685495.0,주요계정
00133706,한국제지(주),027970,Y,171,1741110000618,5148103863,19840716,12,울산광역시 울주군 온산읍 원산로 40 한국제지 온산공장,2025,20260318001240,753679418454.0,792088806468.0,712027094858.0,665023739538.0,752598439927.0,753679418454.0,792088806468.0,712020528340.0,665063438847.0,752596251087.0,주요계정
00364740,(주)머큐리,100590,K,2642,1201110230277,1378131255,20000821,12,인천광역시 서구 가재울로 90,2025,20260318001566,123866036266.0,134308402060.0,153627118426.0,176342963244.0,137267185584.0,109270861494.0,131624245893.0,152426636941.0,173838330793.0,131107248109.0,주요계정
00139454,애경산업(주),018250,Y,20422,1101110398275,1138111573,19850425,12,서울특별시 마포구 양화로 188 -,2025,20260318001405,654527659913.0,679076572242.0,668866951127.0,497808806295.0,667490394427.0,631623681447.0,655163256233.0,646115649175.0,487110301349.0,644300862285.0,주요계정
00366137,케이지에코솔루션(주),151860,K,302,1101111799183,2148640997,19991029,12,경상남도 밀양시 초동면 초동농공단지길 59 -,2025,20260318001667,7577196875286.0,7284861546790.0,7257169608818.0,6224016845900.0,7373076010298.0,104854258835.0,89108177300.0,91695424354.0,783438607688.0,95219286830.0,주요계정
00139889,SKC(주),011790,Y,204,1301110001585,1358101250,19730716,12,경기도 수원시 장안구 정자로 102 SKC첨단기술중앙연구소 (정자동 911-10),2025,20260610000521,1840036441822.0,1717923737959.0,1492149170830.0,6740499643049.0,1683369783537.0,25120557326.0,205562994885.0,83049107080.0,2543598841912.0,104577553097.0,주요계정
00141875,(주)사조오양,006090,Y,102,1101110104820,1048127881,19690609,12,서울특별시 서초구 남부순환로 2159 (방배동),2025,20260318001080,,,,,,417363807366.0,400696837980.0,391537751320.0,436223234615.0,403199465555.0,주요계정
00145446,이건산업(주),008250,Y,16211,1201110001959,1318106200,19721207,12,인천광역시 남구 염전로 91,2025,20260318001636,297310475768.0,326972782768.0,311559747602.0,400022991359.0,311947668713.0,158745273705.0,191647445456.0,184656368302.0,248682364261.0,178349695821.0,주요계정
00492706,씨싸이트(주),109670,K,14199,1101111660368,2208159201,19990309,12,"서울특별시 강남구 테헤란로 625 2층, 7층(삼성동, 덕명빌딩) &nbsp",2025,20260318000471,169721832580.0,173856858567.0,152290472951.0,96013604025.0,165289721366.0,164264516208.0,164105763441.0,146347082089.0,85056873618.0,158239120579.0,주요계정
00146083,일동홀딩스(주),000230,Y,212,1101110012776,2298114690,19410314,12,서울특별시 서초구  바우뫼로27길 2 일동제약빌딩,2025,20260318001076,590889546403.0,634654542814.0,621571320119.0,802861393964.0,615705136445.0,18813154156.0,17560185216.0,18238357663.0,296745827105.0,18203899012.0,주요계정
00808068,(주)앤로보틱스,138360,K,292,1355110151022,1408101965,20040630,12,경기도 시흥시 엠티브이28로 16 -,2025,20260323001704,,,,,,23371415577.0,21502697892.0,10281647279.0,108848558994.0,18385253583.0,주요계정
00133858,세방전지(주),004490,Y,28202,1101110202765,2208100490,19520910,12,서울특별시 강남구 선릉로 433,2025,20260319001105,2142068327877.0,2059542800914.0,1684815345750.0,2242840512109.0,1962142158180.0,1636524743951.0,1582033347837.0,1357671112584.0,1878455282597.0,1525409734791.0,주요계정
00252269,(주)아이에이,038880,K,262,1101110963341,2118199077,19930805,12,"경기도 성남시 분당구 구미로 8 2층(구미동,분당엠타워)",2025,20260318001136,41182705121.0,50722605792.0,59179508587.0,105816148953.0,50361606500.0,18255120147.0,23305007932.0,33088777961.0,74942306059.0,24882968680.0,주요계정
00137359,신풍제약(주),019170,Y,212,1301110011815,1348103819,19860723,12,경기도 안산시 단원구 원시로 7,2025,20260320000611,234680653227.0,221094069689.0,200228582505.0,352466324389.0,218667768474.0,217545555798.0,206642463144.0,186669714861.0,340468005123.0,203619244601.0,주요계정
00216434,(주)체리부로,066360,K,10121,1543110001997,3018112903,19910907,12,충청북도 진천군 이월면 생거진천로 1770,2025,20260323000992,405435680279.0,382879314695.0,399000340104.0,327107434896.0,395771778359.0,423764306202.0,422131449889.0,483699713311.0,209376891856.0,443198489801.0,주요계정
00154462,(주)아모레퍼시픽홀딩스,002790,Y,20423,1101110026644,1068100011,19590306,12,서울특별시 용산구 한강대로 100 (한강로2가),2025,20260318000825,4623175217447.0,4259886701995.0,4021343038942.0,8769409589796.0,4301468319461.0,52355354571.0,48858637840.0,42719327563.0,2158301392023.0,47977773325.0,주요계정
00408266,(주)유니온바이오메트릭스,203450,K,26429,1101111892903,2118691935,20000229,12,서울특별시 송파구 법원로 127 문정대명벨리온 12층,2025,20260319000959,51324033067.0,56745519416.0,51382692333.0,62567805997.0,53150748272.0,50109125947.0,56564584659.0,51237949759.0,62337449197.0,52637220122.0,주요계정
00624509,(주)디바이스,187870,K,29271,1615110052450,3128157991,20021001,12,충청남도 천안시 서북구 성거읍 석문길 39 -,2025,20260323001111,84082993642.0,47160162301.0,57152091930.0,218237487028.0,62798415958.0,84082993642.0,47160162301.0,57152091930.0,218218320358.0,62798415958.0,주요계정
00347716,(주)중앙첨단소재,051980,K,264,1101111686728,1058199490,19990423,12,경기도 안양시 동안구 시민대로 115 503호(호계동),2025,20260323001194,19809151653.0,18691841435.0,26295374091.0,127318651488.0,21598789060.0,19238746653.0,18489241435.0,26295374091.0,130325639810.0,21341120726.0,주요계정
00525642,코오롱생명과학(주),102940,K,2110,1101111948277,1048152769,20000421,12,서울특별시 강서구 마곡동로 110 코오롱 One&Only 타워,2025,20260318001698,208981597803.0,161386743445.0,124639034557.0,914412572358.0,165002458602.0,205547750006.0,159670672472.0,124921602579.0,906415577447.0,163380008352.0,주요계정
00153621,참엔지니어링(주),009310,Y,29271,1746110001096,5068100661,19731004,12,"경기도 성남시 분당구 수내로46번길 4 8층 (수내동, 경동빌딩)",2025,20260318001238,59844031140.0,64895892513.0,76255465576.0,837277101629.0,66998463076.0,5191559097.0,17015606454.0,13622226862.0,60992094915.0,11943130804.0,주요계정
00540571,(주)엘디티,096870,K,2611,1501110031257,3018131797,19971113,12,충청남도 천안시 서북구  한들1로 126-33,2025,20260318001358,,,,,,11045810425.0,10028868219.0,8926707509.0,22518375214.0,10000462051.0,주요계정
00541163,(주)이엠텍,091120,K,262,1801110348945,6218142053,20010118,12,경상남도 창원시 성산구 창원대로1144번길 40 (주)이엠텍,2025,20260318000944,205089718714.0,167587926897.0,263450794415.0,340533598242.0,212042813342.0,106591492908.0,95216172520.0,145715287975.0,256692944205.0,115840984468.0,주요계정
00569691,(주)디엔에프,092070,K,2049,1601110109896,3148138516,20010105,12,대전광역시 대덕구  대화로132번길 142 디엔에프,2025,20260318001118,,,,,,79133452883.0,73948566785.0,84232727799.0,160203287509.0,79104915822.0,주요계정
00162586,한올바이오파마(주),009420,Y,212,1641110000397,3068105479,19731120,12,대전광역시 대덕구  상서당1길 43,2025,20260318001637,155184524107.0,138943698757.0,134909837622.0,225224012033.0,143012686829.0,155184524107.0,138943698757.0,134909837622.0,225677383605.0,143012686829.0,주요계정
00611736,(주)엑시콘,092870,K,29271,1311110058402,1298140428,20010308,12,"경기도 성남시 분당구 판교로 255번길 28, 7층(삼평동, 디에이치케이솔루션빌딩) &nbsp",2025,20260316001681,66026746277.0,31611346967.0,82296331600.0,224506215710.0,59978141615.0,66026746277.0,31611346967.0,82296331600.0,195851793119.0,59978141615.0,주요계정
00327396,(주)옵트론텍,082210,K,273,1601110082513,3148126169,19990526,12,대전광역시 유성구 가정북로 26-51 -,2025,20260629000485,195737407796.0,217958467760.0,232998725724.0,228725017749.0,215564867093.0,70734374561.0,65072070784.0,73470138887.0,167909768899.0,69758861411.0,주요계정
00127875,삼익제약(주),014950,K,21212,1201110009755,1228113217,19800723,12,인천광역시 부평구 청안로 13,2025,20260320000589,60020414513.0,55857374361.0,51228980608.0,85223222713.0,55702256494.0,59373975119.0,54504521433.0,50500257054.0,84281610088.0,54792917869.0,주요계정
00100601,(주)강원에너지,114190,K,289,1101110191398,1248146960,19760206,12,"전라북도 군산시 자유무역1길 60 웰크론강원 510-9, 510-10, 510-12",2025,20260320000921,212251840367.0,224422425036.0,139211241785.0,146635666875.0,191961835729.0,93481701714.0,111577891355.0,100978307915.0,87584966823.0,102012633661.0,주요계정
00959210,코츠테크놀로지(주),448710,K,26310,1350110089265,1348144315,19990526,12,"경기도 과천시 과천대로12길 117 과천 펜타원 B동 2층,3층,4층,5층,6층,7층,8층,9층(갈현동)",2025,20260318000671,,,,,,68114262512.0,64980786918.0,51299936158.0,120987750217.0,61464995196.0,주요계정
00125664,삼미금속(주),012210,K,25912,1942110000258,6098102255,19770922,12,경상남도 창원시 성산구 공단로 589,2025,20260311003680,,,,,,73796930775.0,76441344507.0,76842784518.0,188775423839.0,75693686600.0,주요계정
01135084,에스와이스틸텍(주),365330,K,2511,1511110053458,5728700151,20150701,12,충청북도 충주시 엄정면 세고개로 154,2025,20260318001671,97366909837.0,116983649755.0,119756583109.0,121386509997.0,111369047567.0,97367509837.0,116983649755.0,119756583109.0,121425495820.0,111369247567.0,주요계정
00531829,(주)엠아이텍,179290,K,27192,1101110742406,2038148392,19910401,12,"경기도 평택시 진위면 하북2길 174 (진위면, 주식회사엠아이텍)",2025,20260318001578,67151796290.0,53753172637.0,46387389200.0,141838109092.0,55764119376.0,67220284556.0,53753172637.0,46387389200.0,141185202612.0,55786948798.0,주요계정
00301246,(주)에스에프에이반도체,036540,K,2611,1615110027263,3128130935,19980630,12,충청남도 천안시 서북구  백석공단7로 16 STS반도체통신(주),2025,20260323000826,367389147993.0,400482861805.0,416738581384.0,549454597885.0,394870197061.0,356044380914.0,397390900311.0,409251760120.0,424196956804.0,387562347115.0,주요계정
00362122,주식회사 나래나노텍,137080,K,292,1345110017746,1358118218,19951211,12,경기도 용인시 처인구 이동읍 백옥대로 250,2025,20260318000926,54497281414.0,40425966058.0,52925517541.0,198749734811.0,49282921671.0,53749705823.0,38630210421.0,56148070424.0,,49509328889.0,주요계정
00579999,(주)고영테크놀러지,098460,K,29271,1101112508088,1048171655,20020425,12,경기도 용인시 수지구 포은대로59번길 18 (상현동),2025,20260312000804,232647218656.0,202538127214.0,225630691398.0,410335212878.0,220272012423.0,204204518136.0,172874781139.0,200989715643.0,402332004507.0,192689671639.0,주요계정
01319808,한일시멘트(주),300720,Y,23311,1101116799203,4638701012,20180702,12,서울특별시 서초구 효령로 275 서초동 1587 한일시멘트빌딩,2025,20260317000863,1423859619115.0,1741671258107.0,1799500983414.0,3034061166095.0,1655010620212.0,1011095773805.0,1150103612981.0,1263711804102.0,3000727597117.0,1141637063629.0,주요계정
00513948,(주)녹십자엠에스,142280,K,213,1345110076627,1358167475,20031229,12,경기도 용인시 기흥구 용구대로2469번길 15 2층,2025,20260316001623,108413453299.0,103852287192.0,94010675488.0,90509916706.0,102092138660.0,109121700337.0,104599646034.0,94065714963.0,84033005333.0,102595687111.0,주요계정
00495633,(주)율촌,146060,K,24131,1243110014912,1348120370,19860423,12,경기도 시흥시 공단2대로 192,2025,20260323000842,79251351612.0,78165912234.0,72612466182.0,113530516741.0,76676576676.0,27881254848.0,31472229018.0,34767462010.0,76530202040.0,31373648625.0,주요계정
00250614,삼영엠텍(주),054540,K,2511,1943110005149,6088127893,19970129,12,경상남도 함안군 칠서면 삼칠로 631-35,2025,20260731000620,118462119821.0,118020767105.0,95749467252.0,544114871207.0,110744118059.0,92956546666.0,97386781402.0,77102695011.0,182106043323.0,89148674360.0,주요계정
00317487,(주)티에스넥스젠,043220,K,292,1101111182726,2148191598,19950731,12,서울특별시 송파구 법원로 128 제13층 제씨동 1314호,2025,20260407003639,14537599112.0,21491287448.0,26545557983.0,37287492596.0,20858148181.0,13714754171.0,20955720934.0,26545557983.0,38211278986.0,20405344363.0,주요계정
01062177,(주)제놀루션,225220,K,211,1101113403972,2158682253,20060220,12,서울특별시 강서구 마곡중앙8로3길 63 (주)제놀루션,2025,20260319000806,9404347334.0,7135737397.0,9761301415.0,93786805001.0,8767128715.0,7768878784.0,6933975387.0,9761301415.0,93748234473.0,8154718529.0,주요계정
01396676,(주)일승,333430,K,311,1101117196523,7928701467,20190807,12,부산광역시 강서구 녹산산단165로14번길 31 주식회사 일승,2025,20260323001235,50673752132.0,51793219831.0,52971603874.0,129139810179.0,51812858612.0,8795122649.0,12373554257.0,14628463858.0,70370986252.0,11932380255.0,주요계정
01168383,일동제약(주),249420,Y,212,1101116139277,8038800431,20160801,12,서울특별시 서초구 바우뫼로27길 2,2025,20260318000787,566933738499.0,614940882569.0,600757839592.0,573030653651.0,594210820220.0,559644775849.0,611095544443.0,599153465073.0,579149033862.0,589964595122.0,주요계정
00442561,(주)에프알텍,073540,K,2642,1101112090168,2148669728,20001013,12,경기도 의왕시 오봉산단1로 30 (이동),2025,20260323001548,25263688167.0,29759555648.0,24805176748.0,74060340132.0,26609473521.0,24512077753.0,29154007116.0,24389537173.0,70551467406.0,26018540681.0,주요계정
00142713,(주)형지아이앤씨,011080,K,1419,1101110192271,1198105079,19760225,12,"인천광역시 연수구 하모니로177번길 49 12층 (송도동,형지글로벌패션복합센터)",2025,20260319000879,50808588981.0,56747470247.0,65325502023.0,61925890462.0,57627187084.0,50808588981.0,56747470247.0,65325502023.0,61922787297.0,57627187084.0,주요계정
00442835,(주)메타랩스,090370,Y,141,1101112103953,2118668400,20001103,12,"서울특별시 강남구 선릉로 801 3층(신사동, 배강빌딩)",2025,20260319000871,81322984405.0,38359458272.0,21598887656.0,249950205951.0,47093776778.0,45149324913.0,11489041174.0,6030864817.0,93465641530.0,20889743635.0,주요계정
01267958,주식회사 프로티아,303360,K,271,1101111915094,1108145244,20000322,12,"서울특별시 강서구 양천로 401, 강서한강자이타워 A동 702호",2025,20260318000568,,,,,,15120258908.0,10514547438.0,8227847326.0,33032667674.0,11287551224.0,주요계정
01199727,(주)샘씨엔에스,252990,K,2629,1311110449718,5738700343,20160610,12,"경기도 성남시 분당구 판교로255번길 28, 8층(삼평동, DHK솔루션빌딩) -",2025,20260316001120,,,,,,77985021913.0,53315552043.0,30934610500.0,253730108291.0,54078394819.0,주요계정
01286476,알에프시스템즈(주),474610,K,25924,1348110054627,1248178502,20001103,12,경기도 오산시 가장산업서북로 40-48,2025,20260317000729,,,,,,38174363248.0,32672118780.0,32787110783.0,82624588522.0,34544530937.0,주요계정
01780608,(주)메쥬,0088M0,K,27112,1412110096630,6868101122,20180426,12,"강원특별자치도 원주시 지정면 기업도시로 200, 808호(가곡리, 의료기기종합지원센터) &nbsp",2025,20260331001630,,,,,,7377640926.0,2366370314.0,3830487348.0,13959558283.0,4524832863.0,주요계정
00116426,(주)이렘,009730,K,2413,1101110162191,2068134034,19740325,12,전라북도 부안군  행안면 부안농공단지길 29,2025,20260318001654,,,,,,91994767552.0,109831999855.0,76780298502.0,100256204877.0,92869021970.0,주요계정
00112022,대원화성(주),024890,Y,22214,1101110165393,2048136263,19740523,12,서울특별시 강남구 테헤란로2길 8 4층 13호,2025,20260702000206,126424447644.0,125949848451.0,121150507007.0,148382103257.0,124508267701.0,82674346079.0,100356525750.0,117236470681.0,127199264496.0,100089114170.0,주요계정
00187415,(주)코미팜,041960,K,212,1101110134372,1338123355,19720921,12,경기도 시흥시  경제로 17,2025,20260318001653,52465294279.0,58778549707.0,42647034864.0,133915480942.0,51296959617.0,52467867636.0,58831607119.0,43045643725.0,148280878967.0,51448372827.0,주요계정
00606664,(주)케이엔더블유,105330,K,303,1311110056480,1298139315,20010112,12,경기도 파주시  문산읍 돈유3로 51 (주)케이엔더블유,2025,20260311003815,81058653134.0,78463634109.0,95369711653.0,267117721535.0,84963999632.0,24727466322.0,24766945196.0,24791708624.0,151754491285.0,24762040047.0,주요계정
00128546,삼천당제약(주),000250,K,212,1348110003327,1248104295,19431229,12,경기도 화성시 향남읍 제약공단2길 71,2025,20260602000573,231805277738.0,210923804522.0,192668515628.0,561231384431.0,211799199296.0,161387671018.0,144561795697.0,131353017384.0,413309389840.0,145767494700.0,주요계정
01051092,피씨엘(주),241820,K,213,1352110022823,1388145543,20080212,12,"서울특별시 금천구 디지털로9길 99 (가산동, 스타밸리) 701호",2024,20250324000009,1246175928.0,8429532300.0,37217226663.0,21576690696.0,15630978297.0,1246175928.0,8429532300.0,37217226663.0,21526697005.0,15630978297.0,주요계정
01593668,주식회사 센서뷰,321370,K,262,1201110764789,7088700065,20150605,12,경기도 화성시 동부대로 792 (주)센서뷰,2025,20260311004387,19015844360.0,15601876294.0,8462919584.0,36548693167.0,14360213413.0,9688192442.0,9551936937.0,8334948655.0,37236187604.0,9191692678.0,주요계정
01011395,(주)레몬,294140,K,20501,1760110078920,5138172334,20120918,12,경상북도 구미시 산동면 산호대로 1105-65,2025,20260320001164,7456806685.0,7288230562.0,10477073411.0,25588308770.0,8407370219.0,7152139295.0,7288230562.0,10477073411.0,22133991419.0,8305814423.0,주요계정
01381805,주식회사 아로마티카,0015N0,K,20423,1101112154667,2148675782,20010201,12,서울특별시 강남구 강남대로 162길 41-4(신사동),2025,20260320001362,,,,,,51187435857.0,52596465309.0,44553571801.0,51597360836.0,49445824322.0,주요계정
00117212,(주)두산,000150,Y,26221,1101110013774,1078100237,19331208,12,서울특별시 중구  장충단로 275 두산타원,2025,20260323000945,19784138000000.0,18132874000000.0,19130130000000.0,32927788000000.0,19015714000000.0,1767596000000.0,1066495000000.0,943770000000.0,6753956000000.0,1259287000000.0,주요계정
00122056,미창석유공업(주),003650,Y,19221,1801110000537,6018108046,19621227,12,부산광역시 영도구 해양로 241 미창석유,2025,20260320001114,,,,,,405486654859.0,431941622345.0,409234735562.0,533960641174.0,415554337589.0,주요계정
00357430,(주)쎌바이오텍,049960,K,211,1244110020587,1368113410,19950207,12,경기 김포시 월곶면 개곡리 134,2025,20260318001687,53125673480.0,49912668669.0,53787388529.0,136572393107.0,52275243559.0,50389863452.0,46179333457.0,50935574577.0,134082181767.0,49168257162.0,주요계정
00104722,국제약품(주),002720,Y,212,1101110032154,2078100309,19590727,12,경기도 성남시 분당구  야탑로 96-8,2025,20260318000669,175496223500.0,156462822664.0,135372690530.0,182276329389.0,155777245565.0,170542403122.0,150184751185.0,131274173963.0,180458717537.0,150667109423.0,주요계정
00112378,KR모터스(주),000040,Y,319,1601110007032,3058100020,19170917,12,경상남도 창원시 성산구 완암로 28 　,2025,20260320001257,13820791334.0,16024969823.0,13285788429.0,94195951474.0,14377183195.0,13823191334.0,16024969823.0,14852110165.0,94554662715.0,14900090441.0,주요계정
00118451,동일제강(주),002690,Y,24122,1101110032005,1138107346,19590713,12,경기도 안성시 미양면 안성맞춤대로 474-40,2025,20260323000811,,,,,,147345604058.0,151116114567.0,180812604441.0,176425911154.0,159758107689.0,주요계정
00188973,화일약품(주),061250,K,212,1344110000719,1248127624,19801118,12,경기도 평택시 산단로 241 -,2025,20260316000806,,,,,,100817433496.0,119764041995.0,122541219912.0,213160031548.0,114374231801.0,주요계정
00159740,KISCO홀딩스(주),001940,Y,241,1901110001872,6088100778,19570219,12,경상남도 창원시 성산구  공단로103번길 12 한국철강(주),2025,20260319001343,825260643220.0,1013177626169.0,1541894306076.0,1657184856346.0,1126777525155.0,42347467614.0,24829738000.0,22078629100.0,549730393989.0,29751944905.0,주요계정
00203582,(주)한솔홈데코,025750,Y,161,1101110825624,1028137194,19911227,12,서울특별시 동작구 보라매로5길 15 전문건설회관빌딩,2025,20260311003988,279816559220.0,327259060393.0,296554843656.0,227921079240.0,301210154423.0,278809179911.0,327367631616.0,295540383196.0,215750147047.0,300572398241.0,주요계정
00305668,새론오토모티브(주),075180,Y,303,1615110030026,3128135376,19990331,12,충청남도 천안시 동남구 병천면 가전5길 133,2025,20260331002685,138694899840.0,142009270182.0,140307231181.0,275102705825.0,140337133734.0,102914912208.0,105687734264.0,107027947699.0,230948770016.0,105210198057.0,주요계정
00131018,(주)서울제약,018680,K,2121,1301110008721,1338130405,19851223,12,충청북도 청주시 흥덕구 오송읍 오송생명6로 124-31 서울제약 오송공장,2025,20260319000691,,,,,,52149309124.0,53579628595.0,52458517117.0,71754417627.0,52729151612.0,주요계정
01160363,(주)에코프로비엠,247540,K,28202,1501110219184,6388600376,20160502,12,충청북도 청주시 청원구 오창읍 2산단로 100 송대리 329,2025,20260318001622,2531576384113.0,2766837750152.0,6900867843535.0,4882022445703.0,4066427325933.0,964951507323.0,693442524615.0,3145636831544.0,2813374558582.0,1601343621161.0,주요계정
01311286,주식회사 퀀타매트릭스,317690,K,27199,1101114481274,1198635864,20101129,12,"서울특별시 금천구 가산디지털1로 131 B동 16층(가산동, 비와이씨하이시티)",2025,20260323000995,3688305345.0,2497118525.0,3117941523.0,52672471071.0,3101121798.0,3364929818.0,2420282043.0,3097867329.0,51887223349.0,2961026397.0,주요계정
00151605,청보(주),013720,K,303,1201110007238,1398116250,19781229,12,인천광역시 남동구  남동대로 208,2025,20260312001406,24907855868.0,24448731850.0,31359260218.0,,26905282645.0,18243168031.0,18595086668.0,23941229029.0,81742214798.0,20259827909.0,주요계정
00350048,오성첨단소재(주),052420,K,222,1201110097940,1228128215,19940622,12,전라북도 익산시 석암로17길 104 오성첨단소재(주),2025,20260320001056,165707403024.0,146409322250.0,104942717935.0,342395987539.0,139019814403.0,149970419204.0,128073739472.0,103651505046.0,330021287961.0,127231887907.0,주요계정
00577593,(주)져스텍,153890,K,28111,1101111809552,2098123759,19991116,12,경기 평택시 진위면 남부대로 630-46 &nbsp,,,,,,,,,,,,,
01336443,디와이씨(주),310870,K,303,1101116902393,5878101164,20181022,12,경상북도 경산시 진량읍 공단7로 42 대원리 498번지 디와이씨 주식회사,2025,20260320000513,111038786425.0,100112472400.0,122419662930.0,131518383260.0,111190307252.0,106448956456.0,100112472400.0,122419662930.0,124049148783.0,109660363929.0,주요계정
01657197,주식회사 바이오비쥬,489460,K,204,1201110947129,8708701049,20180712,12,경기도 하남시 하남대로 947 에이동 1516호,2025,20260323001721,28490907891.0,29633293971.0,17130294335.0,63747053954.0,25084832066.0,28207573482.0,29641369095.0,17130294335.0,63917429434.0,24993078971.0,주요계정
00293886,(주)위닉스,044340,K,28519,1301110026260,1338122434,19860922,12,경기도 화성시 장안면 수정로 80-13 -,2025,20260324000009,369536034092.0,351198769369.0,375301296669.0,487732159981.0,365345366710.0,239908239963.0,207497520440.0,229154172064.0,279259718134.0,225519977489.0,주요계정
00870065,쓰리에이로직스(주),177900,K,2611,1311110114733,1298171839,20040412,12,경기도 성남시 수정구 금토로40번길 26 N동 5층,2025,20260320001205,,,,,,14494595306.0,18114302063.0,14159386419.0,68418917492.0,15589427929.0,주요계정
00379229,(주)에스에이티,060540,K,27215,1101111622540,2298135230,19981221,12,"경기도 군포시  엘에스로 175 (산본동, 에스에이타워7층)",2025,20260320001380,159732944193.0,155077385580.0,152150451912.0,161803903995.0,155653593895.0,19529235445.0,21505033800.0,21187391734.0,113006398265.0,20740553660.0,주요계정
00412348,엘비세미콘(주),061970,K,2612,1311110046291,1298132684,20000210,12,경기도 평택시 청북면 청북산단로 138,2025,20260320000806,479781936611.0,450864779668.0,416870535040.0,684133638763.0,449172417106.0,458152647190.0,261422498238.0,250948580146.0,644612746606.0,323507908525.0,주요계정
00455875,와토스코리아(주),079000,K,22222,1201110153916,1368123922,19970613,12,전라남도 장성군  동화면 전자농공단지1길 31,2025,20260318001409,,,,,,14125847378.0,17497542121.0,17677716367.0,76011775880.0,16433701955.0,주요계정
00491938,지에이치신소재(주),130500,K,13992,1955110052004,6158122009,20011207,12,경상북도 구미시  1공단로4길 141-54,2025,20260320000487,87624459425.0,83724815100.0,82791500582.0,193694663573.0,84713591702.0,64993168612.0,60785685808.0,62061824568.0,133054447112.0,62613559663.0,주요계정
01365825,피에스케이 주식회사,319660,K,29271,1348110493354,1508801336,20190401,12,경기도 화성시 삼성1로4길 48,2025,20260323000017,457213151918.0,398050977575.0,351863805650.0,645998217783.0,402375978381.0,379805853308.0,336571293843.0,311129341256.0,541875507458.0,342502162802.0,주요계정
01586455,주식회사 꿈비,407400,K,32099,1601110383490,3188104963,20141027,12,경기도 용인시 기흥구 동백죽전대로175번길 6 3층,2025,20260320000669,86393559485.0,39492542361.0,28927922420.0,122661350292.0,51604674755.0,35835378496.0,38058971918.0,28177479199.0,74614991716.0,34023943204.0,주요계정
01685677,주식회사 리센스메디컬,394420,K,27199,2301110265867,5358700526,20161018,12,"경기도 화성시 동탄순환대로 830, 908호 &nbsp",2025,20260709000026,8828610805.0,6259262256.0,5770535801.0,12006602024.0,6952802954.0,7062970755.0,4435878147.0,5494212844.0,10784780512.0,5664353915.0,주요계정
00523307,(주)다원시스,068240,K,2811,1350110049607,1348129935,19960115,12,경기도 안산시 단원구 시화호수로 485(성곡동) (주) 다원시스,2025,20260324000038,112089010367.0,301518095516.0,357843609890.0,615943516770.0,257150238591.0,76920922755.0,261024183646.0,345038492695.0,609360705913.0,227661199699.0,주요계정
00415868,(주)펩트론,087010,K,211,1601110067234,3148120409,19971121,12,대전광역시 유성구 유성대로1628번길 37-24,2025,20260318001345,,,,,,5634817675.0,3152181439.0,3341893572.0,178979600822.0,4042964229.0,주요계정
00533003,디케이락(주),105740,K,29133,1801110121507,6068162536,19920120,12,경상남도 김해시 주촌면 골든루트로129번길 7,2025,20260316000413,128751186498.0,98422315910.0,111449391562.0,226208657831.0,112874297990.0,111616724169.0,95175025805.0,102814409009.0,213458747413.0,103202052994.0,주요계정
00238001,(주)블루콤,033560,K,26529,1101110808357,1128129823,19911007,12,인천광역시 서구 첨단기술로 33 -,2025,20260708000255,5807047814.0,5090080785.0,32770353181.0,200886404518.0,14555827260.0,5807047814.0,5090080785.0,32770353181.0,204345607773.0,14555827260.0,주요계정
00964595,(주)엔바이오니아,317870,K,339,1101112152067,2148675308,20010116,12,충청북도 제천시 한방엑스포로 85(왕암동) -,2025,20260319001145,14278768705.0,14224121375.0,14654775506.0,82344657741.0,14385888529.0,13077275616.0,12474051502.0,11182814346.0,70409109580.0,12244713821.0,주요계정
00136457,(주)SH에너지화학,002360,Y,201,1341110000210,4018109407,19580509,12,전라북도 군산시 외항7길 20,2025,20260320000650,98627094841.0,126047268210.0,134037726894.0,101820431630.0,119570696648.0,93784820540.0,123220442748.0,130236662556.0,99765404648.0,115747308615.0,주요계정
00126955,삼양식품(주),003230,Y,108,1101110034308,1028105450,19610915,12,서울특별시 중구 퇴계로159 삼양라운드스퀘어엔타워,2025,20260318001082,2351785163786.0,1728015003746.0,1192914607980.0,2196495586892.0,1757571591837.0,1901833914086.0,1426227457534.0,1098039956399.0,1892711048242.0,1475367109340.0,주요계정
00113261,대한광통신(주),010170,K,283,1341110003545,1238103459,19740902,12,경기도 안산시 단원구 장자골로 49,2025,20260319000854,139446734970.0,152717431829.0,180262763737.0,219015700323.0,157475643512.0,84551353642.0,94937432890.0,123302108957.0,205274285286.0,100930298496.0,주요계정
00808086,에이치엘비펩(주),196300,K,211,2001110115802,4098153794,20000502,12,광주광역시 북구 첨단과기로 333 광주테크노파크 시험생산동 206호 &nbsp,2025,20260319000795,,,,,,4961730622.0,6229007020.0,5610913009.0,53807855717.0,5600550217.0,주요계정
00305941,(주)노브랜드,145170,K,14300,1101111065972,1208157617,19941001,12,서울특별시 송파구 오금로46길 49 (가락동) 노브랜드,2025,20260323001509,602167956744.0,546244869159.0,459102124440.0,407190917066.0,535838316781.0,476231650984.0,521493059572.0,453411664611.0,360050171678.0,483712125056.0,주요계정
00134477,SNT다이내믹스(주),003570,Y,30331,1101110042880,1058132752,19590401,12,경상남도 창원시 성산구  남면로 599,2025,20260219002133,712021619474.0,614453293151.0,485954273334.0,1228607911035.0,604143061986.0,605135967023.0,519822735845.0,389799119335.0,1198381290663.0,504919274068.0,주요계정
00409140,이원컴포텍(주),088290,K,303,1613110004067,3088105946,19941118,12,전라북도 정읍시 첨단1로 8 (신정동),2025,20260626000139,56577030456.0,52494186671.0,47118903098.0,23692001477.0,52063373408.0,56577030456.0,52494186671.0,47118903098.0,23576974716.0,52063373408.0,주요계정
00526836,미래나노텍(주),095500,K,2229,1101112577885,2148717187,20020801,12,충청북도 청원군  옥산면 과학산업1로 16 미래나노텍(주),2025,20260319000008,538532646902.0,622314535341.0,694025815289.0,658672859041.0,618290999177.0,322914786223.0,288985463168.0,247582760191.0,430101345380.0,286494336527.0,주요계정
00172079,에이치엘비파나진 주식회사,046210,K,21301,1701110007098,5058123225,19760707,12,대전광역시 유성구  테크노10로 54,2025,20260317000770,15049529734.0,13196916435.0,12252030565.0,92936428457.0,13499492245.0,15031010189.0,13108200980.0,12252030565.0,90017144543.0,13463747245.0,주요계정
00116268,동성제약(주),002210,Y,212,1101110008200,2118125288,19571125,12,서울특별시 도봉구  도봉로 683  (방학동) 동성빌딩,2025,20260506000554,,,,,,87168895112.0,88448234133.0,88593588700.0,168443037239.0,88070239315.0,주요계정
01032404,콜마비앤에이치(주),200130,K,211,1101115399517,1048654817,20140422,12,세종특별자치시 전의면 산단길 22-15 콜마비앤에이치(주),2025,20260317000761,574884892325.0,615642004817.0,579551538026.0,649687295014.0,590026145056.0,439211246450.0,469023808802.0,445683936341.0,520637221964.0,451306330531.0,주요계정
01344363,(주)다원넥스뷰,323350,K,292,1101114224020,1198623150,20091120,12,경기도 안산시 단원구 목내동 390-1 -,2025,20260323000537,,,,,,26936831479.0,18702143953.0,10653525632.0,32356797792.0,18764167021.0,주요계정
01027794,(주)브이원텍,251630,K,29272,1311110164978,1298198032,20060530,12,경기도 성남시 수정구 금토로 61 (금토동),2025,20260324000049,49002332510.0,72731874427.0,81783667519.0,205440024059.0,67839291485.0,20107903661.0,41460953284.0,52540994020.0,168430329109.0,38036616988.0,주요계정
00206659,(주)이랜텍,054210,K,262,1345110002375,1248139417,19820121,12,경기도 수원시 영통구  삼성로268번길 37,2025,20260316001438,753160333079.0,556013945520.0,751165179019.0,676158290491.0,686779819206.0,380424924088.0,195433247688.0,280491696727.0,398890883595.0,285449956168.0,주요계정
00132868,(주)우성머티리얼스,011300,Y,13213,1701110006868,5048101534,19760420,12,대구광역시 북구  검단동로 35 (검단동),2025,20260318000501,24693017011.0,25486891894.0,33789509695.0,101326911828.0,27989806200.0,24687715439.0,25490491894.0,33789509695.0,102248048026.0,27989239009.0,주요계정
00442905,(주)디에스엠,104040,K,30399,1901110037223,6088136825,20000104,12,경상남도 창원시 성산구 남면로 627 (외동),2025,20260318001079,28477611667.0,16199845777.0,14374704463.0,231175219070.0,19684053969.0,15374917336.0,3754090710.0,3235432524.0,186577450114.0,7454813523.0,주요계정
00182696,대한조선 주식회사,439260,Y,3111,2047110003887,4178103223,19870930,12,전라남도 해남군 화원면 조선소길 498,2025,20260323000620,1228128117609.0,1075312196238.0,816373041481.0,1538053375300.0,1039937785109.0,1227404154509.0,1074619380219.0,816373041481.0,1537289529405.0,1039465525403.0,주요계정
01529982,주식회사 씨엠티엑스,388210,K,26299,2841110111983,1328613048,20130118,12,경상북도 구미시 산동읍 5공단5로 118 -,2025,20260323000962,160555762764.0,108665913336.0,70196780896.0,275447075073.0,113139485665.0,160513400555.0,108430710674.0,68006707338.0,263555946904.0,112316939522.0,주요계정
01258428,프레스티지바이오로직스(주),334970,K,212,1101115739804,7778600083,20150602,06,충청북도 청주시 흥덕구 오송읍 오송생명1로 197,2025,20250918000405,,,,,,12533271503.0,2169042470.0,1730263646.0,270286306632.0,5477525873.0,주요계정
00124027,부산산업(주),011390,Y,23322,1101110522618,6068156897,19760515,12,부산광역시 사상구 장인로 35 (감전동),2025,20260319000540,107530892128.0,124105964709.0,140483423894.0,326620428771.0,124040093577.0,27321778886.0,28590759854.0,26782046509.0,95934722213.0,27564861750.0,주요계정
00362292,(주)씨티씨바이오,060590,K,212,1101111227077,2158151094,19951228,12,서울특별시 강남구 도산대로 509 12층,2025,20260318001697,123769377291.0,119876739034.0,137878037215.0,143235365403.0,127174717847.0,115447544219.0,116147494982.0,108693984399.0,128838065377.0,113429674533.0,주요계정
00148531,제이스코홀딩스(주),023440,K,24121,1101110045347,1348115426,19640718,12,"경기도 안산시 단원구  시화로 60, 301 (성곡동, 시화공단4다)",2025,20260324000008,41057598387.0,28367530826.0,55349435845.0,116047235755.0,41591521686.0,41057598387.0,28367530826.0,55349435845.0,114538645141.0,41591521686.0,주요계정
01179608,(주)포인트엔지니어링,256630,K,25923,1101116201737,5738700509,20161013,12,충청남도 아산시 둔포면 아산밸리로 89 -,2025,20260318001054,35964832400.0,31012488636.0,26151553519.0,92101826448.0,31042958185.0,34144221410.0,29425216656.0,24491674587.0,90222653605.0,29353704218.0,주요계정
01394669,(주)누보,332290,K,203,1101117182655,4748601636,20190724,12,경기도 수원시 권선구 서호로 89 5동 106호,2025,20260320000512,104182653188.0,99022099930.0,82156943249.0,84952926772.0,95120565456.0,90080576213.0,83855000176.0,70023931173.0,81608348095.0,81319835854.0,주요계정
00185301,제이피아이헬스케어(주),0010V0,K,27199,1101110285787,2038148897,19801222,12,"서울특별시 구로구 디지털로33길 28, 608호",2025,20260323001140,48466916636.0,45053480051.0,45411777642.0,82378185422.0,46310724776.0,42617331521.0,40175832593.0,38867546478.0,79554590668.0,40553570197.0,주요계정
00186452,(주)광무,029480,K,26410,1101110779152,2208110756,19910527,12,서울특별시 강남구 영동대로 312 7층(대치동),2025,20260430001943,7572016042.0,6526887723.0,24240060004.0,231440995571.0,12779654590.0,7575016042.0,6529887723.0,24240060004.0,231315681032.0,12781654590.0,주요계정
00602172,와이엠티(주),251370,K,201,1201110185810,1398139933,19990211,12,인천광역시 연수구 송도미래로 111 와이엠티 송도R&D센터,2025,20260323001480,144603566752.0,137230743419.0,127409975908.0,373640252264.0,136414762026.0,86250659985.0,76761660283.0,73875217419.0,270851181607.0,78962512562.0,주요계정
00677486,(주)그린광학,0015G0,K,273,1501110038584,3018136394,19990414,12,충청북도 청주시 청원구 오창읍 각리1길 45 &nbsp,2025,20260323000819,41751906908.0,31732453233.0,26738102873.0,99906203098.0,33407487671.0,41243679710.0,31457776517.0,26665872134.0,97352222286.0,33122442787.0,주요계정
01091054,(주)쎄노텍,222420,K,23993,1101115733509,6768600117,20150527,12,"경상남도 함안군 가야읍 함마대로 1256-40 사내리 1257, 1256",2025,20260316001214,,,,,,35638307740.0,31548983520.0,31111152868.0,80807849763.0,32766148043.0,주요계정
00989664,코아스템켐온 주식회사,166480,K,212,1501110077665,3018173201,20031230,12,경기도 성남시 분당구 판교로255번길 24 (삼평동),2025,20260319001127,20158947968.0,28762459937.0,33657156172.0,112371324323.0,27526188026.0,20158947968.0,28762459937.0,33657156172.0,112771642756.0,27526188026.0,주요계정
01965333,(주)삼양바이오팜,0120G0,Y,212,1311110077896,4548703296,20251103,12,경기도 성남시 분당구 판교로 295,2025,20260313000827,,,,,,28594373504.0,,,339282592997.0,28594373504.0,주요계정
00306719,에스텍(주),069510,K,26529,1845110021812,6218135775,19990916,12,경상남도 양산시  유산공단9길 22,2025,20260316001663,468192133086.0,509374481025.0,414594047319.0,345271926908.0,464053553810.0,316929502240.0,302756589739.0,294092385389.0,203920807892.0,304592825789.0,주요계정
00226866,인탑스(주),049070,K,2642,1341110013552,1238106645,19750902,12,경기도 안양시 만안구  안양천서로 51,2025,20260317000896,590781754867.0,614667194566.0,577375550276.0,872555027424.0,594274833236.0,115071855206.0,121612460357.0,126769976542.0,613523653915.0,121151430702.0,주요계정
00450010,(주)씨티알모빌리티,308170,Y,303,1942110014431,6228103825,19940221,12,울산광역시 북구 모듈화산업로 115,2025,20260318000736,461459309070.0,432271164941.0,444173625905.0,334481552565.0,445968033305.0,350501003459.0,327768976372.0,342030021778.0,278891329598.0,340100000536.0,주요계정
01319899,에스케이바이오사이언스(주),302440,Y,211,1311110523736,8188600991,20180701,12,인천광역시 연수구 연구단지로 38 -,2025,20260313000936,651368342533.0,267545049154.0,369505555858.0,2955743509068.0,429472982515.0,185735624652.0,156286428900.0,369505555858.0,2184995101773.0,237175869803.0,주요계정
00115384,(주)동방아그로,007590,Y,2032,1101110124969,1128130484,19711231,12,"서울특별시 관악구  남부순환로 2028 남현동, 동방빌딩",2025,20260312000569,178997455771.0,170248304592.0,164275326108.0,250502899297.0,171173695490.0,178658650911.0,169679188279.0,163674410184.0,249242530120.0,170670749791.0,주요계정
01182578,(주)디에이치오토리드,290120,K,30399,2101110118854,7458600413,20161004,12,전라북도 완주군 봉동읍 완주산단8로 66,2025,20260331004980,355590427771.0,270395042990.0,235592265722.0,313972572649.0,287192578828.0,206008253372.0,177651976287.0,176371148975.0,198292955251.0,186677126211.0,주요계정
00526872,(주)이수앱지스,086890,K,213,1101112203951,1108150558,20010329,12,"경기도 성남시 분당구 대왕판교로712번길 22, 씨동 5층 (삼평동, 글로벌알앤디센터)",2025,20260312001420,,,,,,56672366046.0,60258326174.0,54305557874.0,158895640668.0,57078750031.0,주요계정
01099861,(주)에이텍모빌리티,224110,K,26429,1311110416816,6988800163,20150720,12,"경기도 성남시 분당구 판교로 289 (삼평동, 에이텍빌딩)",2025,20260319001396,,,,,,64276763286.0,42823602334.0,37302333193.0,95296083263.0,48134232938.0,주요계정
00607496,(주)한빛레이저,452190,K,29221,1601110066145,3148120108,19971007,12,대전광역시 유성구 유성대로1596번길 32-48 &nbsp,2025,20260318000490,24246148416.0,18542373276.0,22675958450.0,41698800089.0,21821493381.0,24179602576.0,18485764622.0,22591144798.0,41693866904.0,21752170665.0,주요계정
01140837,주식회사 이지트로닉스,377330,K,2811,1345110132792,1428117139,20081124,12,경기도 화성시 금곡로163번길 63-100,2025,20260319001026,13243690331.0,36504092010.0,35198119912.0,59996523487.0,28315300751.0,13238656712.0,36504092010.0,35198119912.0,55399980641.0,28313622878.0,주요계정
00242712,엘컴텍(주),037950,K,26291,1348110015546,1248115996,19910913,12,경기 평택시 진위면 갈곶리 110-1,2025,20260310003045,46291152553.0,57384537439.0,56635889299.0,87321821658.0,53437193097.0,46291152553.0,57384537439.0,46011441829.0,87237289425.0,49895710607.0,주요계정
01515323,(주)엘지에너지솔루션,373220,Y,28202,1101117701356,8518102050,20201201,12,"서울특별시 영등포구 여의대로 108, 타워 1",2025,20260312000217,23671759000000.0,25619585000000.0,33745470000000.0,67147953000000.0,27678938000000.0,7661584000000.0,7926651000000.0,12288439000000.0,31167774000000.0,9292224666667.0,주요계정
00339072,(주)팬스타엔터프라이즈,054300,K,29169,1201110126038,1398123687,19951121,12,부산광역시 중구 해관로 30 팬스타크루즈프라자,2025,20260318001000,,,,,,67161013598.0,62890324809.0,69113153048.0,148949295149.0,66388163818.0,주요계정
00390903,(주)우주일렉트로닉스,065680,K,2629,1348110043711,1248165313,19990816,12,경기도 수원시 영통구 대학3로 7 나보나스퀘어 3층(이의동),2025,20260814001264,186420206961.0,176181835330.0,159897623025.0,345782147365.0,174166555105.0,182050005032.0,173246234604.0,157458753928.0,348266560887.0,170918331188.0,주요계정
00136776,차AI헬스케어(주),025620,Y,204,1341110001672,1388103204,19720630,12,서울특별시 강남구 선릉로146길 47 지하1층 - 4층,2025,20260319001268,7305082169.0,15675289582.0,16089005897.0,110247467597.0,13023125883.0,5683172860.0,12999803325.0,14388627937.0,108485054697.0,11023868041.0,주요계정
00358271,(주)에스에프에이,056190,K,292,1942110032714,6098135227,19981218,12,경기도 화성시 동탄면 영천로 38,2025,20260610000400,1630950490066.0,2045361581270.0,1860351129906.0,2261944460744.0,1845554400414.0,790239319800.0,971260923771.0,1017935690443.0,1332954418117.0,926478644671.0,주요계정
01467503,주식회사 뉴키즈온,462310,K,141,1101115121275,2018632899,20130425,12,"서울특별시 중구 다산로 210, 7층(신당동, 홍진빌딩)",2025,20260319000611,49034721544.0,50378041900.0,45892704604.0,54407941390.0,48435156016.0,45256444988.0,47829292027.0,44699148279.0,53751690535.0,45928295098.0,주요계정
00292434,(주)인트론바이오테크놀로지,048530,K,211,1101111636004,2158174710,19990118,12,경기도 성남시 중원구  사기막골로 137 중앙인더스피아 5차 701~704호,2025,20260311004106,5740240967.0,6417829346.0,9585444181.0,74321845927.0,7247838165.0,5740240967.0,6417829346.0,9585444181.0,74136216555.0,7247838165.0,주요계정
00347734,진양화학(주),051630,Y,22214,1101112141672,1108149202,20010103,12,울산광역시 남구  장생포로 93,2025,20260303003003,,,,,,18563879502.0,24527435256.0,28281407525.0,82250041817.0,23790907428.0,주요계정
00109286,(주)대동,000490,Y,29210,1911110000104,5148106690,19470520,12,대구광역시 달성군 논공읍 논공중앙로34길 35 35,2025,20260318001552,1484722098136.0,1415582422216.0,1433390777280.0,2275000906820.0,1444565099211.0,863154294296.0,838966031369.0,1032870096949.0,1217025773429.0,911663474205.0,주요계정
00118804,(주)동진쎄미켐,005290,K,20129,1201110003848,1378107814,19730710,12,인천광역시 서구  백범로 644,2025,20260319000264,1194144534567.0,1112812913021.0,1009711558318.0,2006130721478.0,1105556335302.0,1147296848069.0,1071085464304.0,967279527410.0,1482632619151.0,1061887279928.0,주요계정
01506990,주식회사 옵티코어,380540,K,266,1358110286766,6208800312,20160217,12,경기도 화성시 동탄기흥로 602 5층,2025,20260323001681,21511958068.0,23301941369.0,26332441090.0,69148905404.0,23715446842.0,20606262717.0,21065351733.0,26301793468.0,69456059419.0,22657802639.0,주요계정
01047707,(주)포톤,208710,K,262,1101115546217,1078832553,20141023,12,"경기도 용인시 기흥구 기흥로 58-1 제A동 1805호 (구갈동, 기흥ICT밸리SKV1)",2025,20260409001053,128735265761.0,135706326881.0,123469141449.0,92708867424.0,129303578030.0,118144771096.0,129854239028.0,119945186448.0,89167450770.0,122648065524.0,주요계정
00112970,대한방직(주),001070,Y,132,1101110019350,1168133353,19530810,12,"서울특별시 중구 중림로 48 (중림동, 성준빌딩)",2025,20260319001239,158285867181.0,133909117274.0,149403981153.0,235543713677.0,147199655203.0,152834773503.0,121143990267.0,139066907400.0,231705079754.0,137681890390.0,주요계정
01090471,(주)에스에프에이넥셀,222080,K,292,1101115731032,1878600067,20150522,12,대구광역시 동구 팔공로47길 37 -,2025,20260320001352,407181174584.0,508540762515.0,310163525240.0,660203408842.0,408628487446.0,406240741630.0,508365110521.0,307695245556.0,659922576088.0,407433699236.0,주요계정
01288827,주식회사 에이치피에스피,403870,K,29271,1348110401886,2128700598,20170314,12,경기도 화성시 삼성1로1길 26 석우동,2025,20260319000776,,,,,,172964572189.0,181401607828.0,179086660832.0,369707189477.0,177817613616.0,주요계정
00129387,에스피삼화(주),000390,Y,20411,1101110014433,1348117477,19460409,12,경기도 안산시 단원구  별망로 178,2025,20260318000462,617067546154.0,628348259134.0,631381875774.0,620525370677.0,625599227021.0,520834500803.0,555601008443.0,558977590196.0,546287758667.0,545137699814.0,주요계정
00311216,에이치엔에스하이텍(주),044990,K,262,1101111219561,1208165247,19951206,12,대전광역시 유성구 테크노1로 62-7 &nbsp,2025,20260306000209,81886784499.0,76160586579.0,80551938241.0,115761731759.0,79533103106.0,81886784499.0,76160586579.0,80437087205.0,116616473511.0,79494819428.0,주요계정
00843900,(주)육일씨엔에쓰,191410,K,262,1101113637810,1098607323,20070314,12,서울특별시 영등포구 경인로 775 에이스하이테크시티 2동 2001호,2025,20260319000768,44835017787.0,33725388352.0,29019810938.0,56008781596.0,35860072359.0,4395308914.0,4275298701.0,4672164163.0,35606475214.0,4447590593.0,주요계정
01215618,(주)와이엠텍,273640,K,2812,1501110081963,3018176983,20040811,12,충청북도 청주시 흥덕구 옥산면 과학산업3로 38,2025,20260320000600,,,,,,29109108272.0,30912078450.0,34880929940.0,60029266476.0,31634038887.0,주요계정
00110583,(주)디에이치오토웨어,025440,K,265,1101110254344,1198102446,19790605,12,"광주광역시 광산구 빛그린동로 190 1207 외 3필지 (1207, 1208, 1209, 1210)",2025,20260324000394,494366222632.0,371930569811.0,393131714023.0,350053381864.0,419809502155.0,375808912467.0,371197083878.0,388646746046.0,255017984602.0,378550914130.0,주요계정
00403766,(주)한국첨단소재,062970,K,26410,2001110105176,4098149801,19990921,12,광주광역시 북구 첨단과기로 345,2025,20260312000851,,,,,,3580740155.0,6504557437.0,14413036040.0,18440910502.0,8166111211.0,주요계정
01498974,큐리옥스바이오시스템즈(주),445680,K,271,1101116865103,5238101156,20180907,12,"서울특별시 금천구 디지털로9길 41 2층 202호, 204호 ~ 213호 (가산동, 삼성아이티해링턴타워) &nbsp",2025,20260323001056,5151548437.0,4587636523.0,6787910936.0,78027492351.0,5509031965.0,2709294541.0,2769573874.0,3220213607.0,90930309423.0,2899694007.0,주요계정
00526678,(주)동방선기,099410,K,31114,1941110002884,6098119396,19940706,12,경상남도 창원시 진해구 명제로 73,2025,20260323001236,,,,,,41878629483.0,35715981658.0,27307982909.0,66929971964.0,34967531350.0,주요계정
00370918,케이디켐(주),221980,K,2049,1341110013255,3028103955,19860718,12,충청북도 보은군 보은읍 매화구인로 345 &nbsp,2025,20260319001049,62897420640.0,62416153464.0,59145786358.0,128056414328.0,61486453487.0,62428850868.0,61907798844.0,58630274401.0,120819664055.0,60988974704.0,주요계정
00273439,(주)메디아나,041920,K,27112,1101111168502,2118637038,19950619,12,강원도 원주시 문막읍 동화공단로 132,2025,20260311004653,64944817855.0,57038971899.0,78421203014.0,146835881738.0,66801664256.0,64258169188.0,56657768808.0,77997094012.0,146799061976.0,66304344003.0,주요계정
00453488,(주)다이나믹디자인,145210,Y,292,2001110097272,4108149892,19990402,12,광주광역시 북구 첨단연신로29번길 12 (주)다이나믹디자인(연제동 1036번지),2025,20260323001749,80189664538.0,62573691835.0,56959416321.0,117455797571.0,66574257565.0,50799565633.0,39215339942.0,39721929735.0,87032197022.0,43245611770.0,주요계정
00160588,(주)한화,000880,Y,20494,1101110002959,2028116825,19521028,12,서울특별시 중구  청계천로 86 24층,2025,20260331003871,74785440000000.0,55646829000000.0,53134813000000.0,289329420000000.0,61189027333333.0,4315204000000.0,5882542000000.0,7203547000000.0,11201110000000.0,5800431000000.0,주요계정
01325429,(주)지아이에스,306620,K,292,1101116852431,3358701207,20180824,12,경기도 안양시 동안구 부림로 146 네온테크 -,2025,20260701000705,75810672480.0,104451927574.0,86754563129.0,143518774423.0,89005721061.0,26325015930.0,21979509708.0,29333531471.0,98460469981.0,25879352370.0,주요계정
00162911,한일사료(주),005860,K,109,1345110004008,1358105182,19681126,12,경기도 용인시 기흥구 하갈로 127(하갈동),2025,20260312001293,454852166662.0,430978104202.0,396938179132.0,209428791267.0,427589483332.0,152255009396.0,151880546014.0,160695074064.0,85928746985.0,154943543158.0,주요계정
00106395,금호전기(주),001210,Y,28410,1101110028541,1058100527,19350525,12,서울특별시 구로구 디지털로33길 48 대륭포스트타워7차 17층,2025,20260318001105,44337718233.0,53171559352.0,53372993650.0,30776225371.0,50294090412.0,42206515083.0,44282617145.0,43768030320.0,29743085170.0,43419054183.0,주요계정
00139719,(주)와이지-원,019210,K,25934,1201110038639,1228116515,19860925,12,인천광역시 연수구 송도과학로16번길 13-40 -,2025,20260318000988,639382631795.0,574990223686.0,553181695854.0,1176441361638.0,589184850445.0,420294883669.0,401019385128.0,388846565920.0,924631839399.0,403386944906.0,주요계정
00362201,(주)세운메디칼,100700,K,213,1101110324858,2048111321,19820806,12,충청남도 천안시 서북구  입장면 도림길 60 (주)세운메디칼,2025,20260320000308,63656938818.0,60150954758.0,68246934042.0,163871834274.0,64018275873.0,61941122993.0,58816225506.0,66389731857.0,166133194218.0,62382360119.0,주요계정
00862880,(주)새빗켐,107600,K,2049,1713110007259,5108110800,20010620,12,경상북도 김천시 공단로 98,2025,20260318001590,,,,,,38390648152.0,30336503327.0,45990061261.0,82728051469.0,38239070913.0,주요계정
00961507,(주)케일럼,258610,K,251,1101114097518,1098617840,20090519,12,부산광역시 강서구 범방2로 6 &nbsp,2025,20260319000947,81698394490.0,97331264354.0,84547280407.0,79874351233.0,87858979750.0,13531031150.0,23984447279.0,18209351053.0,61966618090.0,18574943161.0,주요계정
00876908,모트렉스 주식회사,118990,K,303,1101112341850,1088150292,20011001,12,경기도 성남시 수정구 금토로80번길 56 위든타워 1동 1301호,2025,20260318000967,702273819074.0,586886443642.0,531030803840.0,924831761070.0,606730355519.0,313869524230.0,278651295723.0,342449328710.0,567164088128.0,311656716221.0,주요계정
00482426,인화정공(주),101930,K,31114,1942110032988,6098136060,19990108,12,경상남도 창원시 의창구  차룡로14번길 55 인화정공(주) (팔용동),2025,20260407001497,107958290033.0,92784009378.0,103951073738.0,462070252569.0,101564457716.0,92353371754.0,80173980936.0,71883562953.0,457279513037.0,81470305214.0,주요계정
01179617,(주)한국비엔씨,256840,K,211,1101116202305,4048600676,20161014,12,"대구광역시 달서구 성서공단로11길 62 대구테크노파크 벤처공장 1호관 405호(사무실),502호, 503호, 206호,",2025,20260408003166,95899224534.0,89229997633.0,80997489681.0,277985647693.0,88708903949.0,70575023200.0,63861113182.0,51152564048.0,257179347414.0,61862900143.0,주요계정
01257872,에스프리즘 (주),288620,K,281,1311110367986,1298686341,20140228,12,서울특별시 송파구 법원로6길 11 4층,2025,20260319001277,15786204867.0,33666472002.0,32525031491.0,91044143269.0,27325902787.0,15786204867.0,33569472002.0,32129888491.0,90952073569.0,27161855120.0,주요계정
01787355,(주)나라스페이스테크놀로지,478340,K,31311,1101115682201,6328800033,20150331,12,"서울특별시 영등포구 국회대로 632 영등포유윈시티 14층,15층",2025,20260319000778,,,,,,13236859805.0,4299000437.0,1627796991.0,55313262466.0,6387885744.0,주요계정
00103547,우진비앤지(주),018620,K,21230,1243110014409,1248114283,19851217,12,경기도 화성시 양감면 정문송산로 230,2025,20260319001070,54764190957.0,55680173272.0,57919354665.0,109025088341.0,56121239631.0,30204319324.0,26377541583.0,24145972334.0,53089057968.0,26909277747.0,주요계정
01207716,(주)앱코,129890,K,26329,1101112284729,1068601413,20010711,12,서울특별시 강서구 마곡중앙1로 20 M시그니처 7층 &nbsp,2025,20260629000181,83427579554.0,93368353634.0,98938963953.0,103765097070.0,91911632380.0,83427579554.0,93368353634.0,98938963953.0,103815034765.0,91911632380.0,주요계정
00166528,서암기계공업(주),100660,K,29142,2042110000784,4108101068,19780215,12,광주광역시 광산구  하남산단8번로 127-15 (안청동),2025,20260318001127,46501236360.0,42371013550.0,45836974166.0,82779614547.0,44903074692.0,42142074274.0,42371013550.0,45836974166.0,78036431475.0,43450020663.0,주요계정
00199076,(주)동일기연,032960,K,2629,1341110012687,1238115843,19860306,12,경기도 화성시  남양로930번길 28 동일기연,2025,20260805000412,21551039836.0,24110354370.0,25234856762.0,68619261553.0,23632083656.0,20937098135.0,23837534300.0,24777953398.0,69101778079.0,23184195278.0,주요계정
01370322,삼진식품(주),0013V0,K,10211,1801110991314,3608600207,20150904,12,부산광역시 영도구 태종로99번길 36(봉래동2가),2025,20260324000560,109497527234.0,96399989498.0,84643432083.0,83070753778.0,96846982938.0,109725821216.0,97191897403.0,84985248461.0,79100442113.0,97300989027.0,주요계정
00111847,대원강업(주),000430,Y,303,1101110015556,1048115560,19460920,12,충청남도 천안시 서북구 성거읍 오목모전길 117-8 대원강업주식회사,2025,20260318001323,1599072177000.0,1367585047000.0,1106756862000.0,1449297103000.0,1357804695333.0,781507649000.0,759508640000.0,758788825000.0,736563661000.0,766601704667.0,주요계정
00876166,(주)케이비지,318000,K,20202,1615110041619,3128147440,20010302,12,충청남도 천안시 동남구 성남면 대흥신덕길 84-19,2025,20260320000634,23920820499.0,24915425602.0,21589233488.0,52349209943.0,23475159863.0,19343968806.0,23140357548.0,21589233488.0,50017422908.0,21357853281.0,주요계정
00103592,광동제약(주),009290,Y,21220,1101110152134,1138108888,19631016,12,경기도 과천시 과천대로7다길 52 광동 과천 타워,2025,20260318001573,1659512457700.0,1640718849226.0,1514454148123.0,1320329495616.0,1604895151683.0,1011023893233.0,974839874431.0,917071057613.0,1022727543224.0,967644941759.0,주요계정
00949161,(주)티엠씨,217590,Y,2830,1615110148704,3128646688,20121231,12,충청남도 천안시 서북구 입장면 연곡길 443,2025,20260318000642,340884970260.0,362513662525.0,372255408197.0,237113294850.0,358551346994.0,325654595559.0,347554232366.0,339138186768.0,228861047381.0,337449004898.0,주요계정
00591441,어보브반도체(주),102120,K,2612,1501110093926,3018188214,20060111,12,충청북도 청원군 오창읍 각리1길 93-,2025,20260319000019,244123643799.0,232116611005.0,232436389092.0,286055183481.0,236225547965.0,172077418193.0,158073145826.0,143860648741.0,205804887154.0,158003737587.0,주요계정
00108746,디케이엠이(주),015590,Y,29176,1812110002275,6108102779,19810930,12,울산광역시 남구  처용로 260-37,2025,20260528000864,133411972702.0,136623566311.0,137250775712.0,187652354336.0,135762104908.0,133411972702.0,136623566311.0,137250775712.0,187641212092.0,135762104908.0,주요계정
00397289,(주)오텍,067170,K,304,1101110795455,2118639754,19910731,12,충청남도 예산군  고덕면 예덕로 1033-36,2025,20260319001411,852138652064.0,909232399803.0,959746785770.0,508993661787.0,907039279212.0,104880081729.0,98927668530.0,121102883092.0,200284203002.0,108303544450.0,주요계정
00109693,디엘 주식회사,000210,Y,20111,1101110084915,1168135007,19391010,12,"서울특별시 강서구 공항대로 165 에이동(마곡동, 원그로브)",2025,20260318000970,5326721292281.0,5615368498981.0,5017815821242.0,12182144221519.0,5319968537501.0,174580444927.0,110207197903.0,111126129898.0,3851964287783.0,131971257576.0,주요계정
00406329,(주)루멘스바이오스,038060,K,2612,1301110038918,1358119745,19960617,12,경기도 용인시 기흥구 하갈로86번길 51 3층(보라동),2025,20260319000497,175538081725.0,174227991930.0,171236881677.0,156110248230.0,173667651777.0,87961036707.0,83529951957.0,99770061472.0,145735083538.0,90420350045.0,주요계정
00447007,알리코제약(주),260660,K,213,1350110038048,1348115033,19921228,12,서울특별시 서초구 바우뫼로27길 7-21 (양재동),2025,20260319000689,,,,,,201203501691.0,190435818369.0,187154507589.0,171843891934.0,192931275883.0,주요계정
00920731,(주)케이앤에스아이앤씨,487400,K,26429,1101112405896,1108154705,20011226,12,대전광역시 유성구 유성대로 1476-55 &nbsp,,,,,,,,,,,,,
00252135,주성엔지니어링(주),036930,K,29229,1301110033281,1248129001,19950413,12,경기도 광주시  오포읍 오포로 240 주성엔지니어링,2025,20260318000323,310692584812.0,409393371588.0,284745246660.0,887892914256.0,334943734353.0,310692584812.0,409378252326.0,284689736836.0,886709680621.0,334920191325.0,주요계정
00407771,(주)듀오백,073190,K,32091,1201110040676,1368107470,19870422,12,인천 서구 가좌동 543-2,2025,20260317000661,,,,,,20094729114.0,23102568838.0,23677369836.0,52155311550.0,22291555929.0,주요계정
00258102,(주)지엔코,065060,K,141,1101111421257,2208145177,19970531,12,서울특별시 송파구  동남로4길 41 지엔코빌딩,2025,20260319000772,110866718148.0,121173166298.0,146952545704.0,233804428078.0,126330810050.0,76647765015.0,84061121318.0,88576846305.0,125941969837.0,83095244213.0,주요계정
00265041,(주)삼양케이씨아이,036670,K,20421,1244110011884,1338126385,19910713,12,충남 서산시 대산읍 대죽리 13-7,2025,20260319000646,,,,,,116839597551.0,110184780128.0,109946107606.0,144227657162.0,112323495095.0,주요계정
00765569,기가비스(주),420770,K,292,1345110078029,1358168528,20040218,12,경기도 화성시 동탄구 동탄산단3길 20-5 -,2025,20260319000682,52434995936.0,26133336219.0,91422516772.0,239277069528.0,56663616309.0,52305388624.0,26133336219.0,91422516772.0,239156373372.0,56620413872.0,주요계정
00428729,(주)대호에이엘,069460,Y,24222,1701110233338,5148146009,20021001,12,대구광역시 달성군  논공읍 논공중앙로 211,2025,20260324000005,215642472961.0,168532831254.0,181568717221.0,169573525667.0,188581340479.0,200272853980.0,168532831254.0,181568717221.0,159153957301.0,183458134152.0,주요계정
00537337,(주)앤씨앤,092600,K,2611,1101111413361,2138631520,19970513,12,경기도 성남시 분당구 대왕판교로 660 유스페이스1 에이동 5층,2025,20260318001638,102558831015.0,89701005500.0,61682037944.0,60587282737.0,84647291486.0,63012514521.0,57475518787.0,45590579080.0,50193485292.0,55359537463.0,주요계정
00104120,광진실업(주),026910,K,24121,1801110025882,6038108305,19761206,12,부산광역시 기장군 장안읍 오리산단로 106 -,2025,20260313000859,56888193408.0,58527388505.0,53679071672.0,92888939172.0,56364884528.0,55186453404.0,55481319013.0,50298521338.0,94008011524.0,53655431252.0,주요계정
01110678,(주)유틸렉스,263050,K,211,2850110287959,8638600031,20150227,12,"서울특별시 금천구 가산디지털1로 58 408호 (가산동, 에이스한솔타워)",2025,20260327001702,10294911483.0,9526610583.0,131654000.0,41197062388.0,6651058689.0,10664415483.0,8518852727.0,540382762.0,40756654655.0,6574550324.0,주요계정
00276083,(주)피노,033790,K,282,1101110674724,1078157410,19900209,12,경기도 안양시 동안구 부림로 17041-13,2025,20260323001684,,,,,,264760884474.0,30676302081.0,6967041262.0,163677757029.0,100801409272.0,주요계정
01309795,주식회사 아틀라스링크,297570,K,264,1101116735067,5318700960,20180426,12,경기도 성남시 분당구 황새울로258번길 31 11층,2025,20260323000695,42912841922.0,30947059461.0,26583526247.0,112469562455.0,33481142543.0,31032247340.0,30947059461.0,26583526247.0,64031299430.0,29520944349.0,주요계정
01368637,(주)성원에너텍,340930,K,29299,1358110211565,1248730932,20120405,12,경기도 안성시 원곡면 지문로 203-160 유일에너테크(주),2025,20260623000191,60014953095.0,59689568831.0,38507805865.0,175737293292.0,52737442597.0,58903809608.0,58681695175.0,38372442169.0,150667203864.0,51985982317.0,주요계정
00118521,진원생명과학(주),011000,Y,212,1101110191562,1208114898,19760127,12,서울특별시 구로구 디지털로26길 5 에이스하이엔드타워1차 1403호,2025,20260407003512,23044791670.0,35720098849.0,40202911101.0,119207169002.0,32989267207.0,19774730003.0,33040914613.0,37805693212.0,68192914603.0,30207112609.0,주요계정
00867034,(주)듀켐바이오,176750,K,21212,1101112647604,1058650172,20021106,12,"서울특별시 마포구 와우산로 81(서교동, 서봉갤러리)",2025,20260318001568,38572364091.0,35600990962.0,34695489500.0,77676184457.0,36289614851.0,38572364091.0,35600990962.0,34695489500.0,76966125662.0,36289614851.0,주요계정
00876643,(주)캐프,198080,K,26224,1101114275958,2118839044,20100202,12,경기도 화성시 마도면 청원산단1길 69 -,2025,20260311004383,295201227543.0,314860003676.0,235656834157.0,221276788854.0,281906021792.0,213477804254.0,185829250052.0,118124215943.0,213025105160.0,172477090083.0,주요계정
01010615,(주)세나테크놀로지,061090,K,26429,1101111564982,1128150103,19980713,12,서울특별시 강남구 헌릉로 569길 19,2025,20260318000032,179288201881.0,167502055387.0,153602351148.0,205702111567.0,166797536139.0,148168175776.0,141634957136.0,112108517893.0,177035246969.0,133970550268.0,주요계정
01070149,올리패스(주),244460,K,211,1101113562570,1138609261,20061116,12,경기도 용인시 기흥구 동백중앙로16번길 16-4 에이스동백타워1동 20층,2025,20260320001227,,,,,,816018331.0,756033925.0,5682306880.0,17299057552.0,2418119712.0,주요계정
00205003,(주)좋은사람들,033340,K,14120,1101110939326,1058158242,19930501,12,"서울특별시 마포구 연희로 11 한국특허정보원빌딩 서울 마포구 연희로 11, 5층(동교동, 한국특허정보원빌딩",2025,20260320000913,72599453889.0,90184220097.0,82568061629.0,84896797514.0,81783911872.0,72599453889.0,90260720652.0,82630150276.0,85152213489.0,81830108272.0,주요계정
01022902,(주)애드바이오텍,179530,K,21230,1101111999444,2158193416,20000616,12,강원도 춘천시 동내면 거두단지1길 39 &nbsp,2025,20260323000601,12897074444.0,11136245199.0,10471949613.0,48407432103.0,11501756419.0,11427026764.0,10521324834.0,8492751610.0,47192708407.0,10147034403.0,주요계정
00229085,(주)기도산업,282620,K,14199,1101110278980,1178115038,19800820,12,"서울특별시 강서구 공항대로 395 (등촌동, 기도산업사옥)",,,,,,,,,,,,,
00356839,(주)메디콕스,054180,K,31114,1101111640609,2148629070,19990126,12,서울특별시 강남구 역삼로19길 26 -,2025,20260324000120,28160961888.0,30611173608.0,26875194687.0,68254632291.0,28549110061.0,28160961888.0,30611173608.0,26875194687.0,68257960442.0,28549110061.0,주요계정
01098792,(주)본느,226340,K,204,1101115794478,5298600091,20150728,12,서울특별시 강남구 선릉로90길 14 프레티늄 빌딩,2025,20260323000741,46013164919.0,68713049924.0,72910268640.0,56337524230.0,62545494494.0,21558829324.0,40198269925.0,37713126300.0,52209444731.0,33156741850.0,주요계정
01230255,(주)한울앤제주,276730,K,11112,2201110123463,6168627415,20150209,12,제주특별자치도 제주시 한림읍 금능농공길 62-11,2025,20260318001702,13893332928.0,18276403018.0,21729483030.0,60417880567.0,17966406325.0,12046627186.0,18197507858.0,21625162510.0,57105027513.0,17289765851.0,주요계정
01491607,주식회사 오에스피,368970,K,109,1613110017531,3088120821,20040616,12,충청남도 논산시 성동면 산업단지로2길 11,2025,20260319001341,25387451457.0,30309336262.0,35169415925.0,65669212452.0,30288734548.0,10615032443.0,15101070726.0,20717434558.0,45685167148.0,15477845909.0,주요계정
01211232,(주)코윈로보틱스,282880,K,292,1351110047419,1238146782,19981016,12,충청남도 아산시 둔포면 아산밸리로 285 (주)코윈테크,2025,20260318000494,154701003144.0,244389953265.0,335958325532.0,428236310837.0,245016427314.0,130680711959.0,150867011957.0,211243760860.0,249710575583.0,164263828259.0,주요계정
01261644,(주)레인보우로보틱스,277810,K,29280,1601110293889,3148621854,20110210,12,세종특별자치시  집현중앙3로 8 세종특별자치시 집현중앙3로 8(집현동),2025,20260320000803,34123110054.0,19346780087.0,15258134872.0,143305317623.0,22909341671.0,34010897612.0,19743355612.0,16368184622.0,144401334319.0,23374145949.0,주요계정
00531865,(주)유니테크노,241690,K,30331,1801110327981,6038142360,20000623,12,부산광역시 사하구 신산로 140 (신평동) 유니테크노,2025,20260323001426,107159702000.0,105133809000.0,101893976000.0,239757829000.0,104729162333.0,99782210000.0,99168826000.0,87760612000.0,233492288000.0,95570549333.0,주요계정
01501764,주식회사 레메디,387690,K,27111,1401110049252,2218141043,20120713,12,"강원특별자치도 춘천시 삭주로145번길 69-14, 2층 (후평동, 벤처비지니스 살롱)",,,,,,,,,,,,,
00684714,(주)풍산,103140,Y,242,1313110083497,1258175323,20080704,12,경기도 평택시  포승읍 평택항로156번길 134 (주)풍산,2025,20260312001327,5048580386639.0,4554411454633.0,4125263947257.0,4329189509985.0,4576085262843.0,3849107225015.0,3502597156849.0,3100554739784.0,3847395402841.0,3484086373883.0,주요계정
01359736,(주)프로이천,321260,K,261,1101117042271,7698601155,20190313,12,경기도 군포시 고산로148번길 17 군포IT밸리 411호,2025,20260320000879,31533846355.0,36028044979.0,33363102492.0,48173604707.0,33641664609.0,31251268152.0,35751508070.0,32886059602.0,45291819773.0,33296278608.0,주요계정
00125488,삼륭물산(주),014970,K,17223,1156110001401,1288103148,19800825,12,경기도 파주시 월롱면 통일로644번길 35,2025,20260319001382,94256105408.0,94049530822.0,86280033374.0,99824976715.0,91528556535.0,55644659563.0,50860739612.0,43614988394.0,85205450100.0,50040129190.0,주요계정
00532855,한국유니온제약 주식회사,080720,K,212,1801110007062,6078121765,19850810,12,강원도 원주시 문막읍 문막공단길 246,2025,20260331002001,36378273562.0,51279935387.0,63169009710.0,45836041850.0,50275739553.0,36378273562.0,51279935387.0,63169009710.0,45950681521.0,50275739553.0,주요계정
00269241,(주)주연테크,044380,Y,26310,1101110574164,1168123200,19880510,12,서울특별시 서초구 사임당로 32 2층(서초동),2025,20260319000699,62628503833.0,53068185647.0,43504587021.0,45597070898.0,53067092167.0,62616477232.0,53068185647.0,43504587021.0,45556815108.0,53063083300.0,주요계정
00361594,(주)디엠에스,068790,K,292,1346110012687,1258129149,19990708,12,경기도 용인시 기흥구 흥덕중앙로 120 유타워 6층 (영덕동),2025,20260330001840,155471297435.0,109594448763.0,264536298074.0,573797046616.0,176534014757.0,146052442624.0,102689642074.0,259638738353.0,557539025900.0,169460274350.0,주요계정
01073261,(주)동방메디컬,240550,K,271,1645110024117,3138132635,20141226,12,충청남도 보령시 웅천읍 산업단지길 30,2025,20260618000383,113536899863.0,105113645139.0,90875105107.0,186529397919.0,103175216703.0,89497153009.0,84303065815.0,70665599637.0,148724373127.0,81488606154.0,주요계정
01327092,주식회사 라닉스,317120,K,26112,1311110103158,1298165851,20030926,12,서울특별시 강남구 언주로135길 25 (논현동),2025,20260318000717,7467703331.0,7713262716.0,11543221600.0,43451613307.0,8908062549.0,7467068566.0,7713262716.0,11543221600.0,43409951756.0,8907850961.0,주요계정
00111689,아진전자부품(주),009320,Y,303,1341110000822,1238100262,19731013,12,전라북도 정읍시  공단2길 3,2025,20260323001496,151831619994.0,143497309408.0,113444154855.0,109515360357.0,136257694752.0,152212525817.0,144508341335.0,113444154855.0,110295284756.0,136721674002.0,주요계정
00157539,KB오토시스(주),024120,K,303,1101110408305,2048112301,19851014,12,충청남도 아산시  음봉면 아산온천로 528-24,2025,20260319001360,214995786079.0,210230561356.0,203726077936.0,256608157960.0,209650808457.0,179348686124.0,180773422918.0,186779370562.0,249613477484.0,182300493201.0,주요계정
00454937,(주)덕신이피씨,090410,K,25112,1101110730732,1368109463,19910104,12,충청남도 천안시 동남구 수신면 수신로 485-34,2025,20260310003096,106458504421.0,146564092289.0,218078494407.0,206019852138.0,157033697039.0,105277518468.0,144534794383.0,212195517562.0,202703719927.0,154002610138.0,주요계정
00861997,(주)아고스,175140,K,264,1101112431669,1198154094,20020124,12,"경기도 과천시 과천대로7길 33 제6층 공장A동 0607호(갈현동, 디테크타워과천)",2025,20260323001143,55491024215.0,42683052327.0,38503045776.0,61931148269.0,45559040773.0,43804190295.0,36107056581.0,26463526430.0,54115077342.0,35458257769.0,주요계정
00104573,국일제지(주),078130,K,179,1345110001377,1358101449,19780821,12,경기도 용인시 처인구  이동면 백옥대로 563,2025,20260320000352,67784821286.0,56365160891.0,53135778290.0,133849225665.0,59095253489.0,67784821286.0,56365160891.0,53135778290.0,133724087974.0,59095253489.0,주요계정
00540605,(주)이월드,084680,Y,331,1701110290867,5038168487,20050705,12,대구광역시 달서구  두류공원로 200,2025,20260319000675,,,,,,88727496688.0,108453970504.0,115275724966.0,405276070976.0,104152397386.0,주요계정
00117337,(주)동양,001520,Y,23322,1101110005333,1168134352,19550825,12,서울특별시 마포구 마포대로 130 -,2025,20260318001406,630627899042.0,750408346536.0,866327008521.0,1454847945012.0,749121084700.0,534843438038.0,640957770291.0,760135480563.0,1134873906904.0,645312229631.0,주요계정
01573284,코닉오토메이션(주),391710,K,292,1101117914785,3998702253,20210609,12,경기도 화성시 동탄산단9길 23-12 경기도 화성시 동탄산단9길 23-12 8층(방교동),2025,20260318001087,,,,,,30100048633.0,55510910029.0,27347504225.0,48292162796.0,37652820962.0,주요계정
01947443,(주)해치텍,0155E0,K,26112,1501110231617,8558600699,20170208,12,"충청북도 청주시 청원구 오창읍 연구단지로 40, 비동 307호 &nbsp",2025,20260828000259,14078560558.0,16203638389.0,,14025811036.0,15141099474.0,14078560558.0,16203638389.0,,13994261598.0,15141099474.0,주요계정
00120906,(주)에스아이리소스,065420,K,204,1701110031873,5038108816,19870821,12,서울특별시 마포구 마포대로 45 4층(일진빌딩),2025,20260319001295,,,,,,20851578595.0,10538164218.0,7041912337.0,17189453891.0,12810551717.0,주요계정
00474588,(주)한중엔시에스,107640,K,281,1701110090291,5058123526,19950831,12,경상북도 영천시 영천산단로 379,2025,20260318000730,175264976657.0,177258091164.0,121551317604.0,253321966239.0,158024795142.0,174695744951.0,177144653031.0,121361438479.0,243984147931.0,157733945487.0,주요계정
00308559,(주)코디,080530,K,204,1301110050847,1248160808,19990213,12,"경기도 용인시 수지구 광교중앙로 338 A동(상현동, 광교우미뉴브)  -호실(총12개):A301, A302, A303, A304,",2025,20260323001300,76531199312.0,78414009551.0,79243448771.0,82964640930.0,78062885878.0,62801172800.0,60819298441.0,59035177771.0,79277167202.0,60885216337.0,주요계정
01061327,(주)클래시스,214150,K,271,1101115618355,1078839288,20150115,12,서울특별시 강남구 테헤란로 208 클래시스,2025,20260323001541,336819637856.0,242938965374.0,180122798016.0,704649920208.0,253293800415.0,336505017215.0,242500154766.0,179996406693.0,702711467973.0,253000526225.0,주요계정
00624244,에이치엘지노믹스(주),0156T0,K,211,1345110044624,1358141887,20001109,12,경기도 용인시 처인구 원삼면 보개원삼로 1552,,,,,,,,,,,,,
00126566,한화에어로스페이스(주),012450,Y,31321,1942110000480,6098102992,19770801,12,경상남도 창원시 성산구  창원대로 1204,2025,20260316001112,26702901249000.0,11240121484000.0,7889686805000.0,53953669604000.0,15277569846000.0,9525137891000.0,7935101828000.0,4978992850000.0,24651333392000.0,7479744189667.0,주요계정
00143226,(주)엠투엔,033310,K,26299,1345110000600,1358105130,19651210,12,"서울특별시 중구 청계천로 106 3층(수표동, 크리스탈스퀘어)",2025,20260319001092,86549524568.0,91210150195.0,76995441504.0,191792668993.0,84918372089.0,83321648450.0,87863685683.0,64161399006.0,190448453835.0,78448911046.0,주요계정
00339391,한화시스템(주),272210,Y,26299,1760110020640,5138117175,20000111,12,경상북도 구미시 산호대로 264-60 -,2025,20260513000644,3664150568020.0,2803686058274.0,2452494865652.0,10327265554498.0,2973443830649.0,3091485354880.0,2793633003560.0,2450585394825.0,9343422758617.0,2778567917755.0,주요계정
01245062,코오롱티슈진(주),950160,K,211,,20174063267,19990609,12,"Rockville, MD, USA 9713 Key West Ave Suite 300",2025,20260318001341,,,,,,3627220.0,3719583.0,2839000.0,295484173.0,3395268.0,주요계정
00121932,미원상사(주),002840,Y,204,1301110007707,1348102843,19591103,12,경기도 안산시 단원구  원시로 49 (목내동),2025,20260316000483,441137509663.0,435797799410.0,421367350652.0,492894738811.0,432767553242.0,432317092092.0,426436150721.0,412424901433.0,486336858758.0,423726048082.0,주요계정
01440153,(주)넥사다이내믹스,351320,K,29272,1101117417458,5328601719,20200306,12,경기도 시흥시 엠티브이26로58번길 25 (정왕동),2025,20260323001172,13012868322.0,8530280572.0,16140524956.0,58258802617.0,12561224617.0,13012868322.0,8530280572.0,16140524956.0,50806740349.0,12561224617.0,주요계정
00209780,(주)케이씨,029460,Y,27216,1101110703210,1208105593,19870216,12,경기도 안성시 미양면 제2공단3길 30 -,2025,20260316001307,797344487484.0,738488124124.0,727022218779.0,1153050483329.0,754284943462.0,148530615265.0,149623462837.0,167533888795.0,687583101058.0,155229322299.0,주요계정
00303192,(주)디에이피,066900,K,2622,1244110006602,1398111954,19871128,12,경기도 안성시 미양면 보체리 404-1,2025,20260814002696,543196073695.0,488847196080.0,403492017530.0,555426058972.0,478511762435.0,329542961820.0,346608496770.0,356284540225.0,243025566990.0,344145332938.0,주요계정
01516766,(주)아이비젼웍스,469750,K,292,1601110397045,1968800110,20150420,12,대전광역시 유성구 국제과학21로 54 -,2025,20260522000549,,,,,,23001097577.0,35170486748.0,23241688823.0,46547985710.0,27137757716.0,주요계정
00210856,(주)코아스,071950,Y,320,1101110881642,1178109929,19920724,12,서울특별시 영등포구 선유로52길 17,2025,20260324000545,62229199785.0,77951547768.0,73746191894.0,81414004367.0,71308979816.0,61641195433.0,76753756057.0,71691224080.0,80828728529.0,70028725190.0,주요계정
00102140,(주)케이아이이,009140,Y,2629,1101110150229,1198102373,19730806,12,"서울특별시 금천구  가산디지털2로 184 1411호(가산동,벽산/경인디지털밸리2)",2025,20260312001118,36073854759.0,22942422096.0,21136261743.0,87287055386.0,26717512866.0,20532893522.0,12440131169.0,11899866972.0,68483447115.0,14957630554.0,주요계정
00118008,동원모빌리티(주),018500,Y,303,1701110021816,5038106778,19851214,03,경상북도 경산시  진량읍 북리1길  69,2025,20250618000195,626236089125.0,568241480277.0,538640239424.0,515828714541.0,577705936275.0,305542903362.0,282089207668.0,271742150319.0,339046554998.0,286458087116.0,주요계정
01444380,(주)에이텀,355690,K,26293,1101115972652,3588600320,20160215,12,서울특별시 구로구 디지털로31길 38-9 에이스테크노타워1차 6층 603-2호,2025,20260318001384,70426120972.0,20439957292.0,38503123303.0,72862440037.0,43123067189.0,2860795098.0,2586862925.0,9647775120.0,34953856903.0,5031811048.0,주요계정
00122579,(주)BYC,001460,Y,14120,1101110005995,1188103063,19550513,12,서울특별시 영등포구 디지털로38길 27 (주)비와이씨,2025,20260319001175,163166613171.0,165207568941.0,168401523886.0,775789336133.0,165591901999.0,163146935599.0,164282375953.0,166985310250.0,767966238879.0,164804873934.0,주요계정
00942131,(주)앤디포스,238090,K,222,1545110045488,3038158943,20100623,12,충청북도 음성군 대소면 한삼로 224-7,2025,20260319001174,50413982329.0,52450485422.0,48851357806.0,108626217861.0,50571941852.0,44075731252.0,48134173254.0,44359437044.0,97894191098.0,45523113850.0,주요계정
00415646,(주)드림텍,192650,Y,2629,1615110027883,3128131249,19980922,12,경기도 성남시 분당구 대왕판교로 670 유스페이스2 A동 10층,2025,20260318001215,1230621374284.0,1172680840825.0,1030380773539.0,863145953162.0,1144560996216.0,519304557980.0,526587522768.0,481122972805.0,430374669223.0,509005017851.0,주요계정
00163761,(주)한창제지,009460,Y,171,1845110000105,6218109073,19731206,12,경상남도 양산시  웅상대로 1564 (주)한창제지,2025,20260318000958,,,,,,266951905121.0,294257732833.0,276033575626.0,287460858999.0,279081071193.0,주요계정
00599957,(주)슈프리마에이치큐,094840,K,264,1101111960437,1198138018,20000504,12,경기도 성남시 분당구  정자일로 248 파크뷰 16층,2025,20260319001168,21223018606.0,20101969494.0,20386641334.0,250231969152.0,20570543145.0,21155758606.0,20085889494.0,20508676557.0,200947949203.0,20583441552.0,주요계정
00961774,(주)유티아이,179900,K,2629,1341110189717,1238621786,20100416,12,충청남도 예산군 응봉면 응봉로 50-16 &nbsp,2025,20260323001351,19972205414.0,18560210791.0,19361163288.0,214289991906.0,19297859831.0,3147731512.0,3565692257.0,4061450416.0,208216034482.0,3591624728.0,주요계정
00258421,(주)기산텔레콤,035460,K,2642,1101111073454,1208166080,19940906,12,서울특별시 강동구 고덕비즈밸리로2길 55 -,2025,20260320000837,99473228556.0,93077993766.0,73884674502.0,130233672166.0,88811965608.0,26725913908.0,32079750578.0,22997024460.0,52799275177.0,27267562982.0,주요계정
00111111,(주)대양금속,009190,Y,24122,1201110002212,1348132459,19730822,12,충청남도 예산군  신암면 추사로 146-8,2025,20260319001294,223485344976.0,215563338886.0,200969628514.0,144440083514.0,213339437459.0,223407047987.0,215563338886.0,200969628514.0,144441861496.0,213313338462.0,주요계정
00769158,(주)케이엔제이,272110,K,261,1348110106600,1248632229,20050428,12,충청남도 아산시 음봉면 스마트산단1로 22 케이엔제이,2025,20260319000017,84444745007.0,62216559100.0,47360913081.0,230504256719.0,64674072396.0,83332614018.0,61187942085.0,46370733956.0,163582584670.0,63630430020.0,주요계정
00109806,(주)삼일씨엔에스,004440,Y,23325,1101110061228,1028137869,19651231,12,"경기도 화성시 동탄대로23길 121 21층(영천동, 동탄우미뉴브)",2025,20260323000312,,,,,,223128675519.0,221295516428.0,216447816121.0,440761122889.0,220290669356.0,주요계정
00111421,(주)휴니드테크놀러지스,005870,Y,2642,1341110005202,1238106174,19681211,12,인천광역시 연수구  벤처로 87,2025,20260319001066,,,,,,137185901827.0,230800588043.0,228843875014.0,311760282512.0,198943454961.0,주요계정
00155586,에이치엘비이노베이션(주),024850,K,2629,1101110234312,1168116183,19780616,12,경기도 화성시 향남읍 발안공단로4길 16 구문천리 928,2025,20260629000350,32263951723.0,25355832330.0,20581331304.0,268750045052.0,26067038452.0,32217255519.0,25355832330.0,20581331304.0,281814814550.0,26051473051.0,주요계정
00390365,(주)토비스,051360,K,265,1349110013457,1338137806,19980908,12,인천광역시 연수구 하모니로226번길 15 -,2025,20260323000304,640328783001.0,623780683541.0,447392253958.0,558080071777.0,570500573500.0,563997767809.0,537572504325.0,384161366970.0,499083173268.0,495243879701.0,주요계정
00620558,(주)루트케이,195990,K,29223,1701110271528,5038164797,20040812,12,대구광역시 달성군 유가읍 테크노순환로1길 70 -,2025,20260323000905,31922791800.0,31663085394.0,25375405459.0,74776905733.0,29653760884.0,5155002885.0,18406813660.0,10041001580.0,63256806605.0,11200939375.0,주요계정
00829380,(주)피제이메탈,128660,K,2429,1101114382878,1208756037,20100630,12,서울특별시 강남구 테헤란로81길 13삼성동 동원빌딩 11층,2025,20260318001703,348957303218.0,254485502212.0,229349317992.0,164420004711.0,277597374474.0,276852532771.0,246889779747.0,229349317992.0,122777160977.0,251030543503.0,주요계정
00915508,(주)알엔투테크놀로지,148250,K,262,1156110036979,1288169024,20020326,12,경기도 화성시 동탄면 동탄산단9길 11,2025,20260323001654,18651545847.0,14303142292.0,14686648669.0,63377015827.0,15880445603.0,18213976515.0,14250642292.0,14601018669.0,61912816430.0,15688545825.0,주요계정
01234507,매일유업 주식회사,267980,K,104,1101116390770,8448100466,20170501,12,서울특별시 종로구 종로1길 50 &nbsp,2025,20260319001065,1843539281196.0,1811435717578.0,1782979215597.0,1065939700183.0,1812651404790.0,1758440909198.0,1734621132778.0,1710510837251.0,1105892330536.0,1734524293076.0,주요계정
00164618,현대사료(주),016790,K,109,1615110001572,3128102894,19830305,12,충청남도 천안시 동남구 용수골길 23 현대사료(주),2025,20260324000011,113027093258.0,128461963646.0,160600796744.0,95757594556.0,134029951216.0,113027093258.0,128461963646.0,160600796744.0,95757494556.0,134029951216.0,주요계정
00120872,만호제강(주),001080,Y,24123,1801110054659,6068108662,19530904,12,부산광역시 강서구  녹산화전로 71,2025,20250918000340,,,,,,152953052398.0,179904428905.0,219339870656.0,211164112134.0,184065783986.0,주요계정
00525864,피앤씨테크(주),237750,K,28123,1341110064711,1388119079,19990304,12,경기도 과천시 과천대로7길 68 과천 E타워,2025,20260318001712,,,,,,27609157326.0,34734455092.0,20683260694.0,82282204233.0,27675624371.0,주요계정
00693651,(주)비덴트,121800,K,26421,1101112476376,1078614610,20020320,12,"서울특별시 금천구  가산디지털1로 84 (가산동, 에이스하이엔드 8차 12층)",2025,20260331003496,10149724188.0,9634816752.0,10016939696.0,703109366248.0,9933826879.0,8782167732.0,9599588511.0,10022008891.0,689287485877.0,9467921711.0,주요계정
00959229,(주)세종메디칼,258830,K,27199,2849110088798,1418120572,20100803,12,경기도 파주시 신촌2로 11,2025,20260319001342,18535097964.0,18952234158.0,17991718820.0,59805897360.0,18493016981.0,18368659417.0,17029729244.0,17446108921.0,54078388495.0,17614832527.0,주요계정
01182259,(주)알피바이오,314140,K,212,1101116142668,6208600448,20160805,12,서울특별시 강남구 삼성로 634,2025,20260323001657,,,,,,136218902142.0,123966689440.0,151046484340.0,156255718323.0,137077358641.0,주요계정
01802928,코스모로보틱스 주식회사,439960,K,27199,1348110383141,4328800511,20160928,12,서울특별시 구로구 디지털로31길 20 8층 801호,,,,,,,,,,,,,
00481454,금호타이어(주),073240,Y,221,1101112810590,1018195610,20030630,12,전남광주통합특별시 광산구 어등대로 658 -,2025,20260317000836,4701282075494.0,4532177923979.0,4041412157685.0,5539548526344.0,4424957385719.0,3530891476573.0,3608474460011.0,3018445077194.0,3998807053712.0,3385937004593.0,주요계정
00351092,삼보모터스(주),053700,K,303,1101110545529,2158126391,19870925,12,대구광역시 달서구  성서동로 142,2025,20260323000719,1684582152379.0,1570625502210.0,1440557265080.0,1337854672855.0,1565254973223.0,497988968264.0,442248989278.0,413768880277.0,617401254420.0,451335612606.0,주요계정
00811372,(주)노바렉스,194700,K,108,1501110120399,3178111175,20081127,12,충청북도 청주시 흥덕구 오송읍 오송생명14로 80 노바렉스 오송공장,2025,20260319000964,404259788627.0,297725280736.0,302167304022.0,359554560151.0,334717457795.0,403042865267.0,296145357387.0,301200609506.0,356959454697.0,333462944053.0,주요계정
00527491,(주)하이드로리튬,101670,K,2511,1101111125289,1388110821,19950127,12,경기도 광주시  오포읍 오포안로 46-10,2025,20260724000378,3368949713.0,2150142872.0,22859151303.0,81924389316.0,9459414629.0,3368949713.0,2150142872.0,22859151303.0,81929077078.0,9459414629.0,주요계정
00261656,(주)잉크테크,049550,K,20413,1101110866785,1238129764,19920617,12,경기도 안산시 단원구 능안로 98-12잉크테크,2025,20260313000615,77533529802.0,73936788021.0,62809011384.0,158072677600.0,71426443069.0,73788611098.0,67903006378.0,59084523095.0,155407086198.0,66925380190.0,주요계정
00130587,서울전자통신(주),027040,K,281,1243110009781,1308110787,19830617,12,인천광역시 부평구 새벌로 4사무동 4층,2025,20260320001349,33729253174.0,35822248206.0,34586691657.0,39471480378.0,34712731012.0,8932370153.0,10128012296.0,10493832321.0,27596574249.0,9851404923.0,주요계정
01366000,(주)태성,323280,K,292,1101117067972,7378601274,20190405,12,충청남도 천안시 서북구 성환읍 비아이티산단로 235 -,2025,20260323000642,37859245040.0,59212420040.0,33338955327.0,172536488872.0,43470206802.0,27400127627.0,52417709890.0,31105533055.0,161965839526.0,36974456857.0,주요계정
00126089,(주)디에이치오토넥스,000300,Y,303,1101110085541,1198101490,19671230,12,전북특별자치도 김제시 용지면 용지로 55 김제(본사),2025,20260619000568,40170942353.0,30009552048.0,32790275265.0,51227285240.0,34323589889.0,35119881421.0,26522173796.0,33055080413.0,50112318461.0,31565711877.0,전체재무제표
00129013,CJ씨푸드(주),011150,Y,108,1101110215578,2298112289,19760315,12,경기도 성남시 중원구  둔촌대로388번길 32 (상대원동),2025,20260323001443,192117633850.0,193717170281.0,148348807287.0,169330716894.0,178061203806.0,157526706230.0,157418480794.0,148348807287.0,154477152828.0,154431331437.0,주요계정
00615723,(주)엠에스디아이,123010,K,262,1101112870784,1148631150,20031008,12,충청북도 청주시 흥덕구 옥산면 과학산업1로 114 -,2025,20260320001397,38376486409.0,39350756447.0,32289441722.0,46285094482.0,36672228193.0,8044102621.0,11577654166.0,8996998257.0,36268680208.0,9539585015.0,주요계정
00875307,(주)야스,255440,K,29272,1101112494451,1108156305,20020411,12,경기도 파주시 탄현면 한산로 69 &nbsp,2025,20260323000658,34763681766.0,28632024490.0,41757472788.0,171668213803.0,35051059681.0,34069551766.0,28292660890.0,41733740788.0,167911978378.0,34698651148.0,주요계정
00105475,금강철강(주),053260,K,2419,1101110207799,2028109038,19770112,12,"서울특별시 서초구  서운로 19 701호(서초동, 서초월드오피스텔)",2025,20260319000015,177224131863.0,201084686267.0,225362561244.0,151388460498.0,201223793125.0,173567673363.0,194875511604.0,224461631244.0,150853647645.0,197634938737.0,주요계정
00119672,(주)두올,016740,Y,303,1101110343957,2208123514,19830211,12,서울특별시 강남구 언주로 726 두산빌딩 12층,2025,20260318001456,796139348935.0,773258596565.0,729863464197.0,549395675901.0,766420469899.0,293221161637.0,316761987784.0,347778732729.0,312546464764.0,319253960717.0,주요계정
00694942,(주)이미지스테크놀로지,115610,K,2611,1358110102649,1358169380,20040325,12,경기도 수원시 영통구 광교로 105 경기 R&DB 센터 3층 301호(이의동 906-5),2025,20260707000432,,,,,,13222397763.0,12984837232.0,16100183610.0,13554900717.0,14102472868.0,주요계정
01718407,주식회사 블랙야크아이앤씨,478560,K,152,1101115201431,1198675454,20130808,12,"서울특별시 서초구 바우뫼로 201 4층(양재동, 블랙야크 양재사옥)",2025,20260324000048,57257917035.0,37685839673.0,35201395775.0,96751838621.0,43381717494.0,40877659293.0,37685839673.0,35201395775.0,53282945277.0,37921631580.0,주요계정
00199252,에이치엘비(주),028300,K,213,1701110021600,5148113250,19851018,12,세종특별자치시  연동면 명학산단서로 10-5 -,2025,20260323001673,84172574224.0,68125727347.0,42900561196.0,930177639023.0,65066287589.0,19679396354.0,19487925221.0,26279584269.0,1297190297661.0,21815635281.0,주요계정
01196313,(주)유에스티,263770,K,241,1101116298148,2748800730,20170123,12,경상북도 포항시 남구 철강로 290 (주)유에스티,2025,20260323000586,,,,,,57966763324.0,73202022857.0,99142525265.0,87664528577.0,76770437149.0,주요계정
00367871,인바이오주식회사,352940,K,2032,1512110004847,3048107641,19971106,12,경기도 수원시 팔달구 경수대로 465 (인계동 979),2025,20260318000963,,,,,,33952962076.0,35654027534.0,34024284250.0,69142058330.0,34543757953.0,주요계정
00362238,(주)휴비스,079980,Y,20501,1101112102070,2158198804,20001101,12,"서울특별시 송파구 올림픽로35다길 42 11층, 18층, 19층(신천동, 한국루터회관)",2025,20260701000444,889528441553.0,939427591658.0,927679169915.0,751232064245.0,918878401042.0,691404856665.0,725112102656.0,721225371642.0,654156908241.0,712580776988.0,주요계정
00542074,(주)엘에스케이아이로봇,091970,K,2229,1345110037710,1358135463,19991223,12,경기도 안성시 양성면 양성로 112 -,2025,20260323001457,50111277900.0,55510197733.0,42401462051.0,74157987502.0,49340979228.0,13128693219.0,14303162584.0,15749718688.0,58333443050.0,14393858164.0,주요계정
00660459,나노씨엠에스(주),247660,K,2629,1648110026753,3128162155,20030417,12,충청남도 천안시 서북구 직산읍 4산단4로 48,2025,20260320000816,,,,,,5289045322.0,4649686964.0,4582873462.0,22566957876.0,4840535249.0,주요계정
01526806,(주)삼기에너지솔루션즈,419050,K,303,1614110049889,8208701952,20201012,12,충청남도 서산시 지곡면 무장산업로 263-29,2025,20260318000999,144228757229.0,98706550002.0,90853536525.0,288112815623.0,111262947919.0,85356929076.0,81379056415.0,94230431110.0,171787408309.0,86988805534.0,주요계정
01159233,주식회사 솔루엠,248070,Y,2629,1358110272682,4908100105,20150702,12,경기도 용인시 기흥구 용구대로 2354 (마북동),2025,20260325001187,1700246425329.0,1594442254779.0,1951087864184.0,1276520893602.0,1748592181431.0,820860045619.0,872958275275.0,959082847019.0,862058727286.0,884300389304.0,주요계정
00406037,(주)씨에스에이코스믹,083660,K,204,1101110657499,2068147219,19891107,12,서울특별시 강남구 언주로 726 두산빌딩 14층,2025,20260324000035,27930330148.0,36380940773.0,44586544406.0,30205395740.0,36299271776.0,20674170875.0,25496037918.0,32315984053.0,23532602554.0,26162064282.0,주요계정
00361008,한화엔진(주),082740,Y,29111,1942110038423,6098140128,19991230,12,경상남도 창원시 성산구 공단로 67 (신촌동),2025,20260318000939,1371057336146.0,1202204707511.0,854384414147.0,1695690258649.0,1142548819268.0,1371057336146.0,1202204707511.0,854384414147.0,1695694542049.0,1142548819268.0,주요계정
00149804,(주)디와이에이,002880,Y,303,1115110000136,1278100094,19600116,12,광주광역시 광산구  소촌로123번길 40-12,2025,20260317000864,633397608367.0,564915822828.0,566931442867.0,392858411638.0,588414958021.0,633397807077.0,564915822828.0,566918624770.0,392855105701.0,588410751558.0,주요계정
00936787,애경케미칼(주),161000,Y,201,1101114951243,1138663305,20120903,12,서울특별시 마포구 양화로 188 9층(동교동),2025,20260318000074,1452334759000.0,1642244566000.0,1793735843000.0,1394265312000.0,1629438389333.0,1108517746000.0,1310224794000.0,1414480485000.0,1077127536000.0,1277741008333.0,주요계정
00103662,(주)광명전기,017040,Y,28123,1301110006270,1348104007,19830608,12,경기도 안산시 단원구  목내로 160 (목내동),2025,20260407003303,,,,,,95869088214.0,142406269452.0,161220121788.0,134086469248.0,133165159818.0,주요계정
00542898,케이이엠텍(주),106080,K,2629,1350110111703,1348166610,20010329,12,경기도 오산시 경기대로761번길 30 AA동 11-32호,2025,20260408000011,7573737130.0,17616731996.0,4994194351.0,52267787586.0,10061554492.0,5925203454.0,13518508601.0,4994193055.0,58449179240.0,8145968370.0,주요계정
01307335,(주)나인앤컴퍼니,366030,K,144,2801110078161,1278601517,20061102,12,경기도 양주시 평화로 1525,2025,20260323001324,45044252491.0,49860402968.0,53009477352.0,88287822148.0,49304710937.0,44648827047.0,48932397190.0,53009477352.0,88814575580.0,48863567196.0,주요계정
00307028,경남제약 주식회사,053950,K,212,1350110085255,1348142258,19981229,12,경상남도 의령군 동동리 1539-5,2025,20260318001510,,,,,,55944199110.0,60792073200.0,59303484058.0,155630389435.0,58679918789.0,주요계정
00605522,(주)아리바이오홀딩스,290690,K,28422,1211110051797,1308166262,19960702,12,충청남도 공주시 정안면 정안농공단지길 32-22,2025,20260318000950,,,,,,38268314998.0,50689386299.0,59827801602.0,141589003075.0,49595167633.0,주요계정
02038566,(주)네오뷰,0218L0,K,265,1341110071742,7668603678,20260701,12,경기도 안양시 만안구 안양로 111 경기벤처연성대학교센터8층,,,,,,,,,,,,,
00265421,(주)인지디스플레이,037330,K,26211,1350110036315,1348113942,19920317,12,충청남도 예산군 예산읍 벚꽃로388번길 7 -,2025,20260415000660,721813553316.0,732669239767.0,687269080649.0,482177886521.0,713917291244.0,50556541349.0,225372660184.0,290656841815.0,226986405541.0,188862014449.0,주요계정
00318316,대아티아이(주),045390,K,289,1101111195109,1168137494,19950912,12,경기도 부천시 오정구 수도로 139,2025,20260318000740,153189348670.0,149149155214.0,112334976960.0,336415770831.0,138224493615.0,147623507880.0,147975375832.0,112215174814.0,311611060187.0,135938019509.0,주요계정
01689035,주식회사 민테크,452200,K,27212,1601110401242,4368800186,20150616,12,대전광역시 유성구 국제과학21로 62 -,2025,20260318001177,,,,,,21016073455.0,20859463181.0,17547074779.0,55825043802.0,19807537138.0,주요계정
00106641,기아(주),000270,Y,30121,1101110037998,1198102316,19441210,12,서울특별시 서초구 헌릉로 12 기아자동차,2025,20260312001224,114140919000000.0,107448752000000.0,99808420000000.0,98979055000000.0,107132697000000.0,65148676000000.0,63256745000000.0,58519958000000.0,60213129000000.0,62308459666667.0,주요계정
01124653,(주)슈프리마,236200,K,26410,1311110433589,4318700369,20151231,12,경기도 성남시 분당구 정자일로 248 17층,2025,20260319001121,137302003098.0,108231735860.0,94630270174.0,299911238615.0,113388003044.0,123264393658.0,99548069211.0,88966654011.0,298405820047.0,103926372293.0,주요계정
01419135,(주)이노진,344860,K,20423,1101113301944,1068638550,20050907,12,"서울특별시 구로구 디지털로33길 28, 301호",2025,20260317000491,,,,,,8213447247.0,8944601685.0,10101040486.0,15028602394.0,9086363139.0,주요계정
01514227,(주)씨어스,458870,K,27199,1545110042723,3038155460,20090811,12,경기도 평택시 진위면 동부대로 291-13,2025,20260319000571,48170737719.0,8099754810.0,1885010467.0,54204850237.0,19385167665.0,48170737719.0,8099754810.0,1885010467.0,54136799318.0,19385167665.0,주요계정
00201432,(주)비츠로시스,054220,K,28123,1101110657275,2188101953,19891104,12,"서울특별시 금천구 가산디지털1로 225 5층 513~515호(가산동, 에이스가산포휴)",2025,20260316001630,44811475268.0,25652898941.0,19552896164.0,53728870232.0,30005756791.0,26294566177.0,19314861849.0,8482371885.0,42460803442.0,18030599970.0,주요계정
00803425,코리아에프티(주),123410,K,303,1101114290039,1078732411,20100224,12,경기도 안성시 원곡면 섬바위길 23,2025,20260731000261,785869151550.0,735908384932.0,679542505142.0,523167416168.0,733773347208.0,417358427794.0,378901787737.0,342745844294.0,352132658080.0,379668686608.0,주요계정
00828497,한미약품(주),128940,Y,21212,1348110197550,1248700613,20100705,12,경기도 화성시  팔탄면 무하로 214,2025,20260320001130,1547531098763.0,1495501575568.0,1490887463726.0,2137597680857.0,1511306712686.0,1146621703290.0,1114122996196.0,1096946397948.0,1464658865975.0,1119230365811.0,주요계정
00145880,현대제철(주),004020,Y,2411,1201110001743,1218110385,19530610,12,인천광역시 제물포구 중봉대로 63 -,2025,20260318001506,22733237259727.0,23226141091217.0,25914760456167.0,34442304939493.0,23958046269037.0,17800125991157.0,18617621568224.0,21609416275152.0,31455454513111.0,19342387944844.0,주요계정
00534701,(주)에이치티로보틱스,396300,K,259,1760110019792,5138116079,19990901,12,경상북도 구미시 1공단로10길 80,2025,20260318000562,,,,,,85827035655.0,92337581175.0,86777674618.0,149252510929.0,88314097149.0,주요계정
01586923,주식회사 스카이랩스,386380,K,27199,1345110270691,7528700188,20150921,12,"경기도 성남시 분당구 판교로255번길 58 703호 삼평동, 씨즈타워",,,,,,,,,,,,,
00243979,수성웹툰 주식회사,084180,K,29169,1101110313728,1398123988,19820223,12,인천광역시 서구 뱃길1로 42 수성웹툰 주식회사,2025,20260714000336,92774434022.0,54734930801.0,41276921129.0,174035255390.0,62928761984.0,21738007688.0,34680193970.0,30129850512.0,87079610636.0,28849350723.0,주요계정
00113492,깨끗한나라(주),004540,Y,171,1101110063779,2018112618,19660307,12,서울특별시 용산구 한남대로 98 일신빌딩 4층,2025,20260319000486,508201414888.0,537049885546.0,514854128376.0,637295741132.0,520035142937.0,507509280820.0,536189600008.0,515220961706.0,622965185429.0,519639947511.0,주요계정
00146214,일성아이에스(주),003120,Y,212,1101110039019,1068100710,19610215,12,경기도 과천시 과천대로7길 20 과천스마트케이업무시설 에이동1001호,2025,20260318001342,,,,,,64291702806.0,69018340865.0,78053232127.0,403009986637.0,70454425266.0,주요계정
