stock_code,corp_name,wave_group,keyword,context
001820,삼화콘덴서공업(주),비대상,유럽,"정보는 다음과 같습니다. (단위 : 천원) 구분 당기 전기 한국 113,964,694 119,698,427 유럽 4,924,380 8,325,790 미주 39,698,833 33,741,473 아시아 71,296,947"
001820,삼화콘덴서공업(주),비대상,유럽," 60%이상 차지합니다. 가전제품의 Life-Cycle의 단기화에 대응하기 위한 생산 체계를 갖추고 미주, 유럽, 동남아, 중화권 등 주요 거점별 맞춤형 판로 확대를 통해 특정 국가에 대한 의존도를 낮추고 수출 판로의 "
001820,삼화콘덴서공업(주),비대상,유럽,"B손해보험현대해상 33. 영업부문 (연결) 지역에 대한 공시 지역에 대한 공시 당기 (단위 : 천원) 한국 유럽 미주 아시아 기타 지역 합계 수익(매출액) 114,801,690 23,583,110 39,784,548 9"
049800,(주)우진플라임,2차 후보(확인 필요),유럽,"하였습니다. 말레이시아, 필리핀, 태국, 인도네시아, 베트남 등 동남아시아와 러시아, 폴란드, 터키 등의 동유럽, 인도 및 중남미에는 직영 판매사무소를 설립하여 세계 일류 사출성형기 전문기업으로 성장하기 위해 매진하고 "
049800,(주)우진플라임,2차 후보(확인 필요),유럽,"에서 활용 되고 있으며 고부가가치 성형산업으로 주목 받고 있음. ■ DL-A5 기종 ① DL-A5 시리즈는 유럽의 기술을 담은 고효율 투플레이튼 직압식 사출성형기. ② 포지션 센서와 최적화된 이송 실린더 구조, 새로운 "
049800,(주)우진플라임,2차 후보(확인 필요),유럽,"공시 당기 (단위 : 천원) 수익(매출액) 지역 국내 139,972,594 외국 아시아 32,682,420 유럽 14,498,598 아메리카 21,106,372 아프리카 130,031 기타 국가 3,233,228 지역 "
200880,(주)서연이화,2차 후보(확인 필요),라디에이터,"년소요 차량용 조명장치 '25.02.13 본 발명은 차량용 조명장치에 관한 것으로, 보다 상세하게는 차량의 라디에이터 그릴이나범퍼 등 차체의 다양한 위치에 적용되어 차량 외관의 심미성을 향상시킬 수 있는 차량용 조명장치에 관"
200880,(주)서연이화,2차 후보(확인 필요),유럽,"기업을 합하여 '연결회사')은 주요 해외거점에 생산공장을 보유하고 있으며, 주로 미국, 중국, 인도 그리고 유럽에서 제품을 판매하고 있습니다. 지배기업이 보유하고 있는 생산시설 현황은 다음과 같습니다. 소 재 지 생산개"
200880,(주)서연이화,2차 후보(확인 필요),유럽,": 천원) 구 분 외부고객으로부터의 수익 당기 전기 한국 1,201,609,290 1,103,571,509 유럽 704,820,973 702,379,312 중국 139,005,471 145,411,458 인도 592,4"
200880,(주)서연이화,2차 후보(확인 필요),유럽,"분 외부고객으로부터의 수익 당기 전기 한국 1,133,113,459,297 1,032,669,791,983 유럽 153,533,435,974 132,175,354,560 중국 18,972,235,992 11,862,89"
053060,(주)세동,2차 후보(확인 필요),유럽,"박막을 형성하는 기술을 개발하여, 도금이나 ETF 없이도 블랙 색상을 구현 ③ 알루미늄 롤 포밍 - 미국, 유럽, 일본 등 세계 각국에서 환경 문제가 이슈가 되어 자동차 산업에서도 연비향상의 목적으로 차량 경량화가 활발"
053060,(주)세동,2차 후보(확인 필요),유럽,"대효과 - 도어벨트 외관에 유광 블랙 색상 구현, ETF 사양 대비 공정 단순화(3) 알루미늄 롤 포밍미국,유럽,일본 등 세계 각국에서 환경 문제가 이슈가 되어, 자동차 산업에서도 연비향상의 목적으로 차량 경량화가 활발"
053060,(주)세동,2차 후보(확인 필요),유럽, 원자재 수급문제와 반도체 생산·수급 안정화 등으로 호재가 잇따랐습니다. 업계에 따르면 현대차그룹은 미국과 유럽 시장에서 각각 점유율 4위를 차지할 것으로 예상되며 글로벌 전체 점유율로는 3위를 차지할 것으로 예상됩니다
014620,(주)성광벤드,1차(2027),유럽,"공급하여 막대한 수입대체 효과를 가져왔습니다. 또한 해외시장 개척을 위한 부단한 노력과 시설투자로 아시아, 유럽, 중동, 미주지역에 진출하여 높은 성장률을 이룩하여 왔습니다. 작년 한해 해외 프로젝트는 고유가에 따른 경"
014620,(주)성광벤드,1차(2027),유럽," 마찬가지로 높은 비중(75%)을 차지했으며, 이어 건축(15%), 전기(4%) 등의 순입니다. 지역별로는 유럽(43%), 중동(25%), 북미·태평양(14%) 순으로 유럽 지역 수주 비중이 가장 높았으며, 유럽 지역이"
014620,(주)성광벤드,1차(2027),유럽,"%), 전기(4%) 등의 순입니다. 지역별로는 유럽(43%), 중동(25%), 북미·태평양(14%) 순으로 유럽 지역 수주 비중이 가장 높았으며, 유럽 지역이 체코 원전 사업을 비롯한 루마니아 체르나보다 원전 1호기 설"
053450,(주)세코닉스,비대상,유럽,(산업자원부 : DLP Projection Optical Engine 개발 과제) 2004.01 P-TV용 유럽향 및 VE모델 출시 2004.12 모바일카메라폰용 3Mega Pixel급 렌즈 개발 2004.12 EM M
053450,(주)세코닉스,비대상,유럽,"일반용, Low depth TV용, HD급, 동급 가격경쟁력 현재 최고 . SNI, SCI 모델 : 미국, 유럽향 모델. 일반용, Low depth TV, HD급, Hybrid type으로 특화 모델6) DLP Opti"
053450,(주)세코닉스,비대상,유럽," ADAS 카메라 렌즈 시장은 향후 연평균 8~10% 수준의 성장이 전망되고 있습니다. 자동차 조명 시장이 유럽을 중심으로 LED·Adaptive Lighting·Matrix Beam 등의 채용이 확대되면서, 2025~"
004700,조광피혁(주),비대상,휠,"17,029 합 계 97,880 90,248 126,567 나. 판매경로 및 판매방법 판매조직은 자동차시트&휠 가죽원단을 담당하는 두개의 영업팀으로 구성되어 있습니다.판매경로는 완성품업체에게 직접 판매하는 방식과 완성"
084730,팅크웨어(주),비대상,유럽,".04 팅크웨어, 주행부터 주차까지 더욱 강력해진 '아이나비 QXD9000 mini' 출시아이나비시스템즈, 유럽 1위 맵 공급사 톰톰(TomTom)과 글로벌 솔루션 공급을 위한 공식 파트너십 체결팅크웨어, 프리미엄 QH"
084730,팅크웨어(주),비대상,유럽,"기술력, 다양한 유통채널을 통한 안정적인 구매/장착/AS 제공 등으로 지속적인 판매 제공- 아시아, 북미, 유럽, 호주 등 해외 수출 시장 확대- 완성차향 B2B 및 대형 유통 채널향 B2C 공급 확대 지도 - 자율주행"
084730,팅크웨어(주),비대상,유럽,한 여객운수사업법이 시행되었습니다. 해외 역시 미국 모든 차량 내 후방카메라 탑재 의무화를 시작으로 일본과 유럽 등 다양한 국가에서 안전운전 기기를 의무 장착하고 있습니다. 이러한 시장 흐름에 따라 현재 시장에서 판매되
281740,(주)레이크머티리얼즈,비대상,유럽,"벌 메이저 기업들도 메탈로센 공정을 확대 중이며, 메탈로센 공정을 적용한 제품 생산은 주로 북미와 중남미, 유럽에 집중되어 있으나 2014년부터 아시아 지역 생산설비가 확대되고 있습니다. 촉매는 제품 품질에 직접적인 영"
281740,(주)레이크머티리얼즈,비대상,유럽,에 메탈로센 담지촉매 사업의 장기적인 성장은 MAO의 생산 유무가 아주 중요한 변수가 될 것으로 예상됩니다.유럽 주요 PE와 PP 생산업체인 Total사가 당사와 메탈로센 촉매 OEM 생산을 추진했던 가장 큰 이유도 당
281740,(주)레이크머티리얼즈,비대상,유럽,"ls은 일본 촉매제조 공장에서 Z-N촉매를 포함해 메탈로센 담지촉매까지 제조하고 있으며, BASF는 미국과 유럽에 촉매 생산공장을 가지고 있으며, Tosoh Fine Chemical은 일본에, Grace는 미국과 유럽,"
189300,(주)인텔리안테크놀로지스,비대상,유럽,"분 당기 전기 국내 13,764,994 19,890,672 미국 105,439,885 108,613,960 유럽 96,541,692 85,804,356 기타 103,881,780 43,460,461 합 계 319,628"
189300,(주)인텔리안테크놀로지스,비대상,유럽,"52% 6,168,000 2,000,000 하나은행 일반자금대출 4.58% 10,000,000 - 산업은행(유럽) 운전자금대출 3.22% 7,585,742 6,879,600 합 계 64,253,742 49,879,600"
189300,(주)인텔리안테크놀로지스,비대상,유럽,"Intellian B.V.의 차입금(EUR 4,500,000 및 EUR 3,000,000)에 대해 산업은행(유럽) 및 산업은행(평택지점)에 지급보증을 제공하고 있습니다. (6) 당기 및 전기 중 주요 경영진에 대한 보상"
083930,(주)아바코,비대상,유럽," 입증한 후 외부 고객을 대상으로 사업을 확장하는 패턴이 일반적입니다. 국내 제조장비 산업은 일본, 미국, 유럽 등 주요 선진국 대비 후발주자로 평가되지만, 반도체·디스플레이·배터리 등 전방 산업에서의 글로벌 경쟁력을 "
083930,(주)아바코,비대상,유럽,"은 각국 정부의 적극적인 지원 정책과 함께 자국 기업의 경쟁력 강화를 위한 다양한 전략을 추진하고 있으며, 유럽과 미국도 이차전지 공급망의 자립화를 위한 정책적 지원을 확대하고 있습니다. 이와 같은 정책적 지원은 장비 "
083930,(주)아바코,비대상,유럽," 이차전지 제조 장비 시장에도 상당한 변화를 가져올 가능성이 있습니다. 글로벌 이차전지 시장은 최근 미국, 유럽을 중심으로 보호무역주의와 자국 중심 생산 정책이 강화되면서 공급망 재편과 생산거점 다변화가 본격적으로 이루"
382840,주식회사 원준,2차 후보(확인 필요),유럽,ON Thermal and Powder Process Solutions Inc. 보증처 WOORI BANK(유럽) WOORI BANK(유럽) 우리은행 우리은행 우리은행 우리은행 신한은행 신한은행 서울보증보험 보증종류 이
382840,주식회사 원준,2차 후보(확인 필요),유럽,Powder Process Solutions Inc. 보증처 WOORI BANK(유럽) WOORI BANK(유럽) 우리은행 우리은행 우리은행 우리은행 신한은행 신한은행 서울보증보험 보증종류 이행보증서 발급용 이행보증서 
382840,주식회사 원준,2차 후보(확인 필요),유럽,0 담보로 제공된 자산에 대한 공시2 담보로 제공된 자산에 대한 공시2 (단위 : 원) WOORI BANK(유럽) WOORI BANK(유럽)2 WOORI BANK(유럽)3 피보증처명 ONEJOON GmbH ONEJOON
241710,(주)코스메카코리아,비대상,유럽,"미국 215,895,267 캐나다 1,193,459 중국 35,909,788 동남아시아 12,089,933 유럽 29,226,898 기타 국가 11,758,571 지역 합계 640,757,633 기술료부문 지역 국내 0"
241710,(주)코스메카코리아,비대상,유럽,"571 지역 합계 640,757,633 기술료부문 지역 국내 0 미국 0 캐나다 0 중국 0 동남아시아 0 유럽 100,910 기타 국가 0 지역 합계 100,910 기타부문 지역 국내 68,370 미국 2,160 캐나"
241710,(주)코스메카코리아,비대상,유럽,"지역 합계 100,910 기타부문 지역 국내 68,370 미국 2,160 캐나다 0 중국 0 동남아시아 0 유럽 0 기타 국가 0 지역 합계 70,530 전기 (단위 : 천원) 고객과의 계약에서 생기는 수익 부문 화장품"
013520,(주)화승코퍼레이션,2차 후보(확인 필요),기어박스,"대비해온 부품업체들은 그린뉴딜로 새로운 도약의 기회를 얻게 되었습니다. 내연기관 차 부품의 대부분이 엔진과 변속기 등에 쓰이는 만큼, 전기차 시대 도래와 함께 자동차 부품사들의 위기가 이야기되고 있습니다. 하지만 전기차 "
013520,(주)화승코퍼레이션,2차 후보(확인 필요),기어박스,"시 기본적으로 자동차인만큼 종전과 대동소이하게 탑재되는 부품들이 존재하고, 내연기관과 관련된 부품인 엔진, 변속기 클러치 등의 수요는 크게 줄어들겠지만 배터리, 공조시스템, 모터 등은 전기차 시대의 도래와 함께 빠르게 성"
013520,(주)화승코퍼레이션,2차 후보(확인 필요),유럽,"이므로, 관련 제품의 수요 증가가 예상됩니다. 기존 해양 인프라 보호 사업의 내실을 강화하는 한편, 북미와 유럽 등 선진 시장으로 보폭을 넓히고 있습니다. 특히 지진 및 진동 제어 기술인 탄성베어링 분야로의 진출을 통한"
013520,(주)화승코퍼레이션,2차 후보(확인 필요),유럽,"부채로 인식하지 않은 항목에 대한 공시 (단위 : 천원) 지역 지역 합계 본사 소재지 국가 외국 중국 미국 유럽 등 이연법인세자산으로 인식되지 않은 미사용 세무상결손금 126,164,538 13,253,388 127,3"
013520,(주)화승코퍼레이션,2차 후보(확인 필요),유럽,",786,261 지역에 대한 공시 당기 (단위 : 천원) 지역 지역 합계 본사 소재지 국가 외국 미국 인도 유럽 기타 해외 기업 전체 총계 기업 전체 총계 합계 기업 전체 총계 기업 전체 총계 합계 기업 전체 총계 기업"
100120,(주)뷰웍스,2차 후보(확인 필요),유럽," 등과 관련하여 환율변동위험에 노출되어 있습니다. 당사가 노출되어 있는 주요 통화는 미국 달러, 일본 엔, 유럽연합의 유로, 중국의 위안화가 있습니다. 동 위험은 시장이자율의 변동으로 인하여 당사의 투자 및 재무활동에서"
100120,(주)뷰웍스,2차 후보(확인 필요),유럽,"04,463 지역에 대한 공시 당기 (단위: 원) 구 분 본사 소재지 국가 홍콩(중국, 대만 포함) 미국, 유럽 지역 합계 수익(매출액) 202,236,312,819 10,922,514,864 26,175,752,317"
100120,(주)뷰웍스,2차 후보(확인 필요),유럽," 142,403,979,698 전기 (단위: 원) 구 분 본사 소재지 국가 홍콩(중국, 대만 포함) 미국, 유럽 지역 합계 수익(매출액) 190,576,866,863 8,701,968,969 23,619,233,566 "
019180,(주)티에이치엔,비대상,유럽,: HKMC & THN3. 연구결과 및 기대효과 1) 가정용 전기차 충전기 설계 능력 확보 2) 국내/북미/유럽 인증 사양 및 평가 방안 구성 3) 대용량 충전 기술력 확보(기존 3kw → 7kw)4. 연구결과가 제품에
008870,(주)금비,비대상,유럽,"로 전망 됩니다. 화장품 최대 수출국인 중국으로의 수출은 감소 및 답보하고 있으나, 북미 수출 12.4%, 유럽 수출 11.6% 예상으로 수출 성장세가 이어 질 것으로 전망됩니다. 대체적으로 국내 화장품 용기산업의 성장"
008870,(주)금비,비대상,유럽,살아남기 위한 체계적인 국가와 기업의 전략이 필요한 시점 입니다. 당사는 에이전시와 협조하여 2024년부터 유럽 및 일본시장 적극 개척을 진행하고 있습니다. 바. 관련법령 또는 정부의 규제 등 [Cap사업부]병마개 중 
336570,원텍(주),2차 후보(확인 필요),유럽,"부, 미용 관련 레이저 및 Surgical, 에너지기반 의료기기가있으며, 국내외 대리점, 병원 및 아시아, 유럽, 중동, 남미 등 해외로도 활발히 수출되고 있습니다. 각 사업부문별 주요제품과 매출비중 다음과 같습니다. "
336570,원텍(주),2차 후보(확인 필요),유럽,"인증이 중요합니다. 당사는 국내는 물론 해외 현지법인을 통한 인증팀을 구축하여 국내MFDS, 미국 FDA, 유럽 CE, 중국CFDA 승인 등 다수의 제품 인증을 획득하였습니다.국가별로 인증받은 제품의 우수성과 관련된 홍"
336570,원텍(주),2차 후보(확인 필요),유럽," (2) 국내외 시장여건 1) 시장의 안정성 당사가 영위하는 사업의 레이저와 에너지 기반 의료기기는 미국, 유럽 등 선진국을 중심으로 수요가 크게 나타나고 있는 안티에이징 분야의 경우, 미용 의료기기 시장의 고성장에 가"
267320,(주)나인테크,2차 후보(확인 필요),유럽, 따라 향후에는 전기자동차에 사용되는 2차전지 수요가 크게 증가할 것으로 예측되고 있습니다. 특히 중국 및 유럽 등 전기자동차 보급이 급증하면서 2차전지에 대한 수요도 급격히 증가하고 있는 추세입니다. 2) 디스플레이 
206640,바디텍메드(주),비대상,유럽,적십자사 레드크로스 아너스기업 가입 조인스타와 중국 기초의료개혁 인프라 구축 합작 계약체결 진단키트 22종 유럽 신규 인증체계인 CE-IVDR 제품 인증 2024 대만 BPM사와 당뇨병성 신장 질환 예측 마커 MOU 체
206640,바디텍메드(주),비대상,유럽,"증 2024 대만 BPM사와 당뇨병성 신장 질환 예측 마커 MOU 체결 진단장비 14종, 진단키트 142종 유럽 신규 인증체계인 CE-IVDR 제품 인증 완료 2025 러시아 연방 보건감독청(RZN)으로부터 진단키트 7"
206640,바디텍메드(주),비대상,유럽,"플랫폼과 제품 라인업을 기반으로 매출 포트폴리오를 다변화하고, 이머징마켓 중심의 매출 구조를 미국, 일본, 유럽 등 선진국 중심으로 전환하여 글로벌 진단기업으로 도약한다는 전략적 목표를 추진하고 있습니다. 6. 제품 설"
378850,주식회사 화승알앤에이,2차 후보(확인 필요),기어박스,"략이 본격화되면서 전통적 자동차 산업의 구조개편이 이루어지고 있습니다. 내연기관 차 부품의 대부분이 엔진과 변속기 등에 쓰이는 만큼, 전기차 시대 도래와 함께 자동차 부품사들의 위기가 이야기되고 있습니다. 하지만 전기차 "
378850,주식회사 화승알앤에이,2차 후보(확인 필요),기어박스,"시 기본적으로 자동차인만큼 종전과 대동소이하게 탑재되는 부품들이 존재하고, 내연기관과 관련된 부품인 엔진, 변속기 클러치 등의 수요는 크게 줄어들겠지만 배터리, 공조시스템, 모터 등은 전기차 시대의 도래와 함께 빠르게 성"
378850,주식회사 화승알앤에이,2차 후보(확인 필요),현가장치,연소하는 역할 4 Brake Hose 차량 제동시스템 중 브레이크 유압을 전달하는 관로에 장착되는 부품으로 서스펜션의 진동 및 바퀴의 조향에 따라 유연성이 요구되는 구간에 장착 됨 5 Intercooler Hose 터보를 
378850,주식회사 화승알앤에이,2차 후보(확인 필요),유럽," 매출이 증가 될 것으로 예상되며, 향후에도 선진기술 확보를 통한 기술력을 바탕으로 국내 시장을 넘어미주, 유럽 등 글로벌 친환경차 시장에서 지속적 마케팅 및 신규수주를 이어갈 것입니다. 나. 주요 제품 등의 가격변동 "
025820,이구산업(주),비대상,유럽," 신동산업은 국제원자재 가격(LME)의 변동에 민감하고, 기초소재산업의 특성으로 인해 중국을 포함한 미국, 유럽 등 글로벌 경기 동향에 직접적 영향을 받습니다. 전방산업인 자동차, 전기전자, IT, 통신기기, 건설, 조"
071280,로체시스템즈(주),2차 후보(확인 필요),휠, 공정의 통합수행이 가능한 비접촉식 차세대 Glass Cutting용 개발장비입니다.(기존장비는 다이아몬드 휠을 사용하여 절단합니다.) - Laser를 이용한 Glass의 절단은 기존의 다이아몬드 휠 커팅방식에서의 C
071280,로체시스템즈(주),2차 후보(확인 필요),휠,"장비는 다이아몬드 휠을 사용하여 절단합니다.) - Laser를 이용한 Glass의 절단은 기존의 다이아몬드 휠 커팅방식에서의 Chipping과 진행성 균열을 발생시키지 않는 극청정, 고강도, 고품질 절단이 가능 - L"
002920,유성기업(주),2차 후보(확인 필요),휠,"분을 보유한 회사로 전기자동차용 파워트레인 전문업체이며, 친환경 자동차의 구동모터, PS모터, ISG모터, 휠인모터와 반도체 칠러용펌프, 산업용 특수모터 부문에서 기술력을 보유하고 있는 회사입니다. ◎ 그밖의 투자 의"
002920,유성기업(주),2차 후보(확인 필요),휠,"을 보유한 회사로 전기자동차용 파워 트레인 전문업체이며, 친환경 자동차의 구동모터, PS모터, ISG모터, 휠인모터와 반도체 칠러용 펌프, 산업용 특수모터 부문에서 기술력을 보유하고 있는 회사입 니다. 2. 주요 제품"
002920,유성기업(주),2차 후보(확인 필요),유럽," 생산업체 등에 OEM 및 보수 용 부품으로 공급하며 국내 A/S 등 시판과 미국, 동남아, 중동, 남미, 유럽 등 세 계 각국에 수출하고 있으며 또한 선박 중속엔진용 실린더라이너를 개발하여 국내 선박회사로의 영업 영역"
002920,유성기업(주),2차 후보(확인 필요),유럽,"기관 생산업체등에 OEM 및 보수용 부품으로 공급하며 국내 A/S용 시판과 미국, 동남 아, 중동, 남미, 유럽등 세계 각국에 수출하고 있으며, 당사관계회사에서 생산하 는 자동차 및 내연기관 부품인 SPINY 실린더라이"
002920,유성기업(주),2차 후보(확인 필요),유럽,"을 통하 여 A/S제품을 공급하고 있습니다. 수출은 국내자동차회사를 통한 로컬수출과 미국, 동남아, 중동, 유럽등에 직수출 하고 있습니다. 매출액 중 OEM 85%, A/S, 시판 15% 정도이며 이러한 비중은 영업상황"
001390,KG케미칼(주),1차(2027),유럽,"6) DRD용 석도강판 품질 개선 개발 2023년 신제품 (1) 국내외 가전사 PCM, VCM 개발 (2) 유럽향 고강도강 개발 (3) 가전향 PCM 품질개선 (4) 가전향 고내식 2C2B PCM 개발 (5) 내외장재 "
001390,KG케미칼(주),1차(2027),유럽,"습니다. 또한, EU ETS(EU 배출권거래제), CII(탄소집약도지수) 규제 강화 등 글로벌 추세에 맞춰 유럽시장으로의 중유 기반의 Bio Marine Fuel 수출도 준비중에 있습니다. 8) 판매전략 (1) 판매단가"
001390,KG케미칼(주),1차(2027),유럽,"(북미, 중국, 인도) 수요 증가에 힘입어 완만한 성장세를 이어갔습니다. (자료: S&P Global) ① 유럽 시장 당사의 수출 비중이 가장 높은 유럽 시장(EU+UK+EFTA)은 전년 동기 대비 2.4% 증가한 1,"
122690,(주)서진오토모티브,2차 후보(확인 필요),기어박스,"있습니다. 당사는 국내 시장에 국한되지 않고 글로벌 시장 확대를 핵심 성장 전략으로 추진하고 있습니다. 자동변속기 제품 라인업 확대와 함께 해외 완성차 업체 및 글로벌 부품사와의 전략적 협력을 강화하고 있으며, 북미를 비"
122690,(주)서진오토모티브,2차 후보(확인 필요),기어박스,"2020년 9월 24일 심의위원회로부터 승인을 획득하였습니다. 해당 사업재편의 주요 내용은 내연기관 차량의 변속기 기능을 대체하는 전기·수소차용 감속기 부품 개발 및 양산라인 구축을 통해 전기차, 수소차 및 퍼스널 모빌리"
122690,(주)서진오토모티브,2차 후보(확인 필요),기어박스," 승인을 획득하였습니다. 해당 사업재편의 주요 내용은 내연기관 차량의 변속기 기능을 대체하는 전기·수소차용 감속기 부품 개발 및 양산라인 구축을 통해 전기차, 수소차 및 퍼스널 모빌리티 시장으로 사업영역을 확장하는 것입니"
122690,(주)서진오토모티브,2차 후보(확인 필요),휠,형의 조향장치 플라스틱류 콘솔 (Console) 운전석과 조수석 사이에 설치된 제품으로 박스모양의 수납공간 휠커버(Wheel Cover) Wheel의 외관을 덮어 타이어의 냉각효과 및 Wheel의 부식을 방지하는 외장
122690,(주)서진오토모티브,2차 후보(확인 필요),휠,"승차감 및 주행안전성을 향상 7,781 1.9 8,698 2.2 LOWER ARMS 노면으로의 충격 흡수, 휠의 상하운동을 돕고, 휠의 제동력과 선회 구심력을 지지 537 0.1 1,345 0.3 SPRING PAD "
122690,(주)서진오토모티브,2차 후보(확인 필요),휠,"향상 7,781 1.9 8,698 2.2 LOWER ARMS 노면으로의 충격 흡수, 휠의 상하운동을 돕고, 휠의 제동력과 선회 구심력을 지지 537 0.1 1,345 0.3 SPRING PAD 코일스프링과 스프링시트브"
122690,(주)서진오토모티브,2차 후보(확인 필요),라디에이터, 차량용 차동장치 선행기술 에코플라스틱(주) 2010년 회전형 컵홀더 개발 신제품 개발 2011년 자동차용 라디에이터 그릴의 제조 방법 공정 개발 2011년 핸드폰 거치대 및 이를 포함하는 자동차 신제품 개발 2012년 TA
122690,(주)서진오토모티브,2차 후보(확인 필요),유럽,"발, 생산 효율화, 공급망 안정화 및 고부가가치 제품 중심의 경쟁력 확보가 더욱 중요해지고 있습니다. 또한 유럽을 중심으로 자동차 전과정평가(LCA) 제도 도입이 논의되고 있고, 2026년부터 2030년 사이 자발적 보"
122690,(주)서진오토모티브,2차 후보(확인 필요),유럽,"니다. 또한 주요국의 환경규제와 통상환경 변화는 자동차부품업체의 경쟁력에 직접적인 영향을 미치고 있습니다. 유럽연합은 승용차 및 밴에 대한 CO2 배출기준을 지속적으로 강화하고 있으며, 글로벌 전기차 판매도 2024년 "
122690,(주)서진오토모티브,2차 후보(확인 필요),유럽,"발, 생산 효율화, 공급망 안정화 및 고부가가치 제품 중심의 경쟁력 확보가 더욱 중요해지고 있습니다. 또한 유럽을 중심으로 자동차 전과정평가(LCA) 제도 도입이 논의되고 있고, 2026년부터 2030년 사이 자발적 보"
194370,(주)제이에스코퍼레이션,비대상,유럽,"고부가가치 산업으로 육성하기 위해 노력하고 있습니다. 패션산업을 창조산업으로 분류하고 있는 관련 국제기구는 유럽연합(EU), 세계지적재산권기구(WIPO), 국제연합무역개발협의회(UNCTAD) 등이며, 해외국가는 영국, "
194370,(주)제이에스코퍼레이션,비대상,유럽,".비교 자료에 따르면 북미 시장은 2018년에도 35%의 시장점유율로 가장 큰 규모의 시장을 유지하였으며, 유럽 시장의 경우 3% 가량의 시장 점유율 하락을 보여 중국이 유럽을 제치고 세계 2위의 시장 규모를 나타내고 "
194370,(주)제이에스코퍼레이션,비대상,유럽,"유율로 가장 큰 규모의 시장을 유지하였으며, 유럽 시장의 경우 3% 가량의 시장 점유율 하락을 보여 중국이 유럽을 제치고 세계 2위의 시장 규모를 나타내고 있습니다. 동남아시아 시장은 시장점유율에 변동이 없었으며, 일본"
064960,SNT모티브(주),2차 후보(확인 필요),기어박스,환경차들의 주동력원인 구동모터 핵심부품을 안정적으로 공급하고 있으며 GM 전기차에 내연기관 승용차의 엔진과 변속기에 해당하는 핵심부품인 드라이브유닛을 공급했습니다. 또한 소화기 위주의 방산품을 생산하여 방위사업청 등의 내
064960,SNT모티브(주),2차 후보(확인 필요),기어박스,ivate LtdSNT Motiv India Private LimitedSNT Global INC 모터엔진및변속기부품전자전장품현가장치에어백 등 GM Global현대모비스한국GMStellantisMAGNABorgWarner
064960,SNT모티브(주),2차 후보(확인 필요),기어박스," 있으며, E-Pump (모터 일체형 Electric Pump)의 양산 수주와 함께 GM Global의 자동변속기용 Pump 분야까지 사업 영역을 확장하였습니다. 아울러 E-Pump (모터 일체형 Electric Pump"
064960,SNT모티브(주),2차 후보(확인 필요),현가장치,"NT Motiv India Private LimitedSNT Global INC 모터엔진및변속기부품전자전장품현가장치에어백 등 GM Global현대모비스한국GMStellantisMAGNABorgWarner 등 777,178("
064960,SNT모티브(주),2차 후보(확인 필요),현가장치,"RD, 현대 등 461,837 44.6% 엔진부품 엔진/파워트레인부품 한국GM 등 218,916 21.2% 현가장치 현가장치류 한국GM, GM 등 65,892 6.4% 전자전장품 전자전장품류 한국GM, GM 등 46,703"
064960,SNT모티브(주),2차 후보(확인 필요),현가장치,"대 등 461,837 44.6% 엔진부품 엔진/파워트레인부품 한국GM 등 218,916 21.2% 현가장치 현가장치류 한국GM, GM 등 65,892 6.4% 전자전장품 전자전장품류 한국GM, GM 등 46,703 4.5%"
064960,SNT모티브(주),2차 후보(확인 필요),유럽,"8 40,000 304,894,138 아시아 53,359,679 162,283,449 215,643,128 유럽 6,593,882 61,190 6,655,072 미주 229,288,770 4,431,452 233,720"
064960,SNT모티브(주),2차 후보(확인 필요),유럽,"49,492 - 289,049,492 아시아 58,640,009 114,468,346 173,108,355 유럽 6,671,732 - 6,671,732 미주 193,846,853 2,568,684 196,415,537 "
064960,SNT모티브(주),2차 후보(확인 필요),유럽,"74,852 로컬수출 59,176,698 59,635,781 아시아 42,324,472 21,570,396 유럽 1,249,781 2,381,872 아메리카 50,142,580 45,217,677 합 계 181,170,"
083310,(주)엘오티베큠,비대상,유럽,"증을 보유하고 있습니다. 이 외에 2008년 6월 EcoSL, EcoScrew 라는 브랜드로 국내 및 해외(유럽, 미국, 중국, 대만 등) 출원하였습니다. 또한, 회사는 제품의 품질 및 기술과 관련된 각종 인증을 보유하"
083310,(주)엘오티베큠,비대상,유럽," 보유하고 있으며, 특히 당사에서 개발, 생산, 판매하는 모든 제품에 미국 제품안전 인증인 SEMI-S2, 유럽 제품안전 인증인 CE(European Communities)의 인증을 받았습니다. 2) 지적재산권 보유현황"
058610,(주)에스피지,2차(2028),기어박스," 표기하며, 약식으로 ㈜ 에스피지라고 표기합니다. 3. 설립일자 및 존속기간지배회사는 정밀 제어용 모터 및 감속기 부품 개발, 생산 및 판매를 주 영업목적으로 1991년 3월21일 설립되었습니다. 또한 회사의 주식이 20"
058610,(주)에스피지,2차(2028),기어박스,니다. 정밀 제어용 기어드 모터의 주요 기능은 자동화 시스템 및 가전기기 등에 사용되는 정밀 제어용 모터에 기어 박스 세트(감속 기어)를 부착하여 무거운 것을 운반하거나 들어 올릴 수 있는 힘을 제공하는 것입니다. 제품의 주
058610,(주)에스피지,2차(2028),기어박스,장에 상장하였습니다. 소형 기어드 모터의 주요 기능은 자동화 시스템 및 가전기기 등에 사용되는 소형 모터에 기어 박스 세트(감속 기어)를 부착하여 무거운 것을 운반하거나 들어 올릴 수 있는 힘을 제공하는 것입니다. 제품의 주
058610,(주)에스피지,2차(2028),유럽,"4,424,133 미국 104,526,798,648 109,753,826,329 99,797,138,496 유럽 14,477,053,639 10,281,809,678 14,195,889,079 중국 113,752,765"
058610,(주)에스피지,2차(2028),유럽,"7,483,482 미주 100,371,105,051 107,476,076,360 97,961,513,004 유럽 14,477,053,639 10,281,809,678 14,195,889,079 중국 2,768,174,0"
058610,(주)에스피지,2차(2028),유럽,",393 (3) 판매방법 및 조건당사의 제품 판매방법은 내수의 경우 직판과 대리점, 해외수출의 경우 미주, 유럽, 중국, 일본, 기타로 크게 구분됩니다. 직판의 경우 업체마다 금액에 따라 상이하나, 보통 월말 마감 후 "
003200,일신방직(주),비대상,유럽,"인 상 가장 부가가치가 높은 영역은 디자인, 브랜딩, 마케팅이며 , 이는 주로 빅바이어에 해당하는 미국 및 유럽의 선도기업이 주도하고 있으며 우리회사는 기초원자재를 공급하는 면방산업을 영위하고 있습니다. (2) 산업의 "
204020,(주)그리티,비대상,유럽,",090 (413,203) 100,090 중국 위안화/원 상승시 4 - 4 - 하락시 (4) - (4) - 유럽 유로화/원 상승시 (2,362) (712) (2,362) (712) 하락시 2,362 712 2,362 7"
204020,(주)그리티,비대상,유럽,"4,671 (518,990) 14,671 중국 위안화/원 상승시 4 - 4 - 하락시 (4) - (4) - 유럽 유로화/원 상승시 (2,362) (712) (2,362) (712) 하락시 2,362 712 2,362 7"
204020,(주)그리티,비대상,유럽,"4,671 (518,990) 14,671 중국 위안화/원 상승시 4 - 4 - 하락시 (4) - (4) - 유럽 유로화/원 상승시 (2,362) (712) (2,362) (712) 하락시 2,362 712 2,362 7"
036810,(주)에프에스티,비대상,유럽,"728,832 아시아 76,789,554 69,224,233 아메리카 11,030,187 6,342,530 유럽 1,105,541 1,132,282 합계 223,592,130 210,427,877 5. 고객과의 계약에서"
036810,(주)에프에스티,비대상,유럽," 지역 본사 소재지 국가 174,381,934 외국 아시아 92,431,252 아메리카 12,344,007 유럽 1,105,541 지역 합계 280,262,734 전기 (단위 : 천원) 수익(매출액) 지역 본사 소재지 "
036810,(주)에프에스티,비대상,유럽,") 지역 본사 소재지 국가 152,260,002 외국 아시아 77,496,285 아메리카 6,519,882 유럽 1,132,282 지역 합계 237,408,451 5. 고객과의 계약에서 생기는 수익 (연결) 회사가 수익"
243840,신흥에스이씨(주),비대상,유럽,"중대형전지는 각국 정부의 연비 및 이산화탄소 배출 규제 강화, 전기차의 주행거리 및 경제성 개선으로 중국, 유럽을 중심으로 지속 성장하고 있습니다. 최근 캐즘으로 EV 산업이 주춤하고 있으나 자율주행 기술의 발전에 따라"
243840,신흥에스이씨(주),비대상,유럽,"에 시장의 재고조정으로 인해, 11월에서 1월에는 판매수량이 감소하는 경향을 보입니다. 자동차용 중형전지는 유럽의 환경규제 정책 완화, 미국의 정책환경 등으로 인해 수요 둔화에 대한 우려가 있으나, 각국 정부의 연비 및"
243840,신흥에스이씨(주),비대상,유럽,"로 소형과 중대형라인에 대한 국내 및 해외생산기지 건립 등의 적극적인 투자를 하고있습니다.. 특히, 미국과 유럽의 전기차 및 ESS 시장공략을 위해 미국 및 헝가리에 법인설립 후 라인을 투자하고있으며, 커나가는 시장을 "
278280,(주)천보,비대상,유럽," 한 시점에 이전하는 재화나 서비스 지역 한국 44,486,286,698 아시아 60,935,319,560 유럽 20,343,309,458 미주 8,084,673,911 지역 합계 133,849,589,627 전기 (단"
278280,(주)천보,비대상,유럽," 한 시점에 이전하는 재화나 서비스 지역 한국 46,957,100,419 아시아 66,392,271,445 유럽 20,969,600,661 미주 10,593,660,389 지역 합계 144,912,632,914 수행의무"
278280,(주)천보,비대상,유럽,"기 (단위 : 원) 재화나 용역의 이전 시기 한 시점에 이전하는 재화나 서비스 지역 지역 합계 한국 아시아 유럽 미주 수익(매출액) 31,710,025,009 34,608,603,205 1,284,061,366 735,"
025320,(주)시노펙스,비대상,유럽,"탄소배출권 시장규모는 전 세계적으로 '23년 약 125억톤이 거래되었으며 거래대금은 약 1,260조원이며, 유럽은 전 세계시장의 약 87%를 차지하고 있습니다. '23년 기준으로 유럽의 시장은 전년대비 다소 주춤하였으나"
025320,(주)시노펙스,비대상,유럽," 거래대금은 약 1,260조원이며, 유럽은 전 세계시장의 약 87%를 차지하고 있습니다. '23년 기준으로 유럽의 시장은 전년대비 다소 주춤하였으나 북미시장은 약 102조원, 중국시장은 약 3조원 규모로 크게 성장하였습"
039440,(주)에스티아이,비대상,유럽,"니다. 지역별로는 미주 및 아시아 태평양 지역이 논리 및 메모리 분야의 강세를 반영하여 25~30% 성장, 유럽은 6% 성장할 것으로 전망되는 반면, 일본은 4% 감소할 것으로 전망 했습니다. 2026년 세계 반도체 시"
039440,(주)에스티아이,비대상,유럽," 성장할 것으로 예상됩니다. 미주와 아시아 태평양 지역이 가장 강력한 성장 동력으로 작용할 것으로 보이며, 유럽과 일본은 두 자릿수 초반대의 성장률을 보일 것으로 전망됩니다. 세계 반도체 시장규모 전망.jpg 세계 반도"
039440,(주)에스티아이,비대상,유럽,"니다. 지역별로는 미주 및 아시아 태평양 지역이 논리 및 메모리 분야의 강세를 반영하여 25~30% 성장, 유럽은 6% 성장할 것으로 전망되는 반면, 일본은 4% 감소할 것으로 전망 했습니다. 2026년 세계 반도체 시"
004430,송원산업(주),비대상,유럽," 5.7% 감소한 752,925백만원의 매출을 달성하였습니다. 산업용화학제품부문은 수요의 둔화, 경쟁격화, 유럽의 높은 에너지비용과 아시아시장에 영향을 미친 미국의 무역 제재 조치가 실적에 부정적인 영향을 미쳤습니다. "
004430,송원산업(주),비대상,유럽," 중국에서 직접 창고를 운영 중이며, 배급업체를 통한 창고운영으로 주요 아시아국가에 유통하고 있습니다. - 유럽, 중동 및 아프리카 : 벨기에, 인도, 바레인에서 직접 창고를 운영 중이며, 배급업체를 통한 창고운영으로 "
004430,송원산업(주),비대상,유럽,"동 및 아프리카 : 벨기에, 인도, 바레인에서 직접 창고를 운영 중이며, 배급업체를 통한 창고운영으로 주요 유럽국가, 러시아, 터키 및 아프리카에 유통하고 있습니다. - 미주 : 미국, 캐나다에서 직접 창고를 운영 중이"
005030,부산주공(주),2차 후보(확인 필요),유럽,"다. 40. 부문별 정보 지역에 대한 공시 지역에 대한 공시 당기 (단위 : 천원) 본사 소재지 국가 미국 유럽 기타 국가 지역 합계 수익(매출액) 99,710,246 21,953,237 69,972,944 3,769,"
005030,부산주공(주),2차 후보(확인 필요),유럽," 69,972,944 3,769,740 195,406,167 전기 (단위 : 천원) 본사 소재지 국가 미국 유럽 기타 국가 지역 합계 수익(매출액) 110,080,419 30,705,979 70,045,526 2,198"
025540,한국단자공업(주),비대상,유럽," 대비 1% 감소한 410만대로 집계되었습니다. 해외생산은 북미 및 인도 시장의 견조한 성장세가 있었으나, 유럽 시장은 자동차 산업 침체로 인하여 판매 감소 및 경쟁이 심화되어 전년 대비 1% 소폭 상승한 369만대에 "
036890,(주)진성티이씨,2차(2028),유럽,"라, 계약만기 6개월전 별도의 통지가 없는 한 계속 유효함.) 계약 주요내용 CATERPILLAR사 미국, 유럽, 중국, 일본 등 필요한 소요량의 최소 80% 이상을 공급할 예정이며 계약 금액은 3,502억원 규모로 2"
036890,(주)진성티이씨,2차(2028),유럽," 있으며, 이를 바탕으로 CATERPILLAR사의 관계를 보다 더 긴밀히 하고 나아가 미국시장 뿐만 아니라 유럽, 중국, 일본 등 전 세계시장을 상대로 시장지배력을 강화하여 건설중장비 부품의 명실상부한 글로벌 강소기업의"
036890,(주)진성티이씨,2차(2028),유럽,"업의 특징이라 할 수 있습니다.나. 산업의 성장성 건설중장비 생산시장은 규모로 볼 때 미국, 일본, 중국, 유럽, 기타지역으로 구분할 수 있습니다. 세계 건설 중장비 시장은 2021년에 COVID-19출구전략에 따른 각"
089980,(주)상아프론테크,비대상,유럽,". 자국산업의 보호와 무역수지 개선을 위한 일방적인 상호 관세 부과와 무역 규제를 강화하였고, 이에 대응해 유럽과 중국, 캐나다 등 주요 교역국들 역시 보복 관세 및 자국 우선 정책을 확대하면서 글로벌 무역 갈등이 한층"
183190,아세아시멘트(주),1차(2027),유럽,"을 산정할 경우 당사의 시장점유율은 1.5 % 수준으로 파악되며, 최근 급격한 변동이 없습니다.드라이몰탈은 유럽 쪽에서는 이미 보편화된 건설재료로 국내 건설시장에서도 정착 후 확산되는 상황입니다. 또한 기존의 재료보다 "
093050,(주)LF,비대상,유럽,"식품제조 및 식자재 유통사업을 운영하고 있으며, '구르메 F&B'라는 브랜드를 통해 버터, 치즈 등 다양한 유럽 식자재 유통 사업을 전개하고 있습니다. 당사가 영위하고 있는 기타 사업부문으로는 부동산업, 방송업 등이 있"
093050,(주)LF,비대상,유럽,제조서비스업)주요 제품 및 서비스 [지배회사]가. 주요 제품 등의 현황 당사는 국내 본사를 비롯하여 중국과 유럽 등 해외에 47개의 종속회사로 구성된 글로벌 의류제조 및 판매를 하는 회사입니다. 또한 지배회사는 의류사업
093050,(주)LF,비대상,유럽,"06 36.4% 소 계 157,010 88.3% 166,215 99.8% 155,556 99.5% 식품유통(유럽) 치즈류 10,103 5.7% - - - - 버터류 7,710 4.3% - - - - 카페/베이커리류 58"
042110,(주)에스씨디,2차(2028),유럽,"OST TIMER, DOORLOCK 등 2. 구체적 용도 - ICE MAKER : 얼음소비가 많은 미주 및 유럽 고급형 냉장고에 장착 냉장고 제빙 SYSTEM에 의하여 자동으로 물이 공급되어 얼음이 결빙된 TRAY를 비"
043370,피에이치에이(주),2차 후보(확인 필요),유럽,지역 합계 지역 지역 합계 지역 지역 합계 지역 지역 합계 지역 지역 합계 지역 지역 합계 대한민국 아시아 유럽 북미 기타 대한민국 아시아 유럽 북미 기타 대한민국 아시아 유럽 북미 기타 대한민국 아시아 유럽 북미 기타
043370,피에이치에이(주),2차 후보(확인 필요),유럽,지역 합계 지역 지역 합계 지역 지역 합계 지역 지역 합계 대한민국 아시아 유럽 북미 기타 대한민국 아시아 유럽 북미 기타 대한민국 아시아 유럽 북미 기타 대한민국 아시아 유럽 북미 기타 대한민국 아시아 유럽 북미 기타
043370,피에이치에이(주),2차 후보(확인 필요),유럽,지역 합계 지역 지역 합계 대한민국 아시아 유럽 북미 기타 대한민국 아시아 유럽 북미 기타 대한민국 아시아 유럽 북미 기타 대한민국 아시아 유럽 북미 기타 대한민국 아시아 유럽 북미 기타 대한민국 아시아 유럽 북미 기타
047310,(주)파워로직스,비대상,유럽,"른 성장세 둔화와 대내외적 경제상황에 따른 소비증가세 둔화로 인하여 성장증가율이 다소 감소하기는 하였으나, 유럽 등 선진국에서의 지속적인 휴대폰 교체수요 발생과 인도, 브라질, 러시아등의 신규시장은 또다른 성장의 기회요"
047310,(주)파워로직스,비대상,유럽," 개발, 국내외 디스플레이 패널 제조사에 공급하고 있습니다.특히, Optical Bonding 장비는 최근 유럽 자동차 전장업체에 공급하는 등 시장영역을확대하고 있으며, 그 외에도 Laser Cutting System,"
092200,(주)디아이씨,2차 후보(확인 필요),기어박스,"지- 1996.08.03 두동공장 준공 : 울산광역시 울주군 두동면 봉계리 685번지- 1996.08.14 변속기 기술연구소 설립- 2000.11.30 수출탑 수상(2,000만불)- 2001.08.10 QS9000 인증획"
092200,(주)디아이씨,2차 후보(확인 필요),기어박스,".28 전기차 부품 시장 본격 진출을 위한 신산업 사업재편승인(산업통산자 원부) - 전기차 핵심부품(고효율 감속기) 및 자율주행차 부품(전자식 변속 제어시스템)개발 및 양산을 위한 R&D 사업 우대, 사업경쟁력강화 자금 "
092200,(주)디아이씨,2차 후보(확인 필요),기어박스,"업영위 여부 1 기어 및 전동축 제조, 판매업 영위 2 금속공작기계 및 산업기계부품 제조, 판매업 영위 3 변속기 및 동력전달장치 제조, 판매업 영위 4 특수 공구 제조, 판매업 영위 5 자동차 부품 제조, 판매업 영위 "
092200,(주)디아이씨,2차 후보(확인 필요),유럽,"자동차, 기아자동차, 현대트랜시스, 한국GM 및 대형 부품 조립업체로 공급하고 있으며, 또한 미국, 일본, 유럽 등 해외에도 직접 수출을 함께하고 있습니다. 이에 주요품목으로 경승용차용 Transmission, 6속 S"
092200,(주)디아이씨,2차 후보(확인 필요),유럽,"공구기구 외 2,039,747 747,870 - (537,711) 137,291 2,387,197 - 자가 유럽 공구기구 외 2,198,176 - (1,715,942) (675,105) 192,871 - - 자가 대구 "
015260,(주)에이엔피,비대상,기어박스,"긴밀한 유대관계를 유지하면서 수평적 계열화 구조를 형성하고 있습니다. 대규모 부품기업은 자본집약적인 엔진, 변속기, 차축 등 1차 조립품을 대량 생산하고 중규모 기업은 기능부품의 중간제품과 정밀기계가공품(주조, 단조, 도"
007210,(주)벽산,비대상,유럽,"으로 이루어지고 있습니다. 다만, 높은 범용성으로 해외 시장 접근성이 타 산업에 비해 용이하며, 북미시장과 유럽시장에서 꾸준한 성과를 거두고 있습니다. 내수시장에서도 오랜 업력에 따른 높은 신뢰도와 꾸준한 수요층을 바탕"
007210,(주)벽산,비대상,유럽,"업력에 따른 높은 신뢰도와 꾸준한 수요층을 바탕으로 안정적인 시장점유율을 유지하고 있습니다. 더불어 미국, 유럽, 호주 등 주요 수출국의 건설 경기 및 부동산 정책 변화 역시 당사의 수출 실적에 직접적인 영향을 미치고 "
007210,(주)벽산,비대상,유럽," 정부 주도의 주택공급 확대 정책, 1인 가구 증가, 노후주택 리모델링 등 구조적 요인과 더불어 북미·호주·유럽 등 주요 시장의 주택 공급 확대에 힘입어, 건축용 화스너 수요가 점진적으로 회복될 것으로 기대됩니다. - "
161890,한국콜마(주),비대상,유럽,"주요 고객사는 북미 소재의 Sales Partner 및 글로벌 화장품 브랜드이며, 주요 수출 지역은 미국, 유럽, 일본, 아시아 기타 순입니다. 해외 수출의 경우, 지역에 따라 Sales Partner를 통한 영업과 직"
161890,한국콜마(주),비대상,유럽,로 해외 거래처 관리의 효율성을 극대화할 목적에 따라 직접 거래하는 핵심 End-user와 특정 지역(미주/유럽/아시아)에영업대행 Sales partner를 운영하는 Two-track 전략을 구사하고 있습니다.Sales
161890,한국콜마(주),비대상,유럽,"벌 주요 고객에 대해서는 제품 개발 상담과 생산 조건에 관한 세부적인 협의를 직접 진행하고 있습니다. 특히 유럽 시장의 경우, 현지 사무소 설립 등 직접 영업을 활성화시키면서 수익성 증대를 위한 노력을 지속하고 있습니다"
215360,우리산업(주),2차 후보(확인 필요),기어박스,이터 특허청 43 유체 가열용 히터 조립체 2018.04.12 2020.04.10 히터 특허청 44 모듈형 기어 박스가 장착된 액추에이터 2018.07.27 2020.04.10 엑츄에이터 특허청 45 3상 모터 각 상의 독립
215360,우리산업(주),2차 후보(확인 필요),유럽,"급업체로서의 확고한 시장 지위를 가지고 있습니다.또한, 2022년부터 현대 및 기아자동차 등 국내 완성차와 유럽의 주요 완성차의 1차 납품업체로서 등록을 완료했고, 당사 PTC/COOLANT HEATER를 완성차업체에 "
215360,우리산업(주),2차 후보(확인 필요),유럽,"력을 인정받고, Ecovadis 인증을 통해 고객과 투자자들이 요구하는 ESG 경영을 인정받아 미국 북미, 유럽 지역에 직수출을 활발하게 하고 있습니다. 또한 완성차 업체들의 부품구매 추세가 급격히 다국적화되어 감에 따"
215360,우리산업(주),2차 후보(확인 필요),유럽,"력을 인정받고, Ecovadis 인증을 통해 고객과 투자자들이 요구하는 ESG 경영을 인정받아 미국 북미, 유럽 지역에 직수출을 활발하게 하고 있습니다. 다. 수주상황 당사는 거래처와 장기 기본공급 계약 체결 후 거래업"
009470,삼화전기(주),비대상,유럽," 및 판매 원가법 [관계기업] 삼화홍콩 33.33% 386,799 홍콩 2025.12.31 판매 원가법 삼화유럽 33.33% 753,426 독일 2025.12.31 판매 원가법 삼화인디아 50.00% 37,650 인도 "
009470,삼화전기(주),비대상,유럽,"28,933 - - 128,933 전 기 33.33% 128,933 128,933 - - 128,933 삼화유럽 당 기 33.33% 201,380 201,380 - - 201,380 전 기 33.33% 201,380 2"
009470,삼화전기(주),비대상,유럽,"기유한공사 삼화텍콤(주) PT.SAMWHA INDONESIA(*) 연결대상 종속기업 관계기업 삼화홍콩, 삼화유럽, 삼화인디아 삼화홍콩, 삼화유럽, 삼화인디아 지분법적용대상 피투자기업 기타특수관계자 한국제이씨씨(주), K"
011780,금호석유화학(주),비대상,유럽," 안정적인 시장 여건을 구축하는 한편, 꾸준한 연구와 기술개발로 제품의 고급화, 다양화에 주력하여 중국, 동유럽 등 저가 수입품과의 차별화 전략을 구사하고 있으며, 고객 제일주의의 영업방침을 표방하여 기술, 물류 등에 "
011780,금호석유화학(주),비대상,유럽," 영업1팀 : 내수 (EPDM) - 영업2팀 : 중국 / 미주 / 동남아 지역 (EPDM) - 영업3팀 : 유럽 / 중동 / 기타 지역 (EPDM) - 영업4팀 : 일본지역 (EPDM) / TPV, KEPA (2) 판매"
011780,금호석유화학(주),비대상,유럽,"포함참고) 한국석유화학공업협회 (3) 시장의 특성 합성고무의 주요 수출시장은 중국을 포함한 동남아, 인도, 유럽, 북미, 중동 입니다. 주요 고객은 타이어, 신발, 기타 산업용 고무제품 제조업체이며, 라텍스 제품의 주요"
140520,(주)대창스틸,1차(2027),유럽,"에 비하여 고하중 제품으로 마감재는 전산, 통신장비를 보호하기 위하여 전도성타일을 주로 사용되며, 최근에는 유럽제품의 영향으로 사무용공간에도 사용되고 있는 건축자재입니다. 사이즈는 600*600mm 제품으로 STEEL "
393890,더블유씨피(주),비대상,유럽,"판매되어 전체 승용차 신파 판매량의 약 8%를 차지하여 2021년 4.6%대비 성장한 수치를 기록했습니다. 유럽 전기차 시장 전망 자료에 따르면 2024년 1,682억 7천만 달러를 기록했습니다. 2025년 2,095억"
393890,더블유씨피(주),비대상,유럽,"성장에서 성장 폭이 크게 감소할 것으로 전망했습니다. 중국의 전기차 보조금 축소, 미국 세제와 규제 완화, 유럽의 전기차 전환 정책의 불확실성으로 인해 2026년 전기차 판매는 전년대비 둔화될 것으로 예상했습니다. 특히"
393890,더블유씨피(주),비대상,유럽,50라이트닝 생산을 중단 및 하이브리드와 내연 기관차 중심으로 사업 구조를 개편한다는 방안을 발표했습니다. 유럽연합(EU)도 2035년까지 판매되는 모든 신차의 탄소 배출량을 '제로(0)'로 하겠다는 기존 계획을 철회했
082920,(주)비츠로셀,비대상,유럽,"같습니다. 구 분 담당시장 해외영업본부 해외영업1팀 미주시장(미국, 캐나다, 멕시코 등) 담당 해외영업2팀 유럽시장(터키제외) 담당 해외영업3팀 아시아 및 기타 해외시장 담당 고온전지팀 고온전지 시장 담당 신사업팀 eC"
082920,(주)비츠로셀,비대상,유럽,"판매조직도 특수민수영업본부 3개팀(민수영업팀, 특수영업팀, 해외특수전지팀), 해외영업총괄본부 5개팀(미주, 유럽, 아시아, 기타)으로 나누어 판매 및 마케팅 활동을 벌이고 있습니다. ① 특수민수영업본부 가) 민수영업팀 "
082920,(주)비츠로셀,비대상,유럽,"수전지를 국내 및 해외 시장에 판매하고 있으며, 현재 주요 시장은 한국, 터키, 이스라엘, 인도, 브라질, 유럽 및 미주입니다. 주로 각 국가의 방산업체와 직접 접촉하여 공동개발 및 완성품 판매를 하고 있으며, 각종 군"
008490,(주)서흥,비대상,유럽,"nagement(*2) 99.00% 2,302,938 임대업 미 국 2025.12.31 의결권과반수보유 서흥유럽GmbH 100.00% 3,979,105 판매업 독 일 2025.12.31 의결권과반수보유 (주)한국코스모("
008490,(주)서흥,비대상,유럽,"nagement(*2) 99.00% 2,302,938 임대업 미 국 2024.12.31 의결권과반수보유 서흥유럽GmbH 100.00% 3,979,105 판매업 독 일 2024.12.31 의결권과반수보유 (주)한국코스모("
008490,(주)서흥,비대상,유럽,"흥재팬 5,450,522 3,240,468 2,210,054 6,528,494 79,288 79,288 서흥유럽GmbH 39,076,096 35,180,363 3,895,733 37,653,298 (146,919) (1"
155660,DSR(주),2차 후보(확인 필요),유럽," 도매상 위주의 판매가 이루어 지고 있습니다. 당사의 판매법인인 DSR INTERNATIONAL CORP, 유럽사무소, DSR TRADING CORP, 수출팀이 지역에 따라 판매를 실시하고 있으며, 대금 지급은 L/C("
155660,DSR(주),2차 후보(확인 필요),유럽,"행 하고 있습니다. 해외 시장의 경우 파나마 운하, 수에즈 운하, 사우디 국영 석유회사(아람코), 일본 및 유럽의 조선소, 유럽의 대형 선주사등에 대한 납품실적을 토대로 관련 잡지에 대한 광고, 해양 선박 관련 전시회 "
155660,DSR(주),2차 후보(확인 필요),유럽,". 해외 시장의 경우 파나마 운하, 수에즈 운하, 사우디 국영 석유회사(아람코), 일본 및 유럽의 조선소, 유럽의 대형 선주사등에 대한 납품실적을 토대로 관련 잡지에 대한 광고, 해양 선박 관련 전시회 참여(연 3~4회"
210540,디와이파워(주),2차(2028),유럽," 당기 전기 국내 84,455,603 99,729,194 아시아 147,883,910 144,699,420 유럽 40,323,904 33,937,702 미국 91,249,194 94,116,702 기타 18,838,26"
210540,디와이파워(주),2차(2028),유럽," - 적극적인 VE방안 강구와 차별화된 경쟁력을 통한 기존 비즈니스 수성 2. 신규 바이어 발굴 - 북미, 유럽, 일본 등 주요 건기 업체 굴착기 실린더 시장 공략 - 고소작업차, 텔레핸들러, 크레인 등에 사용되는 실린"
210540,디와이파워(주),2차(2028),유럽," 등에 크게 영향을 받습니다. 또한, 환율 변동으로 국가별 가격 경쟁력이 결정되므로 최대 소비시장인 미국, 유럽, 일본 등의 환율 변동에도 영향을 받습니다. 주요 원재료인 강재의 가격 변동 역시 영향을 미칩니다. 한편,"
251970,펌텍코리아 주식회사,비대상,유럽,"방 : KDC/ONE(나) 계약상의 주요내용- 펌텍코리아(주)에서 생산한 화장품 용기를 유통 판매 (미주, 유럽)- 펌텍코리아(주)와 KDC/ONE과의 공동 전시, 브랜드 마케팅 등의 협력 시너지(다) 계약체결시기 및 "
251970,펌텍코리아 주식회사,비대상,유럽,"의 회사명인 '펌텍코리아(주)'라는 브랜드를 구축하여 왔습니다.당사는 본 브랜드를 국내 뿐만 아니라 미국, 유럽, 중국, 일본 등 글로벌 시장에서 입지를 굳혀 왔으며, 매년 홍콩에서 개최되는 아시아 최대 화장품 부자재 "
251970,펌텍코리아 주식회사,비대상,유럽,"미성까지 모두 충족하는 혁신적인 제품을 제공합니다. 당사의 제품은 국내 시장을 비롯한 아시아 전역, 북미, 유럽 등 글로벌 화장품 시장을 대상으로 하며 각 지역의 특성과 요구에 맞춘 맞춤형 솔루션을 제공합니다. 화장품 "
377740,(주)바이오노트,비대상,유럽,우 그 과정이 특히 더 까다로워 제품 등록까지 오랜 시간이 소요됩니다. 인체용 제품의 경우 미국 FDA 및 유럽 CE 등의 인허가가 필요합니다. 당사의 인체 브랜드인 NowCheck 은 CE 인증을 취득한 바 있습니다.
377740,(주)바이오노트,비대상,유럽,"지도 및 성장성을 고려하여 상표권 등록 국가를 지정하고 있으며, 실제로 당사 브랜드 대다수는 한국, 미국, 유럽(EU) 등의 다양한 국가에 등록 완료되어 지적재산으로써 보호받고 있습니다. 이러한 상표등록은 상표가 소멸되"
377740,(주)바이오노트,비대상,유럽,"스템을 구축하고 매년 이에 대한 심사를 통해 인증을 유지하여 전 세계 제품 수출, 판매가 가능하게 됩니다. 유럽 체외진단의료기기 지침 [98/79/EC] 유럽 소비자의 건강, 안전, 환경과 관련한 제품에는 의무적으로 C"
033100,제룡전기(주),2차(2028),유럽,"절약형·고효율·친환경 전기기기, 디지털화·지능화 기술력, 공급 안정성, 신속한 고객 대응력 등입니다. 미국·유럽 등 주요 선진국의 자국산 우대 정책 및 글로벌 공급망 변화에 대응한 현지화, 지속적 신기술 개발과 고효율 "
015230,대창단조(주),2차 후보(확인 필요),유럽,"등에 따라 수요가 좌우되며,또한 환율변동에 의하여 국가별 가격 경쟁력이 결정되므로 최대 소비 시장인미국 및 유럽 등의 환율 추세에 민감한 반응을 보이는 특성을 띠고 있습니다.(4) 경쟁요소한국 건기 제조사업의 부진에 여"
010040,한국내화(주),비대상,유럽," 보호무역주의 강화와 자국 중심의 공급망 재편 등 글로벌 경제의 블록화가 심화되었습니다. 아울러 중동 및 동유럽 지역의 지정학적 불안이 장기화 되고 미-중 간의 통상 마찰이 격화되면서, 외환 및 원자재 시장의 변동성이 "
010040,한국내화(주),비대상,유럽,"기화 되고 미-중 간의 통상 마찰이 격화되면서, 외환 및 원자재 시장의 변동성이 크게 확대되었습니다. 또한 유럽 및 중국 등 주요국의 경기 둔화세로 인해 글로벌 저성장 기조가 이어지는 가운데, 주요 통화당국의 정책 전환"
006650,대한유화(주),비대상,유럽,"등으로 약세를 보이며 전년 대비 약 15% 하락 마무리하였습니다. 납사 가격은 연초 중동 수출 물량 감소, 유럽 석유화학 호황, 중국 신규 크래커 가동 준비에 따른 스팟 수요 증가로 강세를 보였으나, 2분기 들어 PX "
143160,(주)아이디스,비대상,유럽,"31,827,837,991 81,116,158,902 212,943,996,893 (*) 수출매출은 미주, 유럽, 호주 등 입니다. - 전기 (단위 : 원) 구분 국내매출 수출매출(*) 합계 상품매출액 9,632,766"
143160,(주)아이디스,비대상,유럽,"23,527,114,534 78,525,882,784 202,052,997,318 (*) 수출매출은 미주, 유럽, 호주 등 입니다.(3) 당기 중 당사 수익의 10%이상을 차지하는 주요 거래처는 1개사이며, 해당 거래처"
143160,(주)아이디스,비대상,유럽," 2022년을 기점으로 50% 이상을 달성하였고, 브랜드 이미지 구축에 힘쓰고 있습니다. 해외 시장 진출은 유럽과 미주 시장을 대상으로 각각 영국과 미국에 현지 판매법인을 설립하고 두바이에 중동/아프리카 진출을 위한 사"
119610,(주)인터로조,2차 후보(확인 필요),유럽,아스트라' 런칭 2019.08 기술혁신형(INNO-BIZ) 중소기업 선정(경기지방중소기업청) 2019.12 유럽MDD CE 인증 2020.03 블루라이트 차단 원데이렌즈 '프리덤380' 런칭 2020.06 클라렌 아이리
119610,(주)인터로조,2차 후보(확인 필요),유럽,(무역협회) 2024.05 실리콘 하이드로겔 렌즈 '클라렌O2O2 원데이 클리어 토릭' 런칭 2024.08 유럽 CE MDR(2017/745) 취득 2025.05 아이리스 원데이 컬러 렌즈 출시 (컬러 뮤즈) 2025.
119610,(주)인터로조,2차 후보(확인 필요),유럽,를 포함하는 콘택트렌즈 10-2021-0182195 주식회사 인터로조 취하 (2021-12-17) 8 특허(유럽) 습윤성 표면을 가지는 하이드로겔 콘택트렌즈 및 그 제조방법 3141943 주식회사 인터로조 등록 (202
000100,(주)유한양행,비대상,유럽,25. 01 레이저티닙(Lazertinib)과 얀센 바이오테크의 아미반타맙(Amivantamab) 병용요법 유럽 EC 시판 허가 승인 2025. 03 레이저티닙(Lazertinib)과 얀센 바이오테크의 아미반타맙(Ami
000100,(주)유한양행,비대상,유럽,"상 진행중, 병용요법 글로벌 임상 3상 진행중병용요법(1차 치료제): 미국 FDA (2024.08.19), 유럽 EC(European Commission) (2025.01.20),일본 PMDA (2025.03.27), "
000100,(주)유한양행,비대상,유럽,") 비소세포폐암 2015년 허가 취득 2023.06.30 (한국)허가 취득(단독요법, 1차 치료제)(미국, 유럽 등)허가 취득(병용요법, 1차 치료제) YH12852 위마비증 2017년 임상 2a상(미국) 2021.10"
052330,(주)코텍,비대상,유럽,"가 요구됩니다. 미국에서는 모니터 등 주요 구성품을 교체할 경우, 주 정부 게이밍위원회의 승인이 필요하며, 유럽이나 호주 등 주요 국가에서도 규제기관의 승인 절차가 적용됩니다. 이러한 규제 환경으로 당사와 같은 소수 전"
052330,(주)코텍,비대상,유럽,"조정사항 부문간 제거한 금액 지역 지역 합계 지역 지역 합계 본사 소재지 국가 외국 본사 소재지 국가 외국 유럽 아시아/호주 미주 유럽 아시아/호주 미주 수익(매출액) 17,189,035,836 18,695,212,35"
052330,(주)코텍,비대상,유럽,"금액 지역 지역 합계 지역 지역 합계 본사 소재지 국가 외국 본사 소재지 국가 외국 유럽 아시아/호주 미주 유럽 아시아/호주 미주 수익(매출액) 17,189,035,836 18,695,212,354 122,877,538"
017370,(주)우신시스템,2차 후보(확인 필요),유럽,"096,676,562 14,003,644,951 (21,251,500,630) 179,998,266,080 유럽 55,929,023,723 1,426,272,368 - - 57,355,296,091 합계 170,034,"
017370,(주)우신시스템,2차 후보(확인 필요),유럽,"111,111,421 17,548,702,783 (36,577,851,463) 401,781,391,892 유럽 (292,600,137) 152,817,626 - - (139,782,511) 합계 365,577,693,"
017370,(주)우신시스템,2차 후보(확인 필요),유럽,"의 경우 현대, 기아, 한국지엠, KG모빌리티 등의 자동차 메이커에 납품하고 있으며, 해외는 북미나 남미, 유럽, 중국, 인도 등의 자동차 메이커에 직접 납품하거나, 일본의 경우와 같이 일본내 차체 자동화설비 업체를 통"
078600,대주전자재료(주),비대상,유럽,719881 규소복합산화물을 포함하는 비수전해질 이차전지용 음극활물질 및 이의 제조방법 2024.08.21 유럽 21 115232573 고온 이형 가능한 도전성 접착제 및 태양 전지 모듈 2024.03.26 중국 22 
078600,대주전자재료(주),비대상,유럽,"7 비수전해질 이차전지용 음극재, 이의 제조방법, 및 이를 포함하는 비수전해질 이차전지 2025.05.07 유럽 33 10-2853401-0000 이차전지 및 이의 제조방법 2025.08.27 대한민국 34 10-283"
004780,(주)대륙제관,1차(2027),유럽,가 2011년에 보다 안전한 Triple Seamed CRV 맥스로 업그레이드됨으로써 국내뿐아니라 미주 및 유럽 등지에서 상당한 반응을 불러 일으키고 있기 때문에 상당한 매출 증가가 전망됩니다. 3. 재무상태 및 영업실
071090,(주)하이스틸,1차(2027),CBAM,"가 50%로 인상되며, 철강수출에 직격탄을 맞았습니다. 또한 EU 역시 세이프가드 쿼터 축소 및 2026년 탄소국경조정제도가 본격 시행되면서 한국산 철강제품의 경쟁력은 점차 줄어들고 있습니다. 기존 철강 수요산업의 침체가 "
071090,(주)하이스틸,1차(2027),CBAM,"가 50%로 인상되며, 철강수출에 직격탄을 맞았습니다. 또한 EU 역시 세이프가드 쿼터 축소 및 2026년 탄소국경조정제도가 본격 시행되면서 한국산 철강제품의 경쟁력은 점차 줄어들고 있습니다. 기존 철강 수요산업의 침체가 "
071090,(주)하이스틸,1차(2027),유럽, 인증 취득 - 2025.05 특허 취득 - CFT기둥과 이의 제작방법(용접) - 2025.10 CE 마크(유럽연합 통합 규격 인증) 획득 라. 경영진의 중요한 변동 2003년 1월 1일 신임 엄정근 대표이사 취임 이래
071090,(주)하이스틸,1차(2027),유럽,"수요 감소는 건설, 제조업 동반 침체로 내수가 급격히 위축되어 있는 상황에서, 중국산 저가재 유입, 미국과 유럽의 보호무역 장벽 강화로 수출 여건까지 악화 되면서 글로벌 회복 흐름과는 다소 차이가 날 것으로 보입니다. "
071090,(주)하이스틸,1차(2027),유럽,"수요 감소는 건설, 제조업 동반 침체로 내수가 급격히 위축되어 있는 상황에서, 중국산 저가재 유입, 미국과 유럽의 보호무역 장벽 강화로 수출 여건까지 악화 되면서 글로벌 회복 흐름과는 다소 차이가 날 것으로 보입니다. "
261200,주식회사 덴티스,2차 후보(확인 필요),유럽,L ORTHODONTIC DEVICE USING THE SAME ㈜덴티스 2023.05.17 공개 치과소재 유럽 163 해외특허 COMPOSITE STRUCTURE DENTAL ORTHODONTIC SHEET AND D
261200,주식회사 덴티스,2차 후보(확인 필요),유럽,"랫폼 R&D사업 선정- 2020년 코스닥 시장 상장, 과학기술정보통신부 '우수기업연구소' 지정- 2022년 유럽 법인 설립 추진, 덴티스 월드 심포지엄(DWS) 개최- 2023년 치과유닛체어 'DENTIS chair' "
261200,주식회사 덴티스,2차 후보(확인 필요),유럽," 의료기기 안전 규격 인증을 모두 요구하고 있는 추세입니다. 그로 인해 당사는 국내 식약처, 미국 FDA, 유럽 CE 등 국내외 인증을 모두 획득하였으며, 시장 점유율 확대에 우호적으로 작용하고 있습니다. [치과용 3D"
039030,(주)이오테크닉스,비대상,유럽,와 동일하나 빠른 A/S를 위한 해외 현지 법인 설립과 기존의 아시아 시장을 기반으로한 세계시장으로의 진출(유럽등)을 추진중에 있으며 잠재력이 큰 중국시장에도 적극적으로 매진하고 있다. 5. 위험관리 및 파생거래 가. 
024740,한일단조공업(주),2차 후보(확인 필요),유럽,"객과의 계약에서 생기는 수익의 지리적 시장별 공시 당기 (단위 : 천원) 국내 아시아 북아메리카 남아메리카 유럽 아프리카 지역 합계 고객과의 계약에서 생기는 수익 54,891,565 30,694,902 21,862,75"
024740,한일단조공업(주),2차 후보(확인 필요),유럽,"500,185 284,685 0 3,327,041 전기 (단위 : 천원) 국내 아시아 북아메리카 남아메리카 유럽 아프리카 지역 합계 고객과의 계약에서 생기는 수익 57,804,542 31,745,909 30,932,89"
024740,한일단조공업(주),2차 후보(확인 필요),유럽,"객과의 계약에서 생기는 수익의 지리적 시장별 공시 당기 (단위 : 천원) 국내 아시아 북아메리카 남아메리카 유럽 아프리카 지역 합계 고객과의 계약에서 생기는 수익 54,891,565 17,538,035 21,085,08"
058470,리노공업(주),비대상,유럽,"26 2024 2025 2026 미국 195,123 251,926 338,574 45.2 29.1 34.4 유럽 51,250 54,127 60,429 -8.1 5.6 11.6 일본 46,739 44,835 50,164 "
214680,(주)디알텍,2차 후보(확인 필요),유럽,디자인 어워드 2017 본상 수상 (독일 인터내셔널 포럼 디자인) 04 DRTECH Europe GmbH (유럽 판매 법인) 설립 06 DRTECH Corporation Taiwan Branch (대만 영업 지사) 설립
214680,(주)디알텍,2차 후보(확인 필요),유럽,igital Breast Tomosynthesis) MFDS 인증 확보 (AIDIA LUXE 시리즈) 11 유럽 최상위권 치과용 엑스레이 업체에 동영상 디텍터 납품 확정 12 IR52 장영실상 수상 (산업용 벤더블ㆍ커브
214680,(주)디알텍,2차 후보(확인 필요),유럽," 디텍터 - EXTREAM FleX 시리즈), 2024년 청년친화강소기업 선정 (고용노동부) 2024 03 유럽 상위권 치과용 엑스레이 업체에 동영상 디텍터 납품 확정 05 유방암 진단 시스템(Full Field Dig"
009160,(주)SIMPAC,1차(2027),유럽,"과 가격, 그리고 서비스와 판매 후의 수금 방법 등이 중요한 경쟁 요인이 됩니다.또한, 해외시장과 관련하여 유럽 및 미국의 프레스 시장에 진출하기 위해서는 유럽 및 미국의 산업안전규격인 CE-MARK 및 OSHA-MAR"
009160,(주)SIMPAC,1차(2027),유럽,"등이 중요한 경쟁 요인이 됩니다.또한, 해외시장과 관련하여 유럽 및 미국의 프레스 시장에 진출하기 위해서는 유럽 및 미국의 산업안전규격인 CE-MARK 및 OSHA-MARK에 대한 전반적인 지식과 이에 대한 품질인증 획"
009160,(주)SIMPAC,1차(2027),유럽,여러 PRESS MODEL에 대하여 CE-MARK를 획득하였고 OSHA-MARK에 대한 준비도 철저히 하여 유럽 및 미국 시장에 자사의 제품을 납품하여 왔으며 그 품질을 인정 받고 있습니다.(5) 경쟁력당사는 1973년
017800,현대엘리베이터(주),2차(2028),유럽,전한 프리미엄 엘리베이터입니다.당사는 한국형 엘리베이터 카 브레이크 시스템을 개발하여 국가공인기관의 인증과 유럽 안전규격인 CE마크 및 미국 UL마크를 획득하였습니다.※ 카 브레이크 시스템이란 엘리베이터의 과속상승 및 
017800,현대엘리베이터(주),2차(2028),유럽,"습니다. 권상기의 무게와 부피를 각각 35%, 60%까지 축소시키고, 안전에 대해 강도 높은 규제를 가하는 유럽규격(EN81)에도 적합한 듀얼 브레이크 시스템을 채택 하여 안전성을 한 차원 향상시켰습니다. 세계 최초로 "
017800,현대엘리베이터(주),2차(2028),유럽,"과 승차감을 대폭 향상시켰으며, 이용 승객수에 따라 자동으로 속도조절이 가능합니다. 또한, 본 제품은 EN(유럽통합규격), ASME(미국규격), JEAS(일본규격) 등 세계 대부분의 규격에 적합하며 가격경쟁력 있는 제품"
054450,(주)텔레칩스,비대상,유럽,"에서 점유율을 높여가고 있습니다. 연결실체는 글로벌 시장 확장에도 적극적으로 나서고 있으며, 일본, 중국, 유럽, 동남아 등 주요 자동차 시장의 고객사와 협력을 강화하고 있습니다. 이를 통해 국내뿐만 아니라 해외시장에서"
054450,(주)텔레칩스,비대상,유럽,"OS 기반 가상 메일박스 장치 및 이의 동작 방법 〃 〃 나. 환경 규제 및 준수현황 2006년 7월 부터 유럽연합(EU)에서는 100% 무연 제품의 반입만 허가하는 등 친환경 요구와 그에 따른 규제가 증가하고 있으며,"
054450,(주)텔레칩스,비대상,유럽,"와 협력하여 디지털 클러스터(계기판) 등 신규 제품을 해외 시장에 확대하고있으며, 이를 통해 일본, 중국, 유럽 등 주요 글로벌 완성차 업체에도 제품을 공급하면서 연결실체의 해외 시장 점유율은 점차 증가하고 있습니다. "
183300,(주)코미코,비대상,현가장치," 이용하여 제조된 이트륨계 용사 피막 코미코 2020-12-10 2021-06-14 코팅 특허청 20 특허 서스펜션 플라즈마 용사용 슬러리 조성물, 그 제조방법 및 서스펜션 플라즈마 용사 코팅막 코미코 2020-05-06 "
183300,(주)코미코,비대상,현가장치,"-10 2021-06-14 코팅 특허청 20 특허 서스펜션 플라즈마 용사용 슬러리 조성물, 그 제조방법 및 서스펜션 플라즈마 용사 코팅막 코미코 2020-05-06 2021-07-28 코팅 특허청 21 특허 파티클 측정용 "
183300,(주)코미코,비대상,유럽,"9,451 258,769,193 507,138,644 지역에 대한 공시 당기 (단위 : 천원) 한국 아시아 유럽 미국 기타 국가 지역 합계 매출액 257,484,264 289,643,881 3,959,461 53,022"
183300,(주)코미코,비대상,유럽,",881 3,959,461 53,022,511 0 604,110,117 전기 (단위 : 천원) 한국 아시아 유럽 미국 기타 국가 지역 합계 매출액 228,515,047 222,253,309 414,972 55,946,3"
183300,(주)코미코,비대상,유럽,"8,373 154,991,491 159,729,864 지역에 대한 공시 당기 (단위 : 천원) 한국 아시아 유럽 미국 기타 국가 지역 합계 영업수익 172,545,638 11,731,631 125,319 8,966,08"
094170,(주)동운아나텍,비대상,유럽,제휴(SOSLAB) 2022.08 D-SaLife 시제품 생산라인 및 관련설비 구축 2022.09 2022 유럽당뇨학회(EASD)에서 노원을지대학교병원 D-SaLife 연구임상 결과 발표 2022.09 체외진단 의료기기
094170,(주)동운아나텍,비대상,유럽,ectronics(Hong Kong) AF/OIS 기술 라이선스 계약 체결 2023.04 타액당 측정시스템 유럽 특허 등록 2023.04 타액당 측정시스템 2차 연구임상 종료(서울강남성모병원) 2023.07 [국책과제 
094170,(주)동운아나텍,비대상,유럽, 미터기 등의 타액 당측정기기 개발 2023.10 타액당 측정시스템 인도 특허 등록 2023.10 2023 유럽당뇨학회(EASD)참가 및 제품&기술 홍보 2024.03 D-SaLife 글로벌 임상 및 허가 업무 협약식(
214430,아이쓰리시스템(주),비대상,유럽,"라, 자율주행차 등 민수산업에서도 적외선 영상센서의 활용 범위가 확대될 것으로 기대하고 있습니다.2022년 유럽 지역에서의 전쟁 발발 및 장기화 양상, 격화되는 미중갈등, 국방력 등 힘을 통한 문제해결 경향 고조 등 신"
214430,아이쓰리시스템(주),비대상,유럽,"610 254,894 10% 하락시 (314,610) (254,894) (314,610) (254,894) 유럽 유로/원 10% 상승시 58,554 18,155 58,554 18,155 10% 하락시 (58,554) ("
214430,아이쓰리시스템(주),비대상,유럽,"610 254,894 10% 하락시 (314,610) (254,894) (314,610) (254,894) 유럽 유로/원 10% 상승시 58,554 18,155 58,554 18,155 10% 하락시 (58,554) ("
003800,(주)에이스침대,비대상,유럽,"품 수출 등과 관련하여 환율변동위험에 노출되어 있습니다. 연결기업이 노출되어 있는 주요 통화는 미국 달러, 유럽연합의 유로 등이 있습니다. 연결기업은 정기적으로 원화 환율 변동에 대한 환위험을 정기적으로 측정하고 있습니"
003800,(주)에이스침대,비대상,유럽,"및 제품 수출 등과 관련하여 환율변동위험에 노출되어 있습니다.당사가 노출되어 있는 주요 통화는 미국 달러, 유럽연합의 유로 등이 있습니다. 당사는 정기적으로 원화 환율 변동에 대한 환위험을 정기적으로 측정하고 있습니다."
003800,(주)에이스침대,비대상,유럽,"품 수출 등과 관련하여 환율변동위험에 노출되어 있습니다. 연결기업이 노출되어 있는 주요 통화는 미국 달러, 유럽연합의 유로 등이 있습니다. 동 위험은 시장이자율의 변동으로 인하여 기업의 투자 및 재무활동에서 발생하는 이"
214330,(주)금호에이치티,2차 후보(확인 필요),유럽,"재산권 보유현황 구분 등록국가 등록일 명칭 특허관련 적용제품 특허 한국, 미국, 일본, 인도, 중국, 캐나다유럽/EP, 멕시코 등 2007.07.05 급성백혈병 및 림프구 림프종 특이 CD43의 항원 결정부위 및 이의 "
214330,(주)금호에이치티,2차 후보(확인 필요),유럽,"3 CD66c의 폐선암 특이적 에피토프 및 이를 인식하는 항체 폐암 항체치료제 기술 미국, 캐나다, 호주, 유럽/EP, 브라질,중국, 일본 등 2014.12.02 수지상세포 기능 조절 항체를 이용한 이식거부반응 억제 기"
048430,(주)유라테크,2차 후보(확인 필요),유럽," 자동차산업은 美 신공장 가동, 25% 고관세 부과 등 불안 요인에도 불구, 내수 방어와 미국 수출 감소를 유럽 친환경차 수출 확대로 보완하여 전년대비 0.6% 감소한 411만대를 생산하여 예상보다 양호한 실적을 보였습"
048430,(주)유라테크,2차 후보(확인 필요),유럽," 자동차산업은 美 신공장 가동, 25% 고관세 부과 등 불안 요인에도 불구, 내수 방어와 미국 수출 감소를 유럽 친환경차 수출 확대로 보완하여 전년대비 0.6% 감소한 411만대를 생산하여 예상보다 양호한 실적을 보였습"
048430,(주)유라테크,2차 후보(확인 필요),유럽," 자동차산업은 美 신공장 가동, 25% 고관세 부과 등 불안 요인에도 불구, 내수 방어와 미국 수출 감소를 유럽 친환경차 수출 확대로 보완하여 전년대비 0.6% 감소한 411만대를 생산하여 예상보다 양호한 실적을 보였습"
013310,아진산업(주),2차 후보(확인 필요),기어박스,"스템화, 모듈화로 판매 가격 상승과 수익구조 개선을 추구하고 있습니다. 대규모 부품기업은 자본집약적인 엔진,변속기, 차축 등 1차 조립품을 대량 생산하고 중규모 기업은 기능 부품의 중간제품과 정밀기계가공품(주조, 단조, "
013310,아진산업(주),2차 후보(확인 필요),현가장치, 가능하게 하며 차량 충돌 시 충돌에너지를 흡수하고 차내 공간의 견고함을 유지합니다. 또한 차체는 엔진이나 현가장치(suspension) 등 주행에 필요한 부품들을 탑재할 수 있는 기능을 담당합니다. 이를 위하여 엔진의 진
013310,아진산업(주),2차 후보(확인 필요),현가장치,술 개발 2014/12/01 ~ 2016/11/30 완료 공동 탄소섬유 복합소재를 적용한 경량 브라켓 리어 서스펜션 마운트 개발 2014/12/01 ~ 2015/11/30 완료 공동 2015 경량재적용 초경량 고강성 알루미
013310,아진산업(주),2차 후보(확인 필요),현가장치, 가능하게 하며 차량 충돌 시 충돌에너지를 흡수하고 차내 공간의 견고함을 유지합니다. 또한 차체는 엔진이나 현가장치(suspension) 등 주행에 필요한 부품들을 탑재할 수 있는 기능을 담당합니다. 이를 위하여 엔진의 진
002220,한일철강(주),1차(2027),유럽,"지론 사태로 시작된 세계 금융위기는 환율급등 및 물가상승등 경기침체를 가속화시키기도 했으며, 2012년에는 유럽발 금융위기로 인해 세계적으로 경제여건의 불확실성이 더욱 커지는 한해가 되기도 했습니다. 세계경제의 불확실성"
002220,한일철강(주),1차(2027),유럽,"지 자동차 산업 발전 가속화 등의 자동차 산업구조조정 추진이 예상되고 있습니다. 마. 회사의 경쟁우위요소: 유럽, 러시아, 동남아로 당사제품의 수출이 확대되고 있으며, 품질 면에서는 여전히 중국내 최고로서 경쟁력 우위를"
002220,한일철강(주),1차(2027),유럽,"장에서의 괄목할만한 성장이 기대됩니다. 바. 회사의 현황 (1) 영업개황 : 중국내수시장 외 2007년부터 유럽, 러시아 등에 당사 제품을 공급하며 매년 꾸준한 성장을 이어왔으나, 2012년 유로존 재정위기, 이란에 대"
003960,(주)사조대림,비대상,유럽," 줄이는 한편 이를 통한 조업가능일수 증가 등으로 생산성이 크게 향상되었습니다. 또한 국내뿐 아니라 중국, 유럽 등에서 지속적으로 발생되고 있는 구제역, 조류독감, 돼지열병 등의 질병으로 인하여 식생활에서 차지하는 수산"
003960,(주)사조대림,비대상,유럽," 국내, 국제경기 변동, 유가 및 생산량의 변화 등에 따라 영향을 받습니다. 국내 경기보다는 미국, 일본, 유럽 등 선진국의 경기 및 유가 변화에 따라 영향을 많이 받으며, 특히 횟감용 참치는 일본경기의 직접적인 영향을"
003960,(주)사조대림,비대상,유럽," 임직원 안전관리에 만전을 기하고 있습니다. 평택공장은 육가공 전문 생산공장으로 1982년에 설립되었으며, 유럽식 정통 육가공제품의 생산을 모토로 출발하여 우수한 기술력과 선진화된 설비를 바탕으로 소비자가 신뢰할 수 있"
065510,(주)휴비츠,2차 후보(확인 필요),휠,"대 - 목표 대비 이익율 증가에 따른 수익구조 개선 - XD, X, D, N 등 모든타입에 대한 GA, A 휠타입 및 110V, 220V 등 총 16개 모델 옵션 대응에 따른 소비자 needs 만족. - 매출 다양화 "
065510,(주)휴비츠,2차 후보(확인 필요),유럽,"공학들이 복합화 되어야만 사업화가 가능한 기술적 난이도가 높은 산업인 관계로 그동안의 산업의 발전은 미국, 유럽, 일본 업체들에 의해 주도되어 왔습니다. 그러나 근래 들어 국내에서도 의광학에 대한 관심이 고조되어 물리학"
065510,(주)휴비츠,2차 후보(확인 필요),유럽,"수요에 대한 전망은 크게 개발국과 개발도상국에서 매우 다른 모습을 보일 것으로 예상됩니다. 미국, 일본 및 유럽 주요 4개국 등 개발국의 경우는 전통적인 검안기기들인 자동 검안기와 챠트 프로젝터의 경우는 대부분이 이미 "
065510,(주)휴비츠,2차 후보(확인 필요),유럽,"안경원용 검안기기 세계 시장을 지역별로 살펴보면 미국 시장의 비중이 약 40%, 일본의 비중이 약 15%, 유럽 주요 4개국 (프랑스, 독일, 영국, 이태리)의 비중이 약 20%, 중국을 포함한 한국, 아시아, 중남미 "
012280,영화금속(주),2차(2028),유럽," 전 기 국 내 154,770,561 166,121,836 미주지역 65,969,460 49,790,109 유럽지역 82,177,113 33,869,419 기타지역 14,676,229 12,286,806 LOCAL 수출"
012280,영화금속(주),2차(2028),유럽,"11,170 지역에 대한 공시 지역에 대한 공시 당기 (단위 : 천원) 지역 지역 합계 국내 외국 미주지역 유럽지역 기타지역 Local 수출 수익(매출액) 154,770,561 65,969,460 82,177,113 1"
012280,영화금속(주),2차(2028),유럽,"229 33,830,488 351,423,851 전기 (단위 : 천원) 지역 지역 합계 국내 외국 미주지역 유럽지역 기타지역 Local 수출 수익(매출액) 166,121,836 49,790,109 33,869,419 1"
058730,다스코(주),1차(2027),유럽,"4배가 넘는 신규 용량을 설치하게 되었습니다. 2024년에는 태양광 설치단가의 지속적 하락과 중국, 미국, 유럽 등 친환경 에너지 사용 확대 정책이 지속됨에 따라 전년 대비 20% 이상의 성장이 가능하였고, 글로벌 탄소"
058730,다스코(주),1차(2027),유럽,"으로 작용할 것으로 예상되나, BIG2(미국, 중국) 시장의 양호한 태양광 수요는 지속될 것으로 예상되며, 유럽의 경우 러시아-우크라이나 전쟁으로 인해 가스 가격 상승에 따른 발전 단가 급등과 에너지 안보 측면에서 태양"
058730,다스코(주),1차(2027),유럽,"산 판매를 개시했습니다. 사업 초기 시 사업투자비용의 최소화보다 장기적인 품질경쟁력을 고려한 과감한 투자로 유럽의 선진 생산설비 일체와 생산기술을 도입하였고, 연간 530만㎡/ 규모(매출액 약 8백억 원)의 생산능력을 "
013870,지엠비코리아(주),2차 후보(확인 필요),기어박스,"c Water Pump 및 Integrated Thermal Management Module, 엔진 동력을 변속기로부터 바퀴로 전달하는 용도로 쓰이는 CV/Joint 등으로 주 거래처인 현대자동차(주), 기아자동차(주)등"
013870,지엠비코리아(주),2차 후보(확인 필요),기어박스,". (단위 : 천원) 사업부문 매출유형 구체적용도 매출액 비율 자동차부품 Transmission Parts 변속기관련부품 215,572,614 21.4% Engine Parts 엔진부품 210,711,285 21.0% C"
013870,지엠비코리아(주),2차 후보(확인 필요),기어박스,"차용 부품을 생산하여 완성차업체에 공급하는 자동차산업 후방산업의 역할을 수행하는 산업으로, 자동차용 엔진, 변속기, 차체, 클러치, 축, 기어, 휠, 제동장치 등과 같은 부품의 제조를 전반적으로 포함하며, 다양한 산업과 "
013870,지엠비코리아(주),2차 후보(확인 필요),휠,"EV 50W, 1종 EWP 개발 GMB, 현대자동차 2019.07.01~2023.08.30 완료 인휠모터용 휠베어링 개발 GMB, 모비스 연구소 2020.01.28~2023.12.31 완료 트랙션모터용 통전 베어링 개"
013870,지엠비코리아(주),2차 후보(확인 필요),휠,"하는 자동차산업 후방산업의 역할을 수행하는 산업으로, 자동차용 엔진, 변속기, 차체, 클러치, 축, 기어, 휠, 제동장치 등과 같은 부품의 제조를 전반적으로 포함하며, 다양한 산업과 연관되어 있습니다. 또한, 한나라의"
013870,지엠비코리아(주),2차 후보(확인 필요),현가장치,"EV 150W, 2종 EWP 개발 GMB, Nissan 2019.12.01~2024.12.31 완료 자동차 서스펜션 스트러트 마운트용 베어링 개발 당사기술연구소 2020.01.01~2022.12.31 완료 HMC 차세대 1"
013870,지엠비코리아(주),2차 후보(확인 필요),현가장치,"pressor) 선행개발 GMB, KB오토텍 2023.01.28~2024.12.31 완료 현대 모비스 차량 서스펜션용 에어서플라이유닛 공기 압축기 개발 GMB, 현대모비스 2023.02.01~2023.12.31 완료 남양넥"
013870,지엠비코리아(주),2차 후보(확인 필요),유럽,"당기 전기 금액 비율 금액 비율 아시아 620,966,061 78.88% 572,527,765 78.78% 유럽 88,487,181 11.24% 81,529,240 11.22% 북아메리카 60,366,015 7.67% "
013870,지엠비코리아(주),2차 후보(확인 필요),유럽," 운영자금대출(주5) 한국수출입은행 EUR 6,000,000 6,000,000 운영자금대출(주5) 우리은행(유럽) EUR 3,000,000 3,000,000 운영자금대출(주6) 하나은행(러시아) USD 1,447,550"
013870,지엠비코리아(주),2차 후보(확인 필요),유럽,"/M 시장 공격적 영업으로 공급 확대 나) OEM사의 Global Sourcing에 체계적 대응 : 북미, 유럽등 전문영업Agent 활용 다) Global Sourcing을 통한 GMB Brand 상품사업 확대 라) 선"
378340,주식회사 필에너지,비대상,유럽,배터리 설비 제조 선도 기업으로 자리매김하고 있습니다. 특히 Stacking 설비는 2021년부터 고객사의 유럽과 미주 공장으로 대량 공급해 오고 있습니다. 대규모 수주 대응을 위해 제2공장을 건립하여 생산시설을 확충하
378340,주식회사 필에너지,비대상,유럽,", 미래 기술 확보를 위한 연구개발에 매진하고 있습니다. 최근에는 46XX 원통형 배터리 권취기를 개발하여 유럽 고객사에 공급하면서 매출처 다변화를 추진하고 있으며, 양극 합제부를 레이저로 정밀 가공하는 기술을 기반으로"
378340,주식회사 필에너지,비대상,유럽,"미국 19 특허권 극판 제조 장치, 이를 통해 제조되는 극판, 및 그 방법 필에너지 2024-10-18 - 유럽 20 특허권 극판 제조 장치, 이를 통해 제조되는 극판, 및 그 방법 필에너지 2024-10-18 - 중국"
017860,주식회사 디에스단석,비대상,유럽,련된 중요한 사항의 발생내용은 다음과 같습니다. 연 월 주 요 내 용 2022.05 친환경 선박유(SMF) 유럽 첫 수출 2022.12 한국무역협회 3억불 수출의 탑 수상 2023.01 단석말레이시아 법인 공장 준공 (
017860,주식회사 디에스단석,비대상,유럽,"매 간접판매 중개업체를 통한 판매 플라스틱리사이클 국내 직접판매 해외 소재 글로벌 트레이더를 통하여 미국, 유럽, 동남아 등의 주요 배터리 제조사, 수요사에 순연 및 합금연을 판매 간접판매 국내 소재 트레이더 및 해외지"
017860,주식회사 디에스단석,비대상,유럽,"사업을 영위하고 있는 반면, 당사는 수출 비중이 상대적으로 높습니다. 이는 당사가 국내에서 유일하게 미국과 유럽의 고객사들이 요구하는 인증과 조건을 충족 가능하여 국내 고객사 외에도 해외 고객사향으로 바이오연료를 납품할"
010100,한국무브넥스(주),2차 후보(확인 필요),기어박스," 산업기계부문의 총 3개 사업부문으로 구성되어 있습니다. 자동차부품 중 주요 제품인 H/Shaft는 엔진과 변속기로부터 나오는 동력을 바퀴에 전달하는 역할을 하며 Axle은 동력전달, 차체지지, 제동의 역할을 하는 부품입"
010100,한국무브넥스(주),2차 후보(확인 필요),현가장치,"구센터는 구동 부품에 대한 연구 업무를 하며 산하에 등속연구팀, 구동시스템연구팀이 있습니다. 현가제동센터는 현가 부품에 대한 연구 및 연구 관리 업무를 하며 산하에 현가제동연구팀, 전동화연구팀이 있습니다. 기술연구소.jpg "
010100,한국무브넥스(주),2차 후보(확인 필요),유럽,"최저가 우선 구매정책을 강화하고 있습니다. 또한 인도 및 중국 등 후발 EPC 업체의 플랜트 시장 진입 및 유럽 EPC 업체의 시장 지배력 강화로 인하여, 주 고객인 국내 EPC 업체의 약세 또는 J/V 수주 정책으로 "
005950,(주)이수화학                             ,비대상,유럽,"결 계약상대방 HELM AG 계약내용 희귀질환 치료제 원료의약품 공급 및 기술이전 계약 체결선진시장(미국, 유럽) 진출을 위한 HELM社 협업- HELM社, 이수앱지스 원료의약품 구매 후 바이오시밀러 개발- 개발단계 수"
005950,(주)이수화학                             ,비대상,유럽,"구매 후 바이오시밀러 개발- 개발단계 수익 : 성공보수 포함 21,125,986,000원- HELM社 미국/유럽 판매 시, 10년 간 원료의약품 독점 공급- Option : Royalty 5%(HELM Net sales"
005950,(주)이수화학                             ,비대상,유럽,"00,000) 1. 미국 품목허가 : 15,000,000 USD (KRW 20,796,000,000) 2. 유럽 품목허가 및 약가, 환불규정 설정 : 5,000,000 USD (KRW 6,932,000,000) - 판매"
007340,(주)디엔오토모티브,비대상,현가장치,"이탈리아, 폴란드, 브라질, 인도 등지에 법인을 두고 있습니다.방진사업부 주요 제품은 파워트레인 방진제품과 서스펜션 방진제품이며, 매출의 대부분은 북미(44%)와 EU(35%)에 집중되어 있습니다. 공작기계 부문은 65개국"
007340,(주)디엔오토모티브,비대상,유럽,"신용장 및 구매승인서에 의한 판매가 이루어지고 있으며, 지속적으로 중남미 시장확대, 중국, 러시아 및 극동 유럽시장의 확대를 모색하고 있습니다.방진사업부는 약 30여년동안 전 세계 유수의 자동차 제조업체들을 대상으로 차"
007340,(주)디엔오토모티브,비대상,유럽," 주요 글로벌 제조업체들이 당사의 장비를 통해 제품을 생산하고 있습니다. 공작기계 부문의 매출은 한국/미국/유럽/중국 지역에서 유사한 매출 포트폴리오로 구성되어 있어 안정적이며, TC(선반) 45%, MC(머시닝 센터)"
007340,(주)디엔오토모티브,비대상,유럽,"신용장 및 구매승인서에 의해 판매가 이루어지고 있습니다. 시장 확대를 위해 중남미, 중국, 러시아 및 극동 유럽시장에서 지속적으로 신규 거래처 발굴을 모색하고 있습니다. 3) 수주현황배터리사업부는 해외 바이어 및 국내 "
090430,(주)아모레퍼시픽,비대상,유럽,"역 또한 라네즈 및 이니스프리의 견고한 성장, 에스트라 신규 론칭으로 전체 매출이 증가하였습니다. 라네즈는 유럽 전역의 다양한 채널에 입점하여 고객 접점을 다변화하고, 핵심 리테일러와의 협업 마케팅을 확대하며 매출이 고"
090430,(주)아모레퍼시픽,비대상,유럽,"여 고객 접점을 다변화하고, 핵심 리테일러와의 협업 마케팅을 확대하며 매출이 고성장하였습니다. 이니스프리는 유럽 주요 멀티브랜드숍 채널인 ‘Oh My Cream’ 및 ‘Nocibe’ 등에 신규 진출하였으며, 에스트라는 "
090430,(주)아모레퍼시픽,비대상,유럽,"클린뷰티에 큰 관심을 보였습니다. 수출에서는 탈중국이 가속화되고 미국 시장이 최대 수출국 1위에 올랐으며, 유럽, 일본, 중동 등 신흥시장 진출도 확대되었습니다. 또한 글로벌 숏폼 플랫폼과 글로벌 이커머스 채널의 발달로"
025900,동화기업(주),비대상,유럽,"선 핵심 첨가제 개발 국내 특허등록 (2022.03.03), 해외 특허 등록 미국 (2023.12.19), 유럽 (등록심사 중), 일본 (2024.01.10), 중국(2024.04.02) 고전압 첨가제 개발 (PA517"
025900,동화기업(주),비대상,유럽,"2017.12.27) 전해액 안정화 첨가제 개발 (PA715) 열안정성 및 고온 저장 특성 향상 / 미국, 유럽, 일본, 중국 해외 출원 완료 신규 용매 개발 (Butyl acetate) 리튬이차전지 국내 및 PCT 특"
025900,동화기업(주),비대상,유럽,"배터리 적용 폭이 확대되고 있습니다. 리튬 2차전지 및 소재 기술의 발달과 함께 국내는 물론 중국, 북미, 유럽, 일본 등 각국 정부의 친환경차 정책 지원과 온실가스 배출을 줄일 수 있는 친환경자동차에 대한 글로벌 니즈"
077970,STX엔진(주),2차 후보(확인 필요),기어박스,"산에 대한 투자, 임대, 관리 및 매매업 영위 39 기타 용역 서비스업 영위 40 정보통신공사업 영위 41 감속기 제조업 및 관련 서비스업, 부품판매 영위 42 추진기 제조업 및 관련 서비스업, 부품판매 영위 43 기상관"
077970,STX엔진(주),2차 후보(확인 필요),유럽,"국내 629,403,385 576,494,688 아시아(국내 제외) 52,696,215 70,984,411 유럽 40,248,040 29,151,088 기타 22,470,826 11,328,577 합 계 744,818,"
077970,STX엔진(주),2차 후보(확인 필요),유럽,"정학적 분쟁이 지속 심화 될 것으로 전망되어 한국 방위산업의 성장세가 예상됩니다. 특히 2025년은 미국이 유럽국가들에게 NATO 방위비 지출 증액을 요구하면서, 국내 방산기업의 또 다른 수출 확대 기회가 지속될 것으로"
077970,STX엔진(주),2차 후보(확인 필요),유럽,"28,572,678 117,387,615 지역에 대한 공시 당기 (단위 : 천원) 국내 아시아(국내 제외) 유럽 기타 국가 지역 합계 수익(매출액) 629,403,385 61,916,847 65,977,973 32,04"
012860,(주)모베이스전자,2차 후보(확인 필요),유럽,"9,079,217 7.2 고객과의 계약에서 생기는 수익의 지리적 구분 (단위: 원) 구분 국내 미주 아시아 유럽 합계 수익 574,643,748,510 186,265,080,216 137,185,887,433 145,9"
012860,(주)모베이스전자,2차 후보(확인 필요),유럽,",433 145,994,000,387 1,044,088,716,546 (단위: 원) 구분 국내 미주 아시아 유럽 합계 수익 543,639,060,140 78,711,352,769 213,789,101,864 135,40"
012860,(주)모베이스전자,2차 후보(확인 필요),유럽,"748,510 543,639,060,140 아시아 137,185,887,433 213,789,101,864 유럽 145,994,000,387 135,409,564,444 미주 186,265,080,216 78,711,3"
134380,미원화학(주),비대상,유럽,"경제환경은 그 어느 때보다도 기업경영에 어려움을 겪었던 한 해였습니다. 금년에도 미ㆍ중 외교 및 경제갈등과 유럽 및 중동에서의 전쟁상황이 지속되면서 세계 경제의 침체 가능성이 증대되고, 국내에서도 인플레이션에 따른 원자"
078890,가온그룹(주),비대상,유럽,"(전자전기장비 폐기물처리 지침)에 따라 폐기물 감량화 및 재활용, 재사용 확대를 통한 폐기물 자원화를 위해 유럽 폐기물수거 대행업체와 계약을 체결하고 자원화를 이행하고 있습니다. 또한, RoHS2/REACH 법규에 맞춰"
078890,가온그룹(주),비대상,유럽,"1,081 489,342,387 주요 지리적 시장과 고객의 유형에 대한 공시 당기 (단위 : 천원) 아시아 유럽 아메리카 기타 국가 지역 합계 고객과의 계약에서 생기는 수익 278,901,786 119,461,275 9"
078890,가온그룹(주),비대상,유럽,",461,275 96,107,144 23,079,305 517,549,510 전기 (단위 : 천원) 아시아 유럽 아메리카 기타 국가 지역 합계 고객과의 계약에서 생기는 수익 235,112,464 109,129,709 1"
108230,(주)톱텍,2차 후보(확인 필요),유럽," 있습니다. 2025년 시장은 글로벌 전기차 판매량 증가세 지속, 고에너지밀도 배터리 적용 확대, 북미 및 유럽 중심의 배터리 공급망 현지화 정책 추진, 전고체 배터리 등 차세대 전지 기술의 파일럿 양산 및 상용화 준비"
108230,(주)톱텍,2차 후보(확인 필요),유럽,있습니다. 과불화 화합물은 쉽게 분해되지 않는 특성으로 환경과 인체 내 잔류 및 축적되는 독성물질로 인하여 유럽화학물질청(ECHA)에서는 2023년 2월 과불화 화합물의 사용 제한을 목표로 하는 EU REACH 제한 보
108230,(주)톱텍,2차 후보(확인 필요),유럽,"적 특성을 동시에 구현하는 것이 특징입니다. 당사에서 생산된 나노필터로 제작된 마스크가 2020년 3분기에 유럽 인증(CE)을 완료하였고, 2021년 2월에는 자체 개발한 필터를 적용한 친환경 생분해성 마스크를 미국 F"
091700,(주)파트론,비대상,유럽,"은 자율주행 및 첨단운전자지원시스템(ADAS) 의무화 정책 확대에 따라 구조적 성장 국면에 진입하였습니다. 유럽 NCAP, 미국 NHTSA 등 주요 규제기관이 안전 사양 탑재를 강화하면서 차량 1대당 카메라 장착 수가 "
050860,(주)아세아텍,2차(2028),유럽,"관리기는 전 세계 생산 및 판매 1위의 World Best 제품으로 인정받게 되었으며 결속기는 국내 최초로 유럽 8개국에 수출하여 우수품질제품 인증마크(EM)을 획득한 바 있으며, 과수원용 약품살포기기 SS기는 우수한기"
050860,(주)아세아텍,2차(2028),유럽,"케팅 비중을 확대할 계획입니다ㄴ. 해외 신규시장 창출당사는 현재 지역별 선택과 집중을 통한 맞춤형 제품으로 유럽, 중동, 아프리카, 아시아, 중남미 등에 수출하고 있습니다. 이와 더불어 중국, 인도 등의 대형 농업국가 "
050860,(주)아세아텍,2차(2028),유럽,"분 당기 전기 국내 매출 112,416,606 123,434,218 해외 매출 879,713 391,643 유럽 - 13,797 중국 40,292 56,206 기타 839,421 321,640 합 계 113,296,31"
033500,(주)동성화인텍,비대상,유럽,"관리법 등의 냉매회수 및 재활용에 대한 규제를 강화하고 있습니다. 현재 국내 폐냉매 회수율은 1% 수준으로 유럽이나 일본에는 못 미치고 있으며, 국내 냉매회수업체는 국내 680여 개 업체가 있으나 대부분 지역단위의 영세"
033500,(주)동성화인텍,비대상,유럽,"관리법 등의 냉매회수 및 재활용에 대한 규제를 강화하고 있습니다. 현재 국내 폐냉매 회수율은 1% 수준으로 유럽이나 일본에는 못 미치고 있으며, 국내 냉매회수업체는 국내 680여 업체가 있으나 대부분 지역단위의 영세업체"
023810,(주)인팩,2차 후보(확인 필요),기어박스, 성능 향상 및 원가절감 국산화 개발 - LPS(Linear Position Sensor) - 상용 전기차 트랜스미션 적용 위치 센서 양산 개발 - EMB 파킹 솔레노이드 - EMB 시스템 주차 보조용 솔레노이드 개발- 제품
023810,(주)인팩,2차 후보(확인 필요),현가장치,"되며, 전력 전자 PCB Assembly 등은 전기차용 부품으로, 전자식 파킹 브레이크(EPB), 전자제어 서스펜션(ECS) 등은 내연기관차와 전기차 모두에 적용되고 있습니다. 이와 같은 다양한 기술 및 제품 개발을 통해 "
023810,(주)인팩,2차 후보(확인 필요),현가장치,"4 내 수 38,543 68,216 소 계 91,445 87,080 전자식파킹브레이크케이블(EPB) 및 공기현가장치(ECS)류 수 출 31,255 36,404 내 수 15,250 12,575 소 계 46,505 48,979"
023810,(주)인팩,2차 후보(확인 필요),현가장치,"729 내 수 2,361 1,488 소 계 15,830 15,217 전자식파킹브레이크케이블(EPB) 및 공기현가장치(ECS)류 수 출 334 1 내 수 - - 소 계 334 1 안테나, 노즐엑츄에이터 수 출 57,765 6"
023810,(주)인팩,2차 후보(확인 필요),유럽,"외 관계사 신설을 진행 중이며, 2021년 12월에는 INFAC POLAND Sp. z o.o.를 설립하여 유럽 및 북미의 전기차 시장을 공략하기 위해 적극적인 투자 및 해외 시장 개척 활동을 전개하고 있습니다. 4-2"
023810,(주)인팩,2차 후보(확인 필요),유럽,"다 밀접한 영향을 받습니다. (3) 경쟁요소 현재 자동차 시장은 전기차 육성정책 및 환경규제 등으로 미국, 유럽 중심의 전기차 수요가 꾸준할 것으로 예상됩니다. 환경 규제에 맞는 친환경 자동차 부품 및 자율주행차와 관련"
023810,(주)인팩,2차 후보(확인 필요),유럽," 조정사항 지역 지역 합계 지역 지역 합계 본사 소재지 국가 외국 본사 소재지 국가 외국 한국 아시아 미국 유럽 기타 국가 한국 아시아 미국 유럽 기타 국가 수익(매출액) 340,796,436,623 229,068,52"
097520,(주)엠씨넥스,비대상,유럽," 및 차량용 카메라모듈/ 센서모듈/반도체패키지 해외영업1팀 해외영업1팀(일본영업) 해외영업2팀 해외영업2팀(유럽, 미주, 인도 등) 전장사업부문 전장 총괄 임원 자동차용 카메라모듈/ 선행, 센싱, 카메라 및 시스템센서모"
012610,(주)경인양행,비대상,유럽,"대는 연평균 23%, 1990년대 이후에는 연평균 13%의 높은 성장을 했으나, 2000년대이후 주요 선진 유럽기업들이 인건비, 환경 비용 등이 낮은 신흥 국가로 염료산업 기지를 이동하거나 매각하였고, 그로 인한 저가의"
012610,(주)경인양행,비대상,유럽,금:초기 5만불 - 북미시장의 판매중계및 기술지원과 독자 판매 엑소이(주)(터키) 1997.06.11~ - 유럽시장의 판로확대 및 적기공급과 관세장벽개선- 터키현지 합작법인 설립계약 초기출자:3백5십만불 - 당사 50%
012610,(주)경인양행,비대상,유럽,"로 성장해 왔으며, 선진국 염료의 수입 대체를 통해 산업 기반을 확립해 왔습니다. 다만, 2000년대 이후 유럽 주요 염료 기업들이 생산기지를 신흥국으로 이전함에 따라 가격 경쟁이 심화되었고, 이에 따라 제품 차별화의 "
102460,이연제약(주),비대상,유럽,르면 만 40세 이상의 유병률은 13.4%로 10명 중 1명 이상이 해당 질환을 가지고 있습니다. 미국 및 유럽 5개 국은 습성 황반변성 유병 인구가 2035년 387만 명까지 증가할 것으로 예상하고 있습니다. ② 개발
102460,이연제약(주),비대상,유럽, 곰팡이에 의한 진균 감염을 치료하기 위한 약제학적 조성물 및 그의 용도 등록 2021.07.19 항진균제 유럽 FK506 유도체를 함유하는 크립토코쿠스 속 곰팡이 및 칸디다 속 곰팡이에 의한 진균 감염을 치료하기 위한
102460,이연제약(주),비대상,유럽,"한 증가, 만성질환의 확대, 의료비용 절감 정책으로 인해 중국, 라틴아메리카 등 신흥제약시장은 물론 북미, 유럽 등 선진 제약시장에서도 제네릭 시장 성장이 두드러질 것으로 전망되고 있습니다.한편, Evaluate Pha"
074600,(주)원익큐엔씨,비대상,유럽,"ONIK Quartz Europe GmbH(이하 ""W.Q.E."")(독일)독일법인인 W.Q.E.는 독일 원익 유럽법인(WONIK QUARTZ EUROPE GMBH)을 설립하여 영업을 개시하였습니다. 주 생산품은 반도체, "
036200,유니셈(주),비대상,유럽,"체장비 수주의 많은 부분을 미국, 일본의 기업들이 차지하고 있습니다. 국내 반도체장비 기술력은 일본, 미국 유럽 대비 미흡한 수준으로 대부분 수입에 의존하고있으며 공정 및 검사용 장비는 해외의존도가 높은 편입니다. 반도"
111380,(주)동인기연,비대상,유럽," 경우, 해당 지역의 현지 직원들은 모국어 이외의 언어를 자유롭게 사용하지 못하는 경우가 많아 대부분 북미/유럽에 위치한 글로벌 아웃도어 브랜드들과의 의사소통이나, 기술 전수와 품질 관리 등을 원활히 하는 데 어려움을 "
125210,(주)아모그린텍,비대상,유럽,",791,781 북미 10,214,119 13,411,947 아시아 46,950,907 44,985,070 유럽 27,146,914 24,066,482 아프리카 7,904,032 5,310,241 합 계 129,304,"
125210,(주)아모그린텍,비대상,유럽,",791,781 북미 10,214,119 13,411,947 아시아 48,236,327 44,985,070 유럽 27,146,914 24,066,482 아프리카 7,904,032 5,310,241 합 계 130,600,"
125210,(주)아모그린텍,비대상,유럽,시키고자 노력하고 있습니다. 아울러 전세계적으로 자동차 관련 환경규제를 강화하고 자율주행기술을 개발하는 등 유럽 국가를 시작으로 내연기관 퇴출 및 환경차 보급 계획이 마련되고 있어 시장 확대가 예상됩니다. 블룸버그 뉴에
114840,(주)아이패밀리에스씨,비대상,유럽,"가고 있습니다. 또한 폴란드(124.5%), 프랑스(71.8%), 영국(53.3%), 호주(48.4%) 등 유럽 및 중동 지역에서 두드러진 성장세가 나타나며 수출 시장 다변화가 점진적으로 확대되고 있습니다. 중국향 화장"
114840,(주)아이패밀리에스씨,비대상,유럽,"랍에미리트(+67.1%), 폴란드(+124.5%), 영국(+53.3%), 프랑스(+71.8%) 등 중동 및 유럽 지역에서도 높은 성장률을 기록했습니다. 이러한 흐름은 중국 중심 구조에서 벗어나 북미·유럽·중동 등으로 수"
114840,(주)아이패밀리에스씨,비대상,유럽,") 등 중동 및 유럽 지역에서도 높은 성장률을 기록했습니다. 이러한 흐름은 중국 중심 구조에서 벗어나 북미·유럽·중동 등으로 수출 시장이 확대되는 다변화 추세가 지속되고 있음을 보여줍니다. (단위 : 천 달러, %) 순"
263810,상신전자(주),비대상,유럽,스 몰딩 필터 개발 완료 2022.01 Multi-V 북미향 노이즈필터 개발 완료 2022.03 북미향 및 유럽향 오븐용 코일 개발 완료 2022.03 ESS 단상 7.6KW 북미향 필터 개발 완료 2022.03 35K
014710,사조씨푸드(주),비대상,유럽," 정밀 가공하여 국내외 시장에 공급하는 사업입니다. 일본이 주요 수출 거점이며, 최근 수요가 증가하고 있는 유럽 및 북미 시장으로 수출 비중을 전략적으로 확대하고 있습니다. ■수산물 유통 사업(일반수산물) 일반수산물 유"
014710,사조씨푸드(주),비대상,유럽,"경로 및 방법 1) 판매부서 담당 업무 구분 주요제품 업 무 수산물가공유통사업부문 횟감용참치 1. 일본 및 유럽, 기타 해외 거래처를 대상으로 가공품과 원료 수출2. 국내 참치 대리점과 전문점, 온라인몰을 통한 판매 등"
014710,사조씨푸드(주),비대상,유럽,"품의 어종, 규격 등),결제 조건 등을 협의하여 최종적으로 수출결정을 하고 업무를 진행합니다.주로 일본 및 유럽, 기타국가(동남아 외)의 주문생산으로 이루어지며 40피트 컨테이너를 기준으로 수출이 진행되고 있습니다.② "
010660,화천기계(주),2차 후보(확인 필요),유럽,"951,763 101,886,457 미국 2,157,664 1,982,684 - - 중국 - 987 - - 유럽 488,805 511,355 - - 기타국가 1,468,343 2,408,116 - - 합 계 214,51"
010660,화천기계(주),2차 후보(확인 필요),유럽,". 당사에서 판매하는 제품 및 상품은 국내시장은 물론 국제시장에서도 위치를 확고히 하여 공작기계의 본고장인 유럽, 미국에서도 호평을 받고 있으며 세계적인기업들과 경쟁을 펼치고있습니다. 또한 범용 공작기계 전문업체로서의 "
010660,화천기계(주),2차 후보(확인 필요),유럽,"951,763 101,886,457 미국 2,157,664 1,982,684 - - 중국 - 987 - - 유럽 488,805 511,355 - - 기타국가 1,468,343 2,408,116 - - 합 계 214,51"
240810,(주)원익아이피에스,2차 후보(확인 필요),현가장치,9 다중 반응기 ALD용 RF Generator 와 RF Matcher 개발 완료(2024년 2분기) 30 서스펜션 플라즈마 용사용 산화이트륨 및 코팅기술개발 완료(2023년 4분기) 31 반도체 공정용 7축 웨이퍼 이동 
240810,(주)원익아이피에스,2차 후보(확인 필요),유럽," 관련하여 태양전지의 고효율화, 비용절감을 위한 다양한 장비 개발이 진행되고 있습니다. 향후 태양광 시장은 유럽과 미국 등 주요국의 탄소중립 정책 가속화 및 글로벌 기업들의 RE100 이슈 등으로 인해 성장세가 지속될 "
093370,(주)후성,비대상,유럽,상 및 시장 선점 현재 연구 진행 중 액상 LiPF6 연구개발 및 상용화 2016-현재 액상 LiPF6 로 유럽 시장 선점 - 초고순도 불화수소 가스 연구개발 2019-2021 일본 규제품목 반도체용 에칭가스인 초고순도
093370,(주)후성,비대상,유럽,"업의 실적 확대에 힘입어 전년 대비 매출 및 영업이익이 증가하였습니다.금년에도 미·중 외교 및 경제 갈등과 유럽 및 중동 지역의 지정학적 긴장이 지속되면서 세계 경제의 불확실성이 이어질 것으로 예상되며, 국내에서도 인플"
011930,주식회사 신성이엔지,비대상,CBAM," 민간 기업 주도의 형태를 띄며 시장이 다변화 될 것으로 예상됩니다.향후 글로벌 탄소 중립 움직임과 EU의 탄소국경조정제도, 글로벌기업들의 RE100 이니셔티브 요구로 인해 국내 기업들의 재생에너지 발전원에 대한 수요도 점"
011930,주식회사 신성이엔지,비대상,CBAM,"ESS를 설치, 시공하는 사업을 영위하고 있습니다. 최근 전세계적으로 RE100 이니셔티브의 확산, EU의 탄소국경조정제도 시행을 앞두고, 산업제조시설에서의 재생에너지 발전원 적용 수요가 증가하고 있으며, 당사 역시 기존의"
011930,주식회사 신성이엔지,비대상,유럽,"사업 이사회 공시제출일 현재 9개국에 진출한 당사 해외지법인의 운영, 영업, 수주활동 지원을 위함. 미국, 유럽을 중심으로 한 해외투자의 규모가 커짐에 따라 해외 수주 역시 늘고 있음. 당사의 관리인력 일부를 해외로 파"
011930,주식회사 신성이엔지,비대상,유럽,"및 RE100솔루션 제공 능력을 통해 기존 사업과의 연계가 가능할 것으로 전망함. 해외법인 지원사업 미국, 유럽을 중심으로 한 해외투자의 규모가 커짐에 따라 해외 수주 역시 늘고 있음. 당사의 관리인력 일부를 해외로 파"
011930,주식회사 신성이엔지,비대상,유럽,쟁과 품질관리·보증·유지관리 비용 수준에 따라 프로젝트 수익성이 변동될 가능성이 있음 . 건축 자재의 제조 유럽에 비해 건물 일체형 태양광 모듈 설치에 대한 정책 미비로 시장 확대의 지연 우려됨. 해외법인 지원사업 자재
018470,조일알미늄(주),1차(2027),유럽,"- 실수요자 공 장 ━ 영업부서 ┫ ┗ 실수요자 나)수출 LOCAL 수출 : 동남아, 중국, 미국, 일본, 유럽 등 DIRECT수출 : 유럽 2) 판매경로별 매출액 비중 가) 내수 경 로 도매상 실수요자 비고 비 중 4"
018470,조일알미늄(주),1차(2027),유럽,"서 ┫ ┗ 실수요자 나)수출 LOCAL 수출 : 동남아, 중국, 미국, 일본, 유럽 등 DIRECT수출 : 유럽 2) 판매경로별 매출액 비중 가) 내수 경 로 도매상 실수요자 비고 비 중 42.50% 57.50% - 나"
137400,(주)피엔티,2차 후보(확인 필요),유럽,"종소비자에 판매 41,061 P/O접수-제품판매-대금회수 5.51% 수출 직접판매(면장) : 중국, 미국, 유럽, 기타 617,323 P/O접수-제품판매-대금회수(T/T, L/C) 82.87% 간접판매(영세) : 국내,"
137400,(주)피엔티,2차 후보(확인 필요),유럽,"종소비자에 판매 15,773 P/O접수-제품판매-대금회수 2.12% 수출 직접판매(면장) : 중국, 미국, 유럽, 기타 39,128 P/O접수-제품판매-대금회수(T/T, L/C) 5.25% 간접판매(영세) : 국내, 해"
137400,(주)피엔티,2차 후보(확인 필요),유럽,"종소비자에 판매 56,834 P/O접수-제품판매-대금회수 7.63% 수출 직접판매(면장) : 중국, 미국, 유럽, 기타 656,451 P/O접수-제품판매-대금회수(T/T, L/C) 88.13% 간접판매(영세) : 국내,"
018290,(주)브이티,비대상,유럽," 구사 하였으며, 해외전시회 참가를 통해 GMP 고객사와의 관계개선을 넓혀가고있습니다. 근래 들어 중국, 동유럽 등에서 생산되는 저가형 기계 및 필름 공급이 증가하고있으나 당사는 대형기계위주의 고부가가치 제품으로 시장 "
018290,(주)브이티,비대상,유럽,"시장 경쟁자들과 차별화된 신제품 LAMIMASTER IDH-54 PAIR DUPLEX HS 150을 미국, 유럽 디지털 사진 시장에 공급하며 큰 호응을 얻고 있습니다. 또한 당사는 인덕션 히팅 롤러의 국내최대 설계ㆍ제조"
018290,(주)브이티,비대상,유럽,"동 기술기반으로 더욱 더 진보된 결과를 바탕으로 국내 특허 3개와 PCT 진입을 완료 하였고 일본, 미국, 유럽연합에서 심사를 진행하고 있습니다. 또한 기술의 실현성을 확인하기 위해 서울대학교병원에서 임상 1상을 수행 "
178920,피아이첨단소재(주),비대상,기어박스," 있습니다. EV 배터리 절연 Tape 외에도 PI필름은 전장에 들어가는 각종 센서, 카메라, LED램프, 변속기, 안테나, BMS(Battery Management System) 및 ICB(Inter Connection"
178920,피아이첨단소재(주),비대상,유럽,"당사는 외화 거래 및 환산으로 발생한 외환차이를 기타영업외수익과 기타영업외비용으로 인식하고 있으며, 당기말 유럽중앙은행에서 공시하는 매매기준율을 사용하여 환산하였습니다.28. 법인세비용(1) 당기와 전기 중 법인세비용의"
178920,피아이첨단소재(주),비대상,유럽,"당사는 외화 거래 및 환산으로 발생한 외환차이를 기타영업외수익과 기타영업외비용으로 인식하고 있으며, 당기말 유럽중앙은행에서 공시하는 매매기준율을 사용하여 환산하였습니다. 28. 법인세비용 법인세비용(수익)의 주요 구성요"
178920,피아이첨단소재(주),비대상,유럽,"는 기존 시장에서의 경쟁력을 더욱 강화하는 한편, 새로운 주주사인 Arkema와 함께 시너지를 낼 수 있는 유럽 및 북미 지역 매출 확대와 신사업 매출 확대를 적극 추진하고 있습니다. 이러한 전략적 경영계획을 기반으로 "
126600,(주)비지에프에코머티리얼즈,비대상,라디에이터,6% - (4) 연구개발실적 분야 항목(소재) 내용 비고 자동차 PA66/612/GF 내염화칼슘성이 우수한 라디에이터탱크용 소재 2008년 현대(차)와 공동 장영실상 MPPO/GF/난연 친환경(할로젠프리) 난연(V-0) 제품
126600,(주)비지에프에코머티리얼즈,비대상,라디에이터," 난연(V-0) 제품으로 EV용 배터리 부품용 경량화 소재 고객사 MS등재 PP/GF, PP/LGF EV용 라디에이터탱크 부품용 소재, Reservoir tank용 소재 - PA6/GF/내충격 자동차 에어백용 하우징 소재 -"
263600,덕우전자(주),비대상,유럽,"활용하기 위해 진출해 있습니다. 아울러 세계적인 경쟁력을 갖춘 자동차 관련 물류 인프라가 있으며, 아시아나 유럽 등 NAFTA 이외의 지역으로도 자동차 수출 물량이 크게 늘어나고 있습니다. 이는 멕시코가 글로벌 자동차 "
263600,덕우전자(주),비대상,유럽,"들이 진출해 있습니다. 폴란드는 자동차 생산 분야에서 많은 해외투자를 적극적으로 유치한 결과, 현재 중동부 유럽에서 자동차와 자동차 부품 및 구성요소를 생산하는 주요 생산국으로 자리매김했습니다. 최근에는 유럽 내 전기차"
263600,덕우전자(주),비대상,유럽,"재 중동부 유럽에서 자동차와 자동차 부품 및 구성요소를 생산하는 주요 생산국으로 자리매김했습니다. 최근에는 유럽 내 전기차 판매 확대에 따라 전기차 배터리 최대 생산국으로 부상 중으로, 산업 생태계의 중심이 될 것으로 "
050890,(주)쏠리드,비대상,유럽,"이동통신 기지국 관련 장비 등의 연구개발, 제조 및 판매를 주요 사업으로 영위하고 있습니다. 당사는 북미, 유럽, 일본 등 주요 선진국 시장에서 확고한 시장 점유율을 확보하고 있으며, 국내에서는 SKT, KT, LGU+"
050890,(주)쏠리드,비대상,유럽,"일본 42,003,802 51,675,130 51,083,873 SOLiD JAPAN, Inc., ㈜쏠리드 유럽 53,070,765 59,292,153 55,395,535 SOLID TELECOMMUNICATIONS L"
050890,(주)쏠리드,비대상,유럽,"~2개월 단위로 수주(P/O)를 받고 있습니다. 2025년말 기준 수주 잔고는 북미 $28,009,000, 유럽 $37,311,000입니다. 5. 위험관리 및 파생거래 가. 자본위험관리 연결회사의 자본위험관리는 건전한 "
001570,(주)금양,비대상,유럽,"수요는 장기적으로 우상향 곡선을 그리고 있습니다. 이에 대응하기 위해 국내외 주요 배터리 제조사들은 북미, 유럽 등 핵심 시장을 중심으로 대규모 생산 거점 증설을 가속화하고 있으며, 특히 중국 기업들의 공격적인 해외 진"
001570,(주)금양,비대상,유럽,"3) 핵심 연구인력 직 위 성 명 담당업무 주요 경력 기술연구소장 정재욱 발포제 R&D 총괄 - (주)금양 유럽사무소장 - (주)금양 기술연구소장 - 現 (주)금양 기술연구소장, 해외영업팀장 겸임 제조혁신센터장 정주식 "
001570,(주)금양,비대상,유럽,"른 가격경쟁이 심화되고 있는 상황이나, 기술우위를 바탕으로 한 품질차별화 전략을 지속적으로 추진하여 미주, 유럽 등 고가제품 시장의 확대와 친환경 제품 개발을 통해 장기적으로는 신시장 개척을 통한 신규수요 확보를 위해 "
058820,(주)CMG제약,비대상,유럽," 해외 시장 진출을 통해 시장확대를 꾀하고 있습니다. 특히 전 세계 의약품 매출의 대부분을 차지하는 미국, 유럽, 일본과 같은 선진시장 진출에 적극적으로 주력해야 할 필요성이 대두되고 있습니다.(5) 자원조달상의 특성제"
009900,명신산업(주),2차 후보(확인 필요),유럽,"동차 업체의 1차 납품업체이며, 중국 현지 종속법인 또한 글로벌 전기자동차업체의 납품업체로서 중국 내수 및 유럽시장에 제품을 공급하고 있습니다. 각 완성차 업체별 매출액은 다음과 같습니다. (단위 : 백만원) 품 목 매"
009900,명신산업(주),2차 후보(확인 필요),유럽,탬핑 부품 전량 수주에 성공하였습니다. 당사의 중국 현지 법인은 글로벌전기차 중국법인을 통해 중국 내수 및 유럽시장에 제품을 공급하고 있습니다. 5. 위험관리 및 파생거래 연결회사는 여러 활동으로 인하여 시장위험(환위험
009900,명신산업(주),2차 후보(확인 필요),유럽,MPING PROCESS(핫 스탬핑 과정을 위한 고주파 가열 방법) 2017.05.08 2012.12.08 유럽 - 8 Induction heating method for hot stamping process(핫 스탬핑
090080,평화산업(주),2차 후보(확인 필요),현가장치,"효율성 증대, 제품의 다각화, 품질 경쟁력 강화를 위해 (주)파브코를 흡수합병하였습니다. 당사는 방진, 에어서스펜션, 호스 자동차 부품을 생산하여 국내 완성차 메이커인 현대차, 기아차, 한국GM, 쌍용차에 판매하고 있으며,"
090080,평화산업(주),2차 후보(확인 필요),현가장치,"그 기술력을 인정받고 있습니다. 2. 주요 제품 및 서비스 가. 주요 제품 등의 현황 당사는 방진부품, 에어서스펜션 부품, 호스부품 및 방위산업용 특수차량 부품을 생산, 판매하고 있습니다. 이에 대한 세부내용은 다음과 같습"
090080,평화산업(주),2차 후보(확인 필요),현가장치," 제품 및상품 방진제품 진동방지 자체상표(PH) 및완성차업체의주문자상표방식과병행하여 부착 333,180 에어서스펜션 진동방지 20,652 호스제품 배관 244,445 특수차량부품 기재생략 기재생략 19,749 합 계 - -"
090080,평화산업(주),2차 후보(확인 필요),라디에이터,"중량절감, 파셜화 용이성 확보 개발- 벨로우즈 사양 다양화 개발- 가격 경쟁력 강화 및 기술 내재화 고성능 라디에이터호스 개발 2023~2024년 -고출력 및 냉각효율 향상에 대한 내압성능 향상 제품 개발- 복합구조 적용으로"
090080,평화산업(주),2차 후보(확인 필요),유럽,한공략을 강화할 전망입니다. 구조조정을 마무리한 미국업체는 고연비차 중심으로 라인업을 재구축하고 있습니다. 유럽업체들은 친환경차 분야에서 일본업체와 협력을 강화하고 있는 동시에 신흥시장용 전략 모델 출시도 확대할 예정입
090080,평화산업(주),2차 후보(확인 필요),유럽,"커들은 자국 내수에서의 점유율 확대뿐 아니라 해외에서도 자국의 완성차가 수출되기를 희망하고 있으며, 이미 동유럽, 러시아, 아프리카, 동남아 등 일부 국가로 수출이 진행되고 있으나 선진국 등으로 수출을 본격화하려면 품질"
099190,(주)아이센스,비대상,유럽,"있습니다. (2) 당기와 전기 중 지역별 매출은 다음과 같습니다. (단위: 천원) 구 분 미국 국내 아시아 유럽 기타 합 계 당기 58,668,555 65,198,402 26,006,738 35,990,390 53,19"
099190,(주)아이센스,비대상,유럽,"있습니다. (2) 당기와 전기 중 지역별 매출은 다음과 같습니다. (단위: 천원) 구 분 미국 국내 아시아 유럽 기타 합 계 당기 99,829,667 66,825,937 45,095,638 48,152,088 55,54"
099190,(주)아이센스,비대상,유럽,": 44건, 등록: 371건)를 국내ㆍ외에 출원 및 등록하였습니다. 나. 지적재산권 보유현황 당사는 미국, 유럽, 중국, 일본을 포함한 세계 100여개국 이상의 국가에 대한 수출을 통해 매출의 약 80% 정도 달성하고 "
009620,삼보산업 주식회사,1차(2027),기어박스,"회사의 내용](삼보오토주식회사)종속회사 삼보오토주식회사는 다이캐스팅 공법을 통하여 자동차부품(엔진 케이스류,변속기부품, 조항장치 등)을 생산 및 판매하고 있습니다. 다이캐스팅은 치수가 정확하므로 다듬질할 필요가 거의 없는"
009620,삼보산업 주식회사,1차(2027),기어박스," (단위 : 백만원) 사업부문 매출유형 품 목 구체적용도 주요상표 등 매출액 비율(%) 자동차부품사업 제품 변속기부품 트랜스 미션 외 - 79,752 55.5 제품 전기차/HEV 전기차 부품 외 - 36,677 25.5 "
009620,삼보산업 주식회사,1차(2027),기어박스,"공법 적용- CT감소를 위한 special tools 사용- 누설 체크를 위한 리크테스트 eM/eS HSG 감속기 case 2024년~현재 현대트랜시스 감속기 부품 금형 설계 및 주조 기술 , 가공기술의 최적화로 인한 고"
007530,(주)와이엠,2차 후보(확인 필요),기어박스," 및 라인업 확대를 꾀하고 있습니다. 이에 따라 자동차용 파스너 산업도 핵심 전동화 모듈인 모터, 인버터, 감속기 및 전기차 주요 핵심부품인 배터리 등에 적용할 신규 파스너 개발이 활발이 추진되고 있으며, 그 성패에 따라"
007530,(주)와이엠,2차 후보(확인 필요),유럽,04 스마트공장 우수기업 선정2018.10 4차 산업혁명 선도기업 산업통상자원부장관 표창 수상2019.02 유럽지사 설립2020.09 미국지사 설립2022.03 관세청 모범납세자 부총리표창 수상2023.03 회사명 변경
293480,하나제약(주),비대상,유럽,"의 동남아 서브 라이선스 계약 체결싱가포르, 인도네시아, 필리핀3) 하나제약의 위탁생산 계약 체결- 일본, 유럽 주) 당사의 License-in 계약의 내용은 변동 없이 유지되었으며, 관련 내용을 요약하여 기재하였습니다"
293480,하나제약(주),비대상,유럽,"0: 141-147)[학회발표]1) 피마사르탄칼륨 / 로수바스타틴 복합제 개발 (2017년, 약제학회)2) 유럽에서의 개량신약 허가전략 및 사례 (2013년, 약제학회)[수상]1) 산업통상자원부장관상(기술사업화부분, 2"
293480,하나제약(주),비대상,유럽,"al Products in Korea(KGMP)라고 함 EU-GMP EU GMP란 cGMP와 같은 개념으로 유럽 식약처라 할 수 있는 EMA 실사를 받아 EU국가에 수출할 수 있는 품목 허가를 의미. 서유럽, 동유럽을 "
053270,(주)구영테크,2차 후보(확인 필요),유럽,".2025년은 美 신공장 가동, 25% 고관세 부과 등 불안 요인에도 불구, 내수 방어와 미국 수출 감소를 유럽 친환경차 수출 확대로 보완하여 수출 감소폭을 최소화하면서 전년대비 1.2% 감소한 수준의 생산이 이루어졌으"
001620,케이비아이동국실업(주),2차 후보(확인 필요),유럽,"uster Facia, Console FRT Side 등 다양한 제품을 폭스바겐, 아우디, BMW외 다수의 유럽 완성차 업체에 공급하고 있습니다. DONG KOOK MEXICO S.A. de C.V. 역시 마찬가지로 칵"
001620,케이비아이동국실업(주),2차 후보(확인 필요),유럽,"agen, BMW, GM 등 각지 고객사에 모듈형 부품을 납품 중이며 지역별 매출액은 국내 4,837억원, 유럽 2,222억원, 멕시코 659억원, 중국 304억원, 그 외 지역 58억원으로 이루어져 있습니다.(1) 자"
001620,케이비아이동국실업(주),2차 후보(확인 필요),유럽,"DC현대EP, 롯데케미칼 外 미해당 중국 NY6GF 외 14,582 9.33 열화사빅, 현대EP 外 미해당 유럽 PP/ABS 외 69,377 44.41 TRINSEO, CEMM 外 미해당 멕시코 PPF, PP 외 16,"
278470,(주)에이피알,비대상,유럽,"통한 제품 판매 (3) 판매전략 당사는 미국과 일본 등 선진 시장에서의 브랜드 입지를 공고히 하는 동시에, 유럽, 중동, 동남아 등 성장 잠재력이 높은 지역으로의 시장 확장을 가속화하고 있습니다. 이를 위해 자사몰을 통"
015750,(주)성우하이텍,2차 후보(확인 필요),현가장치," 운전자와 화물을 적재하기 위한 부분이며 샤시는 차체를 제외한 나머지 부분을 총칭하고 제동장치, 조향장치, 현가장치등이 이에 포함됩니다. 자동차부품산업도 3차 공급업체까지 고려하는 경우 자본 투입에 있어 상당한 편차를 보일"
015750,(주)성우하이텍,2차 후보(확인 필요),유럽,"부재료 프레스 가공용 철판 및도장용 페인트 등 2차 가공전 1차 프레스 작업부품 중국 195,527,579 유럽 687,425,954 인도 370,648,409 북미 447,083,101 합계 2,707,764,031 "
015750,(주)성우하이텍,2차 후보(확인 필요),유럽,"체 연결범위변동 기말금액 비고 국내 109,650,407 - - - - - - - - 109,650,407 유럽 13,142,943 - - - - - 1,437,808 - - 14,580,751 인도 18,173,505"
015750,(주)성우하이텍,2차 후보(확인 필요),유럽,"3,366) (3,352,362) - 17,800 819,951 - 14,472,671 41,413,962 유럽 187,608,579 291,932 - (9,941,660) - 3,527,896 27,506,464 - "
015890,태경산업(주),1차(2027),유럽,"년 이상 제조하여 왔으며 권위있는 기술과 앞서가는 개발로써 국내뿐 아니라 중국, 일본, 동남아시아, 중동, 유럽 등 해외 시장에 큰 점유율을 기록하고 있습니다. 고속도로 휴게소를 운영하는 사업으로 1995년 민영화 입찰"
015890,태경산업(주),1차(2027),유럽,"년 이상 제조하여 왔으며 권위있는 기술과 앞서가는 개발로써 국내뿐 아니라 중국, 일본, 동남아시아, 중동, 유럽 등 해외 시장에 큰 점유율을 기록하고 있습니다. 고속도로 휴게소를 운영하는 사업으로 1995년 민영화 입찰"
015890,태경산업(주),1차(2027),유럽," 등의 종합제철소와 일반 제강사, 그리고 용접봉업체 등이 있으며, 해외시장은 일본, 중국, 동남아, 중동, 유럽 등으로 다양한 판매선이 존재하고 있습니다. 석회제조판매업 부문의 경우 주요매출처는 고려아연(주), 롯데정밀"
001780,(주)알루코,1차(2027),현가장치,"도우프레임 저가 고강성 알루미늄가변곡률 압출소재 및부품개발 제품적용예정(RV차량 대상 양산적용예정) 알루미늄컨트롤암,범퍼 백 빔,엔진 크레들 7. 기타 참고사항 가. 주요 지식재산권 보유 현황 no. 특허의 명칭 취득일 종"
001780,(주)알루코,1차(2027),현가장치,y for aluminum alloy extrusion bar) 2008.10.21 특허권 9 자동차 후륜 현가 장치용 서스펜션 암의 제조 방법(The manufacturing method of the suspension a
001780,(주)알루코,1차(2027),현가장치,luminum alloy extrusion bar) 2008.10.21 특허권 9 자동차 후륜 현가 장치용 서스펜션 암의 제조 방법(The manufacturing method of the suspension arm for
001780,(주)알루코,1차(2027),유럽,"2,776,696,475 18,888,883,292 중국 5,318,316,535 2,929,721,271 유럽 60,397,229,240 37,756,327,570 미국 66,983,941,299 88,670,291,"
001780,(주)알루코,1차(2027),유럽,"미국 현지 법인을 통해 글로벌 2차 전지 제조사인 LG에너지솔루션, SK온의 주요 대형 프로젝트를 수주하여 유럽 및 북미에서 사업확장 중에 있습니다. 기타의 자세한 사항은 동 보고서의 'Ⅱ. 사업의 내용'을 참조하시기 "
001780,(주)알루코,1차(2027),유럽,"미국 현지 법인을 통해 글로벌 2차 전지 제조사인 LG에너지솔루션, SK온의 주요 대형 프로젝트를 수주하여 유럽 및 북미에서 사업확장 중에 있습니다. 각 영업부문별 주요 제품은 다음과 같습니다. 사업부문 영업부문 주요제"
460860,동국제강(주),1차(2027),유럽,". 주주명 소유주식수(주) 지분율(%) 동국홀딩스㈜ 16,669,000 33.60 제이에프이스틸 인터내셔널 유럽 4,319,409 8.71 자기주식 57,975 0.12 기타주주 28,561,633 57.57 합계 49"
460860,동국제강(주),1차(2027),유럽,". 주주명 소유주식수(주) 지분율(%) 동국홀딩스㈜ 16,669,000 33.60 제이에프이스틸 인터내셔널 유럽 4,319,409 8.71 자기주식 57,975 0.12 기타주주 28,561,633 57.57 합계 49"
039840,(주)디오,2차 후보(확인 필요),유럽,"AVI Full Arch 글로벌 15,000악 돌파 10 DIOnavi. 120만홀 식립 돌파 11 MDR 유럽 인증 획득 나. 본점소재지의 변동 - 변경일 : 2008년 07월 29일- 변경전 : 경상남도 양산시 교동"
039840,(주)디오,2차 후보(확인 필요),유럽,"아니라 교정, 보철, 치주 등 전반적인 치과 시장의 질적 성장에 기여하고 있습니다. 해외 시장 측면에서는 서유럽과 북미 지역이 전통적인 주요 시장이며, 아시아-태평양, 중동, 동유럽 지역의 성장률이 높아 글로벌 확장 가"
039840,(주)디오,2차 후보(확인 필요),유럽,"고 있습니다. 해외 시장 측면에서는 서유럽과 북미 지역이 전통적인 주요 시장이며, 아시아-태평양, 중동, 동유럽 지역의 성장률이 높아 글로벌 확장 가능성이 큽니다. 특히 중국 시장은 현재 전체 인구 대비 시장 규모는 작"
262260,(주)에이프로,비대상,유럽,-06 가압 활성화 장치용 전극 리드 그립퍼 및 이를 구비한 가압 지그 Jig Formation ㈜에이프로 유럽 PCT/KR2020/002286 2020-01-30 28 20924601.6 2022-08-08 싸이클러용
262260,(주)에이프로,비대상,유럽,-30 28 20924601.6 2022-08-08 싸이클러용 영전압 방전회로 장치 Cycler ㈜에이프로 유럽 PCT/KR2020/003249 2022-09-09 29 21889467.3 2023-03-28 디개싱 유
262260,(주)에이프로,비대상,유럽,9467.3 2023-03-28 디개싱 유닛을 구비한 가압 활성화 장치 Jig Formation ㈜에이프로 유럽 PCT/KR2021/015390 2023-05-03 30 21903850.2 2023-06-05 원통형 이
126640,(주)화신정공,2차 후보(확인 필요),현가장치," 동 차부 품 제 품 샤시류 차량의 중량을 지지하며 차축과 차체를 연결하고 주행 중 외부 하중을 지지하며, 서스펜션이나 파워트레인으로부터 발생하는 진동 및 소음을 차단, 완화, 흡수하여 승차감을 향상시키는 중요부품 OEM현"
126640,(주)화신정공,2차 후보(확인 필요),현가장치,"볼조인트와 정밀가공부품인 일체형 Axle housing, 전기차 및 고성능차의 핵심 경량화 부품인 알루미늄 서스펜션 암 등을 개발하여 양산 적용 중이며, 친환경차로 전환되는 자동차시장에서의 경쟁력을 강화하기 위해 전사적인 "
126640,(주)화신정공,2차 후보(확인 필요),현가장치,제품을 공급중에 있습니다. 자동차시장에서의 경쟁력 강화 및 친환경차로의 전환에 대응하기 위해 알루미늄 소재 로어암의 개발 및 경량화 부품 개발에 힘쓰고 있으며 전기차 신사업체제를 구축하는 등 향후 미래차시장에서 확고한 경
214390,(주)경보제약,비대상,유럽," 무 판 매 처 원료의약품 국내영업팀 해외영업팀 위수탁가공, 원료의약품 판매 국내 제약회사, 일본, 중국, 유럽 등 해외 제약회사 등 완제의약품 병원영업팀 의원팀 전문(ETC), 일반(OTC) 완제의약품 판매 국내 종합"
214390,(주)경보제약,비대상,유럽,"수급 및 클레임발생시 매뉴얼에 따라 신속한 대응 3) 해외 마케팅 활동 강화 ① 해외 거래선 방문 확대 : 유럽, 일본, 중국, 중남미, 동남아, 중동 등 ② 지속적인 신규 거래선 개척 : CMO사업개발 확대, 신규항생"
214390,(주)경보제약,비대상,유럽,"일본, 중국, 중남미, 동남아, 중동 등 ② 지속적인 신규 거래선 개척 : CMO사업개발 확대, 신규항생제 유럽, 중국등 등록 추진 (완제의약품) 당뇨, 항생제, 비마약성 진통제 등 특정분야의 단계적 확대를 통한 시장지"
303810,동국생명과학(주),비대상,유럽,"고, 까다롭기로 유명한 일본 후생성의 완제품 허가를 획득하며 우수한 품질을 인정받았습니다. 또한 2000년 유럽의약품 품질관리위원회(EDQM)으로부터 품질규격적합인증(COS)을 취득해 세계 시장 수출의 기반을 마련하게 "
303810,동국생명과학(주),비대상,유럽,"유명한 일본 후생성의 완제품 허가를 획득하여 글로벌 시장에서 우수한 품질을 인정받았습니다. 또한 2000년 유럽의약품 품질관리위원회(EDQM)로 부터 품질규격적합인증(COS)을 취득하며, 세계 시장 진출의 발판을 마련하"
119650,케이씨코트렐(주),2차 후보(확인 필요),유럽," 연평균 2% 대의 성장세를 지속적으로 유지하고 있습니다. 현재 세계 환경시장은 성숙단계에 접어든 북미, 서유럽, 일본 등 선진국의 비중이 높지만 감소하는 추세에 있습니다. 일본을 제외한 아시아 지역, 아프리카, 중남미"
004450,삼화왕관(주),1차(2027),유럽,"달러를 기록할 것으로 전망 됩니다. 화장품 최대 수출국인 중국으로의 수출은 감소 및 답보하고 있으나, 북미,유럽,일본 수출의 성장세가 이어 질 것으로 전망됩니다. 대체적으로 국내 화장품 용기산업의 성장은 수출에 비례하고"
004450,삼화왕관(주),1차(2027),유럽,로벌 시장에서 살아남기 위한 체계적인 국가와 기업의 전략이 필요한 시점 입니다. 당사는 에이전시와 협조하여 유럽 및 일본시장 적극 개척을 진행하고 있습니다. (6) 회사의 경쟁우위 요소 [CAP 사업부]당사는 국내외에 
077360,덕산하이메탈(주),비대상,유럽," 중이며, 해외 지역 파트너 및 대형 EPC 업체를 통해 수소 글로벌 프로젝트 활성화 시장인 호주, 미국, 유럽 시장을집중적으로 공략할 계획입니다. 또한 복합소재 용기는 국내 수소버스 개발업체와 협력 관계를 구축하고 신"
077360,덕산하이메탈(주),비대상,유럽,"시장점유율은 일본 약 30~35% / 한국 약 25~30% / 대만 약 15~20% / 기타(미국, 중국, 유럽 등) 약 15~20% 수준으로 추정됩니다. 이는 아시아-태평양 국가들이 솔더볼 및 반도체 패키징 생산의 핵"
111110,호전실업 주식회사,비대상,유럽,"스페이스 등 Top 브랜드들이 시장을 주도하고 있으며 국가별로는 중국 시장의 성장이 가장 두드러지고 미국과 유럽 시장이 뒤를 잇고 있습니다. (3) 경기변동의 특성, 계절성1) GDP 및 소비성향에 따라 변화 의류산업은"
050110,(주)캠시스,비대상,유럽," 상근 경영기획부문 기획담당 서울대학교 국제경제학 학사뉴욕주립대 로스쿨 JDSchades/R+S (구, 한솔유럽자회사) - - - 03년 10개월 - 신길호 남 1973.08 상무 미등기 상근 CM사업부문 CM개발담당품"
000520,삼일제약(주),비대상,유럽," 의약품 시장이 지속적인 인구증가 및 평균수명의 연장, 생활수준 향상에 따른건강에 대한 관심 증대, 미국과 유럽의 다국적 제약회사를 중심으로 한 활발한 신약출시 등으로 매년 약 6%의 성장을 시현하고 있는 것과 더불어,"
000520,삼일제약(주),비대상,유럽,치열합니다. 최근들어 대형 제약사는 영세성을 벗어나 나름의 독자적인 신약개발에 박차를 가하기도 하고 미국과 유럽에 주로 의존해오던 라이센스에 의한 국내 생산/판매에 있어서도 일본을 비롯하여 다양한 채널로 확대하면서 신제
000520,삼일제약(주),비대상,유럽,베트남 GMP 인증을 완료하였습니다. 2026년 상반기 KGMP 인증 및 2027년 상반기 미국 cGMP와 유럽 EU-GMP 인증을 진행할 예정으로 현재 매출은 없습니다. 다. 최근 3년간 신용등급 해당사항 없음 평가일
043150,(주)바텍,2차 후보(확인 필요),유럽,"지는 경기도 화성시 동탄구 삼성1로2길 13(석우동)입니다.회사는 해외 판매법인을 보유하고 있으며, 미국, 유럽 및 아시아국가 등에서 사업을 영위하고 있습니다. 한편, 당기말과 전기말 현재 주요 주주현황은 다음과 같습니"
043150,(주)바텍,2차 후보(확인 필요),유럽," 소재지는 경기도 화성시 삼성1로2길 13(석우동)입니다. 당사는 해외 판매법인을 보유하고 있으며, 미국, 유럽 및 아시아 국가 등에서 사업을영위하고 있습니다.한편, 보고기간말 현재 당사의 주요 주주현황은 다음과 같습니"
043150,(주)바텍,2차 후보(확인 필요),유럽,"니다. 당기와 전기의 지역별 수익 내역 등은 다음과 같습니다. (단위 : 천원) 구분 한국 아시아 및 호주 유럽 북미 및 남미 중동 합계 매출액 317,264,355 62,109,157 94,921,477 167,601"
041830,(주)인바디,2차 후보(확인 필요),유럽," 신장계 및 체중 측정 장치(12,270,698호) 2025 4Q 전극패치(US 11,583,230 B2) 유럽 2025 1Q 클램프 전극을 이용한 체성분 측정(3653116호) 중국 2023 1Q 착용형 단말기 및 그"
041830,(주)인바디,2차 후보(확인 필요),유럽,"61) 요르단 2024 1Q InBody 10류 (181666) 2025 2Q InBody(181665호) 유럽 2023 4Q BWA 9류,10류,16류,35류,44류 (1736597) 2023 4Q InBody BWA"
041830,(주)인바디,2차 후보(확인 필요),유럽,"품 판매는 직판 및 국내외 대리점망을 통해 이뤄지고 있습니다. 해외시장 공략을 위하여 미국, 중국, 일본, 유럽, 말레이시아, 인도, 멕시코, 호주, 베트남, 튀르키예 등에 해외법인을 설립하여 운영하고 있습니다. 제품별"
234080,제이더블유생명과학(주),비대상,유럽, TPN 신제품 위너프/콤비 MCT 조성개발 및 공정설계2. Baxter Finomel 제품 DoE개발 및 유럽 20개국 등록3. 3-chamber제품 동남아 등록4. Pre-mix제제 개발 및 상품화 2007~2010
234080,제이더블유생명과학(주),비대상,유럽,"011-02-24 2028-11-28 - 수액 용기용 다층 필름, 및 이를 구비한 수액 용기 (특이사항 : 유럽 7개국 등록 결정/ 오스트리아, 벨기에, 독일, 스페인, 프랑스, 영국, 이탈리아) 2008-12-19 /"
234080,제이더블유생명과학(주),비대상,유럽,"1-05-31 2028-12-19 CB Film 기능성 수액 제품을 위한 고차단성 다층 필름 (특이사항 : 유럽 7개국 등록 결정/ 오스트리아, 벨기에, 독일, 스페인, 프랑스, 영국, 이탈리아) 2008-12-19 /"
029530,(주)신도리코,비대상,유럽,", 전자파 대응 및 전기안전 대응 설계 - 에너지 절약 마크 인증, 에너지 스타 인증 - KC 안전 인증, 유럽 CE, 중국 CCC, 북미 FCC 인증 환경인증에 적합한 설계 환경마크 인증 기준에 적합한 설계 - 한국 "
271980,제일약품(주),비대상,유럽," 완료 ⑥향후계획 2025년 하반기 비임상 장기독성시험 개시 ⑦경쟁제품 Zynquista (Lexicon, 유럽 NDA 승인) ⑧관련논문 등 2018 미국당뇨학회(ADA) 초록 발표 ⑨시장규모 국내 당뇨병 시장 약 1조"
271980,제일약품(주),비대상,유럽,"품 Takecab (Takeda), K-cab (HK이노엔), 펙수클루정 (대웅) ⑧관련논문 등 2018년 유럽의약화학학회 포스터 발표2023년 임상 1상시험 결과 AP&T 표지 논문Pharmacol Res Perspe"
019770,(주)서연탑메탈,2차 후보(확인 필요),유럽,"중장비의 전복시 운전자의 안전을 보장할 테스트 조건에 부합되는 새로운 구조의 캐빈이 필요하여 개발되었으며, 유럽 및 북미시장의 안전규제로 DX기종에 이어 현재 주력 생산모델임. 기본 후방카메라에 사이드뷰/리어뷰 카메라를"
019770,(주)서연탑메탈,2차 후보(확인 필요),유럽,"수요가 좌우됩니다. 또한 환율변동에 의하여 국가별 가격 경쟁력이 결정되므로 최대 소비시장인 미국의 달러화, 유럽의 유로화와 당사의 경쟁업체가 집중된 일본의 엔화 추세에 민감한 반응을 보이는 특성을 띄고 있습니다. 국내의"
100130,(주)동국에스엔씨,1차(2027),유럽," 예상됩니다. ② 세계 풍력 시장의 전망 풍력 에너지가 핵심 에너지 기술로 자리를 굳건히 하고 있는 가운데 유럽 및 북미 등 선진국 시장과 중국, 인도 등 개발도상국을 중심으로 지속적인 풍력발전 단지 건설이 이루어지고 "
100130,(주)동국에스엔씨,1차(2027),유럽,"등의 단점을 보완 할 수 있는 해상풍력으로 점차 추세가 변하고 있으며, 당사의 주력 시장인 미국을 포함하여 유럽, 아시아, 남미 지역 등에서 해상 풍력이 차지하는 비중이 점차 커질 것으로 전망되고 있습니다. GWEC는 "
100130,(주)동국에스엔씨,1차(2027),유럽,"치되어 누적 설비용량은 370GW에 이를 것으로 전망했습니다. 지역별로는 영국 38GW, 독일 21GW 등 유럽 지역에서 총 141GW 규모가 설치 될 전망이고, 중국 98GW를 비롯한 아시아 지역은 136GW, 미국은"
089010,(주)켐트로닉스,비대상,유럽,"회에 정기적으로 제공되지 않아 주석에 포함하지 아니하였습니다. (4) 지역별 정보 연결실체는 국내, 북미, 유럽, 아시아 등의 지역에서 영업하고 있습니다. 당기와 전기중 지역별로 세분화된 연결실체의 외부고객으로부터의 수"
089010,(주)켐트로닉스,비대상,유럽,"영위원회에 정기적으로 제공되지 않아 주석에 포함하지 아니하였습니다. (4) 지역별 정보당사는 국내, 북미, 유럽, 아시아 등의 지역에서 영업하고 있습니다. 당기와 전기 중지역별로 세분화된 당사의 외부고객으로부터의 수익에"
089010,(주)켐트로닉스,비대상,유럽,"단위: 천원) 구 분 당 기 전 기 국내 339,389,779 319,704,839 북미 329,529 - 유럽 - 80,278 아시아 17,017,634 17,597,123 합 계 356,736,942 337,382,"
243070,(주)휴온스,비대상,유럽,"oPharma Pte.Ltd 한국 2019.08.27 MFDS 승인으로부터 10년 1,250,000 USD 유럽 임상 1상 1-2. 수출공급계약공시서류 작성기준일 현재 당사가 체결 중인 주요 수출공급계약 현황은 다음과 "
243070,(주)휴온스,비대상,유럽,러($)) 구분 2020 2021 2022 2023 2024(E) 북미 576 614 655 718 758 유럽 380 427 405 429 444 아시아/퍼시픽 352 409 424 446 481 중남미 61 73 7
112610,씨에스윈드(주),1차(2027),휠, 동시에 용접하는 듀얼 용접 장치 2040년 10월 13일 용접 생산성 증대 특허 2021년 09월 27일 휠 타입 백킹 장치 2040년 07월 24일 용접결함 방지 특허 2025년 09월 01일 듀얼 용접 장치 20
112610,씨에스윈드(주),1차(2027),유럽,"된 내역입니다. (3) 당기 및 전기 중 지역별 매출액은 다음과 같습니다. (단위: 천원) 구분 당기 전기 유럽 438,911,337 350,273,034 미주 36,722,777 109,556,151 아시아 137,9"
112610,씨에스윈드(주),1차(2027),유럽," 당사는 한국 본사를 기반으로 베트남, 미국, 포르투갈, 중국, 터키, 대만에서 풍력타워 생산법인을 운영하며유럽, 미국, 아시아 등 전세계 시장에 육상 및 해상 풍력타워를 공급, 납품하고 있습니다. 더불어, 해상풍력을 "
112610,씨에스윈드(주),1차(2027),유럽,"풍력을 주력으로 시장경쟁력을 강화하기 위하여 해상풍력 하부구조물 사업에 새롭게 진출하고자 2023년 12월 유럽 해상풍력 하부구조물 생산기업인 'Bladt Industries'를 인수하여 유럽, 미국 등 전세계 시장에 "
086900,(주)메디톡스,비대상,유럽,"출액 증가에 따른 생산능력 확보를 위한 오송3공장 E동 생산라인 증축 공사를 완료하였습니다. 오송 3공장은 유럽의약품국(EMA)의 EU-GMP 기준 및 미국 FDA의 cGMP 기준에 적합한 바이오의약품 제조시설이자, 세"
086900,(주)메디톡스,비대상,유럽,"한 바이오의약품 제조시설이자, 세계 최고의 수준과 규모를 자랑하는 보툴리눔 톡신 생산 공장으로 향후 미국과 유럽 등 글로벌시장의 수요에 대응할 수 있는 공급능력을 확보하였습니다.당사는 2023년 1월 아랍에미레이트 두바"
086900,(주)메디톡스,비대상,유럽,"팀 글로벌 영업 및 마케팅, 신규 해외 거래처 발굴 (동남아시아, 중동, 러시아 및 CIS 국가, 중남미, 유럽 등) 해외법인(일본, 태국, 미국) 및 합작법인(대만, 홍콩) 관리, 신규사업 개발 영업관리팀 CS 업무,"
012200,계양전기(주),2차 후보(확인 필요),유럽," 외화금융자산 외화금융부채 미국달러/원 6,963,484 873,836 5,913,316 2,729,762 유럽유로/원 4,304,019 48,741 2,476,740 677,880 일본엔화/원 - 318,065 182"
012200,계양전기(주),2차 후보(확인 필요),유럽," 10% 상승시 10% 하락시 미국달러/원 608,965 (608,965) 318,355 (318,355) 유럽유로/원 425,528 (425,528) 179,886 (179,886) 일본엔화/원 (31,807) 31,"
012200,계양전기(주),2차 후보(확인 필요),유럽," 외화금융자산 외화금융부채 미국달러/원 6,963,484 873,836 5,913,316 2,729,762 유럽유로/원 4,304,019 48,741 2,476,740 677,880 일본엔화/원 - 318,065 182"
104460,디와이피엔에프(주),2차(2028),유럽,"역별 매출정보는 다음과 같습니다. 지역에 대한 공시 당기 (단위 : 천원) 국내 미국 중국 중동 동남아시아 유럽 기타 국가 지역 합계 수익(매출액) 252,741,296 8,616,331 31,308,123 10,419"
104460,디와이피엔에프(주),2차(2028),유럽,"27,109 1,236,890 396,256,361 전기 (단위 : 천원) 국내 미국 중국 중동 동남아시아 유럽 기타 국가 지역 합계 수익(매출액) 206,552,536 857,665 0 11,716,753 70,631"
101970,우양에이치씨(주),2차 후보(확인 필요),유럽," 10,161,653 지역별 매출 내역 당기 (단위 : 천원) 본사 소재지 국가 아시아 및 오세아니아 미주 유럽 및 아프리카 중동 지역 합계 수익(매출액) 5,792,872 173,275 27,156,641 4,695,"
101970,우양에이치씨(주),2차 후보(확인 필요),유럽,"3,036,344 100,854,566 전기 (단위 : 천원) 본사 소재지 국가 아시아 및 오세아니아 미주 유럽 및 아프리카 중동 지역 합계 수익(매출액) 6,332,043 9,050,838 98,329,498 32,3"
101970,우양에이치씨(주),2차 후보(확인 필요),유럽,"1,653 (3) 지역별 매출 내역은 다음과 같습니다. (단위: 천원) 구분 국내 아시아 및오세아니아 미주 유럽 및아프리카 중동 합계 당기 5,792,872 173,275 27,156,641 4,695,434 63,03"
042700,한미반도체(주),비대상,유럽,",623 146,538,869 북아메리카 16,032 144,589 남아메리카 747,239 846,230 유럽 138,885 110,618 합 계 62,766,779 147,640,306 ② 손상차손당기말과 전기말 현"
042700,한미반도체(주),비대상,유럽,"554,330,865 북아메리카 333,205 291,506 남아메리카 4,439,811 2,412,114 유럽 1,881,728 1,880,973 기타 112,595 1,734 합 계 576,684,620 558,91"
042700,한미반도체(주),비대상,유럽,"554,330,865 남아메리카 4,439,811 2,412,114 북아메리카 333,205 291,506 유럽 1,881,728 1,880,973 기타 112,595 1,734 합 계 576,684,620 558,91"
005160,동국산업(주),1차(2027),유럽,"출 등과 관련하여 환율변동위험에 노출되어 있습니다.회사가 노출되어 있는 주요 통화는 미국 달러, 일본 엔, 유럽 유로, 중국 위안 등이 있습니다. 보고기간종료일 현재 회사의 기능통화 이외의 외화로 표시된 화폐성 자산 및"
005160,동국산업(주),1차(2027),유럽,"매 → 수금□ 수출 수요자 → 주문 → 냉연강판생산 → 선적 → NEGO(수출국 : 일본, 동남아, 중국, 유럽 외) 칼라인쇄강판부문 □ 내수(당사 → 가전사외)□ 수출(당사 → 무역상사 → 가전사, 당사 → 가전사외)"
005160,동국산업(주),1차(2027),유럽,"상됩니다. (2) 세계 풍력 시장의 전망 풍력 에너지가 핵심 에너지 기술로 자리를 굳건히 하고 있는 가운데 유럽 및 북미 등 선진국 시장과 중국, 인도 등 개발도상국을 중심으로 지속적인 풍력발전 단지 건설이 이루어지고 "
007690,국도화학(주),비대상,유럽," 345,953,719 369,635,358 아시아(중국등)지역 623,633,214 513,530,026 유럽(독일등)지역 385,066,669 336,822,645 기타 15,183,465 13,917,306 연결조"
007690,국도화학(주),비대상,유럽,"88 아메리카 168,475,637 216,730,820 아시아 222,365,578 187,890,200 유럽 245,161,169 236,330,258 기타 15,183,466 13,917,306 합 계 967,06"
007690,국도화학(주),비대상,유럽,"분야 및 전기ㆍ전자 분야에 사용되는 다양한 종류의 에폭시 및 경화제 제품을 아시아를 비롯한 미주, 중동 및 유럽 지역 등 전 세계에 판매하고 있습니다. 세계 경제는 고금리 기조의 장기화, 지정학적 리스크의 상존, 주요 "
003220,대원제약(주),비대상,유럽," 대상지역 체결일 종료일 총 금액 진행단계 DW-4902 ㈜티움바이오 한국 2019.02.25 - 40억원 유럽 2a상 종료, 국내 2상 종료 DW-4121 ㈜엘베이스 국내 외 2021.01.21 - 10억원 유럽 1상"
003220,대원제약(주),비대상,유럽,"억원 유럽 2a상 종료, 국내 2상 종료 DW-4121 ㈜엘베이스 국내 외 2021.01.21 - 10억원 유럽 1상 준비 국내 1상 준비 DW-4222 ㈜글라세움 국내 2022.05.19 - - 국내 2a상 완료 DW"
003220,대원제약(주),비대상,유럽,항제(GnRH antagonist) 계열의 합성신약 개발 기술 개발진행경과 - 국내 2상(자궁근종) 종료- 유럽 2a상(자궁내막증) 종료 기타사항 본 계약은 티움바이오 NCE403 프로그램 내 TU2670 후보물질의 국
462520,조선내화 주식회사,비대상,유럽,",306 0.8849 외국 아메리카 28,480,089 0.0591 아시아 19,207,735 0.0398 유럽 7,414,513 0.0154 오세아니아 401,095 0.0008 지역 합계 482,243,738 1.0"
462520,조선내화 주식회사,비대상,유럽,",029 0.8780 외국 아메리카 24,863,165 0.0530 아시아 26,954,602 0.0580 유럽 2,853,100 0.0060 오세아니아 2,353,745 0.0050 지역 합계 465,779,641 1"
277880,주식회사 티에스아이,2차 후보(확인 필요),유럽," 510,894,000 소계 - 510,894,000 - 510,894,000 (*1) 당사는 2018년에 유럽시장 현장 관리 및 영업거점 마련 목적으로 폴란드 내 현지법인을 설립 및 지분투자 하였습니다.(*2) 당사는"
277880,주식회사 티에스아이,2차 후보(확인 필요),유럽,",758,496,033 83,300,038,084 아시아 4,408,879,137 5,522,070,845 유럽 92,344,384,412 7,022,825,450 북미 144,931,852,611 176,141,606"
277880,주식회사 티에스아이,2차 후보(확인 필요),유럽,"gy Co., Ltd. Wuxi TSI Technology Co., Ltd. (*1) 당사는 2018년 중 유럽시장 현장 관리 및 영업거점 마련 목적으로 폴란드 내 현지법인을 설립 및 지분투자 하였습니다. (*2) 당사"
166090,하나머티리얼즈(주),비대상,휠,.09.08 특허청 특허 플라즈마 처리 장치용 실리콘 소재의 제조 방법 08.10.31 특허청 특허 코어링 휠 및 이를 이용한 잉곳 코어링 장치 08.12.16 특허청 특허 카세트 및 이를 구비하는 세정 장치 09.0
412540,(주)제일엠앤에스,2차 후보(확인 필요),기어박스,"철판 원자재 88 1,740 1,548 1,348 밸브류 3,247 12,063 9,987 1,724 모터&감속기류 898 18,606 17,820 5,788 기타 21,082 68,342 37,074 9,242 공사 전"
412540,(주)제일엠앤에스,2차 후보(확인 필요),기어박스,"76 41 기타 196 2,389 1,707 260 소계 3,247 12,063 9,987 1,724 모터&감속기류 J사 769 11,623 11,870 5,181 K사 121 4,584 4,834 606 기타 7 2,3"
412540,(주)제일엠앤에스,2차 후보(확인 필요),유럽,차전지 시장의 급성장에 능동적으로 대처하기 위해 당사는 다양한 시장진출 및 판매전략을 수립하고 있습니다. 북유럽 시장의 경우 고객 확보를 통한 발빠른 시장 선점으로 고객의 지속적인 증설계획에 따라 선제적인 엔지니어링 서
412540,(주)제일엠앤에스,2차 후보(확인 필요),유럽,"엘-하마스 전쟁 등 글로벌 지정학적 갈등으로 전세계 방위전략이 변화하고 있으며, 특히 폴란드와 루마니아 등 유럽 국가와 중동 지역 국가의 유도무기 도입 요구가 커지고 있는 상황에서 글로벌 방산시장의 변화가 촉발되고 있습"
412540,(주)제일엠앤에스,2차 후보(확인 필요),유럽,"23년 비고 국내 41,362 36,032 78,657 - 북미 109,410 99,041 55,329 - 유럽 324 111,850 7,731 - 중국 130 457 1,244 - 기타 지역 39 106 211 - 총"
003090,(주)대웅,비대상,유럽," 최초 FDA허가 획득 - 자체개발 보툴리눔 톡신, 미국(제품명: 주보) 및 캐나다(제품명: 누시바) 출시,유럽(제품명: 누시바) 판매허가 획득 - 차세대 위식도역류질환 치료제 펙수프라잔 임상3상 완료 - 우루사 300"
003090,(주)대웅,비대상,유럽,": DWP450 (제품명: 나보타, Jeuveau, Nuceiva) 구 분 Biologics 적응증 미국, 유럽, 캐나다, 호주 등-미간주름; 한국-미간주름, 눈가주름, 상지근육경직, 안검경련, 양성교근비대증 작용기전 "
003090,(주)대웅,비대상,유럽,"중단), 경부근긴장이상 치료 임상 2상 종료(22년 7월), 위마비 임상 2상 IND 승인(22년 5월)- 유럽: 임상3상 완료(16년7월), EMA MAA 신청 완료 (17년 6월), EC(European Commit"
063160,(주)종근당바이오,비대상,유럽,"사는 선진국 수준의 QA/QC 역량과 고난이도 합성·발효 기술을 보유하고 있으며이를 기반으로 미국 FDA, 유럽 EMA 등 글로벌 규제기관 기준에 부합하는 cGMP 환경을 유지함으로써 고품질 제품의 안정적 공급을 이어가"
063160,(주)종근당바이오,비대상,유럽,품 중심의 사업 구조를 고부가가치 바이오의약품으로 전환하는 핵심 전략 축입니다. 연도 주요 내용 2019년 유럽 소재 연구기관으로부터 보툴리눔 균주 상용화 라이선스 도입 계약 체결 2021년 충북 오송생명과학단지 내 보
063160,(주)종근당바이오,비대상,유럽,"명공학 기술 생산 인프라 안산·오송·예산 3개 거점의 이원화·다원화된 생산 체계 글로벌 품질 미국 FDA, 유럽 EMA 기준 cGMP 준수 및 세계 40여 개국 수출 CDMO 역량 세포은행→DS→DP 원스톱 마이크로바이"
069620,(주)대웅제약,비대상,유럽," 최초 FDA허가 획득 - 자체개발 보툴리눔 톡신, 미국(제품명: 주보) 및 캐나다(제품명: 누시바) 출시,유럽(제품명: 누시바) 판매허가 획득 - 차세대 위식도역류질환 치료제 펙수프라잔 임상3상 완료 - 우루사 300"
069620,(주)대웅제약,비대상,유럽,"계약체결일 계약의 목적 및 내용 나보타(제품명: 나보타, Jeuveau,Nuceiva) Evolus 미국, 유럽, 캐나다, 호주,러시아, 남아공, 일본, CIS USD 296,809,400 2013.09.30 (변경계약"
069620,(주)대웅제약,비대상,유럽," 계약내용 나보타에 대한 허가, 수입, 판매, 마케팅, 상업화에 관련된독점 및 비독점 권리 대상지역 미국, 유럽, 캐나다, 호주, 러시아, 남아공, 일본, CIS 계약기간 계약체결일 : 2013.09.30 (변경 계약체"
067310,하나마이크론(주),비대상,휠,특허 2008.10.31 플라즈마 처리 장치용 실리콘 소재의 제조방법 한국 특허 2008.12.16 코어링 휠 및 이를 이용한 잉곳 코어링 장치 한국 특허 2009.06.15 카세트 및 이를 구비하는 세정장치 한국 특
067310,하나마이크론(주),비대상,유럽,"기적 특성 변화 없는 성능을 유지 기대효과 1) 이번에 개발한 3차원 플렉서블 반도체 패키징 기술은 미국과 유럽 등에서 컨소시엄을 구성해 개발하고 있는 것보다 앞선 세계 최초의 기술2) 웨어러블디바이스, 스마트카드, 센"
163560,동일고무벨트(주),비대상,유럽,", 스틸트랙과 달리 노면손상이 적어 도심지 작업이 가능한 특성이 있고 도시화가 진행된 선진국(미국, 일본, 유럽 등) 에서 사용됩니다. 전기굴삭기 등 다변화하는 시장에 발빠르게 대응하기 위해 경량화, 연비, 소음과 같은"
163560,동일고무벨트(주),비대상,유럽,",622,199 ※ 상기 실적은 연결기준금액입니다 나. 지역별 영업현황 (단위: 천원) 구 분 국내 아시아 유럽 기타 합계 매출 제14기 101,806,062 91,415,353 14,431,697 156,949,698"
163560,동일고무벨트(주),비대상,유럽,"하고 있습니다. (1) 외환위험 연결회사는 국제적으로 영업활동을 영위하고 있어 외환위험, 특히 주로 미국, 유럽, 일본 통화에 대한 환율변동위험에 노출되어 있습니다. 외환위험은 미래예상거래, 인식된 자산과 부채, 해외사"
383220,주식회사 에프앤에프,비대상,유럽, 2022년 7월 자체 브랜드 확보를 통한 패션사업 지속 성장을 위해 인수한 SERGIO TACCHINI는 유럽에서 인지도가 높은 글로벌 테니스 스포츠웨어 브랜드로 유럽에서 안정적인 라이센싱 사업을 전개하고 있으며 북미
383220,주식회사 에프앤에프,비대상,유럽,성장을 위해 인수한 SERGIO TACCHINI는 유럽에서 인지도가 높은 글로벌 테니스 스포츠웨어 브랜드로 유럽에서 안정적인 라이센싱 사업을 전개하고 있으며 북미에서 홀세일 사업 중심으로 가파르게 성장하고 있습니다. 또
383220,주식회사 에프앤에프,비대상,유럽,한 패션사업 지속 성장을 위해 100%의 지분을 취득한 SERGIO TACCHINI IP HOLDINGS는 유럽에서 인지도가 높은 글로벌 테니스 스포츠웨어 브랜드인 SERGIO TACCHINI 의 IP 보유 법인입니다.
460850,동국씨엠 주식회사,1차(2027),CBAM,제적 대응을 통해 판매단가 하락 방어 및 효과적 원료 구매전략 수립에 집중하고 있습니다. 2025년은 EU CBAM(탄소국경제도)의 본격 시행과 트럼프 2기 행정부 출범으로 대외 변동성이 심화되는 시점인만큼 시장 상황에 유
460850,동국씨엠 주식회사,1차(2027),CBAM,을 통해 판매단가 하락 방어 및 효과적 원료 구매전략 수립에 집중하고 있습니다. 2025년은 EU CBAM(탄소국경제도)의 본격 시행과 트럼프 2기 행정부 출범으로 대외 변동성이 심화되는 시점인만큼 시장 상황에 유연하면서도
460850,동국씨엠 주식회사,1차(2027),CBAM,"강화에 대응하여 선제적인 글로벌 리스크 관리 및 수 출 경쟁력 강화에 주력하고 있습니다. EU시 장의 경우 탄소국경조정제도(CBAM) 이행에 대비해 전과정평가(LCA) 시스템 구축 및 저탄소 제품군을 강화하였으며, 북미 시"
460850,동국씨엠 주식회사,1차(2027),유럽," Vision 2030' 글로벌 성장 전략에 따라 해외 거점 확대에 주력하고 있으며, '24년 5월 독일에 유럽 지사(Dongkuk CM Europe Office)를 설립하였습니다. 유럽 지사 개소로 동국씨엠은 기존 인"
460850,동국씨엠 주식회사,1차(2027),유럽," 있으며, '24년 5월 독일에 유럽 지사(Dongkuk CM Europe Office)를 설립하였습니다. 유럽 지사 개소로 동국씨엠은 기존 인도, 멕시코, 태국, 베트남 4개국 5개거점에서 5개국 6개거점으로 해외 거"
460850,동국씨엠 주식회사,1차(2027),유럽,"어 수요특성에는 차이가 있으나, 양 측 모두 품질을 우선시하는 공통된 시장 성향을 가지고 있습니다. 특히, 유럽 시장은 Safeguard 및 CBAM 등 무역 규제의 영향을 크게 받기 때문에, 안정적인 품질과 규제 대응"
484870,주식회사 엠앤씨솔루션,2차 후보(확인 필요),현가장치,4774 호 2021.08.30/2024.02.16 2041.08.30 - 8 상표권 제12류수송기계기구용 서스펜션 구성품 및 그 부품/부속품 등 20건 한국 제 40-2102033호/제 40-2023-0123218호 20
484870,주식회사 엠앤씨솔루션,2차 후보(확인 필요),현가장치,3219호 2023.07.11/2023.10.24 2033.10.24 - 10 상표권 제12류수송기계기구용 서스펜션 구성품 및 그 부품/부속품 등 20건 한국 제 40-2102038호/제 40-2023-0123220호 20
484870,주식회사 엠앤씨솔루션,2차 후보(확인 필요),유럽,"n the field of defenseand security regulation) 국방/보안분야 조달규정 유럽연합 방산조달지침에 대한 노르웨이 해석을 적용하는 규정으로, 외국인에 대한 비차별성 및 비배제성 원칙을 준수"
484870,주식회사 엠앤씨솔루션,2차 후보(확인 필요),유럽,로 역대 최고 수준으로 확대될 전망입니다. 러시아-우크라이나 전쟁의 종전 또는 휴전 논의가 구체화되더라도 동유럽 및 북유럽 국가들은 전쟁 재발 가능성에 대비하여 중장기적인 군비 증강 기조를 유지할 것으로 예상됩니다. 또
484870,주식회사 엠앤씨솔루션,2차 후보(확인 필요),유럽,고 수준으로 확대될 전망입니다. 러시아-우크라이나 전쟁의 종전 또는 휴전 논의가 구체화되더라도 동유럽 및 북유럽 국가들은 전쟁 재발 가능성에 대비하여 중장기적인 군비 증강 기조를 유지할 것으로 예상됩니다. 또한 중동 지
319400,현대무벡스(주),2차 후보(확인 필요),휠,"속 Bucket 교환 시스템 개발 완료, 사업화 크로스밸트소터 - 고성능 크로스밸트소터 개발 완료, 사업화 휠소터 - 대형, 중형, 중대형, 소형 휠소터 개발 완료, 사업화 Rearfork Type AGV - 제어시스"
319400,현대무벡스(주),2차 후보(확인 필요),휠," 사업화 크로스밸트소터 - 고성능 크로스밸트소터 개발 완료, 사업화 휠소터 - 대형, 중형, 중대형, 소형 휠소터 개발 완료, 사업화 Rearfork Type AGV - 제어시스템 모듈화 구성 - 주행 프로그램 개발 "
319400,현대무벡스(주),2차 후보(확인 필요),휠,스 2024.12.17 34 셔틀의 정위치 정지를 위한 주행 제어 방법 현대무벡스 2024.12.09 35 휠 소터 장치 현대무벡스 2024.12.09 36 화물 이송 시스템 및 그 제어방법 현대무벡스 2024.12.
319400,현대무벡스(주),2차 후보(확인 필요),유럽, PSD 를 성공적으로 수주 및 설치를 진행에 있습니다. 이를 기반으로 시드니 內 추가 역사 수주 추진 및 유럽 등 해외 시장으로의 진출을 가속화하고 있습니다 ■ IT서비스 IT서비스 시장은 대부분의 대기업이 그룹 내 
348370,(주)엔켐,비대상,유럽," 글로벌 전해액기업과 비교하여 한국을 대표하는 가장 큰 전해액 업체로 성장하였습니다.현재는 한국뿐만 아니라 유럽, 중국, 미국 등에 전해액 공장을 설립.운영하는 등의 양적 성장을 도모하면서, 전해액의 핵심원료인 용매, "
348370,(주)엔켐,비대상,유럽,"00톤과 NMP 20,000톤의 Capa공장을 확보하여 생산 중에 있으며 2026년까지 추가적으로 미국 및 유럽 공장에 252,000톤과 슬러리 5,000톤과 CNT 2,000톤, 분산제 1,000톤, 신분산제 5,00"
348370,(주)엔켐,비대상,유럽,"지연 등의 사고가 없었으며, 이는 고객사들이 당사에 대해 굉장히 만족해하는 부분입니다. 또한 당사는 중국, 유럽, 미국에서 현지화하여 제품을 납품할 수 있도록 고객사들로부터 현지화가 가장 잘 되어 있는 업체로 평가받고 "
009580,무림피앤피(주),비대상,유럽,"역에 대한 공시 당기 (단위 : 천원) 매출액 지역 대한민국 437,818,817 북미 48,643,392 유럽 51,536,497 오세아니아 5,654,534 홍콩 1,819,956 중국 31,334,249 일본 53"
009580,무림피앤피(주),비대상,유럽,",620,028 전기 (단위 : 천원) 매출액 지역 대한민국 464,577,333 북미 43,127,753 유럽 48,847,967 오세아니아 10,107,401 홍콩 2,353,381 중국 59,932,946 일본 4"
009580,무림피앤피(주),비대상,유럽,"역에 대한 공시 당기 (단위 : 천원) 매출액 지역 대한민국 389,253,084 북미 48,643,392 유럽 51,536,497 오세아니아 5,654,534 홍콩 1,819,956 중국 31,334,249 일본 53"
001810,무림에스피(주),비대상,유럽,"원료(PULP) 국내조달 무림P&P 등 계열회사 외 23,770(33.4%) 수입 캐나다, 미국, 동남아, 유럽 등 - 34,950(49.0%) 부원료(탄산캴슘, 전분,라텍스, CLAY, 활석 등) 국내조달 및 수입 국"
001810,무림에스피(주),비대상,유럽,"라 매출이 이루어지는 특성을 가지고 있습니다. 자원조달면에서도 주원료인 펄프는 상당 부분을 캐나다, 미국, 유럽, 남미베트남, 인도네시아 등에서 수입하고 있으며, 부원료도 상당 부분 수입에 의존하고 있습니다. 이에 제지"
001810,무림에스피(주),비대상,유럽,"Network를 유지하고 있습니다. 수출판매는 전체 매출액의 약 10%를 차지하고, 주요 수출지역은 북미, 유럽, 중동, 호주 등 입니다. (5) 시장점유율 -당사의 국내시장 시장점유율 구 분 2025년 2024년 20"
009200,무림페이퍼(주),비대상,휠," 수 부상자 수 무림페이퍼㈜ 2023- 05-06 2023- 05-06 코터3호기 코팅헤드 암과 캐리어벨트 휠 프레임 사이 협착 1명 - ① 설비 가동중지 해제를 위한 시설 및 설비 개선 (총 59건, 139,440천"
009200,무림페이퍼(주),비대상,유럽,16.04. 대한출판문화협회와 상생협약체결 2017.11. 해외법인 무림USA설립 30주년 2020.03. 유럽 생분해성 인증 'OK compost' 업계최초 획득 2020.03. 대표이사 변경(김석만 → 이도균) 20
009200,무림페이퍼(주),비대상,유럽," 자원보호정책 등에 따라 공급이 다소 불안할 수 있습니다. 2025년 제지 수출 비중은 약 52%로 북미, 유럽 등 주요 선진국과 동남아, 중동 등 100여개 국가로 수출하고 있으며, 국내 인쇄용지 수요 제한에 따라 수"
009200,무림페이퍼(주),비대상,유럽," : 천원) 매출액 기업 전체 총계 영업부문 지역 대한민국 747,593,781 북미 464,463,661 유럽 171,990,251 기타 281,519,197 지역 합계 1,665,566,890 연결조정 지역 대한민국"
059210,(주)메타바이오메드,비대상,유럽,ETA BIOMED VINA 설립(베트남법인) 2016 11 METABIOMED EUROPE GMBH 설립(유럽법인) 2017 10 METABIOMED JAPAN Corp 설립(일본법인) 2018 01 META BEAU
059210,(주)메타바이오메드,비대상,유럽,높아 지면서 Surgical Gut의 사용을 법적으로 금하는 국가가 늘어 나고 있는 추세로 (이미 대부분의 유럽 국가들은 Catgut 사용을 금지 함) 이를 대체할 합성 봉합사 시장은 지속적인 성장이 예상되고 있습니다.
059210,(주)메타바이오메드,비대상,유럽,"만 달러 규모로 추정되며, 향후 연평균 약 7.57%의 성장률(CAGR)을 보일 것으로 전망됩니다. 북미와 유럽 등 선진국이 여전히 전체 시장의 높은 비중을 점유하고 있으나, 아시아·태평양 지역이 가장 빠른 성장세를 보"
340570,(주)티앤엘,비대상,유럽,매 12월 100% 100% (주)티앤엘 헬스케어 대한민국 전자부품제조연구 12월 100% 100% 티앤엘 유럽 슬로베니아 의료용물질연구 12월 100% 100% (주1) 가흥태룡의료용품유한공사의 종속기업입니다. (2)
340570,(주)티앤엘,비대상,유럽,",253,534,981) 5,585,519 (3,330,172,704) (3,319,597,876) 티앤엘 유럽 12월 31일 14,301,061,630 17,161,212,370 (2,860,150,740) 28,15"
340570,(주)티앤엘,비대상,유럽,"420,680,865) 53,134,664 (1,226,746,621) (1,227,170,369) 티앤엘 유럽 12월 31일 3,903,827,453 4,052,755,214 (148,927,761) - (740,92"
083550,(주)케이엠,비대상,유럽," 15,583,251 베트남 12,100,410 7,007,414 미국 4,720,571 4,483,419 유럽 4,017,641 7,386,751 합 계 135,414,355 131,141,521 (4) 당기말과 전기"
083550,(주)케이엠,비대상,유럽," 15,583,251 베트남 12,100,410 7,007,414 미국 4,720,571 4,483,419 유럽 4,017,641 7,386,751 합 계 135,414,355 131,141,521 (4) 당기말과 전기"
055490,(주)테이팩스,비대상,유럽," 제조사의 요구에 맞춘 차별화된 높은 수준의 기술력과 품질을 확보하고 있으며, 향후 큰폭의 성장이 예상되는 유럽ㆍ북미 시장의 선점을 통해 중ㆍ장기적 성장의 기반을 구축하고 있습니다. 또한 2024년 양산을 시작한 MLC"
055490,(주)테이팩스,비대상,유럽," 제조사의 요구에 맞춘 차별화된 높은 수준의 기술력과 품질을 확보하고 있으며, 향후 큰폭의 성장이 예상되는 유럽ㆍ북미 시장의 선점을 통해 중ㆍ장기적 성장의 기반을 구축하고 있습니다. 또한 2024년 양산을 시작한 MLC"
055490,(주)테이팩스,비대상,유럽," 제조사의 요구에 맞춘 차별화된 높은 수준의 기술력과 품질을 확보하고 있으며, 향후 큰폭의 성장이 예상되는 유럽ㆍ북미 시장의 선점을 통해 중ㆍ장기적 성장의 기반을 구축하고 있습니다. 또한 2024년 양산을 시작한 MLC"
237690,에스티팜(주),비대상,유럽,"I에서 Oligonucleotide API 및 mRNA CDMO 사업으로 확장 중에 있습니다. 또한 미주, 유럽 자회사를 통한 CRO 사업 및 자체신약 개발을 진행 중에 있습니다. 사. 그 밖에 경영활동과 관련된 중요한"
237690,에스티팜(주),비대상,유럽,"공반월 올리고 전용 신공장 본생산 시작반월 올리고 전용 신공장 추가 증설환경관리 우수 사업장 선정(반월공장)유럽 소재 CRO업체 지분 인수, ANAPATH SERVICES GMBH(스위스),ANAPATH RESEARCH"
237690,에스티팜(주),비대상,유럽,사 및 손자회사로 편입STP1002(항암제) 미국 FDA에 임상1상 IND 승인STP0404(에이즈치료제) 유럽 임상1상 IMPD 승인Roche CDMO Awards 2019 수상올리고 생산설비 1차 증설(반월공장 올리
009680,(주)모토닉,2차 후보(확인 필요),기어박스,"해당 여부 해당 바. 주요사업내용 당사의 주요 생산제품은 LPI System, OPU (하이브리드 차량 자동변속기용 오일펌프 제어기), FCEV(수소전기차) 부품 등이 있으며, 현대자동차(주), 기아(주)의 완성차의 부품"
009680,(주)모토닉,2차 후보(확인 필요),기어박스,"asting을 생산할 목적으로 설립되었고, 그후 생산제품이 LPI System, OPU(하이브리드 차량 자동변속기용 오일펌프 제어기), FCEV(수소전기차) 부품 등으로 다양화 되었습니다. 현재 서울시 종로구청계천로 41"
009680,(주)모토닉,2차 후보(확인 필요),기어박스,"습니다.당사는 현재 자동차 엔진에 LPG 연료를 분사하는 LPI System과 하이브리드 차량의주행 전 자동변속기에 필요한 유압을 미리 공급하는 기능을 가진 OPU(자동변속기용오일펌프 제어기), 고압 수소(H2)를 감압하"
017810,(주)풀무원,비대상,유럽,"성장 동력 확보를 위해 냉장 카테고리를 넘어 냉동 및 상온 제품으로의 포트폴리오 확장을 적극 추진 중이며, 유럽과 캐나다 시장 진입을 위한 심도 있는 전략을 바탕으로 글로벌 시장 확대에도 박차를 가할 예정입니다. (일본"
017810,(주)풀무원,비대상,유럽,포지셔닝 하며 풀무원 해외 사업의 성장과 이익확대에 기여 해 나갈 것입니다. 향후에도 주요 3개국 중심으로 유럽 및 동남아 지역으로의 확장을 통해 다양한 전략을 전개하여 글로벌 지속가능식품 기업으로 도약하기 위한 노력을
017810,(주)풀무원,비대상,유럽," 샘소슬㈜ 지분 100% 인수 2025.01 세계 최대 식품박람회 獨 ‘아누가 2025’서 정통 K-푸드로 유럽 시장 공략 본격화 2025.03 푸드머스, 남원시니어클럽과 노인 건강 증진을 위한 MOU 체결 2025.0"
065500,(주)오리엔트정공,2차 후보(확인 필요),기어박스,"대형화, 모듈화, 시스템 발주, 해외구매 및 경쟁구매 확산으로 점차 경쟁이 심화되고 있습니다. 당사는 현재 변속기, 엔진 및 관련 부품의 브라켓 등 알루미늄을 소재로한 가공 및 조립부품이 주종을 이루며, 이외 주철가공 및"
065500,(주)오리엔트정공,2차 후보(확인 필요),기어박스," 관한 법)에는 적용되지 않는 부품을 생산하고 있습니다. (2) 회사의 현황(가) 영업개황당사는 자동차 수동변속기의 핵심부품인 티엠 컨트롤 하우징 앗세이, 리테이너 베어링 등과 자동화된 수동변속기인 DCT-7 (Doubl"
065500,(주)오리엔트정공,2차 후보(확인 필요),기어박스,"영업개황당사는 자동차 수동변속기의 핵심부품인 티엠 컨트롤 하우징 앗세이, 리테이너 베어링 등과 자동화된 수동변속기인 DCT-7 (Double Clutch Transmission), Center Plate,엔진부품인 캡 앗"
065500,(주)오리엔트정공,2차 후보(확인 필요),휠,"조명장치 제작, 판매업 미영위 15 통신용 ·산업용(AC→DC, DC→DC) 컨버터,통신용 ·산업용 노이즈 휠터, 무접점릴레이 제조 및 수출입업 미영위 16 전자식 안정기 및 기타 전자기기 제조 및 수출입업 미영위 1"
065500,(주)오리엔트정공,2차 후보(확인 필요),라디에이터,"- 1,693,992 1.08% 콘솔 - 330,087 0.21% HVAC - 1,623,228 1.03% 라디에이터 탱크 - 549,249 0.35% 케이지 - 174,113 0.11% 기타 - 0 0.00% 제품매출 소계"
065500,(주)오리엔트정공,2차 후보(확인 필요),라디에이터," 2,771 3,194 콘솔 7,603 7,137 6,673 HVAC 97,451 90,990 78,344 라디에이터 탱크 5,156 4,513 5,136 (1) 산출기준 당사는 제품의 품목이 방대하여 유사품목을 한 개의 품"
065500,(주)오리엔트정공,2차 후보(확인 필요),라디에이터,"1,780 1,780 러기지 홀더 1,910 1,910 1,910 HVAC 1,449 1,449 1,197 라디에이터 탱크 3,254 3,254 4,167 (1) 산출기준 원재료의 품목이 방대하여 유사 품목을 한개의 품목으로"
145720,(주)덴티움,2차 후보(확인 필요),CBAM,"선언하였으며 22년 11월 기준 전 세계 196개 국가 중 136개국에서 탄소중립 선언 ○ EU를 중심으로 탄소국경세, 자동차 배출 규제 강화 등 자국의 산업을 보호하기 위한 제도를 신설하고 이를 각 산업과 연계하여 도입 "
145720,(주)덴티움,2차 후보(확인 필요),CBAM,차 배출 규제 강화 등 자국의 산업을 보호하기 위한 제도를 신설하고 이를 각 산업과 연계하여 도입 중 ※ (탄소국경세) EU는 탄소배출 규제가 약한 국가나 기업에 관세를 부과('23~) (자동차배출규제) EU는 신차 CO2
145720,(주)덴티움,2차 후보(확인 필요),유럽,확장 / 생산본부 이전 2004년 8월 FDA 인증 획득 2005년 6월 미주시장 수출개시 2006년 5월 유럽 CE 인증 획득(SGS) : OSTEON 6월 美 FDA 인증 획득(Speedy Orthodontic Sc
145720,(주)덴티움,2차 후보(확인 필요),유럽,".4% 아시아등 67,151,931 19.3% 47,801,251 11.7% 46,537,495 11.8% 유럽 73,747,212 21.3% 67,849,879 16.7% 52,078,171 13.2% 기타 6,909"
145720,(주)덴티움,2차 후보(확인 필요),유럽,"파생제품 개발이 가능하여 이를 통해 매출에도 많은 기여가 예상됨 현재 임플란트 시술용 엔진은 국내, 중국, 유럽 인증이 완료된 상태이며 국내외 지속적인 판매 수량 증가와 성장이 예상됨 상품화 여부 및 내용 iCTmoto"
044490,(주)태웅,1차(2027),유럽,"기 제37기 국내 174,827 204,283 242,774 아메리카 41,958 48,680 35,456 유럽 73,427 57,715 72,962 아시아 59,441 75,644 92,568 합 계 349,653 3"
044490,(주)태웅,1차(2027),유럽,아래와 같습니다. 시장(판매처) 판매조직 판매경로 판매방법 및 조건 부서명 인원수 내수 수출 1. 미주2. 유럽3. 아시아4. 기타 영업부문 20 고객과의 직접주문거래를 통한 판매 현금전자어음 신용장T/T구매확인서 * 
044490,(주)태웅,1차(2027),유럽,"386,324,125,935 (2.2) 지역에 대한 공시 지역에 대한 공시 당기 (단위 : 원) 국내 미국 유럽 아시아 지역 합계 수익(매출액) 183,228,251,049 38,398,719,400 72,289,119"
139990,아주스틸(주),1차(2027),CBAM,"제 강화에 대응하여 선제적인 글로벌 리스크 관리 및 수출 경쟁력 강화에 주력하고 있습니다. EU시장의 경우 탄소국경조정제도(CBAM) 이행에 대비해 전과정평가(LCA) 시스템 구축 및 저탄소 제품군을 강화하였으며, 북미 시"
139990,아주스틸(주),1차(2027),CBAM,"여 선제적인 글로벌 리스크 관리 및 수출 경쟁력 강화에 주력하고 있습니다. EU시장의 경우 탄소국경조정제도(CBAM) 이행에 대비해 전과정평가(LCA) 시스템 구축 및 저탄소 제품군을 강화하였으며, 북미 시장의 경우 공급망"
139990,아주스틸(주),1차(2027),CBAM,대비 전기 및 재생에너지 기반 설비 적용을 검토하여 에너지 효율 향상 및 배출 저감을 도모하고 있습니다.- 탄소국경조정제도(CBAM) 대응당사는 EU 탄소국경조정제도(CBAM)를 비롯한 글로벌 환경규제 강화에 적극적으로 대
139990,아주스틸(주),1차(2027),유럽," 수요 특성에는 차이가 있으나, 양 측 모두 품질을 우선시하는 공통된 시장 성향을 가지고 있습니다. 특히, 유럽 시장은 Safeguard 및 CBAM 등 무역 규제의 영향을 크게 받기 때문에, 안정적인 품질과 규제 대응"
139990,아주스틸(주),1차(2027),유럽,"도(폴란드법인).jpg 조직도(Aju Poland Sp. Z o.o.) (4) 관련법령 또는 정부의 규제 등유럽 철강산업은 Safeguard 규제에 따른 수입 제한을 시행함으로써 자국 산업을 보고하고 있으며, 동시에 다"
139990,아주스틸(주),1차(2027),유럽,"러, EU 그린 딜 정책은 철강업체들이 저탄소 생산 체제를 도입하고 친환경 기술을 강화하도록 유도함으로써, 유럽 철강산업 전반에 걸쳐 친환경·고효율 중심의 산업 재편이 가속화되고 있습니다. 다. 사업부문별 요약 정보 ("
065130,(주)탑엔지니어링,비대상,유럽,소 합병2021. 09. 인적자원 우수기관 인증2022. 07. (주)탑인터큐브 합병2023. 11. 독일 유럽지사 설립2024. 09. (주)에코플럭스 합병2025. 09. 제 15회 디스플레이의 날 은탑산업훈장 수상
065130,(주)탑엔지니어링,비대상,유럽,"른 성장세 둔화와 대내외적 경제상황에 따른 소비증가세 둔화로 인하여 성장증가율이 다소 감소하기는 하였으나, 유럽 등 선진국에서의 지속적인 휴대폰 교체수요 발생과 인도, 브라질, 러시아등의 신규시장은 또다른 성장의 기회요"
065130,(주)탑엔지니어링,비대상,유럽,") 255,698,116,320 지역에 대한 공시 지역에 대한 공시 당기 (단위 : 원) 한국 아시아 북미 유럽 등 지역 합계 수익(매출액) 203,599,792,054 529,968,133,761 36,005,565,"
088800,(주)에이스테크놀로지,비대상,유럽,자가 매년 증가할 것으로 전망하고 있습니다.북미지역은 광범위 커버리지로 5G FWA구축으로 확대되고 있으며 유럽지역은 중국산 장비를 제외하며 중대역 커버리지를 기반으로 인프라 투자가 2026년부터 확대될 전망입니다. 또
088800,(주)에이스테크놀로지,비대상,유럽," 제조판매하고 있습니다. 연결회사는 국내, 중국 및 베트남에 생산공장을 보유하고 있으며, 국내, 아시아 및 유럽국가 등에 판매하고 있습니다. 1.1 종속기업 현황 당기말 및 전기말 현재 연결회사의 연결대상 종속기업 현황"
088800,(주)에이스테크놀로지,비대상,유럽," 제조판매하고 있습니다. 연결회사는 국내, 중국 및 베트남에 생산공장을 보유하고 있으며, 국내, 아시아 및 유럽국가 등에 판매하고 있습니다. 1.1 종속기업 현황 당기말 및 전기말 현재 연결회사의 연결대상 종속기업 현황"
122310,(주)제노레이,비대상,유럽,") 2009.11 ""300만불 수출의 탑"" 수상 2010.11 ""500만불 수출의 탑"" 수상 2012.02 유럽지사 법인설립(Genoray EU GmbH.) 2012.12 ""1,000만불 수출의 탑"" 수상 2013.09"
122310,(주)제노레이,비대상,유럽,"의 경우 직접판매와 딜러판매를 병행하고 있으며 해외의 경우 당사가 100% 투자한 현지법인인 미국, 일본, 유럽, 튀르키예, 중국법인이 해당지역을 중심으로 판매를 하고 있으며 현지법인이 담당하는 지역 외는 본사에서 현지"
122310,(주)제노레이,비대상,유럽,구매처(병원) [해외] 법인구분 판매형태 판매경로 본사 딜러판매 당사→딜러→최종구매처(병원) 미국법인일본법인유럽법인튀르키예법인중국법인 법인판매 당사→해외법인→딜러→최종구매처(병원) 당사→해외법인→최종구매처(병원) (2)
195870,해성디에스(주),비대상,유럽," 환경이 전 세계적으로 비즈니스에 영향을 미치는 주요 결정요인으로등장하였습니다. 이로 인하여 2006년부터 유럽연합(EU)의 전기전자제품에 대한 납, 수은,카드뮴, 6가 크롬 등의 6개 유해물질 제한지침(RoHS)이 발"
195870,해성디에스(주),비대상,유럽,비하고 있는 상황입니다. 국내 자동차업체들도 2016년부터 자동차 폐기물 재활용 촉진을 위해 시행한 지침인 유럽연합(EU)의 ELV(End of life vehicles / 폐차처리지침) 인증을 일반 재료에서 각종 전장
206650,(주)유바이오로직스,비대상,유럽," GENOFOCUS CO.,LTD., EUBIOLOGICS.CO.,LTD 2022.03.04 - 접합단백질 유럽 16 특허 CRM197 단백질 발현 방법(Expression Method of CRM197 Protein)"
206650,(주)유바이오로직스,비대상,유럽,"CRM197 단백질 발현 방법 주식회사 제노포커스,주식회사 유바이오로직스 2024.06.14 - 접합단백질 유럽 31 특허 CRM197 단백질 발현 방법(Expression Method of CRM197 Protein)"
206650,(주)유바이오로직스,비대상,유럽,ㆍ바이오 기업의 위탁개발 및 위탁생산 수요를 흡수하는 주요 생산 거점으로 부상하고 있습니다. 특히 미국 및 유럽 등 주요 규제기관 기준을 충족하는 생산 역량을 확보한 국내 기업들은 글로벌 공급망 다변화 흐름 속에서 전략
001790,대한제당(주),비대상,유럽,"한적인 수준입니다. 미국은 소비와 고용이 비교적 높은 수준을 유지하였으나 기업 투자 둔화가 일부 나타났고, 유럽은 제조업 부진이 지속되며 회복 강도가 제한적이었습니다. 중국은 부동산 경기 침체와 내수 회복 지연 영향으로"
001790,대한제당(주),비대상,유럽,"식 어류들의 공급도 증가하고 있습니다.2025년 수입 돈육 시장은 독일의 구제역과 스페인의 ASF 발병 등 유럽 내 질병 이슈로 인해 국가별 가격 차별화가 심화되었습니다. 이슈가 발생한 스페인산 돈육가격은 하락했으나, "
001790,대한제당(주),비대상,유럽," 사업환경을 극복하기 위해 당사는 급변하는 국내외 시장상황을 예의주시하며 효과적인 대응방안을 모색하겠습니다.유럽 및 브라질의 신규 브랜드 돈육사업 확대와 유통채널 다양화를 통하여 판매확대에 최선을 다하고 있으며, 효율적"
001680,대상(주),비대상,유럽,"‘종가(JONGGA)’로 브랜드를 통합하였고, '종가’ 브랜드를 통하여, 한국의 정통 김치를 중국, 미국, 유럽, 베트남 등 생산기지를 구축하여 생산, 판매하고 있습니다. 한편 2021년 HMR편의식 브랜드 ‘호밍스’를"
001680,대상(주),비대상,유럽,"확대가 예상됩니다. 한편 2023년 폴란드 현지 업체와 합작법인을 설립하였으며, 향후 김치공장 건설을 통해 유럽 시장을 적극 공략할 계획입니다. 2023년에는 호주 법인을 설립하여, 신규 시장 개척 및 현지 제조 역량을"
001680,대상(주),비대상,유럽,"업을 확대해 가고 있습니다. 더불어, 포장김치 부문에서 독보적인 브랜드로 자리 잡은 ‘종가’ 김치는 미주와 유럽 아시아 등 세계 60여 개국에서 판매되고 있습니다. 특히 한국 김치 수출량의 55% 이상(2025년 기준)"
027710,(주)팜스토리,비대상,유럽,"로 연결하여 그에 따른 사업의 시너지효과를 기대하고 있습니다. 가금사업부(PB) 현재 국내 닭고기 소비량은 유럽과 미국 등 선진국에 비해 낮은 수준이지만, 닭고기는 저지방, 저칼로리 식품이고, 단백질과 비타민 등 영양소"
002960,한국쉘석유(주),비대상,유럽,"활기유 52,740(44%) 일본, 독일, 싱가폴 등 Additive 국내 윤활첨가제 11,878(19%) 유럽, 싱가폴, 미주 수입 윤활첨가제 49,871(81%) Package(용기) 국내 포장용 11,633(98%"
002960,한국쉘석유(주),비대상,유럽,umen General Manager 기타 비상무이사 영업/경영/마케팅부문 - 김형정 전) 현대자동주식회사 유럽총괄법인장전) 현대자동차주식회사 해외영업본부 북미&중남미 지역실장 사외이사 감사위원 및 사외이사 - 김인숙 
002960,한국쉘석유(주),비대상,유럽,25년12월31일 현재) 성 명 주 요 경 력 최대주주등과의 이해관계 비고 김형정 전) 현대자동차 주식회사 유럽총괄법인장전) 현대자동차 주식회사 해외영업본부 북미&중남미 지역실장 없음 - 김인숙 현) 인성회계법인 회계사
052710,(주)아모텍,비대상,유럽,"장용 등 다양한 산업군으로 제품 매출을 확대해 나가고 있습니다. 당사는 국내는 물론 중국, 대만, 미국 및 유럽 등지에도 수출하고 있습니다. 회사 정관상 기재되어 있는 목적사업은 아래와 같습니다. 목 적 사 업 비 고 "
052710,(주)아모텍,비대상,유럽,"내수 뿐만 아니라 Global Marketing Network를 강화하기 위해 미주, 일본, 중국, 대만, 유럽 등에 지사 또는 사무소를 두고 있으며 시장조사 및 고객 밀착 영업 등을 통해 영업력을 강화하고 있습니다 다"
052710,(주)아모텍,비대상,유럽," 조정사항 지역 지역 합계 지역 지역 합계 본사 소재지 국가 외국 본사 소재지 국가 외국 중국 아시아 미국 유럽 기타 국가 중국 아시아 미국 유럽 기타 국가 수익(매출액) 114,212,762 89,979,845 83,"
099320,주식회사쎄트렉아이,비대상,유럽,"없다고 볼 수 있습니다. ■ 경쟁상황 및 회사의 경쟁우위요소 글로벌 중ㆍ소형 지구관측위성시장은 Airbus(유럽), IAI(이스라엘), Intuitive Machines(미국), Thales Alenia Space(프랑"
099320,주식회사쎄트렉아이,비대상,유럽,"kSAT(말레이시아), DubaiSat-1(UAE)이 성공적으로 운영되었으며, 기존 고객인 아랍에미레이트와 유럽의 상용 영상서비스 기업인 Deimos로부터 수주한 해상도 1m급의 소형위성(DubaiSat-2, Deimo"
099320,주식회사쎄트렉아이,비대상,유럽,"기자본규제의 대상은 아닙니다. 시장위험의 각 유형별 민감도분석 기술 연결회사는 주로 미국의 통화(USD), 유럽의 통화(EUR)의 환율변동 등에 노출되어 있으며 아래 표는 각 외화에 대한 원화 환율의 10% 변동시 민감"
101530,해태제과식품주식회사,비대상,유럽, 쿠키에 달콤한 코코넛크림이 엔로빙된 여름 시즌 한정 제품- 초코사브레 : 달콤 쌉싸름한 초코풍미가 가득한 유럽풍 정통 쿠키- 후렌치파이 단밤 : 달콤 고소한 밤쨈이 올려진 후렌치파이- 오예스 밤 : 카라멜 풍미가 녹아
170900,동아에스티(주),비대상,유럽," 소폭감소 803억원의 매출을 기록하였습니다. 자가면역질환 치료제인 스텔라라 바이오시밀러 이뮬도사는 1분기 유럽, 3분기 미국에서 출시하여 176억원 매출을 기록하였습니다. 2. 주요 제품 및 서비스 가. 주요제품 매출"
170900,동아에스티(주),비대상,유럽," 진행단계 G-CSF Kidswell Bio Co. (구Gene Techno Science) 일본, 미국, 유럽 (CIS제외),대만 2008.01.21 계약상 공개 불가 계약상 공개 불가 계약상 공개 불가 일본 발매 완"
170900,동아에스티(주),비대상,유럽,") 2007.01.31 계약상 공개 불가 계약상 공개 불가 계약상 공개 불가 피부감염증: 미국(2014), 유럽(2015), 일본(2018) 포함 전세계 다수 국가 발매 및 중국 NDA 승인 DA-1229 Alkem L"
248170,샘표식품(주),비대상,유럽,을 늘리며 시장 대응에 나섰습니다. 소맥 역시 전년 대비 국제 시세가 하락하는 모습을 보였습니다. 러시아와 유럽 지역의 작황 개선으로 생산량이 증가하면서 주요 수출국의 공급 여력이 확대되었습니다. 소비량 또한 전년 대비
248170,샘표식품(주),비대상,유럽,"고의 제품 개발을 위해 최선을 다하고 있습니다. 이탈리아 지역별 특색을 살린 파스타소스, 풍부한 맛의 정통 유럽식 수프, 웰빙 식생활에 어울리는 지중해식 샐러드 드레싱, 유럽 직수입 건강 오일(올리브유, 포도씨유 등)과"
248170,샘표식품(주),비대상,유럽," 특색을 살린 파스타소스, 풍부한 맛의 정통 유럽식 수프, 웰빙 식생활에 어울리는 지중해식 샐러드 드레싱, 유럽 직수입 건강 오일(올리브유, 포도씨유 등)과 발사믹식초, 나라별 정통 고기요리의 특색을 담은 고기소스를 판"
009450,(주)경동나비엔,비대상,유럽," 안전성과 편리성을 제고하고 제품의 다양화로 판매력 증대 3) 현지법인을 기반으로 북중미, 러시아, 중국, 유럽지역, 중남미, 호주 등 신규시 장 개척 4) 고객만족 경영전략의 달성을 위한 A/S 활동의 강화 5) 신규"
009450,(주)경동나비엔,비대상,유럽,이 공기량 감시장치 기준에 부합 NGB554 콘덴싱 기름보일러 국내향 LFB550 동일 플랫폼 적용 보급형 유럽향 기름 보일러 개발 국내 LFB550 동일 플랫폼 적용으로 금형 공용화를 통한 개발 비용 절감 보급형 유럽
009450,(주)경동나비엔,비대상,유럽,유럽향 기름 보일러 개발 국내 LFB550 동일 플랫폼 적용으로 금형 공용화를 통한 개발 비용 절감 보급형 유럽향 기름보일러 라인업 확대 LCB500 보급형 Y.B Low NOx (GR/PL) 2세대 히티허브 국내 통합
023410,유진기업(주),비대상,유럽,"필요한 주요 건축자재를 납품하고 있습니다. 또한, 고객이 원하는 건축자재를 국내뿐만 아니라, 미국, 중국, 유럽 등 전 세계 어디서든 합리적인 가격에 소싱할 수 있는 능력을 갖추고 있습니다.- 당사는 2013년 7월 건"
023410,유진기업(주),비대상,유럽,"필요한 주요 건축자재를 납품하고 있습니다. 또한, 고객이 원하는 건축자재를 국내뿐만 아니라, 미국, 중국, 유럽 등 전 세계 어디서든 합리적인 가격에 소싱할 수 있는 능력을 갖추고 있습니다.③ 당사 건자재 유통 사업의 "
023410,유진기업(주),비대상,유럽,질적으로 동결되면서 일정규모와 조건을 갖추지 않은 운송업자의 신규시장 진입 요건이 강화되었습니다. 일본 및 유럽 선진국의 경우 산업이 성숙되면서 대규모 자본투자가 가능한 대기업 위주로 산업이 재편되는 형태를 보이고 있으
005850,에스엘(주),2차 후보(확인 필요),유럽,- 길리 : 월합계 180일 어음 100% 결제③ 인도법인 - 현대/기아 : 주단위 현금 (30일) 결제④ 유럽법인 - 현대/기아 : 월합계 현금 (14일) 결제 - FORD : 주단위 현금(45일) 결제 - (3) 판
005850,에스엘(주),2차 후보(확인 필요),유럽," 담당하고 있습니다. 2012년 8월에는 폴란드에 'SL Poland Sp. z o.o.' 법인을 설립하여 유럽 현대차, 기아차, Opel, Ford에 전동화부품인 자동차 페달, 쉬프트 레버와 리어뷰미러를 공급하고 있습"
005850,에스엘(주),2차 후보(확인 필요),유럽," 공시하지 아니합니다. 지역에 대한 공시 당기 (단위 : 천원) 지역 지역 합계 한국 외국 북미 중국 인도 유럽 남미 기타 국가 수익(매출액) 2,640,978,976 1,554,502,906 248,872,525 59"
006620,(주)동구바이오제약,비대상,유럽,네릭 의약품 시장으로 구분이 가능합니다. 고도의 제법 및 제제 기술이 요구되는 의약품을 생산하고 있는 미국/유럽 등의 선진 의약품 시장과 상대적으로 간단한 생산과정을 거치는 의약품을 생산하는 신흥 의약품 시장으로 구분되
086450,동국제약(주),비대상,유럽,"신약, 개량신약, 제네릭 의약품을 국내 병의원 및 약국에 공급하고 있으며, 중국, 일본, 중동, 아프리카, 유럽, 동남아시아 등 글로벌 의약품 시장에 전문의약품 및 원료의약품을 수출하고 있습니다. 종속기업으로는 조영제,"
086450,동국제약(주),비대상,유럽," 치료제를 개발, 생산하여 국내시장뿐 아니라 해외시장에서 호평을 받고 있습니다. 국내 최초로주사제 부문에서 유럽GMP기준을 통과했고 의약품 원료 부문에서도 EDQM의 EU 가이드라인에 적합한 원료의약품을 보유하고 있습니"
086450,동국제약(주),비대상,유럽,"적합한 원료의약품을 보유하고 있습니다. 그 결과, 글로벌 파머징 시장진출에 성공하여 중국, 일본, 중남미, 유럽 등 전세계 주요 국가에 당사의 제품을 수출하고 있습니다. 또한 헬스케어 사업분야에서 일반의약품(OTC)의 "
083450,(주)글로벌스탠다드테크놀로지,비대상,유럽,"ST 지분변경(90% → 100%) GST Europe GmbH 2024.03 GST Europe GmbH(유럽법인)설립 GST Japan Co., Ltd. 2024.10 GST Japan Co., Ltd.(일본법인)설"
083450,(주)글로벌스탠다드테크놀로지,비대상,유럽,"해가고 있습니다.② 해외수출 : 당사는 해외 시장 확대를 위해 기존의 미국, 중국, 대만, 싱가포르에 이어 유럽과 일본에도 신규 현지 법인을 설립하였으며, 이를 통해 제품 설비의 유지보수 및 서비스 대응을 위한 서비스 "
083450,(주)글로벌스탠다드테크놀로지,비대상,유럽,", Hefei, Wuhan) 및 대만에 현지법인을 설립하였고, 2020년에는 싱가포르 법인, 2024년에는 유럽 법인과 일본 법인을 설립하여 해외 시장 확대 및 매출처 다변화를 위한 글로벌 거점과 네트워크 강화 전략을 "
200670,(주)휴메딕스,비대상,유럽,과 '장기지속형 비만ㆍ당뇨 주사제' 개발 협력 체결 2021년 05월 1회 제형 골관절염 치료제'휴미아주' 유럽 CE인증 2021년 07월 본점 소재지 변경(판교 아이스퀘어) 2021년 09월 초저분자 HA 원료의약품 
200670,(주)휴메딕스,비대상,유럽,"장 확대 및 안정적 매출성장 기반 마련 해외 ① 중국을 비롯하여 브라질, 남미, 러시아/CIS, 동남아, 동유럽, 중동에 진출하여 매출 확대 후 중장기적 준비를 통한 선진시장 진출 ② 현지 판매 네트워크 구축을 통한 시"
200670,(주)휴메딕스,비대상,유럽,행경과 - 1회 제형관절주사제 : 대만 식품의약국(TFDA) 인증(2024.08)- 1회 제형관절주사제 : 유럽 CE인증(2021.05)- 1회 제형관절주사제 : 국내 출시(2019.07)- 1회 제형관절주사제 : 국내
222040,코스맥스엔비티(주),비대상,유럽," 점유율을 유지하고 있습니다. 또한, 건강기능식품 소비자의 확대로 인하여 멕시코, 라틴 아메리카, 인도, 동유럽의 성장세가 돋보이고 있으며, 상대적으로 낮은 성장률을 보이던 일본, 호주 등에서도 지속적인 상승세를 보여 "
035150,(주)백산,비대상,유럽,"납품하기 시작하면, 보통 2∼3년은 계속 공급된다는 특성을 갖고 있습니다. 신발시장은 미국시장이 가장 크며 유럽, 일본, 아시아 등지에서는 생활필수품인 관계로 꾸준한 수요가 형성되는 시장이며, 또한 조깅화, 농구화, 골"
035150,(주)백산,비대상,유럽,"7,006 61,675,352 59,691,957 아메리카 107,550,714 98,032,232 - - 유럽 1,159,828 1,763,763 - - 중국 54,362,085 36,972,946 7,386,941 "
035150,(주)백산,비대상,유럽,"한 조정사항 지역 지역 합계 지역 지역 합계 본사 소재지 국가 외국 본사 소재지 국가 외국 동남아 아메리카 유럽 중국 동남아 아메리카 유럽 중국 수익(매출액) 120,547,342 330,829,661 107,550,7"
372910,주식회사 한컴라이프케어,2차 후보(확인 필요),휠,"흡기 용기류, 압력계, 전자물 외 이노컴 등 11,360 10,433 13,033 마스크 활성탄, 사출품, 휠터류 외 엘에프 등 7,860 6,854 11,178 피복 원사 및 원단류 외 지오콘다 등 6,045 5,9"
372910,주식회사 한컴라이프케어,2차 후보(확인 필요),유럽," 오일&가스, 화학물질, 제약, 운송, 중공업 분야에서 개인안전장비 시장규모가 지속적으로 확대되고 있습니다.유럽 및 북미 국가 전반에 걸친 높은 PPE 보급률은 엄격한 규제 환경과 규정 미준수에 대한 엄중한 처벌로 인한"
372910,주식회사 한컴라이프케어,2차 후보(확인 필요),유럽," 오일&가스, 화학물질, 제약, 운송, 중공업 분야에서 개인안전장비 시장규모가 지속적으로 확대되고 있습니다.유럽 및 북미 국가 전반에 걸친 높은 PPE 보급률은 엄격한 규제 환경과 규정 미준수에 대한 엄중한 처벌로 인한"
009300,삼아제약(주),비대상,유럽,"조방법 외 32건 등록[신제품 개발]- 조인스, 엠빅스 신약 제제화 연구- 리바스티그민 경피흡수제 개발 및 유럽 허가- 도네페질 경구용 필름 개발- 미국 FDA 제네릭 의약품 허가 (리도카인 주, 부비바카인 주) 제제 "
002800,신신제약(주),비대상,유럽," 총매출액의 14% 정도를 차지하고 있으며 이 중 동남아의 수출 비중이 가장 높은 편이고 그 뒤는 아시아, 유럽 순입니다. 주요 수출 품목은 해열 패치와 파스류입니다. 2. 사업부문의 구분 - 해당사항 없습니다. 3. "
002800,신신제약(주),비대상,유럽,7. 기타 참고사항 1. 지적재산권 현황 종류 출원일 제목 및 내용 취득(등록)일 만료일 적용제품/프로젝트 유럽 17개국특허권 2017.10.27 Percutaneous absorption formulation for 
000220,(주)유유제약,비대상,유럽,"022년 09월 고인산혈증 치료제 '세뉴벨라정' 출시 - 6 2022년 11월 탈모치료제 YY-DUT 미국·유럽 임상 진행 계획 발표 - 7 2023년 03월 대표이사 변경: 유원상 → 유원상, 박노용(각자 대표이사) "
000220,(주)유유제약,비대상,유럽,"계(국가) 승인일 화학합성 개량신약 YY-DUT 전립선 비대증 2019 생물학적 동등성 시험 준비중(미국, 유럽) - - YY-DUT-Tam 전립선 비대증 2022 생물학적 동등성 시험 준비중(미국, 유럽) - - 바이"
000220,(주)유유제약,비대상,유럽,"준비중(미국, 유럽) - - YY-DUT-Tam 전립선 비대증 2022 생물학적 동등성 시험 준비중(미국, 유럽) - - 바이오 신약 - - - - - - 바이오시밀러 - - - - - - - - - - - - 천연물 "
033270,한국유나이티드제약(주),비대상,유럽,"목을 출시하였습니다. 이와함께, 당사는 글로벌제약사 및 바이어와의 계약을 통한 기술수출 및 해외임상을 통해 유럽, 중동, 아프리카 등의 진출을 통한 해외수출 전략을 목표로 하고 있습니다. 이로써, 기출시된 개량신약의 매"
033270,한국유나이티드제약(주),비대상,유럽,"목을 출시하였습니다. 이와함께, 당사는 글로벌제약사 및 바이어와의 계약을 통한 기술수출 및 해외임상을 통해 유럽, 중동, 아프리카 등의 진출을 통한 해외수출 전략을 목표로 하고 있습니다. 이로써, 기출시된 개량신약의 매"
002390,(주)한독,비대상,유럽," 2024년 11월 종양매개성 고인슐린증으로 인한 저혈당증 치료에 대한 희귀 의약품 지정을 받았으며, 미국/유럽 3상 top line 결과 발표. 향후 개발방향 FDA와 논의 중. RZ402: 임상2상 종료 기타사항 -"
002390,(주)한독,비대상,유럽,"가) 승인일 비고 바이오 베터 HL2356 성인 성장호르몬결핍증 치료제 2012년 임상2상(한국, 독일 등 유럽) 2014년 (한국) - 소아 성장호르몬결핍증 치료제 임상2상(한국, 러시아, 우크라이나 등 동유럽) 20"
002390,(주)한독,비대상,유럽,"일 등 유럽) 2014년 (한국) - 소아 성장호르몬결핍증 치료제 임상2상(한국, 러시아, 우크라이나 등 동유럽) 2015년 (그리스) - 합성신약 HL5101 표적항암치료제 2015년 임상1상(한국) 2019년(한국)"
005720,(주)넥센,비대상,휠, 및 타이어 동적 성능 판단 방법 그린 타이어 제조 방법 22.03~23.03 그린 타이어 제조 방법 가변 휠을 구비한 타이어 시험기 22.04~23.04 가변 휠을 사용하여 휠 구매 비용 및 타이어 장탈착 시간을 절
005720,(주)넥센,비대상,휠,법 22.03~23.03 그린 타이어 제조 방법 가변 휠을 구비한 타이어 시험기 22.04~23.04 가변 휠을 사용하여 휠 구매 비용 및 타이어 장탈착 시간을 절감할 수 있음 공기입 타이어 실내 내구 시험 평가법 2
005720,(주)넥센,비대상,휠,23.03 그린 타이어 제조 방법 가변 휠을 구비한 타이어 시험기 22.04~23.04 가변 휠을 사용하여 휠 구매 비용 및 타이어 장탈착 시간을 절감할 수 있음 공기입 타이어 실내 내구 시험 평가법 22.05~23.
005720,(주)넥센,비대상,유럽,"무사업(TUBE, SOLID, CMB, 골프공 등)의 재화와 운송(물류)사업의 용역을 국내지역, 미주지역, 유럽지역, 아시아지역 등 전세계적으로 판매 및 제공하고 있습니다. 2) 지역별 매출내용당기와 전기 중 연결실체의"
005720,(주)넥센,비대상,유럽, NEXEN univerCITY) 준공식2019.06 무보증 공모사채 발행(제53회 일천억원)2019.08 유럽공장(체코) 준공식2020.01 업계 최초 비대면 타이어 방문 장착 서비스 '넥스트레벨 GO (NEXT LE
005720,(주)넥센,비대상,유럽, (NEXT LEVEL GO)' 론칭2020.10 무보증 공모사채 발행(제54회 일천오백억원)2021.10 유럽공장(체코) 2차 증설개시2023.12 유럽공장(체코) 2차 증설준공 넥센타이어 종속회사 Qingdao Ne
137310,에스디바이오센서(주),비대상,유럽,"TANDARD M10은 검사 소요 시간 단축과 다양한 질환군에 대한 검사 메뉴 제공을 특징으로 하며, 미국·유럽 등 주요 시장을 중심으로 글로벌 인허가 확대를 통해 COVID-19 이후에도 지속 가능한 성장을 도모하고 "
137310,에스디바이오센서(주),비대상,유럽,"in vitro Medical Device Regulation 2017/746 (IVDR) IVDR은 기존 유럽 체외진단의료기 지침[98/79/EC]을 대체하는 규정으로, 2017년 5월 26일 발효, 5년의 전환기간을"
137310,에스디바이오센서(주),비대상,유럽,"022년 5월 26일부터 적용됩니다. 당사 대다수 완제품은 본 규정에 따라 체외진단의료기기에 해당하므로 이 유럽 규정에서 요구하는 대로 적절하게 제품 평가, 문서화 및 품질시스템을 구축하고, CE 자가선언 및/혹은 인증"
004710,한솔테크닉스(주),비대상,유럽,"장 성장률이 2~4% 수준으로 다소 정체되고 있습니다. 그러나 AI 기술이 탑재된 프리미엄 스마트폰의 북미/유럽 등 선진국 시장 수요와, 중국, 인도 등 신흥 시장 성장이 침체된 세계경제 속에서도 안정적으로 시장 규모가"
004710,한솔테크닉스(주),비대상,유럽,"가 확보를 위한 지속적인 노력을 기울이고 있습니다. 태양광 모듈 사업은 글로벌 경기침체에도 불구하고 미국, 유럽, 한국 등의 친환경 에너지 정책과 친환경 에너지 수요증가로 꾸준히 수요가 증가추세에 있습니다. 이에 당사는"
004710,한솔테크닉스(주),비대상,유럽," 배부되는 판매비와관리비를 차감한 금액입니다. 지역별 매출액 지역에 대한 공시 당기 (단위 : 천원) 국내 유럽 아메리카 아시아 아프리카 지역 합계 수익(매출액) 192,258,492 116,127,815 346,105"
004310,현대약품(주),비대상,유럽, 공개불가 ⑧회계처리방법 무형자산으로 인식 ⑨대상기술 Estelle ⑩개발진행경과 미국 승인 (21년 4월)유럽 승인 (21년 5월) ⑪기타사항 - (4) 품목: Mifegymiso ①계약상대방 Linepharma / 
004310,현대약품(주),비대상,유럽, 공개불가 ⑧회계처리방법 무형자산으로 인식 ⑨대상기술 Bijuva ⑩개발진행경과 미국 승인 (18년 10월)유럽 및 영국 승인 (21년 9월) ⑪기타사항 - (8) 품목: Twyneo ①계약상대방 Sol-Gel Tech
067080,대화제약(주),비대상,유럽," 적응증을 추가하여 유방암에 대한 리포락셀 미국/체코 유방암 2상 결과보고서를 최종화 하였으며, 한국/중국/유럽유방암 3상 결과보고서를 최종화 하였습니다. 이를 바탕으로 2025년 4월 MFDS(식품의약품안전처)에 유방"
067080,대화제약(주),비대상,유럽,"가 적응증에 대한 품목허가를 신청하였습니다. 또한 2024년 2월 리포락셀액의 위암2차 치료제 사용에 대해 유럽의약품청(EMA)으로부터 희귀의약품 인증(ODD, Orphan Drug Designation)을 받았습니다."
067080,대화제약(주),비대상,유럽," 적응증을 추가하여 유방암에 대한 리포락셀 미국/체코 유방암 2상 결과보고서를 최종화 하였으며, 한국/중국/유럽유방암 3상 결과보고서를 최종화 하였습니다. 이를 바탕으로 2025년 4월 MFDS(식품의약품안전처)에 유방"
053030,(주)바이넥스,비대상,유럽,"국내 최초 CDMO로서 오랜 기간에 걸친 축적된 경험과 노하우를 바탕으로 글로벌 주요 GMP 기관인 미국, 유럽, 일본의 GMP 실사를 성공적으로 통과하여 글로벌 CDMO로 도약하기 위한 기틀을 다졌습니다. 당사는 초기"
053030,(주)바이넥스,비대상,유럽,"생산을 개시하였으며, 당사는 2009년 12월 국내 바이오기업 및 벤처들이 개발하는 바이오 의약품의 미국, 유럽 및 일본 등 해외 선진 시장 진출을 지원하고자 송도 바이오 의약품생산시설을 활용하여 CDMO 사업을 시작하"
185750,(주)종근당,비대상,유럽,"종료일 총 계약금액 지급금액 진행단계 CKD-943 VFMCRP 한국 2012.04.16 - - - 미국, 유럽,일본 승인, 출시 IFN-K Neovacs 한국 2015.12.11 - - - 임상2상 완료 CKD-950"
185750,(주)종근당,비대상,유럽,국 포함 글로벌 3상 top-line data 발표 - 2020.12 FDA NDA 제출 - 2021.03 유럽 EMA NDA 제출 - 2021.08 FDA 승인(요독성소양증) - 2022.01일본 P3 Topline 
185750,(주)종근당,비대상,유럽,"21.08 FDA 승인(요독성소양증) - 2022.01일본 P3 Topline 결과 발표 - 2022.04 유럽 EMA 승인, 미국 출시 후 판매 진행 중 - 2022.3Q 캐나다, 싱가포르, 스위스 승인 - 2022."
195940,에이치케이이노엔 주식회사,비대상,유럽,xience 양사 합의에 의해 비공개 2025.12.24 양사 합의에 의해 비공개 양사 합의에 의해 비공개 유럽 임상 3상 중 (주1) 최근 5개년 라이선스인 실적으로 기재하였습니다. (주2) 계약 세부내용의 경우 영업
195940,에이치케이이노엔 주식회사,비대상,유럽,"질환 치료제 염증 질환 기초연구 진행중 비만 치료제 비만 기초연구 바이오 진행중 바이오시밀러 골다공증 승인(유럽, 한국) 진행중 바이오시밀러 항암 임상 1상, 3상(글로벌) 진행중 GLP-1RA 주사제 당뇨, 비만 비만"
195940,에이치케이이노엔 주식회사,비대상,유럽,"e 수취 분에 대해 기간 분할 수익 인식 ⑧ 대상 기술 펨타 RTU 제조 생산 기술 이전 ⑨ 개발 진행경과 유럽 허가 승인, 일부 국가 출시 ⑩ 기타 사항 - No.18 ① 계약 상대방 아이엠바이오로직스 (한국) ② 계"
008830,대동기어(주),2차 후보(확인 필요),기어박스,립공장) 2020. 02. 11. 제2공장 SSL 및 완성차 양산 2021. 04. 01. 폭스바겐 향 자동변속기 부품수주 및 개발 2021. 08. 01. UTV(다목적운반차량) 양산 2022. 04. 01 전동차 부품
008830,대동기어(주),2차 후보(확인 필요),기어박스,"터 T/M, F/A 수주 2023. 07. 10 현대트랜시스 TMED-Ⅱ SUN GEAR, HUB, 자동차 변속기용 기어 수주 2024. 현대트랜시스 ROTOR ASS'Y 등 11종 신규수주 2025.04.21 현대트랜시"
008830,대동기어(주),2차 후보(확인 필요),기어박스,", 전용가공라인(자동차전용라인) 90,000 백만원, 완성차(GME사업라인) 50,000 백만원, 산업기계(감속기라인) 14,000 백만원 입니다.산출방법은 각 라인별 표준생산능력으로 연간가동가능일수를 계산하여 산정하였습"
008830,대동기어(주),2차 후보(확인 필요),유럽,DA 비상장 캐나다 대동농기(안휘)유한공사 비상장 중국 Daedong Kioti Europe.B.V 비상장 유럽 (주)제주대동 비상장 - 대동애그테크(주) 비상장 - 주식회사 대동에이아이랩 비상장 - 주식회사 대동로보틱
046890,서울반도체(주),비대상,유럽,"용되는 LED 제품을 연구개발, 생산, 판매하는 종합 LED 기업입니다. 당사는 국내 본사를 중심으로 하여 유럽, 중국, 베트남 등 글로벌 R&D Lab과 생산기지, 영업/마케팅 네트워크를 통해 LED 제품을 제조, 판"
046890,서울반도체(주),비대상,유럽,"년 - 서울반도체 실내조명용 '썬라이크', 볼보 신형 전기차 탑재- 독일 고등법원 특허소송 승소로 6월부터 유럽 17개국에 판매금지 명령 발효 - 2023년 CES에서 서울바이오시스는 마이크로 발광다이오드(LED) 핵심"
046890,서울반도체(주),비대상,유럽,"상 2024년 - 서울반도체, 디스플레이 LED 부문 글로벌 1위- 서울반도체 '노 와이어' LED 특허, 유럽 전역에서 승소- 서울반도체, 헤드램프 트렌드 이끈다… 2024 제네시스 GV80 전면 헤드램프에 풀 공급 "
023160,(주)태광,1차(2027),유럽,"하고 있으며 타 업체가 이 업종에 진출하기는 어려운 형편이며, 높은 기술력과 품질, 생산시설을 갖춘 업체는 유럽의 Tectubi, Tecnoforge 등과 한국의 당사와 성광벤드로 몇개업체만이 시장을 나누어 가지고 있으"
023160,(주)태광,1차(2027),유럽," 이루어 지고 있습니다. ② 해외 시장 여건 - 각종 배관자재, 관이음쇠류 동종업계의 경쟁국은 크게 일본, 유럽, 미국 등으로 당사는 세계 일류의 경쟁력을 갖추고 있는 업체로서 여러 유수의 해외업체들의 당사 방문이 이어"
023160,(주)태광,1차(2027),유럽,"세계 일류의 경쟁력을 갖추고 있는 업체로서 여러 유수의 해외업체들의 당사 방문이 이어지고 있읍니다. 미국, 유럽, 동남아, 중동 등으로 판로가 전세계로 확대되었으며 고품질의 제품생산을 통한 경쟁력을 바탕으로 해외에서 더"
192820,코스맥스(주),비대상,유럽," 높은 것으로 평가받습니다. 당사는 업계 최고 수준의 기술력과 품질력을 바탕으로 국내, 중국, 동남아시아, 유럽, 미국, 일본계 글로벌 화장품 브랜드 기업들을 포함, 총 4,000여개의 기업들에게 기초화장품 (크림, 에"
192820,코스맥스(주),비대상,유럽,"대의 화장품 그룹인 프랑스 L그룹의 프리미엄 브랜드에까지 확대 공급하였으며, 일본을 비롯한 아시아 시장에서 유럽, 미국을 포함하여 전세계 주요 시장에서 판매되고 있는 제품입니다. 또한 쿠션 파운데이션은 전 세계 시장에 "
192820,코스맥스(주),비대상,유럽,"습니다. 지역적으로도 일본, 중국, 홍콩을 비롯한 아시아와 호주 지역에 집중되어 있던 과거와 달리, 현재는 유럽, 중남미, 미국에 이르기까지 전세계 100여개국에 화장품을 직·간접적으로 수출하고 있습니다. 코스맥스는 일"
092190,서울바이오시스(주),비대상,유럽," 휴대폰,LCD BLU, 자동차, 백색가전 및 조명용 Visible LED 시장 및 UV시장 집중공략 수출 유럽, 일본, 미주, 대만, 중국 등 휴대폰, LCD BLU, 자동차 및 조명용 Visible LED 시장 및 "
092190,서울바이오시스(주),비대상,유럽,"대 디스플레이에 사용될 Micro Clean Display 등이 있습니다.SunLike의 경우, 2018년 유럽 최고 권위의 일렉트로닉지 등으로부터 올해의 제품상을 수상하였고, 이후 2018 Lux Awards에서 올해"
066700,(주)테라젠이텍스,비대상,유럽,"기술이며, 최근 수 십년 간 이뤄진 가장 혁신적인 바이오 기술로 손꼽히고 있습니다.세계 시장의 경우 미국과 유럽 등이 빠르게 관련 제도를 정비하고 시장에 진입해 있으나 아직 전체 시장 규모 및 가능성에 비해서는 영향력이"
365340,성일하이텍 주식회사,비대상,배터리여권," 지정학적 리스크를 해소하기 위해 도시광산 전략을 통한 자급체계 구축이 중요해지고 있으며, 2027년 EU 배터리 여권 도입 및 2031년 재생원료 사용 의무화 등 글로벌 법적 규제 강화로 리사이클링은 이제 기업 경영의 필수 "
365340,성일하이텍 주식회사,비대상,배터리여권,"부터 EU 배터리 규정에 따라 모든 배터리 탄소발자국 신고를 의무화했습니다. 이는 2027년 시행될 디지털 배터리 여권 제도를 앞둔 조치로, 데이터 투명성 확보가 유럽 진출의 필수 조건이 되었습니다. 또한 핵심원자재법(CRMA"
365340,성일하이텍 주식회사,비대상,배터리여권," 점검을 통해 자원 선순환을 강제하고 있습니다. 결과적으로 당사의 투명하고 친환경적인 리사이클링 프로세스는 배터리 패스포트 제도를 통해 공식적인 신뢰성을 확보하게 되며, 이는 유럽 공급망 내 핵심 공급자로서 성장하는 결정적인 동력"
365340,성일하이텍 주식회사,비대상,유럽," 요인보다는 각국의 지원 정책 및 규제에 따른 변동 요인이 훨씬 큰 영향을 미친다고 볼 수 있습니다. 최근 유럽에서는 전기차용 배터리에 적용되는 양극재 소재인 코발트, 니켈, 리튬 등을 리사이클링 원료로 일정 비율 이상"
365340,성일하이텍 주식회사,비대상,유럽," 거래처들의 지속적인 Capacity 증가로 기존 수요처 중심으로 공급물량을 확대하되 일본, 동남아시아 및 유럽의 신규 고객을 꾸준히 발굴하여 지속적인 성장과 함께 안정적인 매출 창출을 계획ㆍ진행하고 있습니다.또한, 당"
365340,성일하이텍 주식회사,비대상,유럽," METHODFOR BATTERY THERMAL TREATMENT 성일하이텍(주) 2021.02.17 국외/유럽 헝가리,폴란드,독일,프랑스,스페인 23 등록 10-2703136 리튬이차전지 재활용 공정을 위한 전처리 방"
004090,한국석유공업(주),비대상,유럽,"75,947,694 오세아니아 9,215,976,321 10,900,420,516 6,046,111,434 유럽 - 9,782,649 77,425,537 아메리카 236,689,531 131,908,506 28,774,"
004090,한국석유공업(주),비대상,유럽,"6,960) 186,827,178,792 지역에 대한 공시 당기 (단위 : 원) 국내매출 아시아 오세아니아 유럽 아메리카 아프리카 중동 지역 합계 수익(매출액) 633,111,366,975 53,070,036,050 9"
004090,한국석유공업(주),비대상,유럽,"75 1,111,148,721 696,926,234,873 전기 (단위 : 원) 국내매출 아시아 오세아니아 유럽 아메리카 아프리카 중동 지역 합계 수익(매출액) 639,624,164,603 75,529,528,151 1"
006110,삼아알미늄(주),1차(2027),유럽," 않습니다.- 결산일 이전 수출매출 기간귀속의 적정성 핵심감사사항으로 결정한 이유연결회사는 아시아, 미주, 유럽 등 다양한 해외 거래처에 대하여 수출매출이 발생하고 있으며, 수출매출은 수출조건에 따라 재화의 통제이전 시"
006110,삼아알미늄(주),1차(2027),유럽,"지역별 영업현황(고객의 소재지 기준)은 다음과 같습니다. (당기) (단위: 천원) 구 분 국내 아시아 미주 유럽 기타 연결조정 합계 매출액 180,986,542 37,569,793 30,444,432 23,341,643"
006110,삼아알미늄(주),1차(2027),유럽,"43 15,704 (899,462) 271,458,652 (전기) (단위: 천원) 구 분 국내 아시아 미주 유럽 기타 연결조정 합계 매출액 153,760,437 37,385,917 41,743,785 20,022,333"
025000,KPX케미칼(주),비대상,유럽,"율 31.6%, 자기자본비율 76.0%로 견실한 재무구조를 유지하고 있습니다. 2026년 세계경제는 중동, 유럽 지역의 지정학적 리스크, 글로벌 금리 정책 변화와 주요국의 산업 정책 등 다양한 요인이 복합적으로 작용하면"
096530,(주)씨젠,비대상,유럽,"265,571,274 아메리카 47,821,988 8,638,937 52,883,122 10,936,392 유럽 152,478,411 47,467,490 128,480,095 44,350,804 기타 15,732,324"
096530,(주)씨젠,비대상,유럽,씨젠 2010.09 코스닥 상장2011.01 TOCE™ 기술 개발 및 특허 출원2011.10 DPO™ 기술 유럽 특허 등록2012.01 DPO™ 기술 미국 특허 등록2012.03 mTOCE™ 기술 개발 및 특허 출원20
096530,(주)씨젠,비대상,유럽, 제·상품 개발 현황 연도 대표 제품군 / 제품명 사용 목적 2025년 STARprep™ EZ Buffer(유럽 인허가(CE-IVDR) & 호주 인허가(TGA) & 미국 인허가(FDA) 획득 완료) STARprep™ E
000850,화천기공(주),2차 후보(확인 필요),유럽,"3,531,099 미국 39,534,730 35,488,913 일본 31,718,022 22,293,355 유럽 44,110,511 39,930,333 기타 31,767,275 40,957,019 합계 221,755,5"
000850,화천기공(주),2차 후보(확인 필요),유럽,"3,531,099 미국 28,809,443 21,327,161 일본 31,718,022 22,293,355 유럽 38,294,973 29,457,503 기타 21,265,940 28,584,901 합계 194,713,3"
000850,화천기공(주),2차 후보(확인 필요),유럽,"운영되고 있습니다. 미주에서는 미국, 캐나다, 멕시코 등에 판매를담당하는 HMA(미국)가 운영되고 있으며, 유럽에서는 독일, 이탈리아 등에 대한 판매를 담당하고 있는 HME(독일)가 운영되고 있습니다. 아시아지역은 HA"
002240,고려제강(주),1차(2027),CBAM, 글로벌 공급망을 위협하고 원자재 시장의 불확실성을 극대화하고 있습니다. 여기에 미국의 관세 장벽과 유럽의 탄소국경조정제도 등 강화되고 있는 보호무역주의는 수출 주도형인 우리 철강업계에 근본적인 변화와 혁신을 요구하고 있습
002240,고려제강(주),1차(2027),유럽," 262,966 452,795 495,294 미주 467,726 443,803 129,284 140,377 유럽 424,291 412,352 3,956 3,690 아시아 586,427 586,891 407,365 375"
002240,고려제강(주),1차(2027),유럽,") 비유동자산(*2) 지역 본사 소재지 국가 290,298 452,795 미주 467,726 129,284 유럽 424,291 3,956 아시아 586,427 407,365 기타 국가 40,441 0 지역 합계 1,80"
002240,고려제강(주),1차(2027),유럽,") 비유동자산(*2) 지역 본사 소재지 국가 262,966 495,294 미주 443,803 140,377 유럽 412,352 3,690 아시아 586,891 375,076 기타 국가 33,597 0 지역 합계 1,73"
033240,자화전자(주),비대상,유럽,"의 효율적인 난방시스템에 있어서 매우중요한 기술로써 국내 특허 등록이 완료 되었으며 해외 미국 , 중국 , 유럽 , 일본 등 출원이 완료되어 심사 진행중.□ 2019년 - OIS-AF-IRIS(조리개) 일체형 Actua"
033240,자화전자(주),비대상,유럽,"영업부문으로 구성되어 있습니다. 지역에 대한 공시 당기 (단위 : 천원) 지역 지역 합계 국내 외국 아시아 유럽 미주 매출내역(연결조정 전) 383,690,837 448,788,981 6,651,120 9,788,842"
033240,자화전자(주),비대상,유럽,"1,120 9,788,842 848,919,780 전기 (단위 : 천원) 지역 지역 합계 국내 외국 아시아 유럽 미주 매출내역(연결조정 전) 330,494,746 340,615,433 5,836,674 4,197,665"
131290,(주)티에스이,2차 후보(확인 필요),유럽,"3,153 (22,203,153) 일본 엔/원 37,233 (37,233) 242,827 (242,827) 유럽 유로화/원 - - 573 (573) 중국 위안화/원 1,629,304 (1,629,304) 560,671 "
131290,(주)티에스이,2차 후보(확인 필요),유럽,"3,153 (22,203,153) 일본 엔/원 37,233 (37,233) 242,827 (242,827) 유럽 유로화/원 - - 573 (573) 중국 위안화/원 1,629,304 (1,629,304) 560,671 "
134790,(주)시디즈,비대상,유럽,"12,397,576 1,615,149,133 아시아 수출 2,018,715,123 2,908,647,679 유럽 수출 2,585,641,829 3,190,767,977 해외소계 5,916,754,528 7,714,564"
134790,(주)시디즈,비대상,유럽,및 인식된 자산과 부채와 관련하여 발생하고 있습니다. 보고기간말 현재 회사의 기능통화가 아닌 미국달러화 및 유럽연합 유로화 등과 관련된 환율변동 위험에 노출되어 있는 회사의 금융자산ㆍ부채의 내역은 다음과 같습니다. (단
134790,(주)시디즈,비대상,유럽,"원화환산액 금융자산 현금및현금성자산 미국 달러화 8,347 11,976,694 4,420 6,497,400 유럽연합 유로화 - - 112,954 172,676,902 일본 엔화 1,389,875 12,753,910 57"
109610,에스와이(주),1차(2027),유럽,"은 경쟁력을 기반으로 신제품군확대를 통한 안정적 성장세 유지와 동남아 지역 집중투자를 통해 시장 선점 이후 유럽, 미국 진출 계획 시현 등을 통해 세계 건축 외장재 1위 기반 구축에 박차를 가하고 있습니다. 3. 재무상"
015710,(주)코콤,비대상,현가장치,"65. 자동차엔진용 신품 부품 제조업66. 자동차 신품 전기장치 및 부품 제조업67. 자동차 신품조향장치, 현가장치 및 부품 제조업68. 그외 자동차용 신품 부품 제조업69. 전투용차량 부품 제조업70. 위 각 호에 관련된"
015710,(주)코콤,비대상,현가장치,"65. 자동차엔진용 신품 부품 제조업66. 자동차 신품 전기장치 및 부품 제조업67. 자동차 신품조향장치, 현가장치 및 부품 제조업68. 그외 자동차용 신품 부품 제조업69. 전투용차량 부품 제조업70. 위 각호에 관련된 "
015710,(주)코콤,비대상,현가장치,"엔진용 신품 부품 제조업 영위 66 자동차 신품 전기장치 및 부품 제조업 영위 67 자동차 신품 조향장치, 현가장치 및 부품 제조업 영위 68 그외 자동차용 신품 부품 제조업 영위 69 전투용차량 부품 제조업 영위 70 위"
015710,(주)코콤,비대상,유럽,"급ㆍ조달청 입찰 - SI사업부 방위사업팀 프로젝트ㆍ컨소시엄 - 해외영업 해외사업부 해외사업팀 미주ㆍ중남미ㆍ동유럽ㆍ중동ㆍ동남아ㆍ아시아 신흥국ㆍ유럽ㆍ아프리카ㆍ중국 - 해외PJT팀 일본, 베트남 - (2) 판매경로 (단위 :"
015710,(주)코콤,비대상,유럽,"위사업팀 프로젝트ㆍ컨소시엄 - 해외영업 해외사업부 해외사업팀 미주ㆍ중남미ㆍ동유럽ㆍ중동ㆍ동남아ㆍ아시아 신흥국ㆍ유럽ㆍ아프리카ㆍ중국 - 해외PJT팀 일본, 베트남 - (2) 판매경로 (단위 : 백만원,%) 구분 매출유형 판매"
015710,(주)코콤,비대상,유럽, 건설사와 공동 개발ㆍ선제안을 통해 신규 분양 단지 수주 확대. ㆍ 해외 신흥 시장 공략: 동남아시아ㆍ중동ㆍ유럽 등 성장 잠재력 높은 지역에서 현지 에이전트 계약 확대 및 KOCOM 브랜드 인지도 제고. ㆍ 서비스ㆍ구독
041650,상신브레이크(주),2차 후보(확인 필요),휠,발을 통한 양산형제어기 기술 확보 9 2023년~2025년 북미 배기가스 규제 대응을 위한 에너지트레일러용 휠 내장형 2kW급 발전시스템 개발 에너지트레일러용 휠 내장형 발전시스템 개발을 통한 트레일러 부문 신기술 확
041650,상신브레이크(주),2차 후보(확인 필요),휠,"25년 북미 배기가스 규제 대응을 위한 에너지트레일러용 휠 내장형 2kW급 발전시스템 개발 에너지트레일러용 휠 내장형 발전시스템 개발을 통한 트레일러 부문 신기술 확보, 북미지역 배기가스 규제 대응 제품 개발을 통한 "
041650,상신브레이크(주),2차 후보(확인 필요),휠, 명칭 취득일 소요기간 상용화여부 자동차 브레이크패드 스코칭 가공장치 2023-01-17 1년 8개월 상용 휠속도 센서 출력값 보상 시스템 및 방법 2023-03-13 2년 5개월 선행개발 가이드핀을 갖는 차량용 디스
041650,상신브레이크(주),2차 후보(확인 필요),현가장치,"을 야기시킬 수 있는데, 이와 같은 환경에서도 본래의 물질적성능을 유지할 수 있어야 합니다. 최근 엔진 및 서스펜션의 발달과 도로와 운전자의 다양한 운전습관 등에 의해 브레이크에 요구되는 성능은 보다 다양하고 엄격해지고 있"
041650,상신브레이크(주),2차 후보(확인 필요),유럽,S ORGANIC)제품이 개발 및 발전되었습니다. 2000년대에는 북미 및일본의 Non-Steel 마찰재와 유럽의 Low-Steel 마찰재로 양분화 되어 발전해가고 있습니다. 현재는 선진국의 구리(Cu)성분에 대한 규제
041650,상신브레이크(주),2차 후보(확인 필요),유럽," 있습니다. (2) 설비 부문가격 및 기술 경쟁력을 가지고 잠재적 성장성을 가진 중국, 인도 뿐만 아니라, 유럽, 북미 시장의 마찰재 업체로의 진출을 이어 나갈 것 입니다. 마. 사업부문별 요약 재무 현황 (단위 : 백"
041650,상신브레이크(주),2차 후보(확인 필요),유럽,"년 역시 대외 경제 환경의 불확실성이 완전히 해소되기 어려울 것으로 전망됩니다. 미·중 외교 및 경제갈등과 유럽 및 중동에서의 전쟁상황이 지속되면서 세계 경제의 침체 가능성이 증대되고, 국내에서도 이와 함께 인플레이션에"
336680,(주)탑런토탈솔루션,비대상,유럽,"차 시장은 CAGR 기준 29% 성장까지도 예측합니다. 2030년 지역별 전기차 시장점유율은 중국 49%, 유럽 27%, 미국 14%로 전망합니다. 이에 따른 자동차 Display 수요는 2023년 2억대에서 차츰 증가"
160980,(주)싸이맥스,비대상,기어박스,빈 남 1965년 09월 부사장 미등기 상근 기술연구소장 성균관대 기계공학과 졸업(석사)현대자동차(주) 자동변속기설계팀 선임연구원한국자동차 차체샤시연구센터 선임연구원현대트랜시스 주식회사 연구개발본부 상무이사(現)(주)싸이
160980,(주)싸이맥스,비대상,유럽,"39,816,917,849 147,542,851,261 미국 1,228,949,247 494,482,660 유럽 968,444 2,538,958,757 아시아 23,357,698,410 14,482,123,624 합 계"
160980,(주)싸이맥스,비대상,유럽,"24년 2023년 내수 국내 139,817 147,543 116,555 수출 미국 1,229 494 700 유럽 1 2,539 228 아시아 23,198 14,309 10,289 합 계 164,245 164,886 12"
160980,(주)싸이맥스,비대상,유럽,"(반도체 장비 부문)으로 구성되어 있습니다. 지역에 대한 공시 당기 (단위 : 원) 본사 소재지 국가 미국 유럽 아시아 지역 합계 수익(매출액) 139,816,917,849 1,228,949,247 968,444 23,"
095610,(주)테스,비대상,유럽," 보고된 내용과 차이가 없습니다. 지역에 대한 공시 당기 (단위 : 천원) 지역 지역 합계 국내 외국 중국 유럽 기타 수익(매출액) 278,471,872 72,329,837 98,394 215,629 351,115,73"
095610,(주)테스,비대상,유럽,"7 98,394 215,629 351,115,732 전기 (단위 : 천원) 지역 지역 합계 국내 외국 중국 유럽 기타 수익(매출액) 180,934,850 58,799,216 149,827 193,934 240,077,8"
095610,(주)테스,비대상,유럽," 보고된 내용과 차이가 없습니다. 지역에 대한 공시 당기 (단위 : 천원) 지역 지역 합계 국내 외국 중국 유럽 기타 수익(매출액) 277,849,935 69,228,333 98,394 215,629 347,392,29"
263690,(주)디알젬,비대상,유럽,"TOPAZ, JADE, ACQUIDR 2025.03 한국 의료기기 PROMO 제조 인증 획득 2025.04 유럽 제품 물류창고 개소 2025.04 유럽 서비스 부품 창고 개소 2025.06 전모델 MDR 최초 인증 획득"
263690,(주)디알젬,비대상,유럽,025.03 한국 의료기기 PROMO 제조 인증 획득 2025.04 유럽 제품 물류창고 개소 2025.04 유럽 서비스 부품 창고 개소 2025.06 전모델 MDR 최초 인증 획득 2025.06 Health Canada
103840,(주)우양,비대상,유럽,"HACCP은 전 세계적으로 가장 효과적이고 효율적인 식품 안전 관리 체계로 인정받고 있으며, 미국, 일본, 유럽연합과 WHO 등 국제기구에서도 모든 식품에 HACCP을 적용할 것을 적극 권장하고 있습니다. 2007년 동"
024900,디와이덕양(주),2차 후보(확인 필요),유럽,"경영권 인수를 완료하여 중국자동차 사업을 영위하고 있으며, 2021년 3월 부터 신사업 분야인 BMA부품을 유럽과 미국에 공급하고 있습니다. (2) 시장점유율 국내 Cockpit Module시장은 자동차완성업체와 긴밀한"
228850,(주)레이언스,비대상,유럽,"메디컬 제품 및 산업용 제품 영업 총괄국내 및 해외 메디컬 B2B 영업 해외법인 Qpix 사무소 일본사무소,유럽사무소 (*)중국법인은 2024년 8월에 중국현지에서 청산하여 현지업체에 CS사업을 위탁중입니다. 다. 수주"
228850,(주)레이언스,비대상,유럽,"‘22 년 기준(예상) 약 $ 1,664M (USD) 의 규모로 추산되며 연평균 약 6.4 %로 성장북미와 유럽이 총 시장 규모의 약 65.3%를 차지, 국내 및 중국을 포함한 아시아 시장이 24%구매고객들의 만족도 향"
228850,(주)레이언스,비대상,유럽,)mm / 800gA/D 범위 : 14 Bit차별화된 기능/성능을 가진 세계최초 말용 구강내 센서 북미 및 유럽의 동물용 X-ray Imaging 시장을 발굴 및 시장 확대를 통해향후 개발될 자사 VET Imaging 
110790,(주)크리스에프앤씨,비대상,유럽,"토어 신설 2022. 05. 이탈리아 럭셔리 스포츠 의류 브랜드 ""Hydrogen"" 인수 2023. 10. 유럽 3대 스포츠 브랜드 ""마무트(Mammut)"" 독점사업권 확보 2023. 11. (주)에스씨인베스트 지분 추"
110790,(주)크리스에프앤씨,비대상,유럽,"하였습니다. 그리고 2022년 5월 이탈리아 스포츠 의류 브랜드 Hydrogen을 인수, 2023년 10월 유럽 3대 스포츠 브랜드 마무트 국내 독점사업권을 확보, 2024년 6월 일본 하이패션 라이프스타일 아웃도어 앤"
110790,(주)크리스에프앤씨,비대상,유럽,"업 합계 기업 전체 총계 기업 전체 총계 합계 영업부문 내부거래 조정 지역 지역 합계 지역 지역 합계 국내 유럽 미주 아시아 국내 유럽 미주 아시아 수익(매출액) 343,743,446 29,371,068 184,946,"
101160,(주)월덱스,비대상,유럽,"시대에 근접할 것으로 예측하고 있으며, 미주와 아시아 태평양 지역이 시장을 견인하는 가운데, 2026년에는 유럽과 일본을 포함한 전 세계 주요 시장의 동반 성장이 예상됩니다. (참고1) 1.jpg WSTS) Global"
101160,(주)월덱스,비대상,유럽,"문생산방식으로 판매하고 있습니다. 또한 WCQ의 영업망을 통하여 모회사에서 생산한 Si-parts를 미국, 유럽, 대만, 일본, 싱가포르 등에서 판매하고 있습니다.WCQ가 생산 판매하는 반도체용 Quartz-parts의"
003830,대한화섬(주),비대상,유럽,"자주식 등에는 매도가능금융자산의 장부금액이 포함되어 있습니다. 지역에 대한 공시 당기 (단위 : 원) 한국 유럽 기타 국가 지역 합계 수익(매출액) 80,718,518,951 14,734,845,101 12,772,31"
003830,대한화섬(주),비대상,유럽,"4,734,845,101 12,772,312,761 108,225,676,813 전기 (단위 : 원) 한국 유럽 기타 국가 지역 합계 수익(매출액) 92,696,881,569 20,571,416,362 10,517,37"
003830,대한화섬(주),비대상,유럽,"음과 같습니다. (단위: 원) 구 분 당기 전기 한국 80,718,518,951 92,696,881,569 유럽 14,734,845,101 20,571,416,362 기타국가 12,772,312,761 10,517,37"
336370,솔루스첨단소재 주식회사,비대상,유럽,"127 소 계 616,083 570,949 주요 지리적 시장 (주1) 대한민국 106,248 100,664 유럽 325,144 335,662 아시아 등 184,691 134,623 소 계 616,083 570,949 수"
336370,솔루스첨단소재 주식회사,비대상,유럽,"사업부문은 전지박 사업부문, OLED 사업부문, 첨단소재 사업부문으로 나뉘어져 있습니다. 전지박 사업부문은 유럽, 아시아, 북미의 전기차 OEM 및 배터리셀 제조 업체와 전자소재(PCB,CCL) 업체에 전지박 및 동박을"
336370,솔루스첨단소재 주식회사,비대상,유럽,"y Solutions Canada Inc., Circuit Foil Luxembourg은 전지박 사업부문의 유럽 / 북미 주요 생산거점이며, 하이엔드(High-end) 제품 포트폴리오와 현지 공급체계를 강점으로 고객사 "
067290,제이더블유신약(주),비대상,유럽," 수 있는 엄격하고 구조적인 통제환경을 구축하는 것을 목표로 하고 있습니다.당사는 원재료 중 일부는 일본, 유럽 등 해외거래처에서 수입하고 있어 환율 상승시 원가율이 상승할 위험이 있으며, 최근 공정거래규약 등의 약가인"
007160,사조산업(주),비대상,유럽," 유통사업은 크게 수출과 내수로 구분됩니다. 당사의 주요 수출국은 일본이며 점차 시장이 커지고 있는 북미, 유럽, 동남아 등 다양한 시장 진출을 통해 수출 확대가 될 수 있도록 많은 노력을 기울이고 있습니다.횟감용참치는"
036220,(주)오상헬스케어,2차 후보(확인 필요),유럽,"연구원 등과 공동개발 및 기술이전을 통하여 면역진단기기 ""SelexOn""을 개발하여 2014년부터 국내 및 유럽, 아시아, 아프리카 등으로 판매하여 왔습니다.또한 코로나19의 전 세계적 유행 상황에서 면역 진단키트의 급"
036220,(주)오상헬스케어,2차 후보(확인 필요),유럽,"는 T/T inadvance이나, 전략적으로 중요한 시장에 한해서 여신을 제공하고 있습니다. 판매조직 비고 유럽팀, MENA팀, 아시아팀 *해외 고객 영업 해외영업관리팀 *거래처 관리 및 영업 지원 국내영업부 *국내고객"
036220,(주)오상헬스케어,2차 후보(확인 필요),유럽,"은 일반적인 시장의 경기변동에 거의 영향을 받지 않습니다. 이것은 현재 자가혈당측정기 시장의 70% 이상이 유럽과 미국 등 선진국을 중심으로 형성되어 있으며, 이에 따라 시장이 건강에 대한 투자를 아끼지 않는 선진국형 "
071670,에이테크솔루션(주),비대상,유럽," MOLD금형 PRESS금형 정밀부품 해외영업 기술영업 : 21명 기술영업 : 9명 기술영업 : 5명 미국,유럽,일본 등 : 13명 2) 판매경로 매출유형 품목 구분 판매경로 판매경로별매출액(백만원) 제품 금형제조 국내"
084850,(주)아이티엠반도체,비대상,유럽,재생에너지 보급률 증가를 위한 ESS시장이 지속적으로 고성장할 것으로 전망되고 있습니다. 전기자동차 시장은 유럽각국의 내연기관 퇴출 계획과 각종 보조금 정책으로 지속적인 성장이 전망되고 있습니다. ESS시장은 재생에너지
016380,KG스틸(주),1차(2027),유럽,"29,823 1,489,640 아시아지역 496,183 473,410 미주지역 583,560 483,716 유럽지역 356,770 415,935 기타지역 427,108 438,281 합 계 3,193,444 3,300,"
016380,KG스틸(주),1차(2027),유럽,"6) DRD용 석도강판 품질 개선 개발 2023년 신제품 (1) 국내외 가전사 PCM, VCM 개발 (2) 유럽향 고강도강 개발 (3) 가전향 PCM 품질개선 (4) 가전향 고내식 2C2B PCM 개발 (5) 내외장재 "
016380,KG스틸(주),1차(2027),유럽,",329,823,613,274 아시아지역 496,183,140,956 미주지역 583,559,811,098 유럽지역 356,769,864,644 기타지역 427,107,994,528 지역 합계 3,193,444,424,"
078150,(주)에이치비테크놀러지,비대상,유럽,", 2차전지 산업의 성장과 밀접하게 연관되어 있습니다. 2차전지 산업은 미국의 정책 변화로 수요가 둔화되고 유럽은 규제와 보조금으로 회복 중인 양극화 양상을 보이고 있으며, 중국 내수 과잉공급으로 중국 기업들이 유럽 등"
078150,(주)에이치비테크놀러지,비대상,유럽,"고 유럽은 규제와 보조금으로 회복 중인 양극화 양상을 보이고 있으며, 중국 내수 과잉공급으로 중국 기업들이 유럽 등 해외 시장 진출을 가속화하며 경쟁이 심화되고 있으나, ESS 수요급증, IT 기기 수요 증가와 전기차 "
078150,(주)에이치비테크놀러지,비대상,유럽,"터리 기업들은 가동률 저하에 대응하여 ESS(에너지저장장치) 시장으로 생산 라인을 빠르게 전환하고 있으며, 유럽 시장에서는 현지 생산 거점을 확보한 중국 기업의 LFP 배터리 공세에 맞서 4680 원통형 배터리 및 하이"
033530,에스제이지세종(주),2차 후보(확인 필요),유럽,"실체가 위치한 지역에 따른 매출액과 영업이익은 다음과 같습니다. (단위: 천원) 구분 대한민국 북미 아시아 유럽 연결조정 계 매출액 810,541,100 1,122,600,045 429,754,217 239,037,25"
033530,에스제이지세종(주),2차 후보(확인 필요),유럽,"실체가 위치한 지역에 따른 매출액과 영업이익은 다음과 같습니다. (단위: 천원) 구분 대한민국 북미 아시아 유럽 연결조정 계 매출액 832,988,228 1,015,975,539 331,249,211 227,451,91"
033530,에스제이지세종(주),2차 후보(확인 필요),유럽,"4,877 북미 109,946,694 106,609,350 아시아 101,622,710 75,063,359 유럽 54,851,072 33,637,876 소계 419,533,777 384,215,462 연결조정 (21,9"
102710,(주)이엔에프테크놀로지,비대상,유럽,"07,957 동아시아 46,971,444 44,834,139 북중미 12,915,021 15,288,023 유럽 1,651,029 1,482,925 중동 934,379 760,143 합 계 598,981,663 519,"
102710,(주)이엔에프테크놀로지,비대상,유럽,"대사업을 주 영업부문으로 하고 있습니다. 지역에 대한 공시 당기 (단위 : 천원) 대한민국 동아시아 북중미 유럽 중동 지역 합계 수익(매출액) 536,509,790 46,971,444 12,915,021 1,651,02"
102710,(주)이엔에프테크놀로지,비대상,유럽,"21 1,651,029 934,379 598,981,663 전기 (단위 : 천원) 대한민국 동아시아 북중미 유럽 중동 지역 합계 수익(매출액) 456,807,957 44,834,139 15,288,023 1,482,92"
062040,산일전기(주),2차(2028),유럽,"및 새로운 태양광/열 발전 용량 +191GW), 중국(풍력 +37GW 및 태양광/열 +86GW), 미국 및 유럽연합이 주도하여 세계 신재생 발전량의 급증에 기여했습니다. 전 세계적으로 풍력과 태양광/열 발전 용량이 차지"
062040,산일전기(주),2차(2028),유럽,"포인트), 2 포인트 늘어난 중국은 13.5%로 증가하고 1.7 포인트 늘어난 미국은 14%를 넘었습니다. 유럽의 발전 용량은 3 포인트 넘게 성장해서 거의 22%가 되었습니다. 네덜란드와 독일은 각각 32%를 초과하였"
062040,산일전기(주),2차(2028),유럽,지 비중이 지속적으로 증가하여 2020년에는 그 비중이 83%에 이르게 되었습니다. 2023년에 접어들면서 유럽은 천연가스의 수요 감소와 공급 다변화에 성공하며 러시아산 천연가스 비중을 2021년 46%에서 2023년 
079960,동양이엔피(주),2차(2028),유럽,"니다. 또한, 국내시장뿐만 아니라 세계시장에 수출을 하기 위해 각국의 까다로운 안전규격 [UL(미주),CE(유럽),CCC(중국),QAS(호주),BIS(인도)]을 획득하여 제품을 공급하고 있습니다. 이런 구조로 인하여 당"
079960,동양이엔피(주),2차(2028),유럽,"나. 생산과 영업에 중요한 시설 및 설비등 당사는 경기 평택시에 위치한 평택사업장 및 중국, 베트남,미국, 유럽 등에서 주요 제품에 대한 제조, 영업 등의 사업활동을 수행하고 있습니다. 지역 사업장 소재지 국내 평택사업"
079960,동양이엔피(주),2차(2028),유럽," 단일의 사업부문을 가지고 있으며, 지역별정보는 다음과 같습니다. (단위: 천원) 구 분 국내 아시아 미주 유럽 합계 연결조정 연결합계 외부수익 572,139,161 341,033,835 47,558 593,751 91"
357580,주식회사 아모센스,비대상,유럽,"중 고객과의 계약에서 생기는 수익의 구분은 다음과 같습니다. (단위:천원) 구분 대한민국 아시아 북아메리카 유럽 합계 부문 수익 116,314,685 4,468,016 1,215,359 14,234 122,012,295"
357580,주식회사 아모센스,비대상,유럽,"중 고객과의 계약에서 생기는 수익의 구분은 다음과 같습니다. (단위:천원) 구분 대한민국 아시아 북아메리카 유럽 합계 부문 수익 131,133,785 2,722,017 288,618 10,599 134,155,018 부"
357580,주식회사 아모센스,비대상,유럽,"중 고객과의 계약에서 생기는 수익의 구분은 다음과 같습니다. (단위:천원) 구분 대한민국 아시아 북아메리카 유럽 합계 부문 수익 116,198,901 4,468,016 1,459,162 14,234 122,140,313"
007820,(주)엠엑스로보틱스,2차(2028),휠,cking system에서 독립적으로 움직이면서 화물의 적재와 이송을 돕는 장치 4Way R Shuttle 휠의 회전으로 방향 전환이 가능하여 4방향으로 Rack간 이동이 자유로운 장비 WMS 입·출고 및 창고 내의 
039010,현대에이치티(주),비대상,유럽,"와 신속한 기술 대응력을 바탕으로 동남아 시장 내 점유율을 빠르게 확대하고 있으며, 이를 모델 삼아 미주, 유럽, 중동 등 글로벌 진출에 박차를 가하고 있습니다. 당사는 AI와 IoT 기술이 집약된 혁신 제품을 통해 신"
003850,(주)보령,비대상,유럽,"료제와의 병용 가능성 확보 진행경과 (1) 정부과제에 선정되어 연구비 지원을 통해, 글로벌CRO를 활용하여 유럽국가에서 비임상 독성시험(GLP-Tox) 및 안전성약리시험을 성공적으로 완료 (2) 글로벌 임상1상시험에 대"
003850,(주)보령,비대상,유럽,R) 포스터 (2건) 발표 (3) 2020년 미국 암학회 (AACR) 포스터 (3건) 발표(4) 2021년 유럽암학회(EACR) 포스터 (1건) 발표(5) 2021년 AM J Cancer Res. 논문 (1건) 발표(6
003850,(주)보령,비대상,유럽,"1조 6,965억원(2024년 기준)으로, 국내 제약시장은 세계적 수준의 바이오의약품 위탁생산 역량, 미국ㆍ유럽 시장에서 국산 바이오시밀러 강세 등으로 약진하고 있습니다. 또한 의약품 수출의 지속적인 성장, 타 산업 대"
000910,(주)유니온,1차(2027),현가장치,"전에 크랭크, 기어 및 레버가 담당했던 다양한 기능을 수행하고 있습니다. 차량에 전기구동 조향시스템, 능동 서스펜션 및 제동시스템 등이 새롭게 적용됨에 따라 자동차에 적용되는 전기 모터의 수는 빠르게 증가하고 있으며 이에 "
000910,(주)유니온,1차(2027),유럽,용자석의 주재료인 산화철 등과 세라믹 부문 각 품목에 대한 주재료인 알루미나 및 질화규소등은 국내 및 일본ㆍ유럽의 다수의 업체들로 부터 안정적으로 공급받고 있으며 원부재료 매입처 중 동사와 특수관계를 이루고 있는 회사는
000910,(주)유니온,1차(2027),유럽," 결제 수출 방식으로 구분이 됩니다. 세라믹 사업부문 중 절삭공구는 각 대리점 및 해외지사를 통해 국내 및 유럽ㆍ미국의자동차ㆍ항공ㆍ철강회사들에 납품하고 있습니다. 마그네트론 스템은 삼성전자, 엘지전자를 포함한 주요 가전"
000910,(주)유니온,1차(2027),유럽,"템은 삼성전자, 엘지전자를 포함한 주요 가전제품 업체에 납품하고 있으며, 수도밸브용 디스크의 주요 납품처는 유럽의 Grohe, Hansgrohe, Roca등 수도용품 업체들로 구성되어 있습니다. ① 판매 경로 품목 구분"
198940,한주라이트메탈(주),1차(2027),기어박스,"이스, 모터하우징), 초경량화부품(너클/캐리어, 서브프레임크로스멤버, 하이브리드 디스크), 엔진 부품(8단 변속기 오일펌프 커버), 선박 부품(스위블 브라켓) 등을 생산ㆍ판매하고 있습니다. 아울러 슬로바키아에 소재한 종속"
198940,한주라이트메탈(주),1차(2027),기어박스," 부품 너클/캐리어, 서브프레임 크로스멤버, 하이브리드 디스크 등 124,171 47.9% 엔진 부품 8단 변속기 오일펌프 커버, 기타 엔진 부품 90,762 35.0% WHEEL ALLOY WHEEL 287 0.1% 자"
198940,한주라이트메탈(주),1차(2027),기어박스,"591 6,172 128,541 4,453 가동율(%) 221.1% 194.6% 121.7% 엔진부품 8단 변속기오일펌프 커버 생산능력 - 0 - - - - 생산실적 513,395 11,106 529,202 8,744 5"
198940,한주라이트메탈(주),1차(2027),휠," 10,055 217,479 15,708 가동율(%) 361.9% 300.0% 249.0% 알로이휠 알로이 휠 생산능력 - - - - - - 생산실적 - - 2,386 152 7,542 532 가동율(%) - - - "
198940,한주라이트메탈(주),1차(2027),휠,표시하여 가동율이 100%를 초과하는 경우도 있습니다.※ 제품별 공정별 생산 방식은 아래와 같습니다. 공정 휠 모터하우징 크로스멤버 해양선박부품 내연기관부품 너클/캐리어 배터리케이스 8단 변속기오일펌프 커버 하이브리드
198940,한주라이트메탈(주),1차(2027),현가장치,"적 19,977 278 15,424 312 25,336 672 가동율(%) 11.6% 11.6% 19.0% 컨트롤 암(EV_경량화) 생산능력 105,662 145 105,662 3,172 105,662 3,660 생산실적 2"
198940,한주라이트메탈(주),1차(2027),현가장치,cavity 공법 양산 적용 중 대형 전자기교반 다이캐스팅 공법을활용한 HEV/EV 자동차용 2-Cavity컨트롤 암 개발 - 당사 - 전자교반고압주조공법의 개재물 혼입 최소화를위한 주입컵 일체형 세라믹 런너 개발 - 열화상
198940,한주라이트메탈(주),1차(2027),현가장치,너 개발 - 열화상모니터링 시스템을 통한 금형 온도 구배최소화기술 개발 - 고품질 알루미늄 2-cavity 로어암 생산 기술확보 - 현대차 넥소 후속모델 적용검토 전기차용 배터리 앤드플레이트 및 너클 상용화를 위한 전자교
198940,한주라이트메탈(주),1차(2027),유럽,"5,720 159,672 140,108 수출 미주(미국, 캐나다 등) 57,396 59,027 54,621 유럽(슬로바키아 등) 11,616 13,547 9,873 아시아(일본 등) 14,733 18,518 16,380"
198940,한주라이트메탈(주),1차(2027),유럽,"1) 현지화 사업 전략 - 슬로바키아 내 종속기업 설립 후 현지 생산 및 판매를 통한 원가 경쟁력 확보 및 유럽 현지 생산 거점 마련 - 폭스바겐, LG에너지솔루션(폴란드), 삼성SDI(헝가리), SK이노베이션(헝가리)"
198940,한주라이트메탈(주),1차(2027),유럽,"자기 진동 교반장치 한주라이트메탈 2020.03.16 2024.06.26 전자기교반 부품(너클, 캐리어등) 유럽 17 특허권 2분할 전자석 반응고 다이 캐스팅장치 및 그를 이용하는 제조방법 한주라이트메탈 2021.12."
104700,한국철강(주),1차(2027),유럽,"비 준공 2009.03. 박막태양전지 모듈 국내 제1호 인증 획득 2009.08. 박막태양전지 모듈 TUV(유럽) 인증 획득 2009.09. 박막태양전지 모듈 UL(미국),cUL(캐나다) 인증 획득 2010.06. IS"
307750,(주)국전,비대상,유럽," 완제의약품 신규 제형 기술 전문기업입니다. 케이에스바이오로직스(KSBL)는 나노입자 항암제로 동남아시아, 유럽, 일본, 중동, 미국 시장 등을 목표로 글로벌 시장 진출에 도전하고 있습니다. 이러한 구도로 제약 사업의 "
307750,(주)국전,비대상,유럽,"약사들은 계열사(원료의약품 생산)로부터 원료를 공급받는 비중이 높으며, 중소형 제약사의 경우, 고가 원료는 유럽/미국 등에서, 저가 원료는 인도/중국 등에서 공급받는 경향이 있습니다. 한편 국내 원료의약품 제조사들은 국"
307750,(주)국전,비대상,유럽,"를 통하여 나노입자 항암제 제네릭 시장으로 진출에 진척을 보이고 있습니다. 현재 인도네시아 등 동남아시아, 유럽과 계약이 되었고 일본, 중동, 미국 진출을 위한 과정을 진행하고 있습니다.5) 자회사인 국전에프앤디(KUK"
005420,코스모화학(주),비대상,유럽,"(1,430,356,036) 523,049,024,434 바. 설비의 신설ㆍ매입 계획 등 당사는 신규 투자(유럽향)에 관하여 다각도로 검토를 진행하고 있으며, 이사회 결의 등 구체적인 사항이 확정될 경우 지체없이 공시할"
005420,코스모화학(주),비대상,유럽,"액 중 내수는 약 40%, 수출은 약 60%의 구성비를 이루고 있습니다. 주요 수출대상국은 일본, 동남아, 유럽, 미주 등 40여개국에 수출하고 있습니다. 당사는 국내 유일의 이산화티타늄 제조업체이며, 수입제품 외 국내"
005420,코스모화학(주),비대상,유럽,". 글로벌 전기차 판매량은 2024년 대비 2025년 36.9% 수준의 지속적인 성장세를 보이고 있습니다. 유럽과 미국의 정책 변화로 일시적인 수요 둔화가 예상되지만, 산업계에서는 전기차 침투율이 2023년 약 16%에"
092780,디와이피(주),2차 후보(확인 필요),기어박스,"되어 진입장벽이 가장 낮은 부문을 구성하고 있으며, ECU 등 핵심 전장품 및 파워트레인 핵심부품인 엔진, 변속기, 제동장치 등의 제품은 기술력과 자본소요가 모두 높아 진입이 가장 어려운 것으로 평가되고 있습니다. 이러한"
092780,디와이피(주),2차 후보(확인 필요),유럽," 개발과 Sales Point 공략 -기존 거래처 관리를 위한 우수 Sales Rep 지원 확대 (미주, 서유럽 등) -미개척 거래선의 마케팅을 위한 전담 Sales Rep 제도 신설 : 일본계 자동차 메이커 공략을 위"
092780,디와이피(주),2차 후보(확인 필요),유럽," 개발과 Sales Point 공략 -기존 거래처 관리를 위한 우수 Sales Rep 지원 확대 (미주, 서유럽 등) -미개척 거래선의 마케팅을 위한 전담 Sales Rep 제도 신설 : 일본계 자동차 메이커 공략을 위"
457190,주식회사 이수스페셜티케미컬,비대상,유럽," 전 기 국내 168,530,181 146,860,992 아시아 232,696,284 168,496,617 유럽 958,487 5,096,357 아메리카 4,305,578 4,282,427 아프리카 3,310,843 6"
457190,주식회사 이수스페셜티케미컬,비대상,유럽,"1.0 6,155,428 1.9 - - 오세아니아 1,668,988 0.8 1,178,042 0.4 - - 유럽 958,487 0.4 5,096,357 1.5 - - 합 계 411,470,361 100.0 332,069"
457190,주식회사 이수스페셜티케미컬,비대상,유럽," 의약품, 손소독제의 원료에 이르기까지 광범위한 용도로 활용되고 있습니다. 국내를 비롯하여 아시아, 북미, 유럽 등의 다양한 글로벌 국가에 공급하고 있으며 점진적으로 판매를 확대하고 있습니다.(3) Special Sol"
001340,피케이씨(주),비대상,유럽,"공장 설치(경기도 안성시 미양면)- 시화지점 설치(경기도 안산시)- 라이신공장 지점설치(2008년 1월)- 유럽지사설립(네덜란드, 2008년 6월)- 자회사 폐업(청산종결 : 2009년6월 24일, 청산등기 : 2009"
001340,피케이씨(주),비대상,유럽,013년 8월)- 음성공장 지점폐지(2014년 10월)- 라이신공장 매각으로 지점폐쇄(2015년 11월)- 유럽지사 폐쇄(2016년 3월)- 음성공장 지점설치(2018년 3월)- 소재연구소 지점설치(2023년 4월)- 
007980,티피(주),비대상,유럽,"모의 경우 엄격한 품질관리를 통해 일본이나 독일의 선진시장에서도 그 품질을 인정받고 있습니다. 또한 미국, 유럽, 일본 등 세계 각국으로 수출을 하고 있으며, 정확한 시장점유율 추정은 어려우나 국내 우모 시장에서 비교적"
007980,티피(주),비대상,유럽,"건비가 저렴한 개도국으로 생산기지를 이전하고 지속적으로 의류원가의 절감을 가져왔습니다. 지역적으로는 미국, 유럽을 주요 시장으로 해서 의류산업의 글로벌화가 진행되면서 기타 지역으로 확산되는 가운데 중국 및 한국을 포함한"
007980,티피(주),비대상,유럽,"중요한 경쟁력 강화 요체가 되고 있습니다.(ㄷ) 경기변동의 특성 의류 제조 산업은 수출 지역이 주로 미국, 유럽 등이어서 선진국의 경기변동에 많은 영향을 받고 있으며, 국내의 경기 변동도 의류 제조 산업에 적지 않은 영"
213500,한솔제지(주),비대상,유럽,"감열지 생산능력을 바탕으로 국내 감열지 시장 수요의 약 80~90%를 공급하고 있으며, 북미지역을 중심으로 유럽, 남미, 동남아시아 등 다양한 지역에 감열지를 수출하고 있습니다.- 또한, 환경 코팅제를 활용한 포장재 프"
213500,한솔제지(주),비대상,유럽,"다.- 펄프의 경우 '23년 초부터 펄프 신증설 공급량이 증가하며 가격 안정되었으며 '23년 말부터 북미, 유럽 등의 종이수요가 증가하여 펄프가격이 상승하였으나, '24년 하반기부터 펄프 신증설 공급이 추가되어 다시 하"
213500,한솔제지(주),비대상,유럽,"할 수 있는 국내 최대 백판지 제조 설비를 보유했습니다. 그리고 이러한 생산능력을 바탕으로 동남아, 호주, 유럽등 다양한 국가에 제품을 수출하고 있습니다. (2) 인쇄용지사업부문 가. 산업의 특성 - 국내 인쇄용지산업은"
272550,주식회사 삼양패키징,비대상,유럽,"로 음료, 주류 시장 내 대형 수요처에 공급하고 있습니다.(3) Recycling 사업제병용 R-Chip은 유럽 시장의 강세가 지속되고 있어, 수출 판매를 추진하고 있습니다. 섬유용 R-Chip은 중국 제품의 국내 시장"
100840,SNT에너지(주),2차 후보(확인 필요),유럽,"가 돌입하면서, 신규 공사 및 진행중인 공사 또한 추진이 불투명한 상황입니다. 러시아의 경제제재로 아시아 및유럽지역 내 에너지 수급문제가 대두되면서 북미지역의 LNG 공사가 진행되고 있습니다.중동 및 동남아시아의 현재 "
100840,SNT에너지(주),2차 후보(확인 필요),유럽,"이 가장 큰 시장이었으나 국내 및 중동, 남미, 동남아시아와 아프리카가 새로운 시장으로 떠오르고 있습니다. 유럽은 환경보호측면에서 원자력과 석탄화력 대신 천연가스발전소로 대체하고 있어 잠재적인 시장으로 유망합니다미국은 "
100840,SNT에너지(주),2차 후보(확인 필요),유럽,",264,259 고객과의 계약에서 생기는 수익의 구분에 대한 공시 당기 (단위 : 천원) 국내 아시아 미주 유럽 기타 국가 지역 합계 고객과의 계약에서 생기는 수익 84,856,771 383,183,424 39,445,"
005070,코스모신소재(주),비대상,유럽,"(1,430,356,036) 523,049,024,434 바. 설비의 신설ㆍ매입 계획 등 당사는 신규 투자(유럽향)에 관하여 다각도로 검토를 진행하고 있으며, 이사회 결의 등 구체적인 사항이 확정될 경우 지체없이 공시할"
005070,코스모신소재(주),비대상,유럽,"니다.글로벌 전기차 판매량은 2024년 대비 2025년 36.9% 수준의 지속적인 성장세를보이고 있습니다. 유럽과 미국의 정책 변화로 일시적인 수요 둔화가 예상되지만,산업계에서는 전기차 침투율이 2023년 약 16%에서"
005070,코스모신소재(주),비대상,유럽,"AI 시장이 활성화 되면서 AI 데이터센터 급증으로 인한 대용량 ESS의 수요가 급증할 것이라고 예상되며, 유럽의 배터리법 등글로벌 환경 규제가 강화됨에 따라, 재활용 원료의 사용 비중이 수주 경재력의 핵심 지표가 되어"
101490,(주)에스앤에스텍,비대상,유럽,"으로는 주요 파운드리와 메모리 반도체 기업이 밀집한 아시아ㆍ태평양 지역을 중심으로 성장하고 있으며, 미국과 유럽은 공급망 내재화를 추진하며 포토마스크 시장의 성장을 도모하고 있습니다. (출처: Market Researc"
047810,한국항공우주산업(주),비대상,기어박스," - 1년 2개월 - 박진석 남 1972.12 상무 미등기 상근 회전익사업관리실장 서울대 항공우주공학(석) 트랜스미션팀장 트랜스미션개발실장 1,269 - - 2년 9개월 - 조해영 남 1968.06 상무 미등기 상근 회전익사"
047810,한국항공우주산업(주),비대상,기어박스,"월 - 박진석 남 1972.12 상무 미등기 상근 회전익사업관리실장 서울대 항공우주공학(석) 트랜스미션팀장 트랜스미션개발실장 1,269 - - 2년 9개월 - 조해영 남 1968.06 상무 미등기 상근 회전익사업실장 한국항공"
047810,한국항공우주산업(주),비대상,유럽,",820,203,784 2,166,730,165 아시아 및 중동 603,404,067 546,125,112 유럽 998,677,056 634,751,115 북아메리카 250,035,055 271,911,982 남아메리카"
047810,한국항공우주산업(주),비대상,유럽," 사업장(산청, 종포, 고성사업장) 및 2개 사무소(서울, 대전사무소)를 운영하고 있으며, 해외사업장으로는 유럽, 미주, 동남아시아, 아프리카 등 거점 지역에서 현지법인 및 해외 사무소를 통해 글로벌 네트워크를 구축하고"
047810,한국항공우주산업(주),비대상,유럽, 낫셀(Engine Nacelle) 부품 공급 계약 체결2025.06. 지속가능성보고서 발간2025.06. 유럽법인 설립2025.06. 디브레인 지분 취득(지분비율 : 14.75%)2025.07. 제노코 지분 취득(지분
480370,(주)씨케이솔루션,2차 후보(확인 필요),유럽," 당기말 전기말 대한민국 16,095,807 46,648,101 아시아 2,029,350 3,634,402 유럽 53,380,321 12,309,573 기타 49,205,436 72,440,421 합 계 120,710,"
480370,(주)씨케이솔루션,2차 후보(확인 필요),유럽," 당기말 전기말 대한민국 13,089,452 39,947,383 아시아 2,020,951 3,631,261 유럽 8,777,560 5,238,448 기타 37,263,370 69,647,936 합 계 61,151,333"
480370,(주)씨케이솔루션,2차 후보(확인 필요),유럽,"차 핵심 부품인 배터리 수요도 함께 증가하고 있습니다. 이에 대응하여 주요 배터리 생산업체들이 현재 미국, 유럽, 중국 등에 대규모 이차전지 생산을 위한 설비 투자를 진행하고 있습니다. 이 과정에서 제조라인의 공기 중에"
234690,(주)녹십자웰빙,비대상,유럽,"등록한 날부터 효력이 발생하여 특허출원일 후 20년이 되는날까지 존속됩니다. 당사는 국내 특허청을 비롯하여 유럽, 미국, 중국, 일본 특허청 등 이미 특허가 등록 및 승인된 국가 들에서도 추가로 분할출원이나 계속출원 절"
131030,(주)옵투스제약,비대상,유럽,시설 투자 마무리 및 가동 시작 - 2018년 01월 CE & ISO 13485 인증 - 2018년 04월 유럽연합(EU) 우수 의약품 및 제조관리기준(GMP) 승인 - 2020년 12월 가족친화기업 인증 - 2021년
131030,(주)옵투스제약,비대상,유럽," 중앙연구소 업무총괄 고려대학교(석사) 생명유전자원공학과(2007년 2월 졸업) 0. 규제 승인 (미국 및 유럽 시장)을 위한 제품화 연구Cyclosporine 안과용액, Latanoprost 안과용액0. 안과용 신약 "
131030,(주)옵투스제약,비대상,유럽,적응증 진행단계 비 고 화학합성 제네릭(해외 간접수출) OP11010 2021.06 녹내장 임상 3상 진행(유럽) - 제네릭(국내 판매) OP11015 2020.06 항알러지제 식약처품목허가 심사중 - OP13004 2
483650,(주)달바글로벌,비대상,유럽,"노·마이크로 인플루언서는 마케팅 대행사를 활용하여 효율적인 홍보를 진행하고 있습니다.더불어 국내뿐만 아니라 유럽, 미국, 일본, 중국 및 동남아 등 주요 해외 시장에서도 바이럴 체험단을 운영하며, 현지 SNS 채널과의 "
483650,(주)달바글로벌,비대상,유럽," 수요 증가에 따라 일본 수입 화장품 시장 내 점유율 1위를 기록했습니다. 이와 함께 한국 화장품 기업들은 유럽, 중동 및 중남미 등 다양한 지역으로 확대하여 성장세를 이어가고 있습니다.3) 국내 화장품 시장 규모 및 "
483650,(주)달바글로벌,비대상,유럽,"러로 역대 최대 실적을 기록하였습니다. 특히 최근에는 기존 중국 중심의 수출 구조에서 벗어나 미국, 일본, 유럽, 동남아 등으로 수출 지역이 다변화되고 있으며, 미국이 주요 수출국으로 부상하는 등 글로벌 시장 내 입지가"
103590,일진전기(주),2차(2028),유럽,"기 국내 1,256,356,475 1,044,514,506 미주 297,954,751 193,696,951 유럽 25,150,538 15,575,471 아시아, 호주 457,404,772 323,460,443 기타 7,"
103590,일진전기(주),2차(2028),유럽,": 국내 1,256,356,475 1,044,514,506 미주 297,954,751 193,696,951 유럽 25,150,538 15,575,471 아시아, 호주 457,404,772 323,460,443 기타 7,"
103590,일진전기(주),2차(2028),유럽,": 국내 1,256,356,474 1,044,514,506 미주 271,630,176 166,003,110 유럽 25,150,538 15,575,471 아시아, 호주 457,404,772 323,460,443 기타 7,"
268280,미원스페셜티케미칼(주),비대상,유럽,"되는 전자재료 분야 그리고 점착제와 접착제로 대변되는 접착제 분야로 구분할 수 있습니다. 지역별로는 미국과 유럽에서는 고부가가치의 잉크와 코팅 분야가 발전되어 있고, 아시아에서는 상대적으로 부가가치가 낮은 목재나 바닥재"
011690,(주)와이투솔루션,비대상,유럽,"64,566 지리적 시장 한국 10,082,449 46,941,637 3,614,255 60,638,341 유럽 30,404,288 - - 30,404,288 중국 219,541 - - 219,541 멕시코 31,976"
011690,(주)와이투솔루션,비대상,유럽,"2 - 154,513,999 지리적 시장 한국 5,950,673 12,034,102 - 17,984,775 유럽 44,880,614 - - 44,880,614 중국 557,587 - - 557,587 멕시코 39,804"
011690,(주)와이투솔루션,비대상,유럽,"따라 변동성이 존재하며, 안정적인 생산을 위해서 글로벌 조달망 구축이 필요합니다. 특히 당사의 목표 시장인 유럽에서는 바이오디젤 생산을 위한 원료 재배로 인해 식량 공급에 차질을 주거나, 간접 토지 이용 변화를 통해 오"
053080,케이엔솔(주),2차 후보(확인 필요),유럽,"차 핵심 부품인 배터리 수요도 함께 증가하고 있습니다. 이에 대응하여 주요 배터리 생산업체들이 현재 미국, 유럽, 중국 등에 대규모 이차전지 생산을 위한 설비 투자를 진행하고 있습니다. 이 과정에서 제조라인의 공기 중에"
053080,케이엔솔(주),2차 후보(확인 필요),유럽,로 급증할 것으로 전망됩니다. 이에 따라 전기차 생산 수요를 충족시킬 배터리 생산시설에 대한 투자는 북미와 유럽을 중심으로 지속적으로 증가하고 있습니다. 건설(교량거더) 산업은 교량의 가장 중요한 역할은 불편한 장애물을
053080,케이엔솔(주),2차 후보(확인 필요),유럽,"를 성공하였습니다. 이러한 수주 실적을 통해 향후 국내 이차전지 제조사의 신규 해외 프로젝트는 물론 미국, 유럽 내 이차전지 기업의 신규 베터리공장의 드라이룸 프로젝트 수주를 추진하는 등, 이차전지 드라이룸 글로벌 TO"
214450,(주)파마리서치,비대상,유럽,"업체로서 R&D를 통한 제품개발 및 시장 확대에 힘쓰고 있습니다. 또한 중국 및 일본 중심의 아시아 시장과 유럽, 북미 시장을 통한 글로벌 시장진출 계획을 수립하여 해외사업을 진행하고 있습니다.또한 당사의 주요종속회사인"
214450,(주)파마리서치,비대상,유럽,"그대로 의약품을 제조하는 지부터 시작해서 관리 및 유통까지 전체의 과정이 관리감독의 대상입니다. 국외에서는 유럽의약청(EMA), 미국 식품의약국(FDA)의 허가 승인을 비롯한 각 국가별 기준에 의해 까다롭게 관리 감독되"
214450,(주)파마리서치,비대상,유럽,"국 식품의약국(FDA)의 허가 승인을 비롯한 각 국가별 기준에 의해 까다롭게 관리 감독되고 있으며, 미국과 유럽은 의약품의 효능을 의약품 가치 평가 기준으로 도입하면서 신약 승인 절차가 더욱 까다로워지고 있습니다. 라)"
450080,주식회사 에코프로머티리얼즈,비대상,유럽,"기관차량이 저유가 및 경기부양책에 힘입어 EV로의 전환이 지연될 수도 있다는 우려가 일각에서 제기되었으나, 유럽을 중심으로 EV로의 전환을 가속화하는 정책들이 제시되며, EV 침투율은 더욱 빠르게 제고되고 있습니다. 글"
450080,주식회사 에코프로머티리얼즈,비대상,유럽,"것으로 예상되고, 최근 글로벌 공급망 이슈로 인한 인플레이션 및 향후 관련 법규 및 제도 상의 이유로 북미·유럽지역 내 설비 투자비중이 높아질 경우, 전구체 업체들의 투자소요는 더욱 급증할 것으로 예상됩니다. 전구체는 "
450080,주식회사 에코프로머티리얼즈,비대상,유럽,"으며, 당사가 주력으로 생산하는 하이니켈 NCM으로 한정할 경우 상위 4개사가 53.7%를, 또는 북미 및 유럽과 달리 독자적인 밸류체인을 구축한 중국업체를 제외할 경우 상위 4개사가 83.1%를 차지하는 과점적인 경향"
007570,일양약품(주),비대상,유럽,제 제품의 특성 Drug repositioning 물질로 안정성 입증 및 뇌혈관장벽 통과성능 우수 진행경과 유럽 (프랑스) 임상2상 시험 진행 중 향후계획 유럽 임상2상 시험 완료 경쟁제품 - 관련논문 등 Human M
007570,일양약품(주),비대상,유럽, 물질로 안정성 입증 및 뇌혈관장벽 통과성능 우수 진행경과 유럽 (프랑스) 임상2상 시험 진행 중 향후계획 유럽 임상2상 시험 완료 경쟁제품 - 관련논문 등 Human Molecular Genetics (2018); 2
007570,일양약품(주),비대상,유럽,"허일라프라졸 결정형 노르웨이 특허텐포버 등 19건혈관신생 펩타이드 중국 특허IY-7640 항바이러스제 특허(유럽)더블로우 등 16건IY-7640 항바이러스제 특허 외 2건(중국, 레바논, 필리핀, 멕시코, 홍콩 외)위렌"
002900,주식회사 티와이엠,2차(2028),유럽,"0 Tenth St, Cedartown, Georgia 30125 TYM EUROPE B.V. 해외 TYM 유럽 법인 Van Heuven Goedhartlaan 121-B.05, 1181KK Amstelveen (주)루"
002900,주식회사 티와이엠,2차(2028),유럽," 연구개발 전담 조직입니다. 출력대별 트랙터 라인업 확충과 상품성 고도화를 지속 추진하고 있으며, 북미 및 유럽 등 주요 시장의 환경 규제에 대응하는 모델 개발을 통해 글로벌 시장 경쟁력을 제고하고 있습니다. 또한 자율"
002900,주식회사 티와이엠,2차(2028),유럽,"0마력급 HST 트랙터를 활용하여 양방향 트랙터 개발 - T393NH 개발 17. 01 ~ 17. 08 - 유럽형 T393트랙터 개발 - T1204, T1304 개발 17. 06 ~ 17. 08 - 유럽 수출형 120마"
011320,(주)유니크,2차 후보(확인 필요),기어박스, 차량의 상태에 따라 제어하여 최적의 주행 성능을 발휘하기 위하여 제어하여 최적의 주행 성능 발휘 자동차용 변속기 제어 솔레노이드 밸브 연비 규제로 환경 문제를 해결하려고 하는 각국의 규제를 다단화된 자동변속기 및 DCT
011320,(주)유니크,2차 후보(확인 필요),기어박스," 자동차용 변속기 제어 솔레노이드 밸브 연비 규제로 환경 문제를 해결하려고 하는 각국의 규제를 다단화된 자동변속기 및 DCT, CVT 등으로 규제 만족 자동차용 엔진 오일 제어 솔레노이드 밸브 수동변속기의 주행성능과 자동"
011320,(주)유니크,2차 후보(확인 필요),기어박스,"제를 다단화된 자동변속기 및 DCT, CVT 등으로 규제 만족 자동차용 엔진 오일 제어 솔레노이드 밸브 수동변속기의 주행성능과 자동변속기의 승차감의 장점을 모두 만족시키는 DCT로, 연비 향상 및 승차감 향상으로 연비 규"
011320,(주)유니크,2차 후보(확인 필요),유럽,"업활동을 강화하고 있습니다. 기존시장을 유지하면서 신규 거래선의 확대를 동시에 추진한 결과 아시아, 북미, 유럽 등 글로벌 완성차 및 부품업체들의 주요 협력업체로서의 기반을 마련하고 있습니다. 4) 수주상황당사를 포함한"
003240,태광산업(주),비대상,CBAM," 필연성을 지니고 있으며, 전 세계적인 에너지 믹스 변화를 주도하고 있습니다. RE100 이행 의무 강화와 탄소 국경세 도입 등으로 친환경 에너지 시장은 선택이 아닌 필수 시장이 되었으며, 정부의 에너지 정책 지원에 힘입어 "
003240,태광산업(주),비대상,CBAM,"장의 가격 변동 리스크를 최소화함으로써 제조 원가 경쟁력을 개선할 수 있는 직접적 연관 사업입니다. 또한, 탄소 국경세 도입 등 강화되는 글로벌 환경 규제 속에서 '저탄소 제조 공정'을 구축함으로써 제품의 친환경 부가가치를 "
003240,태광산업(주),비대상,유럽," 불확실 요인 증가로 수익성 확보가 어려운 상황이 지속될 것으로 전망됩니다. 향후 점진적 금리 인하(미국, 유럽, 중국 등)에 따른 수요 회복이 예상되나, 실물 경제 반영에는 수개월 소요될 것으로 전망되며 美 트럼프 정"
003240,태광산업(주),비대상,유럽,"주원료는 AN이며 인조가발, 인조모피, 난연용도로 판매하는 중간재 산업입니다. 인조가발은 아프리카, 미주, 유럽이 최종수요처이며, 탈모 인구 증가와 심한 곱슬로 머리를 길게 기를 수 없는 흑인여성의 가발 사용 증대로 지"
059090,(주)미코,비대상,유럽,"기업들의 설비 투자 재개 및 첨단 공정 전환 확대에 따라 성장세가 이어질 것으로 전망됩니다. 특히 북미 및 유럽 지역은 반도체 공급망 재편과 정부 지원 정책에 힘입어 신규 팹 건설 및 생산능력 확대가 지속되고 있으며, "
059090,(주)미코,비대상,유럽,"습니다. 특히, 국내와 해외 주요 해운사들이 규제를 준수하기 위해 스크러버를 설치했으며, 이에 따라 한국, 유럽, 미국, 중동 등의 국가에서 수요가 증가했습니다. 다만, 최근 스크러버 공급 업체들의 가격 경쟁이 심화되고"
059090,(주)미코,비대상,유럽,"형 선박을 건조하는 한국, 중국, 일본 등의 주요 선박 제조국에서 이 기술에 대한 관심이 높아지고 있으며, 유럽 및 북미 시장에서도 환경 규제를 준수하려는 선박사들의 요구로 수요가 확대되고 있습니다. 당사는 국내 대형조"
078520,(주)에이블씨엔씨,비대상,유럽,"22,937 일본 24,469,090 33,431,822 기타아시아 17,977,095 15,843,177 유럽 39,162,955 39,444,752 북중미 10,641,681 5,752,674 합 계 179,925,"
078520,(주)에이블씨엔씨,비대상,유럽,"99,953 일본 38,950,115 48,281,389 기타아시아 23,102,943 21,717,993 유럽 39,171,691 39,444,752 북중미 36,856,780 16,132,057 합 계 242,001"
078520,(주)에이블씨엔씨,비대상,유럽,"장에 도전하며 K-Beauty의 우수성을 세계로 널리 알리는데 앞장서 왔습니다. 현재 일본, 미국, 중국, 유럽, 동남아 등, 전 세계 56개 국가, 약 4만 2천여개 매장에 진출해 있으며, 특히 일본, 미국,중국은 현"
004380,삼익THK(주),비대상,기어박스,"비 및 시험장비, 정밀 의료기기, 공작기계등에필수요소 부품인 LM시스템과 LM가이드, 볼스크류, 서브모터, 감속기 등을 조합한 메카트로시스템 사업을 영위하고 있으며, 신기술사업자 및 중소기업창업자에 대한 투자 및 융자 사"
004380,삼익THK(주),비대상,유럽,"240,397,349,245 - 국 외 27,001,013,808 64,028,710,111 중국, 일본, 유럽, 미국 합 계 222,175,005,872 304,426,059,356 (5) 당기와 전기 중 연결실체의 "
004380,삼익THK(주),비대상,유럽,"73,992,064 27,001,013,808 222,175,005,872 지역에 대한 설명 중국, 일본, 유럽, 미국 전기 (단위 : 원) 국내 외국 지역 합계 수익(매출액) 240,397,349,245 64,028,"
004380,삼익THK(주),비대상,유럽,"97,349,245 64,028,710,111 304,426,059,356 지역에 대한 설명 중국, 일본, 유럽, 미국 주요 고객에 대한 공시 당기 (단위 : 원) A B 수익(매출액) 30,658,192,353 31,"
024840,케이비아이메탈(주),2차 후보(확인 필요),유럽," 따라 지속적인 성장이 예상됩니다. 초기에는 국내 및 아시아·중동 시장을 중심으로 진출하고, 향후 미국 및 유럽 시장으로 확대할 계획입니다 3.신규사업과 관련된 투자 및 예상 자금소요액(총 소요액, 연도별 소요액), 투"
007460,(주)에이프로젠,비대상,유럽,"변화에 따라 바이오시밀러 개발에 우호적인 방향으로 재편되고 있습니다. 특히, 2024년 이후 미국 FDA, 유럽 EMA, 한국 식약처 등 주요 규제기관들이 바이오시밀러에 대한 허가 심사 절차를 간소화하고, 비임상·임상자"
007460,(주)에이프로젠,비대상,유럽,"시장은 점진적으로 확대될 전망이며, 제약산업의 가장 큰 수요를 차지하는 미국을 포함한 선진국(미국, 일본, 유럽 5개국(독일,프랑스,이탈리아,스페인,영국) 등) 시장의 견조한 성장세와 함께 현재 선진국 시장 규모의 1/"
007460,(주)에이프로젠,비대상,유럽,"인도, 브라질 등)의 빠른 성장세(연평균 7~10% 예상)가 이를 견인할 전망입니다. 특히, 2015년부터 유럽과 미국을 중심으로 다수의 바이오의약품 특허 만료 도래에 따라 동사의 주력 제품인 바이오시밀러 시장이 향후 "
008970,케이비아이동양철관(주),1차(2027),유럽,": 케이비아이알로이(주)1) 영업의 개황 및 사업부문의 구분가) 영업의 개황당사의 영업활동은 주로 미국 및 유럽시장을 중심으로 이루어졌으며, 품질안정을 바탕으로 지속적인 수출시장 확대(중국, 일본, 동남아시아)와 내수시"
008970,케이비아이동양철관(주),1차(2027),유럽," 점하고 있지는 않지만 지속적으로 신규거래처 개발활동을 하고 있습니다.(국외)당사의 주요 수출지역인 미국, 유럽 등의 거래처에서 회사제품 품질의 우수성을 인정받고 있으며, 계속해서 신규 거래처를 개발하며 안정적인 지위를"
008970,케이비아이동양철관(주),1차(2027),유럽,",081,977 아시아 12,113,799 7,617,417 - 19,731,216 - 19,731,216 유럽 - 9,687,437 - 9,687,437 - 9,687,437 중동 30,581,054 - - 30,58"
006280,(주)녹십자,비대상,유럽,"등록한 날부터 효력이 발생하여 특허출원일 후 20년이 되는날까지 존속됩니다. 당사는 국내 특허청을 비롯하여 유럽, 미국, 중국, 일본 특허청 등 이미 특허가 등록 및 승인된 국가 들에서도 추가로 분할출원이나 계속출원 절"
006280,(주)녹십자,비대상,유럽," 전국 종합병원 및 검진센터 영업 및 판매 담당 전국 혈액투석액(제) 영업 및 판매 담당 ③ 해외영업팀 : 유럽, 미국, 러시아, 아프리카, 남미, 아시아전역 등 수출 담당 (2) 판매경로 ① 진단 회사 → 종합병원, "
006280,(주)녹십자,비대상,유럽," : 백만원) 발주처 품 목 공급지역 계약일자 계약만료 수주총액 기 납품액 수주잔고 Arkray HbA1c 유럽,아시아 2019-05-16 2027-05-15 8,147 174 7,985 ※ 계약(공시대상)에 의한 수주"
003620,케이지모빌리티(주),2차 후보(확인 필요),유럽,"장 (북미, 중국, 인도) 수요 증가에 힘입어 완만한 성장세를 이어갔습니다.(자료: S&P Global) 【유럽 시장】 ■ 시장 여건 당사의 수출 비중이 가장 높은 유럽 시장(EU+UK+EFTA)은 전년 동기 대비 2."
003620,케이지모빌리티(주),2차 후보(확인 필요),유럽,"세를 이어갔습니다.(자료: S&P Global) 【유럽 시장】 ■ 시장 여건 당사의 수출 비중이 가장 높은 유럽 시장(EU+UK+EFTA)은 전년 동기 대비 2.4% 증가한 1,327만 대를 기록했습니다. 금리 인상, "
003620,케이지모빌리티(주),2차 후보(확인 필요),유럽,"있습니다. 한편, 공격적인 가격책정, 전기차에 대한 소비자들의 수용도 증가에 힘입어 중국 자동차 브랜드들이 유럽시장에서 꾸준히 입지를 넓히고 있습니다. 국가별로 최대 시장인 독일은 2025년 등록 대수가 전년 대비 1."
085660,(주)차바이오텍,비대상,유럽,"위는 선도적인 연구개발 인프라, 다수의 상용화 승인 사례, 정부와 민간의 적극적인 투자 환경에 기인합니다. 유럽(Europe)은 24.88%로 두 번째로 큰 시장을 형성하고 있으며, 유럽의약품청(EMA)의 허가 체계 및"
085660,(주)차바이오텍,비대상,유럽,"극적인 투자 환경에 기인합니다. 유럽(Europe)은 24.88%로 두 번째로 큰 시장을 형성하고 있으며, 유럽의약품청(EMA)의 허가 체계 및 다수의 바이오 클러스터가 시장 성장에 기여하고 있습니다. 아시아태평양(As"
085660,(주)차바이오텍,비대상,유럽,".07) 지역별 시장 점유율을 보면, 북미(North America)가 36%로 가장 큰 비중을 차지하며, 유럽(Europe)이 29%, 아시아태평양(Asia Pacific)이 24%를 차지하고 있습니다. 특히 아시아태"
003920,남양유업(주),비대상,유럽," 중, 유일하게 KOLAS(국제공인시험기관 인증)를 획득하여 명실 상부한 공인시험 기관으로서 미국, 일본, 유럽을 비롯한 전세계에서 통용될 만큼 그 권위와 능력을 인정받게 되었으며, 앞으로도 외국 제품과의 경쟁에서 이길"
212560,(주)네오오토,2차 후보(확인 필요),기어박스,및 향후 추진하려는 신규 사업(1) 회사가 영위하는 목적 사업당사는 자동차 부품 제조 전문기업으로서 자동차 변속기 등에 사용되는 기어류 및 친환경 자동차에 사용되는 부품을 생산하고 있습니다.당사 정관상 회사가 영위하는 목
212560,(주)네오오토,2차 후보(확인 필요),기어박스,"준산업분류상 '자동차 신품부품 제조업' 분야에서 활동하는 기업으로, 주요 사업 목적은 자동차의 핵심 부품인 변속기 등의 기어류 제조에 있습니다. 특히 피니언 기어, 디퍼런셜 어셈블리, 대형 기어, 그리고 감속기 등 고도의"
212560,(주)네오오토,2차 후보(확인 필요),기어박스,"심 부품인 변속기 등의 기어류 제조에 있습니다. 특히 피니언 기어, 디퍼런셜 어셈블리, 대형 기어, 그리고 감속기 등 고도의 정밀도가 요구되는 부품을 생산하고 있습니다. 당사가 생산하는 품목은 자동차의 동력 전달 시스템의"
212560,(주)네오오토,2차 후보(확인 필요),휠," 있습니다. 당사가 영위하고 있는 자동차부품제조업이란 자동차용 브레이크조직, 클러치, 축, 기어, 변속기, 휠, 완충기, 방열기, 소음기, 배기관, 운전대 및 운전박스 등과 같은 자동차 차체 또는 자동차 엔진용 부분품"
217820,(주)원익피앤이,2차 후보(확인 필요),배터리여권,"산 기술에 발맞춘 장비의 세대교체 주기가 매우 빠르다는 점이 시장의 핵심적인 성격입니다.미국 IRA, 유럽 배터리 여권 제도 등 주요국의 보호무역 및 환경 정책에 따라 글로벌 현지화(Localization)가 필수적인 특성을 "
217820,(주)원익피앤이,2차 후보(확인 필요),유럽,"182,961 - - 3,325,555 3,359,550 - 60,448,273 - - 63,807,823 유럽 1,416,114 - 31,414,277 - - 32,830,391 4,707,513 - 33,532,82"
217820,(주)원익피앤이,2차 후보(확인 필요),유럽,"n장비와 자동화라인, 전지의 각종 성능 및 수명을 검사하는 Cycler가 그것입니다. 당사는 아시아를 넘어 유럽과 미주 등으로 사업영역을 넓히고 있습니다.조립공정장비의 경우 각형, 파우치형, 원통형 등 다양한 배터리 타"
217820,(주)원익피앤이,2차 후보(확인 필요),유럽,"갖도록 활성화하는 화성공정, 배터리의 성능과 수명을 평가하는 R&D장비가 그것입니다. 당사는 아시아를 넘어 유럽과 미주 등으로 사업영역을 넓히고 있습니다. 전원공급장치는 전류를 제어하여 안정적이고 일정한 전압을 유지하는"
033920,(주)무학,비대상,유럽,"학의 중요한 과제 입니다.* 수출 지역 다변화 : 무학은 미국,중국,일본 등 주요 시장 외에도 동남아시아, 유럽 등으로 수출 지역을 확대하며 글로벌 주류 기업으로의 도약을 목표하고 있습니다. 특히 한류의 영향이 큰 지역"
033920,(주)무학,비대상,유럽,"포지셔닝 하여 수출을 확대합니다.* 수출 지역 및 유통망 다변화 : 기존 주력 수출 시장 외에 동남아시아, 유럽 등 새로운 시장을 개척하고, 각 국가별 유통 구조에 맞는 전략적 파트너십을 통해 안정적인 판매망을 확보하려"
002820,(주)선앤엘,비대상,유럽,"을 가지고 있고, 현재 한국건설기술연구원의 인정취득 절차를 진행하고 있습니다.-스피날리스 (척추 강화 의자)유럽 척추 전문 의자 브랜드로 유명한 스피날리스社의 의자를 독점 수입, 유통 중입니다. 기존의 고정되어 있는 의"
002820,(주)선앤엘,비대상,유럽," 활용 2 특허 국내 ㈜선앤엘 바닥재 2009. 03. 31 (출원일자)2010. 05. 10 (등록일자) 유럽(독일/영국/프랑스),미국,캐나다,호주 출원 3 특허 국내 ㈜선앤엘 복합마루기재 및 그 제조방법 2012. "
372170,주식회사 윤성에프앤씨,2차 후보(확인 필요),유럽,"265 지리적 시장: 국내 25,206,612 33,166,987 중국 8,255,476 8,785,501 유럽 14,242,582 73,861,882 미주 50,132,113 155,518,894 기타 2,338,35"
372170,주식회사 윤성에프앤씨,2차 후보(확인 필요),유럽, 진출 목적 이차전지 폐배터리 재활용 사업의 사업을 추가하였습니다. 2. 시장의 주요 특성ㆍ규모 및 성장성 유럽연합(EU) 등 해외 주요국은 사용 후 배터리와 관련된 다양한 환경규제를 강화하고 있는 추세입니다. 3. 투
372170,주식회사 윤성에프앤씨,2차 후보(확인 필요),유럽,출 목적 비금속류 소재 재활용 및 제조업 사업목적을 추가하였습니다. 2. 시장의 주요 특성ㆍ규모 및 성장성 유럽연합(EU) 등은 재생원료 사용 의무화 등 다양한 환경규제를 강화하고 있는 추세로자원 재활용 수요가 지속 확
007310,(주)오뚜기,비대상,유럽,"전년 동기 27,145백만원 대비 12.40% 감소했습니다.K-라면의 글로벌 인기에 힘입어 아시아, 미국, 유럽 등 다양한 해외 시장에 특화된 수출용 라면 개발에도 박차를 가하고 있으며, 각 국가별 특성에 맞춘 맞춤형 "
007310,(주)오뚜기,비대상,유럽,"과 웰니스 중심의 식문화 변화, ESGㆍ지속가능성 가치 중시, 글로벌 유통망 강화 등으로 인해 아시아ㆍ미국ㆍ유럽 등 해외 시장의 성장 가능성도 높아지고 있습니다. 이에 따라 식품기업 간의 경쟁은 더욱 치열해지고 있으며,"
007310,(주)오뚜기,비대상,유럽,"요청이 많아지고 있어 시장 경쟁은 더욱 치열해질 전망입니다. K-라면 수출 성장에 힘입어 아시아 및 미국, 유럽 등 수출용 라면 개발에도 박차를 가하고 있으며 국가별 특성에 맞는 전략을 통해 지속적인 성장을 이루고자 합"
079550,엘아이지디펜스앤에어로스페이스(주),비대상,유럽,남미 그리고 아시아 시장을 주요 Target 시장으로 선정하여 해외사업을 전개하고 있습니다. 또한 미국 및 유럽 시장은 선진업체와의 협력을 통한 구성품 공급을 하고 있으며 점진적으로 사업을 확대해 나갈 계획입니다. 다.
079550,엘아이지디펜스앤에어로스페이스(주),비대상,유럽,"의 정비사업도 순차적으로 계획되어 있어 향후 매출에 기여할 것으로 판단됩니다. (2) 해외시장 진출 확대 동유럽, 중동지역의 무력충돌, 지속적인 북한의 도발 등 불안정한 안보정세 속에서 전세계적으로 안보 위협에 대한 군"
079550,엘아이지디펜스앤에어로스페이스(주),비대상,유럽,"6년 전망 2026년은 국방, 안보환경의 불안정성과 긴장감이 지속될 것으로 예상됩니다. 장기화 되고 있는 동유럽 지역과 최근 중동지역 무력분쟁 등의 지정학적 긴장감은 전세계 국방예산의 가파른 증가로 이어질 것으로 예상되"
073490,(주)엘아이지아큐버,비대상,유럽,"- 해외 : 당사의 해외 판매조직인 Accuver 계열사 및 현지 파트너사를 통하여 전 세계(아태, 미주, 유럽, 중동, 아프리카 등) 고객들에게 제품 공급하고 있습니다. 구분 비중(%) 국가 판매경로 대한민국 ㈜이노와"
073490,(주)엘아이지아큐버,비대상,유럽," 인적ㆍ물적자원 및 역량을 강화시키고 Global Support System 을 개선함으로써 일본, 북미, 유럽, 인도, 중국 등 기존 시장에서의 점유율을 확대하고 동남아시아, 남미 등 신흥시장에서의 판로를 개척해 나가"
073490,(주)엘아이지아큐버,비대상,유럽,"468,795,651 10,791,935,892 북미 21,066,777,813 22,283,979,874 유럽, 아프리카 12,140,547,316 9,699,830,366 아태지역 21,975,673,585 24,7"
069730,DSR제강(주),1차(2027),유럽,",747,287 북미 35,280,594 32,942,041 아시아 64,507,560 61,501,114 유럽 26,675,151 24,317,796 기타 18,958,239 20,074,147 합 계 226,550,"
069730,DSR제강(주),1차(2027),유럽,",747,287 북미 35,280,594 32,942,041 아시아 61,643,236 61,501,114 유럽 26,675,151 24,317,796 기타 18,958,239 20,074,147 합 계 223,570,"
069730,DSR제강(주),1차(2027),유럽,CT P27 1차 개발 기존 POWERACT 2의 MBL 4% 상향 제품 POWERACT P27 2024년 유럽 Logging 시장용 SWAGED ROPE 개발 기존 SWAGED 제품 대비 MBL 5% 상향 제품 K6x
079370,(주)제우스,비대상,기어박스,"증가할 것으로 예상하고 있습니다.- 커스텀 로봇 제조, 판매당사는 로봇 분야의 원천 기술을 보유한 회사로, 감속기를 제외한 모터, 회로, 펌웨어, 모션 알고리즘까지 모두 자체 개발하여 적용하고 있습니다. 로봇과 제어기는 "
234030,(주)싸이닉솔루션,비대상,유럽,"독자적인 센서 공정 기술 확보를 통한 응용처 확대와 현재 한국, 대만, 중국에 머물러 있는 수요처를 미국과 유럽에 소재하고 있는 협력사와 함께 해외 시장을 개척하여 매출처 확대를 도모하기 위한 사업이 있습니다. (1) "
234030,(주)싸이닉솔루션,비대상,유럽,"수 있는 센서 파운드리 사업이라는 신사업을 양대 축으로 하여 한 단계 더 성장하고자 합니다. (2) 미국, 유럽, 인도 파운드리 서비스 시장 진출 당사는 오랜 협력 관계에 있는 대만 eMemory사와 프랑스 CORTUS"
234030,(주)싸이닉솔루션,비대상,유럽," 비롯하여 당사의 투자 포트폴리오인 미국의 Elevation Microsystems사와 함께 미국, 인도, 유럽 시장 개척을 위한 협력 모델을 구축하고 있습니다. 또한, 반도체산업협회가 미국 실리콘밸리에 마련한 한미AI"
005180,(주)빙그레,비대상,유럽,"을 보유하고 있습니다. 당사는 호주 현지 생산 기반을 구축함으로써 호주내수 시장 확대는 물론, 오세아니아, 유럽 지역으로의 수출을 병행하는 제조, 수출 허브로 육성할 계획입니다. 연결기업은 고품질 정책 및 고객 서비스의"
041930,SY동아(주),비대상,유럽,"법인을 설립하여 글로벌시장에도 적극 대응하고 있습니다. 해외공장 생산 및 수출은 국산차의 브랜드가치 상승, 유럽시장의 공략강화, 신흥시장의 시장다변화, 해외판매망 확대 등으로 판매가 지속적 확대 될 것으로 전망되며, 특"
357780,솔브레인 주식회사,비대상,유럽,"험에 노출되어 있는 연결회사의 금융자산ㆍ부채의 내역은 다음과 같습니다. (단위: 미국 달러화, 일본 엔화, 유럽 유로화, 중국 위안화, 천원) 구 분 통화 당기말 전기말 외화금액 원화환산액 외화금액 원화환산액 금융자산 "
357780,솔브레인 주식회사,비대상,유럽,"506,391 기타채권 미국 달러화 3,261,784 4,680,334 3,850,664 5,660,476 유럽 유로화 607,629 1,024,293 917,306 1,402,313 기타금융자산 미국 달러화 31,50"
357780,솔브레인 주식회사,비대상,유럽,"어 있는 회사의 금융자산ㆍ부채의 내역은 다음과 같습니다. (단위: 미국 달러화, 일본 엔화, 중국 위안화, 유럽 유로화, 천원) 구 분 통화 당기말 전기말 외화금액 원화환산액 외화금액 원화환산액 금융자산 현금및현금성자산"
024910,경창산업(주),2차 후보(확인 필요),기어박스," 제 품 RESERVOIR TANK 오일저장용 북경현대차 동풍열달기아차 미쯔바 등 1 0.01% LEVER 변속기조작용 3,076 63.08% PEDAL 엔진의 동력을 밋션에 전달 1,800 36.90% 합 계 4,876"
024910,경창산업(주),2차 후보(확인 필요),기어박스, 8단으로 개발하여 2009년 하반기부터 본격적으로 양산에 들어갔습니다. 또한 폭스바겐 하이브리드용 DCT 변속기(ROTOR) 부품 및 보그워너 습식 DCT 변속기 부품을 개발하면서 친환경차로 그 개발 영역을 확대하고 있
024910,경창산업(주),2차 후보(확인 필요),기어박스, 양산에 들어갔습니다. 또한 폭스바겐 하이브리드용 DCT 변속기(ROTOR) 부품 및 보그워너 습식 DCT 변속기 부품을 개발하면서 친환경차로 그 개발 영역을 확대하고 있습니다.(2) 종속회사① KCW(주) 및 그 종속회
078350,한양디지텍(주),비대상,유럽,"(단위: 원) 회사명 당기말 전기말 취득원가 공정가치 장부금액 평가이익(손실) 장부금액 당기이전 당 기 JB유럽헬스케어(*) - - - - - - 모루이그니스코스닥벤처일반사모투자신탁제2호 300,000,000 333,9"
078350,한양디지텍(주),비대상,유럽,"(단위: 원) 회사명 당기말 전기말 취득원가 공정가치 장부금액 평가이익(손실) 장부금액 당기이전 당 기 JB유럽헬스케어(*) - - - - - - 모루이그니스코스닥벤처일반사모투자신탁제2호 300,000,000 333,9"
078350,한양디지텍(주),비대상,유럽,"단위 : 원) 회사명 당기말 전기말 취득원가 공정가치 장부금액 평가이익(손실) 장부금액 당기이전 당 기 JB유럽헬스케어(*) - - - - - - 모루이그니스코스닥벤처일반사모투자신탁제2호 300,000,000 333,9"
102260,(주)동성케미컬,비대상,휠," 삼덕통상, 학산, 보스산업 등이 있으며, 상장 업체이자 브랜드를 소유하면서 OEM으로 병행하는 기업으로는 휠라코리아, 나이키와 아디다스 운동화 원재료 공급 및 부분품 생산 대표 업체로는 백산과 화승엔터프라이즈를 꼽을"
102260,(주)동성케미컬,비대상,휠,와 아디다스 운동화 원재료 공급 및 부분품 생산 대표 업체로는 백산과 화승엔터프라이즈를 꼽을 수 있습니다. 휠라코리아는 'FILA’ 브랜드의 성공적인 국내 턴어라운드를 바탕으로 글로벌 스포츠 브랜드로서의 입지를 강화하
102260,(주)동성케미컬,비대상,유럽,nkel 등에 공급하고 있으며 중국을 비롯한 아시아 10여개국 등 여러 나라에 수출을 하고 있습니다. 최근 유럽 및 미주 지역에서도 판매를 타진하고 있습니다. 또한 기존 판매되는 제품 이외 신규 접착제 개발을 통하여 다
102260,(주)동성케미컬,비대상,유럽," 수송, 공간 음향, 생활용 클리너 등 다양한 분야에 적용되고 있습니다. 특히 적극적인 해외 마케팅을 통해 유럽, 일본, 북미 등 주요 시장에 제품을 소개하고 있으며, 우수한 물성 평가를 바탕으로 수출이 지속 확대되고 "
102260,(주)동성케미컬,비대상,유럽,"쟁요소 VIXUM멜라민폼은 산업, 수송, 공간 음향, 생활용품 등 다양한 분야에 적용되고 있으며, 아시아, 유럽, 북미, 오세아니아 등 글로벌 시장으로도 활발히 진출하고 있습니다. 이로 인해 특정 산업군이나 지역의 경기"
178320,(주)서진시스템,비대상,유럽,지배력에 의해 주도되는 최대 시장 북미 농산물 수출에 따른 리퍼(냉장/냉동) 컨테이너에 대한 수요가 높음. 유럽 브렉시트의 영향으로 무역 관계의 변동이 진행 중 용도별 소비재 컨테이너 선적의 상당 부분은 전자 상거래 시
178320,(주)서진시스템,비대상,유럽,련 시장은 가파른 성장성을 보이며 성장하고 있습니다. 지속적으로 내연기관 자동차의 규제는 강화되는 추세이며 유럽연합은 2035년 이후 내연기관 신차의 판매 금지가 승인됨으로써 전기자동차 시장의 성장성은 더욱 커질 것으로
017960,(주)한국카본,2차 후보(확인 필요),휠,MAG GROUPLIMITED 계약유형 MOU 체결 체결시기 및 기간 2022.05 목적 및 내용 복합소재 휠 개발 및 신규 시장 진입을 위한 전략 구축 IAI 계약유형 주식 양수도 계약 체결시기 및 기간 2021.1
017960,(주)한국카본,2차 후보(확인 필요),유럽, 필수재료로 우리나라의 온돌 문화 영향으로 안정적인 수요가 예상되며 신제품 개발을 통하여 동남아시아는 물론 유럽까지 그 시장을 넓혀가고 있습니다.그 밖의 자세한 사항은 동 보고서의 'Ⅱ.사업의 내용'을 참조하시기 바랍니
017960,(주)한국카본,2차 후보(확인 필요),유럽,"문인 “지구기온 2도 상승”의 절반에 이르러 지구 온난화 방지대책 시급한 실정임 - 협약이후 미국, 일본, 유럽, 중국등 신재생에너지 사용에 대한 정부정책을 속속 발표하고 있는 실정임 - 발전단가는 높으나 지구 완난화 "
017960,(주)한국카본,2차 후보(확인 필요),유럽,이티 주식 매입 C2i 계약유형 지분인수를 위한 주식매매계약 체결시기 및 기간 2022.05 목적 및 내용 유럽시장 확대를 위한 교두보 활용 충북개발공사 계약유형 충북 보은일반산업단지 체결시기 및 기간 2019.02 목
008730,율촌화학(주),비대상,유럽,"대화 등에 최선을 다하고 있습니다. 아울러, 국내 시장의 성장 한계를 극복하기 위해 중국, 동남아, 일본, 유럽 및 북미 시장으로의 해외 진출을 더욱 강화하고 있으며, 전략적 생산 거점을 확보하여 글로벌 시장 선도를 위"
259630,(주)엠플러스,2차 후보(확인 필요),유럽,"양한 산업표준이 있습니다. 미국의 경우 UL(Underwriter’s Laboratories)인증이 있고, 유럽의 경우에는 CE(Certification Europe) 인증 그리고 중국의 경우에는 CCC(China Co"
259630,(주)엠플러스,2차 후보(확인 필요),유럽,"로 표준화된 조립 장비 설계 구축, 신규 장비 등을 출시할 예정이며, 국내, 중국 거래선뿐만 아니라 미국, 유럽, 일본 등 해외 신규거래처 발굴에 주력할 예정입니다. 그리고 당사는 영업직무 직원만이 영업에 종사하는 것이"
259630,(주)엠플러스,2차 후보(확인 필요),유럽,"년 기준 20.5조원(16.4Bil. USD) 규모를 기록하였고, 전기차 배터리 시장이 중국을 넘어 미국, 유럽시장으로 본격 확대되면서 향후 지속적인 장비 수요가 발생하여 2030년 63.1조원(50.5Bil. USD)"
005710,대원산업(주),2차 후보(확인 필요),기어박스," 발포형 커버재 및 그 커버재의 제조방법 10-2527603 (23.04.26) * 유격 보상 장치를 갖는 기어 박스와, 차동 동력 평 수직 전환형 액츄에이터 모듈 및 유격 보상 장치 10-2527143 (23.04.25) "
005710,대원산업(주),2차 후보(확인 필요),현가장치,9.03.22) ＊차량용 탈착 시트 슬라이딩 장치 10-1999725 (19.07.08) * 차량용 시트의 서스펜션 장치 10-2003983 (19.07.19) ＊슬라이딩장치 및 이를 이용한 시트레일 10-2003986 (
005710,대원산업(주),2차 후보(확인 필요),유럽,"결) 차입금에 대한 세부 정보 당기 (단위 : 원) 차입금명칭 외화대출 거래상대방 거래상대방 합계 신한은행 유럽 유동 차입금(사채 포함) 10,173,749,436 10,173,749,436 차입금, 외화상당액(EUR)"
005710,대원산업(주),2차 후보(확인 필요),유럽," 기준이자율 조정 0.0070 전기 (단위 : 원) 차입금명칭 외화대출 거래상대방 거래상대방 합계 신한은행 유럽 유동 차입금(사채 포함) 9,637,066,021 9,637,066,021 차입금, 외화상당액(EUR) ["
004370,(주)농심,비대상,유럽,"세아니아, 베트남 지역의 경우, 지속적인 신규지역 개척과 '辛' 브랜드 및 프리미엄 제품을 집중 육성하고, 유럽 지역은 판매법인 설립을 통해 유통 인프라를 강화하고 현지화 전략에 기반한 본격적인 시장 확대를 추진하고 있"
004370,(주)농심,비대상,유럽,"계를 극복하기 위해 해외사업을 적극적으로 추진하고 있습니다. 전략거점인 중국/미국/캐나다/일본/호주/베트남/유럽 지역의 경우, 지속적인 신규지역 개척과 함께 辛브랜드와 너구리, 짜파게티, 순라면 등의 프리미엄 제품을 집"
004370,(주)농심,비대상,유럽," 프리미엄 브랜드의 집중 육성과 전략 거점 국가의 개척지역 확대 및 현지 인력 활용을 통한 소매시장 공략, 유럽지역 대형 유통채널 진입 확대, 신흥국 국가별 특성에 적합한 프로모션 활동 등을 통해 꾸준한 매출 성장세를 "
230240,(주)에치에프알,비대상,유럽,"Private 5G Networking Solution을 제공하고 있으며 한국, 미국, 일본, 말레이시아, 유럽 시장의 사업자 및 법인 고객을 대상으로 활발한 영업 활동을 전개하고 있습니다. 당사는 NEC(日本電氣) 그"
003060,(주)에이프로젠바이오로직스,비대상,유럽," 2011.08.03 품목 취득 후 5년(5년단위 갱신) 1,600,000 - - 글로벌 임상 1상 완료- 유럽 등 품목허가 준비중 ① GS071(레미케이드 바이오시밀러) 계약회사 ㈜에이프로젠바이오로직스 계약상대방 ㈜에"
003060,(주)에이프로젠바이오로직스,비대상,유럽,이후의 마일스톤 지급액은 무형자산으로 계상예정 대상기술 유방암 개발 진행경과 - 글로벌 임상 1상 완료 - 유럽 등 품목허가 준비중 기타사항 - 3) 공동사업화계약 - GS071(레미케이드 바이오시밀러) 공동사업화계약 
003060,(주)에이프로젠바이오로직스,비대상,유럽,련라이센스인 체결 AP063(허셉틴 바이오시밀러) 유방암 항체 치료 2011년 - 글로벌 임상 1상 완료- 유럽 등 품목허가 준비중 - - 국내판매 관련라이센스인 체결 화학합성 제네릭 엠파비아정25/5밀리그램 당뇨병용제
079900,전진건설로봇(주),2차 후보(확인 필요),유럽," 충청북도 음성군에 위치한 본사를 두고 건설기계장비의 제조 및 판매 등을 주된 영업으로 하고 있으며 북미, 유럽, 중동 등 광범위한 글로벌 네트워크를 보유하고 있습니다.당사 및 당사의 종속기업의 주력 제품은 콘크리트 펌"
079900,전진건설로봇(주),2차 후보(확인 필요),유럽, 등록 펌프 트럭용 전기식 구동 모듈 (ELECTRIC DRIVE MODULE FOR PUMP TRUCK) 유럽연합(EU) 2024-10-30 2025-03-14 15077760 015077760-0001 디자인권 등록
079900,전진건설로봇(주),2차 후보(확인 필요),유럽,"여 콘크리트펌프카 고유모델 개발에 성공하였습니다. 2000년 중반부터 빠르게 성장하여 국내 뿐아니라 북미, 유럽, 중동 및 신흥시장을 개척하여 글로벌 콘크리트 강자로 자리 매김하였습니다.콘크리트펌프카 시장은 건설경기 침"
006340,대원전선(주),2차(2028),휠,"제각 354,253 37. 사업결합 - 연결 (연결) 연결회사는 신규사업 진출을 위한 시너지 효과 목적으로 알루미늄휠 제조 및 판매업을 주된 사업목적으로 영위 하는 대원알텍(주)의 지분을 2025년 1월 1일 자에 취득 완료"
006340,대원전선(주),2차(2028),휠,"제각 354,253 38. 사업결합 - 연결 (연결) 연결회사는 신규사업 진출을 위한 시너지 효과 목적으로 알루미늄휠 제조 및 판매업을 주된 사업목적으로 영위 하는 대원알텍(주)의 지분을 2025년 1월 1일 자에 취득 완료"
006340,대원전선(주),2차(2028),휠,"기전자기기, 자동차, 각종 기계등에 들어가는 전력케이블 등 전선류를 제조, 판매 하는 전선 사업부와 자동차 알루미늄휠을 생산하는 자동차 알루미늄휠 사업부문으로 나눌수있습니다. 지배회사인 대원전선(주)는 생활용 전력 및 산업용"
006340,대원전선(주),2차(2028),유럽,"품 거래처 최종 수요처 양산용 휠 현대기아차그룹 현대기아차그룹 현대위아, 현대모비스현대글로비스 기아차현대차 유럽법인 및 인도법인 A/S용 휠 현대모비스 일반 소비자 (3) 판매방법 및 조건 당사의 제품은 완성차 제조업체"
006340,대원전선(주),2차(2028),유럽," 시장은 2024년 기준 약 280억 달러 규모로, 연평균 6~7% 수준의 성장이 예상됩니다. 특히 북미, 유럽, 중국 등지에서 고급차 및 전기차 판매 증가가 알루미늄휠 수요를 견인하고 있습니다. 또한, 휠은 단순 기능"
066590,(주)스모트로닉,2차 후보(확인 필요),기어박스,"랜저,쏘렌토,카니발, K8 등 118,250,425(40.09%) BRKT AUX MTGMIDDLE P/S 변속기를 차량에 탑재시 차체 및 SUB FRAME에 장착되어 있는 MOUNTING BRKT와 체결되어 POWERT"
066590,(주)스모트로닉,2차 후보(확인 필요),기어박스,"정된 주행을 도와주는 주요 부품 98,088,728(54.88%) BRKT AUX MTGMIDDLE P/S 변속기를 차량에 탑재시 차체 및 SUB FRAME에 장착되어 있는 MOUNTING BRKT와 체결되어 POWERT"
066590,(주)스모트로닉,2차 후보(확인 필요),기어박스,"30기) 2023년(제29기) 2022년(제28기) 주요 매출처 금액 비율 금액 비율 금액 비율 금액 비율 변속기 부품 Differential 101,879,971 28% 98,732,535 28% 89,434,180 2"
066590,(주)스모트로닉,2차 후보(확인 필요),현가장치,"44,093,059 12% 40,750,283 12% 44,351,947 13% 46,773,467 15% 현가 부품 Spider Assy 24,108,194 7% 23,498,682 7% 19,677,334 6% 13,27"
066590,(주)스모트로닉,2차 후보(확인 필요),유럽,"견고한 해외 매출 기반을 보유하고 있습니다. 특히 인도 첸나이와 체코 오스트라바 등지에 위치한 해외 거점은 유럽 및 아시아 생산 물류 허브로서 중요한 역할을 수행하고 있으며, 최근에는 인도 제3공장의 증축을 통해 아시아"
066590,(주)스모트로닉,2차 후보(확인 필요),유럽,"을 더욱 가속화하고 있습니다. 이와 동시에, 글로벌 경기 변동성과 지역 편중 리스크에 대응하기 위해 북미, 유럽, 동남아 지역에 대한 고객 다변화를 적극 추진하고 있으며, 이를 통해 글로벌 공급망 안정성과 리스크 회피 "
066590,(주)스모트로닉,2차 후보(확인 필요),유럽," 0 100 6,764 62,650 -2,487 WOOSU CZECH S.R.O 비상장 2012.04.05 유럽판매전담 12 0 100 12 0 0 0 0 100 12 153 2,815 주식회사우수티엠엠 비상장 2019"
092790,넥스틸(주),1차(2027),유럽,"매 대비 비중을 표기하였습니다. 라. 관련법령 또는 정부의 규제 등 1) 무역규제(반덤핑 등) 최근 미국, 유럽을 비롯하여 세계 각국은 자국 산업의 경쟁력을 유지하기 위해 보호무역 기조를 강화하는 추세이며, 해외 수출거"
054950,(주)제이브이엠,2차 후보(확인 필요),유럽,. 히든챔피언 양성기업 선정(한국수출입은행)2010. 06.특허스타기업 선정(대구상공회의소)2010. 07 유럽 HDM 합작법인(Joint Venture Company) 설립2010. 10 대구광역시 달서구 호산동로 1
054950,(주)제이브이엠,2차 후보(확인 필요),유럽,선정(한국거래소)2017. 06 제9회 대한민국코스닥대상 최우수마케팅기업상 수상(코스닥협회)2017. 09 유럽 판매법인(종속회사)사명 변경(HD MEDI B.V.-> JVM Europe B.V.)2017. 10 첨단기
054950,(주)제이브이엠,2차 후보(확인 필요),유럽," 보유하고 있습니다. 최첨단 조제 자동화 시스템과 병원ㆍ약국 맞춤형 솔루션을 통해 국내 시장을 넘어 북미와 유럽 등 글로벌 시장에서도 입지를 탄탄히 구축해 나가고 있습니다.현재 제이브이엠의 해외사업은 한미약품이, 국내사"
075580,(주)세진중공업,비대상,유럽,". 특히 고품질의 바람 자원을 활용할 수 있고 대형 발전기 적용이 용이한 해상풍력 발전이 주목받고 있으며, 유럽과 아시아를 중심으로 대규모 해상풍력 발전단지 개발이 활발히 추진되고 있습니다. 이에 따라 해상풍력 발전설비"
214420,(주)토니모리,비대상,유럽,출 증가세를 보이며 처음으로 수출 상위 10개국에 진입했습니다 4 . K-뷰티는 현재 북미와 아시아를 넘어 유럽과 중동으로 확장하며 새로운 시장을 개척하고 있습니다. 이는 K-뷰티의 장기적인 성장 동력의 새로운 축이 될
214420,(주)토니모리,비대상,유럽,"를 보였습니다. 우리나라 국가별 수출 실적 관세청.jpg (출처: 관세청) 중국을 제외한 아시아국, 북미, 유럽 등 전체 대륙권에서 수출이 증가하고, 수출국은 23년 165개국에서 24년 172개국으로 확대되는 등 세계"
214420,(주)토니모리,비대상,유럽,"유가증권시장에 상장하였으며, 자체 R&I 연구소 센터를 설립하여 자체 상품을 개발하기 시작하였습니다. 이어 유럽과 멕시코에 진출하여 해외 단독매장 200개, 샵인샵 2,000개를 확보하였으며, 중국 청도법인을 설립하였습"
080220,(주)제주반도체,비대상,유럽," 당 기 전 기 국내 22,008,894 19,367,509 중국 222,560,284 86,973,041 유럽 1,986,113 5,824,837 미국 3,761,854 5,092,506 기타 51,913,426 45"
080220,(주)제주반도체,비대상,유럽,"사용이 되는 제품으로 회사 매출의 주요 포지션을 차지하고 있습니다. 이 제품들의 주요 고객은 중국, 대만, 유럽 및 미주 등 다양하게 분포하고 있습니다. 5G 통신망의 발전에 따라 이에 상응하는 제품에 대한 기술개발에도"
080220,(주)제주반도체,비대상,유럽,"025년 연간 판매 기준으로 아시아 태평양/기타 지역이 45.0%, 미주가 30.5%, 중국이 17.3%, 유럽이 6.3% 증가한 반면, 일본은 4.7% 감소했다고 밝혔습니다. (2) 메모리 반도체 시장의 현황과 전망2"
099440,(주) 스맥,2차 후보(확인 필요),휠, 차세대 통신망에서의 서비스 제공 시스템 및 그 방법 스맥 2010.06.21 제10-1159043 캐스터 휠 변이 장치 및 그 방법 스맥 2012.06.18 제10-1872288 원격 제어 시스템 스맥 2018.06
099440,(주) 스맥,2차 후보(확인 필요),휠,기반의 3 ＧＰＰ 망과 ⅠＭＳ 망간의 인터페이스시스템 스맥 2008.07.11 제10-1170485 캐스터 휠 경사 조절 장치 및 그 방법 스맥 2012.07.26 제10-0912005 게이트웨이 시스템과 이를 이용한
099440,(주) 스맥,2차 후보(확인 필요),유럽,"업부 ICT사업부 합계 국내 58,127,738,689 6,746,842,237 64,874,580,926 유럽 24,389,869,184 - 24,389,869,184 북아메리카 33,982,828,175 - 33,9"
099440,(주) 스맥,2차 후보(확인 필요),유럽,"업부 ICT사업부 합계 국내 54,188,110,762 8,234,529,093 62,422,639,855 유럽 83,216,825,945 - 83,216,825,945 북아메리카 26,748,388,711 - 26,7"
099440,(주) 스맥,2차 후보(확인 필요),유럽,"oIP 게이트웨이(FREELINE) 개발 2004. 08 KTF 우수협력 기술인증업체 선정 2004. 12 유럽 CE인증 획득(IPSL, TGW) 2005. 07 INNO-BIZ 기업선정(제 5051-0342호) 200"
237880,(주)클리오,비대상,유럽,"M/ODM 업체를 활용하고 있으며, 제품 개발과 마케팅 등에 역량을 집중하여 중국, 일본, 북미, 동남아, 유럽 등 해외로 사업영역을 확장하고 있습니다.기타 자세한 사항은 보고서의 'Ⅱ. 사업의 내용'을 참조하시길 바랍"
237880,(주)클리오,비대상,유럽,22.03 국내화장품 기업 유일하게 유엔환경총회(UNEA) '국제 플라스틱 협약' 참여 2022.03 EU 유럽기후협약대사 '기후 대응 자문 그룹' 참여 2022.06 대한민국 국회 'ESG 민관 협력 공동 포럼' 참여
237880,(주)클리오,비대상,유럽,동 포럼' 참여 2023.10 기업 ESG 등급 평가기관인 서스틴베스트로부터 첫 A등급 획득 2023.11 유럽 녹색 기술 혁신 박람회 '2023 NEXPO TALLINN' 참가 2024.10 2년 연속 서스틴베스트 A
014990,(주)인디에프,비대상,유럽,국내에서 조달해 왔으나 최근에는 Cost절감을 위해 중국등 해외조달을 확대하고 있으며 일부 특수소재는 일본ㆍ유럽등 선진국에서 조달하고 있습니다. 또한 생산은 국내외 외주임가공업체에 외주하청방식으로 생산하고 있습니다.(2
352480,(주)씨앤씨인터내셔널,비대상,유럽,") 제품 색조화장품 미주 88,103 66,550 66,852 아시아 14,382 15,276 13,472 유럽, 중동, 오세아니아 17,233 19,966 14,663 합 계 119,718 101,792 94,987 "
352480,(주)씨앤씨인터내셔널,비대상,유럽, 2019-11-20 필오프타입 눈썹 착색용 조성물 및 이의 제조방법 - 3년 4개월 눈화장용 제품 적용중 유럽 2021-04-30 필오프타입 눈썹 착색용 조성물 및 이의 제조방법 - 4년 9개월 눈화장용 제품 적용중 
352480,(주)씨앤씨인터내셔널,비대상,유럽,03-03 발색 및 사용감이 개선된 에센스 조성물 및 이의 제조방법 - 4년 4개월 입술화장용 제품 적용중 유럽 2. 시장여건 및 영업의 개황 (1) 시장의 특성 1) 주요 목표시장당사는 색조 전문 ODM업체이며 당사가
024090,디씨엠(주),1차(2027),유럽," 시작해 국내외 경제환경은 그 어느 때보다도 기업경영에 어려움을 겪고 있습니다. 미·중 외교 및 경제갈등과 유럽 및 중동에서의 전쟁상황이 지속되면서 세계경제의침체 가능성이 증대되고, 국내에서도 이와 함께 인플레이션에 따"
024090,디씨엠(주),1차(2027),유럽,"다. (3) 시장의 특성 당사의 주요거래처는 국내의 가전사인 삼성전자, LG전자와 서남아, 동남아, 중남미,유럽국가의 가전제품 제조사, 그리고 국내 선박내장재 가공업체 및 패널 생산업체이며 전량 주문에 의해 생산하고 있"
024090,디씨엠(주),1차(2027),유럽,"작해 국내외 경제환경은 그어느 때보다도 기업경영에 어려움을 겪었던 한 해였습니다. 미·중 외교 및경제갈등과 유럽 및 중동에서의 전쟁상황이 지속되면서 세계 경제의 침체 가능성이 증대되고, 국내에서도 이와 함께 원자재 가격"
007370,진양제약(주),비대상,유럽,"진출하기 위하여 해외사업팀에서 동남아의 최대 수출지역인 베트남, 중국 등 수출 및 수출계약을 하고 있으며, 유럽 등과 수출 상담하고 있습니다. ④ 체계적인 정보 관리 시스템의 확보와 영업부 직원의 지속적인 교육 및 훈련"
353810,(주)이지바이오,비대상,유럽,"부문 내용 비고 배합사료부문 현재 대한민국은 약 1,100만두의 돼지를 사육하고 있으며, 이는 세계 7위 (유럽연합을 1개 유닛으로 가정)에 해당하는 규모로 일본보다 많습니다. 사육두수는 2000년대 이후 지속 증가세에"
353810,(주)이지바이오,비대상,유럽,"확보하는 경향이 강합니다. 기능성 첨가제는 상대적으로 해외 시장에서 오랜 마케팅 및 유통망 경험을 보유한 서유럽 및 미국 기업이 강세를 보이고 있으며, 중국산 제품도 최근 많이 출시되고 있는 상황입니다. 바. 시장의 특"
353810,(주)이지바이오,비대상,유럽,"et과 Developing market으로 구분이 가능합니다. Developed market(한국, 미국 ,유럽, 일부 동남아)은 시장의 성장성은 낮으나 축산물 안전성에 대한 관심, 배합 사료 내 성장 촉진 항생제의 사"
137950,제이씨케미칼(주),비대상,유럽,"00,784,657 아시아 9,501,866 - - - 아메리카 7,044,621 1,569,374 - - 유럽 8,617,896 1,735,695 - - 소계 367,542,496 367,319,979 171,833,"
137950,제이씨케미칼(주),비대상,유럽,"631,146 - 아시아 9,501,866 69,773,721 아메리카 7,044,621 1,569,374 유럽 8,617,896 1,735,695 합계 367,542,496 367,319,979 수익인식시기 한 시점에"
137950,제이씨케미칼(주),비대상,유럽,"9,223 294,241,189 아시아 16,935,261 - 아메리카 7,044,621 1,569,374 유럽 8,617,896 1,735,695 합 계 295,817,001 297,546,258 수익인식시기: 한 시"
004890,동일산업(주),1차(2027),기어박스,"자 전환 및 수익성 제고에 최선을 다하겠습니다.D. 자동차 부품제조D automotive가 생산하는 제품은 변속기와 바퀴를 연결하는 구동축(Half Shaft) 구성품인 Cage, Spider, Roller 및 Inner"
004890,동일산업(주),1차(2027),유럽,"생산 할 수 없는 형상이 복잡하고, 일정수준 이상의 물성치가 요구되는 제품을 제작하는 소재산업입니다. 최근 유럽재정위기와 중국 경기 둔화로 건설중장비, 산업기계도 좀처럼 회복의 실마리를 찾지 못하고 있지만 중국의 기간산"
122350,(주)삼기,2차 후보(확인 필요),기어박스,"der Frame, Cylinder Block, Crank Case, Oil Pan, Bed-Plate 등 변속기부품 Valve Body, Cluth Housing, Converter Hounsing, Transmissi"
122350,(주)삼기,2차 후보(확인 필요),기어박스,"smission Case, Rear-Cover 등 전기차부품 End-Plate, Motor Housing, 감속기 Case, Valve Block 등 기타 자세한 사항은 동 보고서 II. 사업의 내용을 참조하시기 바랍니다"
122350,(주)삼기,2차 후보(확인 필요),기어박스,8. 08 (주)삼기오토모티브와 (주)삼기기공 합병 2008. 11 벤처기업등록 2009. 09 현대자동차 변속기부품 개발 및 양산(AUTO T/M用 REAR COVER) 2010. 07 주조 및 가공공장 증축 2010.
122350,(주)삼기,2차 후보(확인 필요),유럽,"8,582,944,658 48,142,410,470 중국 1,458,291,695 3,831,363,144 유럽 등 10,844,782,237 6,553,293,106 합계 80,886,018,590 58,527,066"
122350,(주)삼기,2차 후보(확인 필요),유럽,"44 30,154 -13.2 EU 694 821 862 24.1 4.9 8,058 9,678 20.1 기타 유럽 411 492 398 -3.1 -19.0 4,798 6,261 30.5 아시아 546 728 378 -30"
122350,(주)삼기,2차 후보(확인 필요),유럽,"고 있습니다. 2025년 1~4월까지 미국의 전기차 판매량은 49.3만대로 전년동기대비 7% 증가하였으며, 유럽의 경우 126.9만대로 전년 동기대비 25.9% 증가하였습니다. 동기간 중국의 전기차 판매량은 375.2만"
002350,넥센타이어(주),비대상,휠, 및 타이어 동적 성능 판단 방법 그린 타이어 제조 방법 22.03~23.03 그린 타이어 제조 방법 가변 휠을 구비한 타이어 시험기 22.04~23.04 가변 휠을 사용하여 휠 구매 비용 및 타이어 장탈착 시간을 절
002350,넥센타이어(주),비대상,휠,법 22.03~23.03 그린 타이어 제조 방법 가변 휠을 구비한 타이어 시험기 22.04~23.04 가변 휠을 사용하여 휠 구매 비용 및 타이어 장탈착 시간을 절감할 수 있음 공기입 타이어 실내 내구 시험 평가법 2
002350,넥센타이어(주),비대상,휠,23.03 그린 타이어 제조 방법 가변 휠을 구비한 타이어 시험기 22.04~23.04 가변 휠을 사용하여 휠 구매 비용 및 타이어 장탈착 시간을 절감할 수 있음 공기입 타이어 실내 내구 시험 평가법 22.05~23.
002350,넥센타이어(주),비대상,유럽,"9 북미 521,381,439 - 521,381,439 아태 105,399,616 - 105,399,616 유럽 572,990,416 - 572,990,416 중동 197,670,968 - 197,670,968 중남미 "
002350,넥센타이어(주),비대상,유럽,"005 북미 584,052,250 - 584,052,250 아태 89,470,344 - 89,470,344 유럽 652,665,398 - 652,665,398 중동 209,961,648 - 209,961,648 중남미 "
002350,넥센타이어(주),비대상,유럽,",659,916 - 705,659,916 아태 244,781,628 1,184,506 245,966,134 유럽 1,309,330,986 - 1,309,330,986 중동 192,519,732 - 192,519,732 "
317450,명인제약(주),비대상,유럽,"제약시장에서 요구하는 우수 의약품을 생산하고 있으며, 그 결과 글로벌 제약사들과 파트너쉽을 형성하여 미국, 유럽, 중국, 일본 등 세계 제약시장 개척을 위한 발판을 구축해 가고 있습니다. 가. 사업의 현황 (단위: 백만"
047400,유니온머티리얼(주),비대상,유럽,장에서는 품질 및 공정 안정성 확보가 중요한 요소로 작용하고 있습니다. 특히 글로벌 수전 트렌드를 선도하는 유럽 시장에서는 최근 강력한 '친환경 및 에너지 절약' 규제가 새로운 성장을 견인하고 있습니다. 온수 사용을 효
047400,유니온머티리얼(주),비대상,유럽,"화됨에 따라 하이엔드 시장으로의 세라믹 부품 수요 증가가 기대되고 있습니다. 이와 같은 산업 구조 변화 및 유럽 중심의 고기능성 트렌드 속에서 프리미엄 수전 제품 시장은 비교적 안정적인 수요 기반을 유지하고 있으며, 리"
047400,유니온머티리얼(주),비대상,유럽,유율을 확보하고 있습니다.바) 경쟁사 동향일부 선진 전문 제조업체에서 경쟁 환경 변화가 나타나고 있습니다. 유럽 주요 업체들의 경우 생산 거점을 인건비가 상대적으로 낮은 지역으로 이전하거나 생산 효율화 전략을 추진하는 
145990,(주)삼양사,비대상,유럽,", 태국) 안정적인 생산 전망에 약보합세를 보이고 있습니다. ※ 국제 옥수수시세는 세계 공급량은 양호하나 동유럽 지정학적 리스크 지속 및 미산 수출 수요 증가로 강보합세 전망입니다. ※ 국제 원맥시세는 주요국(미국, 러"
145990,(주)삼양사,비대상,유럽,"대상, 사조 CPK, CJ제일제당의 4개사가 경쟁시장을 형성하고 있으며 원료인 옥수수는 주로 미국, 남미, 유럽 등에서 수입하고 있습니다.제분산업은 대한제분, CJ제일제당, 사조동아원 등의 업체가 경쟁하고 있으며, 최근"
145990,(주)삼양사,비대상,유럽,"고 있으며, 주로 음료, 주류 시장 내 대형 수요처에 공급하고 있습니다.삼양에코테크의 제병용 R-Chip은 유럽 시장의 강세가 지속되고 있어, 수출 판매를 추진하고 있습니다. 섬유용 R-Chip은 중국 제품의 국내 시장"
204320,에이치엘만도(주),2차 후보(확인 필요),현가장치," 임시주주총회를 통해 사명을 주식회사 만도 → 에이치엘만도 주식회사로 변경하였습니다. 당사는 제동, 조향, 현가장치 및 기타 자동차부품의 설계, 조립, 제조, 공급 및 자동차부품의 마케팅, 판매업 등을 영위하고 있습니다. "
204320,에이치엘만도(주),2차 후보(확인 필요),현가장치,"립, 제조, 공급 및 판매회사로서 회사가 영위하는 목적사업은 다음과 같습니다. 목적사업 비고 제동, 조향, 현가장치 및 기타 자동차부품의 설계, 조립, 제조, 공급 및자동차부품의 마케팅, 판매업 - 일반 기계의 제조 및 판"
204320,에이치엘만도(주),2차 후보(확인 필요),현가장치,"주 의결권 (3%) 제한- 시행일 변경 3. 사업목적 현황 구 분 사업목적 사업영위 여부 1 제동, 조향, 현가장치 및 기타 자동차부품의 설계, 조립, 제조, 공급 및자동차부품의 마케팅, 판매업 영위 2 일반 기계의 제조 "
204320,에이치엘만도(주),2차 후보(확인 필요),유럽,"을기록했습니다.당사는 사업구조 안정화를 위하여 현대차/기아 뿐 아니라 GM, Ford, 중국 로컬 OEM, 유럽 및 인도 완성차까지 고객 다변화를 진행 중이며, 해외 고객의 현지 대응을 위해 미국, 유럽, 중국, 인도 "
204320,에이치엘만도(주),2차 후보(확인 필요),유럽," 로컬 OEM, 유럽 및 인도 완성차까지 고객 다변화를 진행 중이며, 해외 고객의 현지 대응을 위해 미국, 유럽, 중국, 인도 등 지역에 19개의 생산 사이트를 설립하였습니다. 또한, 해외에 18개 연구소를 설립하여 해"
204320,에이치엘만도(주),2차 후보(확인 필요),유럽,50% 결제 - GM : 주단위 현금(47일) 결제③ 인도법인 - 현대차 : 주단위 현금 (30일) 결제④ 유럽법인 - 현대차 : 월합계 현금 (25일) 결제 USD 또는INR 또는CNY 또는EUR 결제 3. 판매전략 
192440,(주)슈피겐코리아,비대상,유럽," 액세서리 약 18.0% 입니다. 당사는 북미 아마존에서 '슬림 프로텍션' 케이스로 브랜딩을 시작해 현재는 유럽, 인도, 일본 등으로 지역을 확장했습니다. 당사는 지역 확장뿐만 아니라 태블릿, 웨어러블, 스마트홈, 차량"
192440,(주)슈피겐코리아,비대상,유럽," 구매 편의성 향상.- 운동용품: 골프 시장은 전 세계적으로 꾸준한 성장을 보여주고 있으며, 특히 아시아와 유럽 지역에서 두드러진 성과를 보이고 있음. 글로벌 골프용품 시장 규모는 약 100억 달러 이상으로 평가되며, "
192440,(주)슈피겐코리아,비대상,유럽,개발 및 온라인 중심의 마케팅을 통해 변화하는 소비자의 니즈에 적극적으로 대응하고 있습니다. 현재 북미 및 유럽 시장을 중심으로 전 세계 온라인 시장에서 패션 및 보호 케이스를 비롯한 모바일 액세서리 제품을 판매하며 슈
032300,(주)한국파마,비대상,유럽,"틀어 세계 최초로 시도된 사례이며, 오리지널사의 우수한 기술력으로 완제 생산하여 공급하고 있는 점, 미국, 유럽 등의 우수한 원료를 사용하는 점, 저용량, 맛 개선을 통해 환자의 복약 편의성을 높인 제품이라는 점 등의 "
032300,(주)한국파마,비대상,유럽,"의 GMP시설을 보유하고 있는 완제의약품 제조회사입니다. 또한, 당사의 향남 공장은 외용액제·로션제에 대해 유럽연합 우수의약품제조관리기준(EU GMP) 인증을 획득한 이력이 있습니다. 이는 로션제를 생산할 수 있는 국내"
023800,인지컨트롤스(주),2차 후보(확인 필요),기어박스,"95년 10월 09일 주식회사 신일기계로 법인설립하였으며 자동화기계 즉 자동차부품 및 산업용 연료제어와 자동변속기유압제어용 Solenoid 제작에 필요한 설비제작을 전문으로 하는 자동화 시범업체로 경기도 시흥시에 본사를,"
023800,인지컨트롤스(주),2차 후보(확인 필요),기어박스,식회사 코메카 설립연도 1995년 10월 9일 주요사업의 내용 자동화기계(자동차부분 및 산업용연료제어와 자동변속기 유압제어용 Solenoid 제작에 필요한 설비)제작등 임직원 현황 총 28명 대표이사 강철중 주요주주 현황
023800,인지컨트롤스(주),2차 후보(확인 필요),라디에이터,부품 기술 개발(경량화 / Compact화) 2. 기술 적용 영역 확대를 통한 신제품 라인업 (e-WP / 라디에이터 / 이온필터) 참여기관 한국에너지기술평가원 22년 04월 01일~24년 12월 31일 수소전기상용차 냉각순
023800,인지컨트롤스(주),2차 후보(확인 필요),유럽,. 사업재편계획 승인(산업부)20. 11. 06. 혁신기업 국가대표1000(금융위원회)24. 05. 01. 유럽 영업사무소 설립(독일) 경영진 및 감사의 중요한 변동 변동일자 주총종류 선임 임기만료또는 해임 신규 재선임
023800,인지컨트롤스(주),2차 후보(확인 필요),유럽," 주요 동인으로 작용하고 있습니다. 미국은 정책 변화와 관세 부담 등으로 성장세가 다소 제한될 수 있으며, 유럽 시장도 일부 국가에서 성장 둔화가 나타나고 있습니다. 일본 시장은 구조적 감소세, 국내 시장은 내수 둔화와"
023800,인지컨트롤스(주),2차 후보(확인 필요),유럽,",613만 대에 이를 것으로 예측됩니다. 신흥국의 견조한 수요가 전체 시장을 견인할 것으로 기대되나, 미국·유럽 주요 시장의 정책 변화(관세 인상, 전기차 보조금 축소 등)와 글로벌 경제의 불확실성이 리스크 요인으로 작"
001020,페이퍼코리아(주),비대상,유럽, 나투라미디어(주) 한국 12월 99.95 99.95 특수용지 NATURA MEDIA EUROPE S.A. 유럽 12월 100 100 특수용지 (주)디오션시티(*1) 한국 12월 - 100 부동산분양 및 개발 (주)디오
001020,페이퍼코리아(주),비대상,유럽,",494,166 아시아 107,105,528 112,062,889 미주 3,836,793 3,827,103 유럽 11,974,731 13,919,650 기타 8,134,214 7,421,048 연결조정 (112,055,"
001020,페이퍼코리아(주),비대상,유럽,"(주)] 각 매출은 일일 발주 등에 의한 일상적 상거래로 판매가 이루어지고 있습니다. [나투라미디어(주)] 유럽, 미국, 남미, 아시아 지역에서 월 평균 $ 1,300,000 규모의 거래가 이루어지고 있습니다. [(주)"
090350,(주)노루페인트,비대상,유럽,래 트랜드 2025.06.16 외부전문가 새 정부 노동정책 전망과 대응 방안 2025.08.21 외부전문가 유럽현지 ESG전문가가 조언하는 CSRD 대응전략 2025.09.05 외부전문가 노란봉투법 통과 이후 대응 방안
067570,엔브이에이치코리아(주),2차 후보(확인 필요),유럽,"차종에 대한 Sub-CKD 부품 수출, 설비 수출, 금형 수출 등으로써 주로 회사가 진출한 해외법인(미국, 유럽 등)으로 수출되고 있습니다. ④ 용역매출 1) 자동차부품 회사는 국내외 차종에 적용될 신규 및 개선 부품의"
067570,엔브이에이치코리아(주),2차 후보(확인 필요),유럽,로 급증할 것으로 전망됩니다. 이에 따라 전기차 생산 수요를 충족시킬 배터리 생산시설에 대한 투자는 북미와 유럽을 중심으로 지속적으로 증가하고 있습니다. - 교량거더 산업건설(교량거더) 산업은 교량의 가장 중요한 역할은
067570,엔브이에이치코리아(주),2차 후보(확인 필요),유럽,"를 성공하였습니다. 이러한 수주 실적을 통해 향후 국내 이차전지 제조사의 신규 해외 프로젝트는 물론 미국, 유럽 내 이차전지 기업의 신규 베터리공장의 드라이룸 프로젝트 수주를 추진하는 등, 이차전지 드라이룸 글로벌 TO"
143210,핸즈코퍼레이션(주),2차 후보(확인 필요),기어박스,"고 있는 대표적인 종합산업입니다. 자동차산업 중 자동차 부품산업은 자동차용 브레이크, 클러치, 축, 기어, 변속기, 휠, 완충기, 방열기, 소음기, 배기관, 운전대 및 운전박스 등과 같은 자동차 차체 또는 자동차 엔진용 "
143210,핸즈코퍼레이션(주),2차 후보(확인 필요),기어박스," 엔진스프링, 캬뷰레터, 라이디에이터, 오일쿨러, 크랭크, 샤프트, 밸브가이드 동력전달장치 클러치, 차축, 변속기, 기어류, 추진축 공조제품 에어컨, 히터 제동장치 브레이크 마스터실린터, 브레이크 부스터, 브레이크 드럼,"
143210,핸즈코퍼레이션(주),2차 후보(확인 필요),기어박스," 부스터, 브레이크 드럼, 브레이크 슈, 브레이크 라이닝, ABS 조향장치 스티어링 휠, 스티어링 샤프트, 기어박스, 타이로드, 넉클 현가장치 현가스프링, 쇼크옵쇼버 전장부품 램프류, 스위치류, 전압조절기, 스파크플러그, "
143210,핸즈코퍼레이션(주),2차 후보(확인 필요),휠,"요종속회사 여부 청도동화주조유한공사 2007.05 중국 산동성 청도 평도시 동화가도 반사천 평영로 자동차용 알루미늄휠의 제조판매 46,546 지배력 기준(기업회계기준서 1110호) 해당사항 없음 HANDS USACorp. 2"
143210,핸즈코퍼레이션(주),2차 후보(확인 필요),휠,"9.10 888 West Big Beaver Rd, #340, Troy, MI, USA 48084 자동차용 알루미늄휠의 수입판매 1,934 지배력 기준(기업회계기준서 1110호) 해당사항 없음 핸즈식스㈜ 2012.09 경기도"
143210,핸즈코퍼레이션(주),2차 후보(확인 필요),휠,"준서 1110호) 해당사항 없음 핸즈식스㈜ 2012.09 경기도 화성시 마도면 마도공단로6길 12 자동차용 알루미늄휠의 제조판매 265,978 지배력 기준(기업회계기준서 1110호) 해당(자산총액 750억원 이상) HANDS"
143210,핸즈코퍼레이션(주),2차 후보(확인 필요),현가장치,"자동차산업의 전후 연관산업 ] 자동차 부품산업은 제조공정, 사용소재 등에 따라 동력발생장치, 동력전달장치, 현가장치, 조향장치, 제동장치, 전기전자장치, 차체부품 등으로 시장이 매우 세분화되어 있습니다. 또한, 용도별로는 "
143210,핸즈코퍼레이션(주),2차 후보(확인 필요),현가장치,"브레이크 슈, 브레이크 라이닝, ABS 조향장치 스티어링 휠, 스티어링 샤프트, 기어박스, 타이로드, 넉클 현가장치 현가스프링, 쇼크옵쇼버 전장부품 램프류, 스위치류, 전압조절기, 스파크플러그, 발전기, 점화코일, 배전반,"
143210,핸즈코퍼레이션(주),2차 후보(확인 필요),현가장치,"경우 주로 자체생산에 의존하고 있습니다. 외주생산 제품은 크게 두 부류로 대별되는데, 제동장치, 조향장치, 현가장치, 공조기, 머플러, 스프링, 시트, 전장품, 계기류, 램프, 스위치, 전선, 피스톤, 중소형 패널, 휠, "
143210,핸즈코퍼레이션(주),2차 후보(확인 필요),유럽,"그룹, GM그룹,폭스바겐그룹, 르노닛산미쓰비시그룹,크라이슬러, 포드 현대위아, 현대글로비스 기아차, 현대차 유럽법인, 현대차 인도법인 A/S용 휠 현대모비스 일반 소비자 (3) 판매방법 및 조건 당사의 제품은 완성차 제"
143210,핸즈코퍼레이션(주),2차 후보(확인 필요),유럽," 393,673 52.5% 미주 123,366 15.7% 109,099 14.3% 111,637 14.9% 유럽 156,318 19.9% 220,985 28.9% 216,233 28.9% 아시아 104,150 13.3%"
143210,핸즈코퍼레이션(주),2차 후보(확인 필요),유럽,"764,435,874 지역에 대한 공시 당기 (단위 : 천원) 지역 지역 합계 본사 소재지 국가 외국 미주 유럽 아시아 아프리카 수익(매출액) 395,906,117 123,366,216 160,836,363 104,64"
021050,(주)서원,2차 후보(확인 필요),유럽,동가공 산업입니다. 중국 및 동남아 등 아시아 후발개도국을 중심으로 동가공품 수요 증가가 예상되고 미국 및 유럽 등 선진국은 정보통신 고도화와 전기전자 부품산업의 발전으로 점진적인 성장이 예상됩니다. 또한 최근에 환경에
004720,(주)팜젠사이언스,비대상,유럽,"영제 해외특허등록 국가 : 한국/일본, 호주, 미국, 중국, 브라질(5개국) 해외특허출원 국가 : 캐나다, 유럽(2개국) 1) 품 목 : 마이크로바이옴 ①계약상대방 연세대학교의료원 산학협력단 ②계약내용 연세대학교의료원 "
004720,(주)팜젠사이언스,비대상,유럽,"는 기초 화학공업의 산물인 화학 합성물로서 일부 원료가 국내에서 생산 되고는 있으나 상당수의 원료가 미국, 유럽 등 선진국 및 중국으로부터 수입에 의존하고 있어 원료 자급률은 미미한 수준이며, 특히 전문의약품일수록 외국"
017550,(주)수산세보틱스,2차(2028),유럽," 및 부채는 부문별 영업에 근거하여 배분됩니다. (4) 지역에 대한 정보 연결실체는 국내, 중동, 아시아, 유럽, 아메리카 등에서 영업하고 있습니다. 지역별로세분화된 연결실체의 외부고객으로부터의 계속영업수익과 비유동자산"
017550,(주)수산세보틱스,2차(2028),유럽,"81,260,452,235 76,062,779,752 38,527,064,113 42,982,174,272 유럽 7,366,060,220 7,379,928,733 6,766,962,215 6,106,142,970 중동 "
017550,(주)수산세보틱스,2차(2028),유럽,"전반적으로 경기 침체 상황을 유지하고 있으며, 이스라엘 중동 전쟁의 불확실성이 여전히 지속되고 있습니다.③ 유럽- 러/우 전쟁 장기화, 인프라 투자 감소 및 에너지비용 상승 여파 지속에 덧붙여 미국 보호 무역에 따른 관"
484590,주식회사 삼양컴텍,비대상,유럽," 61조 5,878억 원으로 편성되어 지속적으로 증가중에 있습니다. 아울러 세계방산시장도 냉전 이후 급감한 유럽의 방위산업 생산능력으로 인해 유럽의 방위산업 수입 수요가 증가하였고, 이러한 상황은 유럽 국가들과 안보/경"
484590,주식회사 삼양컴텍,비대상,유럽,"어 지속적으로 증가중에 있습니다. 아울러 세계방산시장도 냉전 이후 급감한 유럽의 방위산업 생산능력으로 인해 유럽의 방위산업 수입 수요가 증가하였고, 이러한 상황은 유럽 국가들과 안보/경제적으로 우호적 관계인 우리나라 방"
484590,주식회사 삼양컴텍,비대상,유럽,"냉전 이후 급감한 유럽의 방위산업 생산능력으로 인해 유럽의 방위산업 수입 수요가 증가하였고, 이러한 상황은 유럽 국가들과 안보/경제적으로 우호적 관계인 우리나라 방산업체의 수출증가 기회가 될 수 있습니다. 또한 최근 이"
024880,(주)케이피에프,1차(2027),CBAM,"한 주요사항 등 기타사항 - 마. 녹색경영] 부분을 참고하시기 바랍니다. 또한 탄소중립을 중심으로 한 EU 탄소국경조정제(CBAM), RE100 등 탄소 배출에 대한 국제적 민관 규제가 확대됨에 따라 전력효율향상 설비 도입"
024880,(주)케이피에프,1차(2027),CBAM," 기타사항 - 마. 녹색경영] 부분을 참고하시기 바랍니다. 또한 탄소중립을 중심으로 한 EU 탄소국경조정제(CBAM), RE100 등 탄소 배출에 대한 국제적 민관 규제가 확대됨에 따라 전력효율향상 설비 도입 및 에너지 경"
024880,(주)케이피에프,1차(2027),CBAM,"50001)을 취득했으며, 향후 저탄소 원료 개발 등을 통해 환경경영을 지속 강화해 나갈 계획입니다. EU 탄소국경조정제(CBAM) 관련, 당사는 2024년 1월에 2023년 4분기 탄소배출량에 대한 최초 신고를 이행한 이"
024880,(주)케이피에프,1차(2027),기어박스,"의 확산으로 연평균 16% 이상 성장하며 1,100억 달러를 돌파하였습니다. 이에 따라 핵심 부품인 하모닉 감속기 시장 또한 가파른 성장세를 보이며 2028년에는 약 2.5조 원 규모에 달할 것으로 전망됩니다. 지역별로는"
024880,(주)케이피에프,1차(2027),기어박스,", 한국 기업들 또한 국산화율 제고를 통해 점유율을 점진적으로 확대해 나가고 있습니다. [주요 위험] 정밀 감속기는 산업용 로봇의 핵심 부품으로 감속기 시장 수요 중 가장 큰 비중을 차지하고 있습니다. 부품 산업의 특성상"
024880,(주)케이피에프,1차(2027),기어박스,"통해 점유율을 점진적으로 확대해 나가고 있습니다. [주요 위험] 정밀 감속기는 산업용 로봇의 핵심 부품으로 감속기 시장 수요 중 가장 큰 비중을 차지하고 있습니다. 부품 산업의 특성상 전방산업의 영향이 크나, 산업용 로봇"
024880,(주)케이피에프,1차(2027),휠," 당사가 주력하고 있는 베어링 부품 시장에 대해서 살펴보면, 전 세계 베어링 시장의 규모는 대략 30조 원(휠 베어링을 포함한 전체 베어링 시장 기준) 정도로 추정할 수 있습니다. 스웨덴의 SKF, 독일의 Schaef"
024880,(주)케이피에프,1차(2027),유럽,"화스너 제품은 중국, 인도 등이 강세를 보이고, 자동차, 항공 등 높은 기술을 요하는 제품은 대만, 일본, 유럽 기업의 경쟁력이 두드러진다고 보고하고 있습니다. 당사는 베트남 법인을 통해 표준 화스너 시장에서 원가 경쟁"
024880,(주)케이피에프,1차(2027),유럽,용 베어링 부품을 공급함으로써 세계적인 업체들로부터 품질과 기술력을 인정받고 있습니다. 중국법인에서는 최근 유럽의 NTN-Europe사로부터 3세대 베어링부품의 주요 공급자 중 하나로 선정되어 유럽시장에 진출하였습니다.
024880,(주)케이피에프,1차(2027),유럽, 중국법인에서는 최근 유럽의 NTN-Europe사로부터 3세대 베어링부품의 주요 공급자 중 하나로 선정되어 유럽시장에 진출하였습니다.③ 선박용 케이블 부문선박용 케이블 시장의 통계를 제공하는 The Business Re
140860,(주)파크시스템스,2차 후보(확인 필요),유럽," 내 수 소 계 27,001,266 23,999,409 수출 중화권 84,211,920 84,812,159 유럽 19,775,290 29,163,080 미국 41,705,195 24,454,486 기타 32,919,80"
140860,(주)파크시스템스,2차 후보(확인 필요),유럽,"9 내 수 소 계 27,001,266 23,999,409 수출 미국 30,305,928 16,519,930 유럽 15,147,330 12,249,281 중화권 81,703,364 79,496,189 기타 18,344,5"
140860,(주)파크시스템스,2차 후보(확인 필요),유럽,"0원 총 상장주식수: 보통주 5,931,155주) 2017년 02월 대만 연락사무소 설립 2017년 03월 유럽 현지법인 설립(독일, 자본금 EUR25,000) 2018년 09월 중국 북경 연락사무소 설립 2019년 0"
083650,비에이치아이주식회사,2차 후보(확인 필요),유럽,"고 있습니다.- 해외에는 해외영업담당 산하에 인도네시아 및 태국, 이스라엘 법인과 본사 영업팀에서 운영중인 유럽, 중동, 아시아, 아프리카 등지의 Agent가 있습니다. 판매조직도(2024).jpg 판매조직도(2024)"
083650,비에이치아이주식회사,2차 후보(확인 필요),유럽,"있는 기업만이 동사업을 영위할 수 있을 것으로 예상합니다. 나) 해외시장의 경우보조기기(BOP)는 미국이나 유럽의 경우 전문업체가 공급하며, 일본의 경우 중공업에서 직접생산하는 형태를 이루고 있으나, 발전시장의 세계적 "
105630,한세실업(주),비대상,유럽,"다면 보다 높은 성장을 이룩할 수 있을 것입니다. 3. 경기 변동의 특성 한국의 섬유 수출은 미국, 일본, 유럽 등 주 소비국가의 경기에 연동되는 측면이 강하므로 이들 국가 경기의 변동이 한국 섬유 산업의 성장에 중요한"
105630,한세실업(주),비대상,유럽,"이 불가능하여, 시장규모를 추정할 수 있는 지표로써 한세가 주로 수출하는 미국과 점차 비중을 늘려가고 있는 유럽, 일본의 수입의류시장 지표를 발췌하여 아래와 같이 기재하였습니다. 지역별 수입의류시장규모 (TEXTILE "
105630,한세실업(주),비대상,유럽,"2023년 2022년 미국 (단위:천미불) 107,723,459 104,959,574 132,201,243 유럽 (단위:천미불) 127,545,883 124,481,764 129,492,122 일본 (단위:천미불) 30"
012800,(주)대창,비대상,유럽,"장에서도 독보적인 인지도와 브랜드를 가지고 아시아 최대 황동봉 수출업체로서 동남아, 호주,뉴질랜드, 미국, 유럽, 인도 등 약 20여 개국에 수출을 하고 있습니다. 국내외 시장의 선도를 위해 당사는 생산효율성 강화, 가"
012800,(주)대창,비대상,유럽,"최대 황동봉 수출업체로, 현재 중국 상해, 심천에 지사를 운영하고 있으며 동남아, 호주, 뉴질랜드, 미국, 유럽, 인도 등 약 20여 개국에 수출을 하고 있습니다. 또한 글로벌 시장에서 독보적인 인지도와 브랜드를 가지고"
012800,(주)대창,비대상,유럽," 2025년은 글로벌 경제의 불확실성과 도전이 계속된 한 해였습니다. 세계 경제는 미국의 점진적 금리인하와 유럽, 중국 등의 시장 침체 및 소비경제 부진 등과 같은 여러 악재에 직면했습니다. 우리나라 역시 수출 회복세에"
038110,에코플라스틱(주),2차 후보(확인 필요),휠,원형의 조향장치 플라스틱류 콘솔 (Console) 운전석과 조수석 사이에 설치된제품으로 박스모양의 수납공간 휠커버(Wheel Cover) Wheel의 외관을 덮어 타이어의 냉각효과 및 Wheel의 부식을 방지하는 외장
038110,에코플라스틱(주),2차 후보(확인 필요),휠,"및 충격을 절연, 승차감 및 주행안전성을 향상 8,698 2.2 LOWER ARMS 노면으로의 충격 흡수, 휠의 상하운동을 돕고, 휠의 제동력과 선회 구심력을 지지 1,345 0.3 SPRING PAD 코일스프링과 스"
038110,에코플라스틱(주),2차 후보(확인 필요),휠," 및 주행안전성을 향상 8,698 2.2 LOWER ARMS 노면으로의 충격 흡수, 휠의 상하운동을 돕고, 휠의 제동력과 선회 구심력을 지지 1,345 0.3 SPRING PAD 코일스프링과 스프링시트브라켓 사이에서 "
038110,에코플라스틱(주),2차 후보(확인 필요),라디에이터,과제명 기대효과 자동차부품 에코플라스틱(주) 2010년 회전형 컵홀더 개발 신제품 개발 2011년 자동차용 라디에이터 그릴의 제조 방법 공정 개발 핸드폰 거치대 및 이를 포함하는 자동차 신제품 개발 2012년 TAIL GAT
038110,에코플라스틱(주),2차 후보(확인 필요),라디에이터,tor Grille - 자동차의 콘솔용 폴딩개폐장치 2011.09.01 특허법 Console류 - 자동차용 라디에이터 그릴의 제조 방법 2011.12.06 특허법 Radiator Grille - 핸드폰 거치대 및 이를 포함하
038110,에코플라스틱(주),2차 후보(확인 필요),유럽,"됩니다 생산은 美 신공장 가동, 25% 고관세 부과 등 불안 요인에도 불구, 내수 방어와 미국 수출 감소를 유럽 친환경차 수출 확대로 보완하여 수출 감소폭을 최소화하면서 전년대비 1.2% 감소한 408만대 수준으로 예상"
038110,에코플라스틱(주),2차 후보(확인 필요),유럽,"됩니다 생산은 美 신공장 가동, 25% 고관세 부과 등 불안 요인에도 불구, 내수 방어와 미국 수출 감소를 유럽 친환경차 수출 확대로 보완하여 수출 감소폭을 최소화하면서 전년대비 1.2% 감소한 408만대 수준으로 예상"
010780,아이에스동서(주),비대상,유럽,"전기 국내 1,158,120,214 1,414,187,574 아시아 11,513,722 44,236,274 유럽 54,166,014 54,308,384 북아메리카 8,220,116 - 아프리카 2,336,371 1,84"
010780,아이에스동서(주),비대상,유럽,"용 기업의 경쟁 환경이 심화될 가능성도 주요 리스크로 고려됩니다. 8. 향후 추진 계획 기존 진출한 국내, 유럽(폴란드, 헝가리) 국가 이외에도 국내(오창 산업단지), 유럽(독일 등)과 북미(미국, 캐나다), 동남아시아"
010780,아이에스동서(주),비대상,유럽,"다. 8. 향후 추진 계획 기존 진출한 국내, 유럽(폴란드, 헝가리) 국가 이외에도 국내(오창 산업단지), 유럽(독일 등)과 북미(미국, 캐나다), 동남아시아(인도네시아) 등 주요 전기차 기업 진출지역에 밸류체인 확대할"
002710,(주)TCC스틸,1차(2027),유럽,"5,520 712 13,824 (23,081) 176,975 아시아 177,855 - - - 177,855 유럽 38,997 - - - 38,997 중동 7,403 - - - 7,403 북미 28,484 287 207,"
002710,(주)TCC스틸,1차(2027),유럽,"9,624 958 18,546 (20,851) 198,277 아시아 196,442 - - - 196,442 유럽 22,902 - - - 22,902 중동 11,544 - - - 11,544 북미 30,191 179 15"
002710,(주)TCC스틸,1차(2027),유럽,"922,598 198,276,501,205 아시아 177,854,927,235 196,441,843,472 유럽 38,996,855,420 22,902,491,728 중동 7,402,659,731 11,543,860,0"
036690,(주)코맥스,비대상,유럽,"이루어지고 있으며, 다양한 전자전, 국제전람회 등을 통해 신제품 홍보가 이루어지고 있습니다. 또한 아시아, 유럽, 중남미 등 주요 BUYER와 에이젼트계약을 체결한 후 본사의 영업지원과 함께 개별 BUYER들과의 활발한"
036690,(주)코맥스,비대상,유럽," 신제품에 대한 연구개발에 중점 투자할 계획입니다.또한 기존 주력제품에 대한 해외 영업력을 강화하여 미국, 유럽은 물론 중국 및 동남아시아, 남미 등에 수출을 적극적으로 추진하여 품질과 성능면에서 인정받고 있는 생산품에"
036690,(주)코맥스,비대상,유럽,(나) 연구 기관 : (주) 코맥스(다) 연구 결과 및 기대 효과 - 별도의 다세대 로비용 모듈을 개발하여 유럽스타일의 제품군을 개발하여 해외 수출위주의 상품을 만든다. (라) 연구 결과가 상품화된 경우 그 내용 - 스
014820,동원시스템즈(주),비대상,유럽,"여 판매하고 있습니다. 포장재의 경우 품질경영시스템을 통해 축적된 KNOW-HOW을 바탕으로 북미, 남미, 유럽, 동남아시아 등 세계 전역으로 수출하고 있습니다. 이차전지 소재의 경우 이차전지 원형캔과 양극박 등을 중심"
014820,동원시스템즈(주),비대상,유럽,"row Neck Press and Blow)' 공법을 적용하여 탄소 배출을 저감하고 있습니다. 특히 북미, 유럽, 동남아, 인도 시장을 겨냥한 고품질 투명병 및 차별화된 병형 설계 역량을 통해 글로벌 공급망 내 입지를 "
014820,동원시스템즈(주),비대상,유럽,"인력, 첨단 생산 및 검사설비, 고객지원시스템을 통해 축적된 좋은 품질로 미국, 캐나다 등 북미 및 남미, 유럽, 동남아시아, 아프리카 등 세계 전역으로 당사의 포장재가 수출되고 있습니다. 덧붙여 당사는 기업부설연구소를"
027970,한국제지(주),비대상,유럽,"%입니다. 수출매출의 경우 지역별로는 북미 지역 55.9%, 아시아 31.7%, 오세아니아 지역 8.5%, 유럽 지역 3.6%, 기타 지역 0.3%를 차지하고 있습니다.상기 '1. 사업의 개요' 의 세부사항 및 포함되지"
027970,한국제지(주),비대상,유럽,"지류유통업 (1,181,386) 부문 합계 (1,181,386) 기업 전체 총계 합계 129,817,867 유럽 기업 전체 총계 영업부문 부문 보고부문 인쇄부문 7,130,561 패키지부문 1,133,070 지류유통업 "
027970,한국제지(주),비대상,유럽,"지류유통업 (1,012,492) 부문 합계 (1,012,492) 기업 전체 총계 합계 124,060,254 유럽 기업 전체 총계 영업부문 부문 보고부문 인쇄부문 5,348,533 패키지부문 676,574 지류유통업 0 "
100590,(주)머큐리,비대상,유럽,"선도 및 확대해 나아갈 예정입니다. 또한 해외 마케팅 강화를 위하여 지속적으로 역량을 집중 시킬 것입니다. 유럽, 남미,북미,아프리카, 아시아 및 중동지역을 대상으로 시장을 확대해 나아갈 예정입니다. 다. 수주상황 당사"
100590,(주)머큐리,비대상,유럽,"으므로 통신기술의 진화에따라 FTTH, 다심선 광케이블의 수요는 더욱 증가할 것으로 예상하며, 중국, 미국,유럽 등 선진국의 광케이블 네트워크 투자가 폭발적으로 증가하고 있으며, 상대적으로 통신망 구축이 부진한 남미, "
100590,(주)머큐리,비대상,유럽,"울트라 마이크로케이블, 광전복합케이블 등 제품의 연구개발 및 생산을 준비중에 있습니다. 또한 해외시장에서는 유럽 및 중남미 시장진출 성공으로 비약적인 성장을 달성하였으며 아프리카와 동남아등 수출대상국가 확대를 위해 지속"
018250,애경산업(주),비대상,유럽," 미국 FDA 자외선차단기능성 OTC 에센스 팩트- 글로벌 소비자 확대를 위한 컬러 확대 출시 20컬러 + 유럽 규제 대응 D5 프리 처방 설계- 자사 컬러 차트 기준에 맞추어 컬러 재정비, 피부 밝기와 컬러톤(뉴트럴N"
018250,애경산업(주),비대상,유럽,"TRUM)- 에센스 71% 함량 유지, 화이트, 옐로우 라떼 컬러 유지, 기존 시그니처 팩트 사용감 구현- 유럽 인허가 진행 PIF 취합 완료, 비건 소사이어티 비건 인증 완료 에이지투웨니스 얼티밋 세럼 글로우 파운데이"
018250,애경산업(주),비대상,유럽,"국내 No.1 컨실러의 글로벌 운영 스탠다드 처방- 글로벌 소비자 확대를 위한 컬러 확대 출시 20컬러 + 유럽 규제 대응 D5 프리 처방 설계- 자사 컬러 차트를 활용한 컬러 재정비, 피부 밝기와 컬러톤(뉴트럴N, 쿨"
151860,케이지에코솔루션(주),2차 후보(확인 필요),유럽,",162,337,072 3,428,713,712 수 출: 아시아 853,464,047 963,823,504 유럽 1,684,663,464 1,303,260,586 기타 1,876,732,292 1,589,063,745 "
151860,케이지에코솔루션(주),2차 후보(확인 필요),유럽," 39억 달러(5조6500억원) 규모로 예상되며, 향후 10년간 연평균 7.3% 성장할 것으로 전망됩니다. 유럽에서는 바이오선박유에 대한 자발적인 수요와 우호적인 정책으로 주요 항구인 로테르담 항을 중심으로 바이오선박유"
151860,케이지에코솔루션(주),2차 후보(확인 필요),유럽,"6) DRD용 석도강판 품질 개선 개발 2023년 신제품 (1) 국내외 가전사 PCM, VCM 개발 (2) 유럽향 고강도강 개발 (3) 가전향 PCM 품질개선 (4) 가전향 고내식 2C2B PCM 개발 (5) 내외장재 "
006090,(주)사조오양,비대상,유럽," 임직원 안전관리에 만전을 기하고 있습니다. 평택공장은 육가공 전문 생산공장으로 1982년에 설립되었으며, 유럽식 정통 육가공제품의 생산을 모토로 출발하여 우수한 기술력과 선진화된 설비를 바탕으로 소비자가 신뢰할 수 있"
006090,(주)사조오양,비대상,유럽," 임직원 안전관리에 만전을 기하고 있습니다. 평택공장은 육가공 전문 생산공장으로 1982년에 설립되었으며, 유럽식 정통 육가공제품의 생산을 모토로 출발하여 우수한 기술력과 선진화된 설비를 바탕으로 소비자가 신뢰할 수 있"
006090,(주)사조오양,비대상,유럽," 임직원 안전관리에 만전을 기하고 있습니다. 평택공장은 육가공 전문 생산공장으로 1982년에 설립되었으며, 유럽식 정통 육가공제품의 생산을 모토로 출발하여 우수한 기술력과 선진화된 설비를 바탕으로 소비자가 신뢰할 수 있"
008250,이건산업(주),비대상,유럽,"A를 체결하고 있어 국내에 비해 무역장벽이 낮아 수출판매에도 유리한 영업환경을 지니고 있어 미국, 멕시코, 유럽, 남미 등 다양한 판매시장을 가지고 있습니다.솔로몬 법인은 1995년부터 해외조림을 시작하여 현재까지 끊임"
008250,이건산업(주),비대상,유럽,"고 있는 칠레는 세계 목재시장의 주요 메이커로 성장하고 있으며, 목재 건축자재의 수요가 많은 북미, 남미, 유럽 등과의 거리적 이점을 바탕으로 향후 성장 가능성이 높다고 볼 수 있습니다. 마루바닥재 시장은 친환경ㆍ고급화"
008250,이건산업(주),비대상,유럽, 수익성이 저하된지 오래 되었습니다. 세계 합판시장의 경우 미국시장을 중심으로 급등했던 수요와 가격이 점차 유럽 및 아시아시장 등으로 확산되는 추세를 보이고 있습니다. 그러나 최근 미국 시장의 목재수요가 감소하고 있고 
019170,신풍제약(주),비대상,유럽,0년 3월 : 말라리아치료제 'Pyramax' EMA 에 등록서류 제출 2011년 6월 : 말라리아전용공장 유럽연합우수의약품제조관리기준(EU GMP) 인증 획득 2011년 8월 : 말라리아치료제 'Pyramax' 국내 
019170,신풍제약(주),비대상,유럽,말라리아치료제 'Pyramax' 국내 제16호 신약 승인2012년 2월 : 말라리아치료제 'Pyramax' 유럽약정국(EMA) 제품등록 승인2013년 9월 : 프랑스 LFB와 국내 합작회사 설립에 대한 본계약 체결201
019170,신풍제약(주),비대상,유럽,월 : 프랑스 LFB 합작사업 프로젝트 중단2015년 11월 : 소아용 말라리아치료제 'Pyramax'과립 유럽약정국(EMA) 신약허가승인2016년 5월 : 소아용 말라리아치료제 'Pyramax'과립 한국 식약처 신약허
066360,(주)체리부로,비대상,유럽,"리나라 1인당 육류 소비량은 1980년 11.3kg에서 2018년 53.9kg으로 늘어났습니다. 이 수치는 유럽연합 28개국의 평균인 63kg, OECD 국가의 평균 63.4kg에 비해 12kg 가량 낮은 수치입니다. "
009420,한올바이오파마(주),비대상,유럽," MG (중증근무력증), GO (갑상선안병증), WAIHA (온난항체 용혈성빈혈) 임상 2상 개시 (북미, 유럽, 아시아)- 2020년 3월: GO (or TED, 갑상선안병증) 임상 2a상 결과 발표 (북미) - 20"
009420,한올바이오파마(주),비대상,유럽,"1년 6월: 이뮤노반트, 임상 재개 발표- 2022년 6월: MG (중증근무력증) 임상 3상 개시 (북미, 유럽, 아시아)- 2022년 8월: 일본 MG (중증근무력증) 임상 3상 임상계획서 제출 - 2022년 9월: "
009420,한올바이오파마(주),비대상,유럽,"무력증) 임상 3상 임상계획서 승인 - 2022년 11월: TED (갑상선안병증) 임상 3상 개시 (북미, 유럽, 아시아) - 2022년 12월: CIDP (만성 염증성 탈수초성 다발성 신경병증) 임상 2b상 개시 (북"
098460,(주)고영테크놀러지,비대상,유럽,"(나) 회사의 위험회사는 국제적으로 영업활동을 영위하고 있기 때문에 외환 위험, 특히 주로 미국(USD), 유럽(EUR) 및 일본(JPY)과 관련된 환율 변동 위험에 노출돼 있습니다. 외환 위험은 인식된 자산과 부채, "
098460,(주)고영테크놀러지,비대상,유럽," 판매 204,204,518 172,874,781 지리적 시장 미주 40,854,193 30,939,030 유럽 18,413,785 22,415,052 아시아 123,543,928 97,068,850 국내 21,392,"
098460,(주)고영테크놀러지,비대상,유럽,"연결회사의 위험연결회사는 국제적으로 영업활동을 영위하고 있기 때문에 외환 위험, 특히 주로 미국(USD), 유럽(EUR), 일본(JPY)과 관련된 환율 변동 위험에 노출돼 있습니다. 외환 위험은 인식된 자산과 부채, 해"
300720,한일시멘트(주),1차(2027),유럽,"니다. 반면, 공법의 향상 및 품질의 개선에 따라 과거와 같이 계절적인 제한은 크지 않습니다. (시장여건) 유럽 등 건축 선진국에서는 드라이몰탈 제품이 일반화 되어있으며, 국내 건설시장 역시 사용이 보편화 되고 있는 추"
142280,(주)녹십자엠에스,비대상,유럽," 전국 종합병원 및 검진센터 영업 및 판매 담당 전국 혈액투석액(제) 영업 및 판매 담당 ③ 해외영업팀 : 유럽, 미국, 러시아, 아프리카, 남미, 아시아전역 등 수출 담당 (2) 판매경로 ① 진단 회사 → 종합병원, "
142280,(주)녹십자엠에스,비대상,유럽," : 백만원) 발주처 품 목 공급지역 계약일자 계약만료 수주총액 기 납품액 수주잔고 Arkray HbA1c 유럽,아시아 2019-05-16 2027-05-15 8,147 174 7,985 ※ 계약(공시대상)에 의한 수주"
142280,(주)녹십자엠에스,비대상,유럽, (해외) 형광측정기 FR101 2020년 개발 중 바이오 센서 GREENCARE A1c 당뇨병 2024년 유럽허가 완료 2025.06 GCare LIPID 대사증후군 2024년 유럽허가 완료 2025.06 G6PD 측
105330,(주)케이엔더블유,2차 후보(확인 필요),유럽,"원) 구분 당기 전기 한국 57,636,130 55,575,911 미주 3,212,948 2,576,545 유럽 51,832 - 아시아 20,106,079 20,263,852 기타 51,664 47,326 합 계 81,"
105330,(주)케이엔더블유,2차 후보(확인 필요),유럽,"원) 구분 당기 전기 한국 57,636,130 55,575,911 미주 3,212,948 2,576,545 유럽 51,832 - 아시아 20,106,079 20,263,852 기타 51,664 47,326 합 계 81,"
000250,삼천당제약(주),비대상,유럽,2 독일 OMNIVISION사와 녹내장 치료제 1개품목 허가 취득 2021.12 올로텐 점안액 덴마크 등 북유럽 수출 개시 2022.10 ISO37301 규범준수경영시스템 인증 취득 2023.07 ISO14001 환경경
000250,삼천당제약(주),비대상,유럽,Inc.) 2023.11 황반변성치료제 바이오시밀러 VIAL 및 PFS(Pre-filled Syringe) 유럽 5개국 독점판매권 및 공급계약 체결 2024.03 황반변성치료제 바이오시밀러 VIAL 및 PFS(Pre-f
000250,삼천당제약(주),비대상,유럽,계약 체결 2024.03 황반변성치료제 바이오시밀러 VIAL 및 PFS(Pre-filled Syringe) 유럽 9개국 독점판매권 및 공급계약 체결 2024.05 다회용 제네릭 점안제 2품목 미국 수출 개시 2024.1
025750,(주)한솔홈데코,비대상,유럽,"대두되는 추세입니다. 중국, 태국, 베트남산 중저가 마루와 한국, 말레이시아, 터키산 중고가 마루, 그리고 유럽산 고가 마루까지 각 소비자별 Budget에 따라 선택되며 수입산이 강세였던 2010년대 대비 베트남 제조업"
025750,(주)한솔홈데코,비대상,유럽,"여건 베트남 목재 바닥재 시장은 성장 가능성이 높지만, 중국산 저가 마루, 말레이시아산 중 · 고가 마루, 유럽산 고품질 마루 등으로 경쟁이 치열합니다. 하지만 한솔은 이를 극복하기 위해 베트남 현지에 생산라인을 완비하"
025750,(주)한솔홈데코,비대상,유럽,대학교 경제학 학사 한영회계법인 재직 삼정회계법인 재직 퍼스트데이터 코리아 부장 한솔제지 회계정보 팀장 한솔유럽CFO 現 한솔홈데코 경영지원부문 상무 - - 계열사 임원 7년 2027년 03월 19일 심경보 남 1971
018680,(주)서울제약,비대상,유럽,"1 미국 14/379,989 2014.08.20. US10,092,651 2018.10.09. 등록 2~5 유럽 4개국 (독일, 이태리, 스위스, 스웨덴) 13755861.5 2014.09.26. DE6020130365"
018680,(주)서울제약,비대상,유럽,"네시아 P-00201701773 2017.03.20. IDP000063356 2019.10.08. 등록 4 유럽 3개국 (영국, 프랑스, 독일) 15838561.7 2017.03.23. 3188720 2021.04.21"
018680,(주)서울제약,비대상,유럽,"현재 국내 제약업체들은 주원료의 90% 이상을 해외에 의존하고 있습니다. 이는 국내원료 생산이 품질면에서는 유럽이나 일본, 미국산에 비해, 가격면에서는 인도나 중국산에 비해 경쟁력이 취약한 것에 기인하며 의약품 원료의 "
247540,(주)에코프로비엠,비대상,유럽,"는 시장 변화에 유연히 대응하고, CRMA 및 TCA와 같은 지정학적 리스크를 최소화하기 위해 국내를 넘어 유럽 현지 내 양극재 생산시설을 확보하고자 하며, 시장 수요에 맞춰 보다 유연한 생산능력을 갖출 계획입니다. 이"
247540,(주)에코프로비엠,비대상,유럽,111 50% 167 50% 184 10% Battery(GWh) 72 60% 109 51% 131 20% 유럽 EV(만대) 264 11% 316 20% 315 0% Battery(GWh) 120 32% 163 36% 
247540,(주)에코프로비엠,비대상,유럽, 탄탄한 기반과 정책 지원을 바탕으로 전기차 및 배터리 시장에서 압도적인 규모의 성장을 지속했으나 북미 및 유럽 지역은 상대적으로 저성장 중인 상황입니다. 중국 전기차 시장은 2022년 전세계 전기차 판매량의 약 59.
052420,오성첨단소재(주),비대상,유럽,성이 개선된 보호필름 PFAS free 원료 적용 보호필름 개발 (과불화화합물 규제 회피) 부설 연구소 - 유럽 및 북미의 환경규제 회피 및 대응 목적의 보호필름 개발 2023. 10 ~ 진행중 - 최근 유럽 및 북미에
052420,오성첨단소재(주),비대상,유럽,연구소 - 유럽 및 북미의 환경규제 회피 및 대응 목적의 보호필름 개발 2023. 10 ~ 진행중 - 최근 유럽 및 북미에서는 적어도 하나의 과불화메틸기(-CF3) 또는 과불화 메틸렌기(-CF2-)를 가진 모든 화학물질
044340,(주)위닉스,2차(2028),휠," 냉매를 사용하는 제품에 서 냉매를 압축하는 구동력을 발휘 10,662(8.4%) LG전자 외 기타 절삭물 휠타 및 기타 원재료 5,550(4.4%) 디케이쎈서삼정테크 외 합 계 127,219(100%) - [자회사]"
044340,(주)위닉스,2차(2028),유럽,"완제품 제조와 제습기, 에어컨, 냉장고 등의 핵심부품인 열교환기를 제조, 판매하고 있으며, 미국과 캐나다, 유럽에 소재하는 5개 해외법인은 본사의 생활가전 완제품을 현지에 판매하기 위하여 관련 사업을 운영하며, 양양에 "
044340,(주)위닉스,2차(2028),유럽,"007,870,345 10,057,889,867 미국 18,781,702,436 21,807,689,876 유럽 2,996,482,953 1,673,952,588 태국 7,298,530,421 1,766,583,166 "
044340,(주)위닉스,2차(2028),유럽,022.06 출시 컴팩트 의류건조기 위닉스 연구소 2022.01~2022.08 개발완료 2022.08 출시 유럽향 청정기 위닉스 연구소 2022.03~2022.07 개발완료 2022.09 출시 유럽향 청정기 위닉스 연구
061970,엘비세미콘(주),비대상,유럽,"BM과 첨단 패키징 수요가 급증하는 대전환기를 맞이하였으나, 중국의 공격적인 레거시 공정 점유율 확대와 미·유럽의 자국 중심 반도체 생태계 강화는 국내 기업들에 정교한 대응 전략을 요구하고 있습니다. 이러한 변화 속에서"
319660,피에스케이 주식회사,비대상,유럽," 국내 본사에서는 반도체장비를 제조, 판매 및 부품 판매, 기술서비스를 총괄하고 있습니다. 해외에는 미국, 유럽 아일랜드 지역과 대만 및 싱가포르 등 동남아시아 지역, 중국 지역, 일본 지역의 반도체장비 분야 마케팅, "
319660,피에스케이 주식회사,비대상,유럽," 및 기술 서비스를 담당하는 PSK AMERICA Inc.(Texas Austin 소재)가 운영되고 있고, 유럽 아일랜드에 동일한 사업영역을 담당하는 PSK AMERICA Inc.의 아일랜드 지점이 운영되고 있습니다. "
319660,피에스케이 주식회사,비대상,유럽,장성 1) 지역별 반도체 장비 시장 (단위: 십억 달러) 2023 2024 2025F 2026F 2027F 유럽 6.42 4.34 2.55 3.50 4.84 일본 7.84 7.06 8.15 9.25 10.17 북미 12
003230,삼양식품(주),비대상,유럽,"같습니다. 6.1 부문별 손익 (1) 당기 (단위: 천원) 구 분 대한민국(*) 미국 중국 일본 인도네시아 유럽 싱가포르 보고부문합계 연결조정 연결합계 수익 외부고객으로부터의 수익 904,138,973 609,665,0"
003230,삼양식품(주),비대상,유럽," 매출액이 포함되어 있습니다. (2) 전기 (단위: 천원) 구 분 대한민국(*) 미국 중국 일본 인도네시아 유럽 보고부문합계 연결조정 연결합계 수익 외부고객으로부터의 수익 853,526,992 382,855,450 41"
003230,삼양식품(주),비대상,유럽,"습니다. 6.2 부문별 자산ㆍ부채 (1) 당기말 (단위: 천원) 구 분 대한민국 미국 중국 일본 인도네시아 유럽 싱가포르 보고부문합계 연결조정 연결합계 총자산 2,091,789,045 205,704,076 195,477"
145170,(주)노브랜드,비대상,유럽," 같습니다. (단위: 천원) 구 분 당 기 전 기 국내 41,567,278 47,196,678 국외-미국, 유럽 등 560,600,679 499,048,191 35.3. 계약부채당기와 전기 중 계약부채와 관련하여 수익으"
145170,(주)노브랜드,비대상,유럽,"보당기와 전기의 연결회사의 지역별 매출액은 다음과 같습니다. (당기) (단위: 천원) 구 분 대한민국 미국 유럽 기타 합 계 총매출액 41,567,278 403,247,487 41,739,548 115,613,644 6"
145170,(주)노브랜드,비대상,유럽,"1,739,548 115,613,644 602,167,957 (전기) (단위: 천원) 구 분 대한민국 미국 유럽 기타 합 계 총매출액 47,196,678 419,053,477 37,504,814 42,489,900 54"
003570,SNT다이내믹스(주),2차 후보(확인 필요),기어박스," 창출하는 재화와 용역, 주요 고객의 내역은 다음과 같습니다. 구 분 재 화 주요 고객 운수장비사업 차축, 변속기, 방산품 등 완성차업체, 방산업체 등 기계사업 공작기계 등 기계가공업체 등 (1) 연결회사의 당기와 전기의"
003570,SNT다이내믹스(주),2차 후보(확인 필요),기어박스,"주요사업의 내용 지배회사인 당사는 운수장비사업과 기계사업으로 구분됩니다. 운수장비사업은 방위산업제품(방산용 변속기 및 총화포 등), 차량부품(변속기, 차축 등)으로 구분되고, 기계사업은 공작기계 등으로 구분되어 있으며, "
003570,SNT다이내믹스(주),2차 후보(확인 필요),기어박스,"운수장비사업과 기계사업으로 구분됩니다. 운수장비사업은 방위산업제품(방산용 변속기 및 총화포 등), 차량부품(변속기, 차축 등)으로 구분되고, 기계사업은 공작기계 등으로 구분되어 있으며, 각 사업별 주요 거래처인 방위사업청"
003570,SNT다이내믹스(주),2차 후보(확인 필요),유럽,"05 로컬수출 188,782,367 - 188,782,367 아시아 5,658,986 - 5,658,986 유럽 32,951,535 706 32,952,241 아메리카 24,702,180 5,488 24,707,668 "
003570,SNT다이내믹스(주),2차 후보(확인 필요),유럽,"31 로컬수출 127,438,700 - 127,438,700 아시아 5,592,191 - 5,592,191 유럽 33,632,440 20,260 33,652,700 아메리카 13,097,908 7,306 13,105,2"
003570,SNT다이내믹스(주),2차 후보(확인 필요),유럽,"8,381,138 로컬수출 24,438,504 8,589,265 아시아 4,952,255 4,446,762 유럽 17,721,339 18,708,233 아메리카 9,337,252 4,438,776 합 계 165,235,"
095500,미래나노텍(주),비대상,유럽,"현금및현금성자산 미국 달러화 42,602,902 61,130,904 18,404,767 27,055,007 유럽연합 유로화 130,637 220,218 197,271 301,574 일본 엔화 53,682,520 492,"
095500,미래나노텍(주),비대상,유럽,"입채무및기타채무 미국 달러화 13,904,791 19,951,984 18,483,820 27,171,216 유럽연합 유로화 5,579 9,405 5,254 8,032 일본 엔화 52,632,000 482,967 10,5"
095500,미래나노텍(주),비대상,유럽,인식된 자산과 부채와 관련하여 발생하고 있습니다. 보고기간말 현재 연결회사의 기능통화가 아닌 미국달러화 및 유럽연합 유로화 등과 관련된 환율변동 위험에 노출되어 있는 연결회사의 금융자산ㆍ부채의 내역은 다음과같습니다. (
200130,콜마비앤에이치(주),비대상,유럽,"2010년대에 접어들며 중국을 중심으로 한 범아시아 시장으로의 수출이 빠르게 성장하였습니다. 더불어 북미, 유럽 등 선진시장으로의 수출 역시 과거에 비해 증가하고 있으며 글로벌 업체들의 국내 시장 진출 또한 증가하는 추"
439260,대한조선 주식회사,비대상,유럽,"이 커지게 되었고, 당사 또한 Aframax 탱커선에 해당 시스템을 적용하여 인도한 실적이 있습니다. 주로 유럽 소재의 탱커 선사들과 다수의 계약 실적을 보유하고 있으며, 2017년에는 Aframax 탱커선 세계 시장점"
439260,대한조선 주식회사,비대상,유럽," 우회하여 선박이 이동해야 하지만, 해당 운하를 거쳐갈 경우 홍해에서 지중해로 이동이 가능하기 때문에 주로 유럽-아시아 또는 중동 간 노선에 투입되는 탱커선입니다. 또한, 유럽 대부분 원유 서비스 지역에 이용 가능한 가"
439260,대한조선 주식회사,비대상,유럽,"에서 지중해로 이동이 가능하기 때문에 주로 유럽-아시아 또는 중동 간 노선에 투입되는 탱커선입니다. 또한, 유럽 대부분 원유 서비스 지역에 이용 가능한 가장 큰 사이즈의 탱커선으로 해당 선대 보유 선사들은 아시아 지역보"
0120G0,(주)삼양바이오팜,비대상,유럽,"한 상황입니다.이와 같은 환경에서 삼양바이오팜은 보건복지부에서 인증하는 '혁신형 제약기업'에 선정되었으며, 유럽 및 일본 의약품 생산설비 기준에 적합한 제조시설에서 항암제를 생산하여 국내외에 안정적으로 공급하고 있습니다"
069510,에스텍(주),비대상,유럽,"9년 현재의 사명으로 변경하였습니다. 3월말 결산법인으로 일본 증권거래소에 상장되어 있으며 아시아, 미주, 유럽등에 30개의 자회사로 구성되어 있으며 전자기기 및 전자부품(오디오,TV,CAR용 스피커 및 휴대전화용 헤드"
049070,인탑스(주),비대상,유럽,",876,387,597 (4) 지역별 매출정보 내역 (당기) (단위: 원) 구 분 대한민국 동남아시아 미국 유럽 중국 기 타 합 계 매출액 106,367,201,717 430,852,627,891 4,166,098,23"
049070,인탑스(주),비대상,유럽,",515,532,560 590,781,754,867 (전기) (단위: 원) 구 분 대한민국 동남아시아 미국 유럽 중국 기 타 합 계 매출액 92,206,417,048 423,461,469,724 5,626,157,839"
049070,인탑스(주),비대상,유럽,"로 검토하고 있습니다. (2) 지역별 매출정보 내역 (당기) (단위: 원) 구 분 대한민국 동남아시아 미국 유럽 기타 합 계 매출액 81,606,437,279 20,215,783,869 4,166,098,239 8,30"
308170,(주)씨티알모빌리티,2차 후보(확인 필요),기어박스,"2024년 2023년 매출액 비율 매출액 비율 매출액 비율 구동부분 Shaft Rotor 등 자동차 엔진과 변속기에 소요되는 부품 및 엔진에서 발생한 동력을 전달하는 부품 295,209 63.97% 273,330 63.2"
308170,(주)씨티알모빌리티,2차 후보(확인 필요),기어박스,"4년 2023년 금액 비율(%) 금액 비율(%) 금액 비율(%) 구동 원재료 금속 원재료 등 자동차 엔진과 변속기에소요되는 부품 및 엔진에서 발생한 동력을 전달하는 부품 131,883 38.39% 106,529 31.71"
308170,(주)씨티알모빌리티,2차 후보(확인 필요),기어박스,"2024년 2023년 매출액 비율 매출액 비율 매출액 비율 구동부분 Shaft Rotor 등 자동차 엔진과 변속기에 소요되는 부품 및 엔진에서 발생한 동력을 전달하는 부품 295,209 63.97% 273,330 63.2"
308170,(주)씨티알모빌리티,2차 후보(확인 필요),현가장치," 제품과 서비스를 제공하여 더욱 안전한 세상, 더 나은 삶을 만드는 데 기여하고자 하는 이념으로 구동장치, 현가장치를 생산 및 납품하는 자동차 부품 사업을 영위하고 있습니다. 당사는 울산공장(본사), 대구공장, 서산공장의 "
308170,(주)씨티알모빌리티,2차 후보(확인 필요),현가장치,"양공장을 보유하고 있으며, 구동부품인 로터샤프트, 이너레이스, 오디 클러치보스, 볼스크류, 프로펠라샤프트, 현가부품인 엑슬 등과 종속회사의 현가부품인 컨트롤 암 등을 주요 납품처인 현대차그룹과 자동차 부품업체 및 해외 완성"
308170,(주)씨티알모빌리티,2차 후보(확인 필요),현가장치,"품인 로터샤프트, 이너레이스, 오디 클러치보스, 볼스크류, 프로펠라샤프트, 현가부품인 엑슬 등과 종속회사의 현가부품인 컨트롤 암 등을 주요 납품처인 현대차그룹과 자동차 부품업체 및 해외 완성차업체에 납품하고 있습니다.연결회"
290120,(주)디에이치오토리드,2차 후보(확인 필요),기어박스,"브, 엔진스프링, 캬뷰레터, 라이디에이터, 오일쿨러, 크랭크샤프트, 밸브가이드 동력전달장치 클러치, 차축, 변속기, 기어류, 추진축 공조제품 에어컨, 히터 전장부품 스위치류, 램프류, 전압조절기, 스파크플러그, 발전기, "
290120,(주)디에이치오토리드,2차 후보(확인 필요),기어박스,", 브레이크 부스터, 브레이크드럼, 브레이크 슈, 브레이크 라이닝 조향장치 스티어링 휠, 스티어링 샤프트, 기어박스, 타이로드, 넉클 현가장치 현가스프링, 쇼크옵쇼버 차체부품 패널류, 필러류, 내장재, 차량유리, 범퍼 기타"
290120,(주)디에이치오토리드,2차 후보(확인 필요),기어박스," 긴밀한 유대관계를 유지하며 계열화 구조를 형성하고 있습니다. 대기업 규모의 부품기업은 자본집약적인 엔진, 변속기, 차축 등 1차 조립품을 생산하고 중규모기업은 기능부품의 중간제품과 정밀기계 가공품을 생산하며, 다품종 소"
290120,(주)디에이치오토리드,2차 후보(확인 필요),휠,". 비철금속 압출 형재 제조 및 가공업 2. 비철금속판 제조업 3. 단조품 제조업 4. 주물 제조업(자동차 휠 및 부품류,항공기 및 선박용,공작기계용, 오토바이용, 특수산업 및 일반산업용 주물품등) 5. 특수산업용 기"
290120,(주)디에이치오토리드,2차 후보(확인 필요),휠,"조업 중 비철금속 및 철제품 제조업7. 부동산 개발, 임대업 8. 자동차 관련분야 제조, 판매업9. 자동차 휠 및 부품류, 항공기 및 선박용, 공작기계용, 오토바이용, 특수산업 및 일반산업용 주물품 관련 무역업 및 무"
290120,(주)디에이치오토리드,2차 후보(확인 필요),휠,"tolead (THAILAND) CO.,LTD. 청산 ㈜디에이치오토넥스 (구, ㈜대유플러스) 2014.10 알루미늄휠 부문 ㈜대유글로벌 물적분할 2014.12 제51회 무역의 날 2억불 수출의탑 수상 2016.02 구), ㈜"
290120,(주)디에이치오토리드,2차 후보(확인 필요),현가장치,"해당 중견기업 해당 여부 해당 바. 주요 사업의 내용 당사는 한국표준산업분류상 '자동차용 신품 조향장치 및 현가장치 제조업(30391)'에속하는 회사로서 자동차부품 중 조향장치 제조를 사업목적으로 설립, 스티어링휠 부품을 "
290120,(주)디에이치오토리드,2차 후보(확인 필요),현가장치,"-스티어링 휠] 가. 회사의 현황 (1) 사업의 현황 당사는 한국표준산업분류상 '자동차용 신품 조향장치 및 현가장치 제조업(30391)'에 속하는 회사로서 자동차부품 중 조향장치 제조를 사업목적으로 설립, 스티어링휠 부품을"
290120,(주)디에이치오토리드,2차 후보(확인 필요),현가장치,"크드럼, 브레이크 슈, 브레이크 라이닝 조향장치 스티어링 휠, 스티어링 샤프트, 기어박스, 타이로드, 넉클 현가장치 현가스프링, 쇼크옵쇼버 차체부품 패널류, 필러류, 내장재, 차량유리, 범퍼 기타요소부품 고무벨트, 오일씰,"
290120,(주)디에이치오토리드,2차 후보(확인 필요),라디에이터,"더헤드볼트, 롤링베어링 등 프레스가공품 휠디스크, 휠캡, 범퍼, 연료탱크, 프레임 등 조립부품 에어클리너, 라디에이터, 연료분사장치, 물펌프 등 사용소재별 철강품 실린더블록, 캠샤프트, 기어, 머플러, 브레이크디스크, 플라이"
290120,(주)디에이치오토리드,2차 후보(확인 필요),라디에이터,"철강품 실린더블록, 캠샤프트, 기어, 머플러, 브레이크디스크, 플라이휠 등 비철금속부품 미션케이스, 펌프, 라디에이터, 전장부품, 브라킷 등 고무제품 엔진마운팅, 고무호스, 팬벨트, 웨더스트립, 오일씰 등 플라스틱제품 및 기"
290120,(주)디에이치오토리드,2차 후보(확인 필요),유럽, 전년 대비 2.3% 감소했습니다. 생산은 미국 신공장 및 고관세 등의 불안 요인에도 불구하고 내수 방어와 유럽 친환경차 수출 확대로 일부 보완되면서 전년 대비 1.2% 감소하는 데 그쳐 예상보다 소폭 감소했습니다. 한
290120,(주)디에이치오토리드,2차 후보(확인 필요),유럽,"국 9,534,207 97,520 9,631,727 - 북미 37,359,309 - 37,359,309 - 유럽 7,474,002 759 7,474,761 - 기타국가 159,783 - 159,783 - 합계 54,58"
290120,(주)디에이치오토리드,2차 후보(확인 필요),유럽,"0,732 중국 8,842,420 - 8,842,420 - 북미 9,466,129 - 9,466,129 - 유럽 5,703,547 - 5,703,547 - 기타국가 422,847 - 422,847 - 합계 24,434,"
056190,(주)에스에프에이,2차 후보(확인 필요),기어박스,"~12 설비제작시 필요부품 구동롤러류 공급 SEW유로드라이브 2025.01~12 설비제작시 필요부품 모터, 감속기 공급 경성전기 2025.01~12 설비제작시 필요부품 OMRON Sensor류 공급 삼익 THK 2025."
000490,(주)대동,2차(2028),기어박스,38(2022.09.27) 건설 및 제설 작업용 다목적 운반차량 일체형 무단변속장치(HST) 를 포함한 무단변속기조합에서 전방 작업기 장착용 전방 PTO 포함한 것을특징으로 함. 특허법 2명/12개월 미국에 해외출원 된 
000490,(주)대동,2차(2028),기어박스,"구조 특허법 2명/12개월 한국특허청 등록 특허 12 10-2625242(2024.01.10) 정유압 무단 변속기용 중립판의중립구조 전진, 후진시 중립판이 가압로드에 결합된 브라켓에 항상 일정한 위치에서 접촉되도록 함으로"
000490,(주)대동,2차(2028),기어박스,"5.11.28) 전기 구동식 사륜구동 동력전달장치와이를 장착한 농용 작업차 구동 모터의 회전력을 효율적으로 변속기 및 전후륜 구동축으로전달함으로써 엔진룸에 배치되는 배터리 셀을 위한 공간 활용을극대화함과 아울러, 단일의 "
000490,(주)대동,2차(2028),현가장치,법 2명/12개월 한국특허청 등록 특허 13 10-2647326(2024.03.08) 작업차의 프런트 액슬 서스펜션 기존 논 서스펜션(Non suspension) 작업차의 전방 차축 유닛과 결합 가능하면서도 큰 설계 변경이
000490,(주)대동,2차(2028),현가장치,한국특허청 등록 특허 13 10-2647326(2024.03.08) 작업차의 프런트 액슬 서스펜션 기존 논 서스펜션(Non suspension) 작업차의 전방 차축 유닛과 결합 가능하면서도 큰 설계 변경이나 구조 변경 없이
000490,(주)대동,2차(2028),현가장치,uspension) 작업차의 전방 차축 유닛과 결합 가능하면서도 큰 설계 변경이나 구조 변경 없이 기존 논 서스펜션 작업차의 차체 측에 추가 장착이 가능한 구성을 가짐 특허법 2명/12개월 한국특허청 등록 특허 14 10-
000490,(주)대동,2차(2028),유럽," 국내 농기계전문업체입니다. 농기계용 엔진 및 제품을 국.내외에 영업소, 해외종속법인(미국, 캐나다, 중국,유럽) 및 기타 해외거래처를 통하여 판매하고 있으며 그 주요제품은 트랙터, 콤바인 등으로 구성되어있습니다. 회사"
000490,(주)대동,2차(2028),유럽,")2008.12. 일억불 수출의 탑 수상2010.01. 중국현지법인설립(대동농기안휘유한공사)2010.02. 유럽현지법인설립(Daedong Kioti Europe)2010.03. 공동대표이사 변경(김준식, 곽상철)2010"
000490,(주)대동,2차(2028),유럽,"정입니다. ⑧ 미추진사유 해당 사항 없음 II. 사업의 내용 1. 사업의 개요 당사는 한국, 미국, 중국, 유럽 등에 농기계를 제조 및 판매하는 기업입니다. 또한 당사는 본사를 포함하여 13개의 종속회사로 구성된 농기계"
001070,대한방직(주),비대상,유럽,".(4) 당기와 전기 중 지역별 영업현황은 다음과 같습니다.① 당기 (단위: 원) 구분 대한민국 미주 중국 유럽 아시아 등 연결조정(*) 연결합계 총매출액 91,090,912,413 65,784,871,757 1,695"
001070,대한방직(주),비대상,유럽," 보고부문별 내부거래 및 미실현손익을 제거한 금액 입니다. ② 전기 (단위: 원) 구분 대한민국 미주 중국 유럽 아시아 등 연결조정(*) 연결합계 총매출액 99,382,537,517 32,677,212,799 2,076"
001070,대한방직(주),비대상,유럽,".(4) 당기와 전기 중 지역별 영업현황은 다음과 같습니다.① 당기 (단위: 원) 구분 대한민국 미주 중국 유럽 아시아 등 연결조정(*) 연결합계 총매출액 91,090,912,413 65,784,871,757 1,695"
222080,(주)에스에프에이넥셀,2차 후보(확인 필요),유럽," 496,424,318,994 북미(미국,캐나다) 213,653,451,937 346,461,554,638 유럽(스웨덴,독일,헝가리 외) 14,028,116,769 73,307,886,240 중국 42,850,924,1"
222080,(주)에스에프에이넥셀,2차 후보(확인 필요),유럽," 동향에 맞춰 고체전해질 성능 개선과 제조 설비 확충을 통해 시장 진입을 준비하고 있습니다. 2021년부터 유럽의 주요 전기차 회사와 전고체전지용 고체전해질 평가 프로젝트에 참여하고 있으며, 북미 지역 등 해외 기업들에"
222080,(주)에스에프에이넥셀,2차 후보(확인 필요),유럽,"급망 안정화 및 기술 경쟁력 확보를 위한 정책 지원을 강화하고 있습니다. 미국의 인플레이션감축법(IRA), 유럽연합의 배터리 규정(EU Battery Regulation), 한국의 K-배터리 전략 등 각국의 산업 정책은"
403870,주식회사 에이치피에스피,비대상,유럽,"계, 제작, 검사에 대한 기준을 의미하기도 함 PED Pressure Equipment Directive/ 유럽압력장비인증제도. 유럽 압력장비 지침은 최대 허용 압력 0.5bar(1bar=0.986923기압(atm)) "
403870,주식회사 에이치피에스피,비대상,유럽,한 기준을 의미하기도 함 PED Pressure Equipment Directive/ 유럽압력장비인증제도. 유럽 압력장비 지침은 최대 허용 압력 0.5bar(1bar=0.986923기압(atm)) 이상인 압력장비 및 부
403870,주식회사 에이치피에스피,비대상,유럽,"이중, 삼중의 안전 인터락을 적용하여 철저한 검증 및 안전 관리를 수행하고 있습니다. 특히, 고압 용기에는 유럽의 PED, 미국의 ASME, 국내의 KGS(한국가스안전공사) 등 국내외 인증을 모두 획득한 구조를 적용함으"
000390,에스피삼화(주),비대상,유럽,"7,502,617 520,555,347,496 아시아 34,959,673,745 32,690,199,031 유럽 - 1,140,212,226 아메리카 861,927,174 1,034,920,365 아프리카 264,557"
000390,에스피삼화(주),비대상,유럽," 지역별 매출은 다음과 같습니다. 지역에 대한 공시 당기 (단위 : 원) 지역 지역 합계 국내 외국 아시아 유럽 아메리카 아프리카 오세아니아 수익(매출액) 484,537,502,617 34,959,673,745 0 86"
000390,에스피삼화(주),비대상,유럽," 210,839,679 520,834,500,803 전기 (단위 : 원) 지역 지역 합계 국내 외국 아시아 유럽 아메리카 아프리카 오세아니아 수익(매출액) 520,555,347,496 32,690,199,031 1,14"
025440,(주)디에이치오토웨어,비대상,유럽,"직접적인 자동화 설비 수주확대, 수익성 향상 및 성장 발판 마련 4) 전세계 스텔란티스설비 입찰 자격 취득 유럽 및 동남아등신규 설비 입찰 수주 8. 미추진 사유 - 미추진 내역 없음나. 제조 엔지니어링 서비스 및 관련"
025440,(주)디에이치오토웨어,비대상,유럽,"가격 인상 압박과 4분기 이후 수요 소진 영향으로 전년 대비 1.2% 감소한 1,966만 대에 머물렀으며, 유럽 역시 서유럽 핵심 국가들의 경제적 역풍으로 1.9% 감소한 1,826만 대를 기록했습니다. 반면, 아시아 "
025440,(주)디에이치오토웨어,비대상,유럽,"박과 4분기 이후 수요 소진 영향으로 전년 대비 1.2% 감소한 1,966만 대에 머물렀으며, 유럽 역시 서유럽 핵심 국가들의 경제적 역풍으로 1.9% 감소한 1,826만 대를 기록했습니다. 반면, 아시아 시장은 중국의"
005860,한일사료(주),비대상,유럽,"을 생산, 판매하고 있습니다. 배합사료 공장은 국내 1개(경기도용인시 소재) 가동 중이고, 수입육은 미국, 유럽 등에서 수입하고 있습니다. 국내 사업장으로는 사료 관련 2개(본사 : 용인 / 하치장 : 포천), 수입육은"
019210,(주)와이지-원,비대상,유럽,"기술 영업 및 마케팅을 보강하고 있습니다. 이를 위해 2014년 미국에 Tech Center를 설립하였고, 유럽시장 공략 강화를 위하여 독일에도 Tech Center를 2018년 1월에 설립하였습니다. 마케팅 관련 해외"
019210,(주)와이지-원,비대상,유럽,"삭공구 제품 분류.jpg 절삭공구 제품 분류 3. 원재료 및 생산설비 가. 주요 원재료에 관한 사항 당사는 유럽, 중국 등 복수의 지역, 복수의 거래업체로부터 CARBIDE와 HSS 등 제품생산에 필요한 원재료를 수입하"
019210,(주)와이지-원,비대상,유럽,"구전(Tool Tech Korea), 국제공구기계전(Simtos) 등 전시회에 참가하고 있으며, 해외에서는 유럽금형 전시회, 시카고 국제공작기계 전시회, 동경 국제공작기계 전시회 등 해외전시회에 참가하여 경쟁사 대비 차"
118990,모트렉스 주식회사,2차 후보(확인 필요),휠,"다. 주요 생산품은 자동차용 플로워 카페트(Floor Carpet), 러기지트림(Luggage Trim), 휠가드(Wheel Guard), 언더커버(Under Cover) 등입니다. 주요 고객사는 현대자동차, 기아자동"
118990,모트렉스 주식회사,2차 후보(확인 필요),휠,"트렁크 내부에 고급감을 부여하며, 주행 시 화물의 미끄럼을 방지하여 적재물의 안정성을 향상시킵니다. 또한, 휠가드는 운행중 발생하는 노면소음 및 진동을 흡수하고, 언더커버는 차체 하단의 공기흐름을 원활하게 해주어 차량"
118990,모트렉스 주식회사,2차 후보(확인 필요),휠,"안착, 소음 차단 효과 - Luggage Side Trim : 트렁크 외벽(철판)의 판넬 노출을 막아주고, 휠에서 올라오는 소음 차단 - Trunk Lid : 리드 판넬(철판)를 가려주는 역할 휠가드 (Wheel Gu"
118990,모트렉스 주식회사,2차 후보(확인 필요),유럽,"898 아시아 191,115,531 179,824,945 오세아니아 14,705,789 10,088,879 유럽 32,647,966 32,445,544 기타 9,139,540 20,366,227 합계 702,273,81"
118990,모트렉스 주식회사,2차 후보(확인 필요),유럽,",352 4,059,571 아시아 2,886,288 2,907,319 오세아니아 298,500 77,399 유럽 39,596 121,587 합계 475,161,796 492,407,923 상기의 비유동자산은 유형자산 및"
118990,모트렉스 주식회사,2차 후보(확인 필요),유럽,"을 토대로 지역별로 제품을 차별화하고 수준 높은 A/S를 제공하여 M/S 확대에 노력하고 있습니다. 북미, 유럽, 중동 등 광범위한 글로벌 네트워크를 보유하여 건설 현장에서 필수장비인 콘크리트 펌프카 시장에서 지속적으로"
009290,광동제약(주),비대상,유럽,"의약품 시장이 지속적인 인구증가 및 평균수명의 연장, 생활수준 향상에 따른 건강에 대한 관심 증대, 미국과 유럽의 다국적 제약회사를 중심으로 한 활발한 신약출시 등으로 지속 성장하였으며, 국내 의약품 시장 또한 사회의 "
009290,광동제약(주),비대상,유럽,"국내 1,635,958,088 1,402,858,166 외국 아시아 34,108,301 29,040,284 유럽 13,913,478 10,056,831 중요한 조정사항 연결조정 (24,467,409) (121,625,7"
009290,광동제약(주),비대상,유럽,"국내 1,629,938,239 1,245,318,337 외국 아시아 30,837,969 20,559,351 유럽 7,589,859 2,197,764 중요한 조정사항 연결조정 (27,647,218) (97,800,303)"
217590,(주)티엠씨,2차(2028),유럽,"계 340,884,970 362,513,662 지리적 시장 국내 231,385,509 235,948,758 유럽 2,525,057 4,611,246 미주 20,132,234 24,953,567 아시아 83,201,434"
217590,(주)티엠씨,2차(2028),유럽,"계 325,654,596 347,554,232 지리적 시장 국내 216,577,515 221,797,440 유럽 2,525,057 4,267,566 미주 20,132,233 24,953,567 아시아 82,779,054"
217590,(주)티엠씨,2차(2028),유럽,"이터센터 증설, 통신망 고도화에 따라 광케이블 시장은 구조적 성장 산업으로 평가받고 있습니다. 특히 북미, 유럽, 아시아 지역을 중심으로 데이터센터 투자가 지속 확대되고 있으며, 이에 따른 고성능 광케이블 수요가 증가하"
102120,어보브반도체(주),비대상,유럽,"업은 가전용 전자기기에 사용되는 8-bit, 32-bit MCU이며 국내 및 중국, 일본 시장 그리고 최근 유럽 및 인도 등의 시장을 개척하고 있습니다. MCU 기술의 핵심 중에 하나인 각종 아날로그IP에 대해서는 자체"
102120,어보브반도체(주),비대상,유럽,"액 당사는 삼성전자, LG전자 등 국내 일류 가전사들을 비롯하여 중국의 Midea, XIAOMI 및 일본, 유럽, 미국의 유수한 업체에 제품을 공급하며, 당사의 주요종속회사인 (주)윈팩을 통하여 반도체 공정의 주요한 세"
102120,어보브반도체(주),비대상,유럽," 있습니다. 당사의 주력 사업은 8-bit, 32-bit MCU이며 국내 및 중국, 일본 시장 그리고 최근 유럽 및 인도 등의 시장을 개척하고 있습니다. 당사는 MCU 회사의 핵심인 각종 아날로그 IP의 자체 설계 기술"
015590,디케이엠이(주),2차 후보(확인 필요),유럽,"단계입니다. 재생에너지 여건이 유리한 지역 중심으로 GW급의 초대형 수소생산 프로젝트가 증가하고 있습니다. 유럽이 계획하고 있는 수소 프로젝트에 대한 투자는 전세계의 35%인 1,170억 달러에 달합니다. 남미와 북미는"
015590,디케이엠이(주),2차 후보(확인 필요),유럽,"북미 지역은 실제 수소 프로젝트 시작으로 약 100억달러가 집행되어, 실제 집행된 투자 금액 기준으로 보면 유럽의 실제 투자 규모를 상회합니다. 초대형 프로젝트(1GW 이상의 수소 생산)는 전세계 총 112개로 2022"
015590,디케이엠이(주),2차 후보(확인 필요),유럽,"대엔지니어링, Technip 등 지역에 대한 공시 지역에 대한 공시 당기 (단위 : 원) 한국 아시아 미주 유럽 중동 기타 지역 합계 영업수익 4,090,211,142 11,643,489,926 7,211,329,100"
036930,주성엔지니어링(주),2차 후보(확인 필요),유럽,"과 협업2015년 JUSUNG Pacific 청산 및 JUSUNG Taiwan 설립 후 본사 영업팀과 협업 유럽 2000년 2월까지는 주성 본사에서 직접영업2000년 4월 현지법인 JUSUNG Europe 설립 후, 본"
036930,주성엔지니어링(주),2차 후보(확인 필요),유럽,"해서 이루어지고 있으나 1999년 8월말 미국 현지법인의 설립을 계기로 2000년부터 중국, 미국, 대만, 유럽은 현지법인과 당사 영업팀 간의 협업을 통해 영업망을 구축하고 있습니다. 향후 세계 각 지역에 현지법인 및 "
036930,주성엔지니어링(주),2차 후보(확인 필요),유럽, 갖는 구조에서도 피복성(Step Coverage)과 막질이우수한 박막 확보 가능함. 2003년 하반기에는 유럽의 소자업체에 납품하여 현재 양산 검증 진행 중. 300mm Ta2O5-MOCVD장비 개발 주성 연구소 30
065060,(주)지엔코,비대상,기어박스,"(FORWARD)를 출시하여 판매하고 있습니다. 2) 산업의 성장성 3.5톤 ELF트럭 장축 AMT(자동화 변속기) 차종 외에 단축, 초장축 및 MT(수동변속기) 차량을 판매 중에 있습니다. 2020년 8월부터 5톤 중형"
065060,(주)지엔코,비대상,기어박스," 2) 산업의 성장성 3.5톤 ELF트럭 장축 AMT(자동화 변속기) 차종 외에 단축, 초장축 및 MT(수동변속기) 차량을 판매 중에 있습니다. 2020년 8월부터 5톤 중형트럭 판매를 시작으로 2.5톤 저상트럭, 상용 "
065060,(주)지엔코,비대상,유럽," 감성캐주얼 브랜드 써스데이아일랜드,하나의 뉘앙스가 아닌 다양성이 공존하는 무경계성 장르 브랜드 논타입, 북유럽 스타일의 남성복 컨템캐주얼 PLADS7, 프리미엄 니치향수 및 라이프스타일 뷰티 아이템 에타페, 유니크하고"
065060,(주)지엔코,비대상,유럽,"감성캐주얼 브랜드 써스데이아일랜드, 하나의 뉘앙스가 아닌 다양성이 공존하는 무경계성 장르 브랜드 논타입, 북유럽 스타일의 남성복 컨템캐주얼 PLADS7, 프리미엄 니치향수 및 라이프스타일 뷰티 아이템 에타페, 유니크하고"
065060,(주)지엔코,비대상,유럽,"감성캐주얼 브랜드 써스데이아일랜드, 하나의 뉘앙스가 아닌 다양성이 공존하는 무경계성 장르 브랜드 논타입, 북유럽스타일의 남성복 컨템캐주얼 PLADS7, 프리미엄 니치향수 및 라이프스타일 뷰티아이템 에타페, 유니크하고 자"
069460,(주)대호에이엘,1차(2027),유럽,"174,336 40,978,688,076 9,399,968,842 168,532,831,254 지리적 시장 유럽 - 11,820,981,332 - 11,820,981,332 - 6,741,201,135 - 6,741,2"
069460,(주)대호에이엘,1차(2027),유럽,".0 2.0 1.5 2.4 (자료원 : 한국비철금속협회, 자체자료조사) 철도차량산업은 세계의 철도공급시장은 유럽을 중심으로 이루어지고 있어서 유럽이 세계철도공급시장의 약50%를 차지하고 있으며, 아시아와 호주권이 30%"
069460,(주)대호에이엘,1차(2027),유럽," : 한국비철금속협회, 자체자료조사) 철도차량산업은 세계의 철도공급시장은 유럽을 중심으로 이루어지고 있어서 유럽이 세계철도공급시장의 약50%를 차지하고 있으며, 아시아와 호주권이 30%, 북미와 중남미가 약7~8%정도를"
198080,(주)캐프,비대상,유럽,"발달에 따른 평균 차량 연령 증가에 기인한 자동차 운행대수의 증가 때문인 것으로 판단됩니다. (3) 미주, 유럽 및 아시아 중심의 시장으로 품질 및 가격민감도에 따른 시장 와이퍼 블레이드 주요시장은 미국, 유럽, 아시아"
198080,(주)캐프,비대상,유럽," 미주, 유럽 및 아시아 중심의 시장으로 품질 및 가격민감도에 따른 시장 와이퍼 블레이드 주요시장은 미국, 유럽, 아시아 등 다양한 지역에 분포되어 있으며, 향후 글로벌 신차 판매 전망에 근거 시 미국, 유럽 및 아시아"
198080,(주)캐프,비대상,유럽,"은 미국, 유럽, 아시아 등 다양한 지역에 분포되어 있으며, 향후 글로벌 신차 판매 전망에 근거 시 미국, 유럽 및 아시아 지역들이 현재와 같이 주요시장의 지위를 유지할 것으로 예상됩니다. 미주시장은 대형 유통 바이어 "
061090,(주)세나테크놀로지,비대상,유럽," 커뮤니케이션' 웨어러블 스마트 기기를 개발, 제조 및 판매하는 기업입니다.당사의 모든 경영 활동은 북미와 유럽을 중심으로 한 글로벌 시장에 맞춰져 있습니다. '글로벌 제품만이 시장을 주도할 수 있다'는 철학 아래, 모"
061090,(주)세나테크놀로지,비대상,유럽," 프리미엄 브랜드로 성장시켰습니다.글로벌 비즈니스 공략의 '허브(Hub)' 역할을 미국 법인이 수행하면서, 유럽(독일, 프랑스)법인을 통해 빠르게 시장을 확장하여 현재 글로벌 140여 개국, 약 4천여개의 대리점과 판매"
061090,(주)세나테크놀로지,비대상,유럽,"매출액 비중 매출액 비중 매출액 비중 북미 44,371 24.8 46,554 27.8 51,720 33.7 유럽 98,911 55.2 93,453 55.8 79,087 51.5 아시아 28,048 15.6 23,341 "
282880,(주)코윈로보틱스,2차 후보(확인 필요),휠,국 15 특허권 물류자동화 겐트리 시스템 ㈜코윈테크 2025.10.22 대한민국 16 특허권 4웨이 셔틀의 휠 레벨 제어장치 ㈜코윈테크 2025.10.30 대한민국 17 특허권 운반 대상물에 대한 무인 운반 장비의 접
282880,(주)코윈로보틱스,2차 후보(확인 필요),유럽,"70,777,482 북미 81,886,072 35,471,051 아시아 1,057,757 3,254,415 유럽 7,438,621 41,364,064 합 계 130,680,712 150,867,012 재화나 용역의 이전"
282880,(주)코윈로보틱스,2차 후보(확인 필요),유럽,",110,573 북미 88,199,665 56,606,296 아시아 11,236,573 35,030,096 유럽 11,463,058 94,642,988 합 계 154,701,003 244,389,953 재화나 용역의 이"
282880,(주)코윈로보틱스,2차 후보(확인 필요),유럽,"1) 주요 생산시설 및 사업장 현황당사는 충남 아산 본사 및 3개의 사업장을 포함해 북미(미국, 캐나다), 유럽(폴란드, 헝가리), 아시아(중국)에 현지 법인을 두고 자동화시스템 제조 및 판매 등의 사업을 수행하고 있습"
103140,(주)풍산,비대상,라디에이터,"터 등 주요부품에 사용되고 있습니다. 자동차 및 선박, 항공기 분야에서는 우수한 내식성과 열전도성으로 인해 라디에이터 등 주요부품에 많은 수요를 보이고 있습니다. 최근 IT, AI, 정보통신 산업의 발전 및 자동차의 전장화는"
103140,(주)풍산,비대상,유럽,"요소기술과 품질의 우수성을 토대로 군용탄, 스포츠탄 등을 북미지역 등에 지속적으로 수출하고 있으며 아시아, 유럽, 중동 등 세계시장 확대를 추진 중에 있습니다. 다. 회사의 현황 (1) 영업개황당사의 사업은 크게 신동사"
240550,(주)동방메디컬,2차 후보(확인 필요),유럽,", 엘라스티 필러, 엘라스티 스레드, DBC, Acuprime 등)로 국내 판매 및 아시아, 북미, 남미, 유럽 등 세계 50여 개국에 수출해오고 있습니다. 당사의 한방의료기기 부문은 1985년 동방침구제작소로 설립된 "
240550,(주)동방메디컬,2차 후보(확인 필요),유럽,", 엘라스티 필러, 엘라스티 스레드, DBC, Acuprime 등)로 국내 판매 및 아시아, 북미, 남미, 유럽 등 세계 50여 개국에 수출해오고 있습니다. 당사의 한방의료기기 부문은 1985년 동방침구제작소로 설립된 "
009320,아진전자부품(주),2차 후보(확인 필요),기어박스,"은 수준의 기술과 노하우가 필요하며, 생산라인의 유연성이 요구됩니다. 높은 기술력이 필요한 산업으로 엔진, 변속기, 브레이크 등의 부품을 생산하는 데에는 첨단 기술이 필요합니다. 또, 안전성과 편의성을 높이기 위해 다양한"
009320,아진전자부품(주),2차 후보(확인 필요),현가장치,7 현대차향 자동차 브레이크 제어기 RS4 PE SCU DUAL '25.03 ~ 26.12 현대차향 자동차 서스펜션 컨트롤 제어기 7. 기타 참고사항 (1) 자동차 전장사업 ① 산업의 특성 : 자동차 산업은 대규모 자본이 
009320,아진전자부품(주),2차 후보(확인 필요),유럽," 살펴보면, 북미 시장은 고금리 지속과 신차 가격 상승으로 소비자 부담이 증가하여 회복세가 둔화되었습니다. 유럽 시장은 전기차 수요 둔화와 중국 업체와의 경쟁 심화로 어려움을 겪고 있습니다. 한편, 중국 시장은 전기차 "
024120,KB오토시스(주),2차 후보(확인 필요),유럽, 1. 연구과제 : 친환경 브레이크 패드 2. 연구기관 : 기술제휴선과 공동개발 3. 연구결과 및 기대효과 유럽 환경기준 만족 4. 연구결과가 제품에 반영된 경우 당해 제품 등의 명칭과 그 반영내용 현재 양산 제품에 적
090410,(주)덕신이피씨,1차(2027),유럽,"1000만불탑’ 수상보건복지부주관 대한민국 나눔대상 장관상 수상행복한 중기경영대상 산업통상자원부장관상 수상 유럽 CE인증 취득서울시, 천안시, 전라북도 유공납세자 수상건설의 날 국토교통부장관상 수상일본 평정 인증서 취득"
090410,(주)덕신이피씨,1차(2027),유럽,"신제품인 탈형 데크플레이트(에코데크) 생산을 위해 필요한 기반 기술을 확보하였습니다. 이는 선진기술의 도입(유럽과 일본)과 자체개발에 의해 가능한 것으로, 당사 주력 제품의 원천 기술처인 일본에 역으로 관련 기술 능력을"
084680,(주)이월드,비대상,유럽," 테마파크사업부는 1995년 3월28일 개장한 이월드를 운영하고 있으며 국내 유일의 타워와 파크가 어우러진 유럽식 도시공원으로서 파크에는 다양한 모험과 스릴을 즐길 수 있는 30여개의 어트랙션, 사계절 다양한 컨텐츠를 "
214150,(주)클래시스,2차 후보(확인 필요),유럽,민국 코스닥기업 최고상 국무총리상 수상 2025 03 코스닥시장 공시 우수법인 선정 05 VOLNEWMER 유럽 CE MDR 인증 07 쿼드세이(QUADESSY) 국내 런칭 08 ULTRAFORMER MPT 유럽 CE 
214150,(주)클래시스,2차 후보(확인 필요),유럽,MER 유럽 CE MDR 인증 07 쿼드세이(QUADESSY) 국내 런칭 08 ULTRAFORMER MPT 유럽 CE MDR 인증 09 한국IR대상 우수상 수상 10 Classys Brasil 법인 설립 11 슈링크홈 
214150,(주)클래시스,2차 후보(확인 필요),유럽,"넷쇼핑몰(http://classysmall.com)에서 주로 판매가 이루어지고 있습니다. 해외영업은 미주, 유럽/중동, 아시아 등 각 팀으로 나누어져 현지 시장 상황의 이해도가 높은 직원들이 영업을 하고 있습니다. 해외"
002840,미원상사(주),비대상,유럽,"iwon North America. Inc. Miwon Specialty Chemical USA, Inc. 유럽 Miwon Europe GmbH, Miwon Spain S.L.U., Miwon Austria F&E Gm"
002840,미원상사(주),비대상,유럽,"iwon North America. Inc. Miwon Specialty Chemical USA, Inc. 유럽 Miwon Europe GmbH, Miwon Spain S.L.U., Miwon Austria F&E Gm"
002840,미원상사(주),비대상,유럽,"iwon North America. Inc. Miwon Specialty Chemical USA, Inc. 유럽 Miwon Europe GmbH, Miwon Spain S.L.U., Miwon Austria F&E Gm"
066900,(주)디에이피,비대상,유럽,"으로서, 이에 효율적으로 대처하지 못할 경우 국내 PCB 업계의 경쟁력이 저하될 것으로 판단됩니다. 참고로 유럽연합은 전자산업의 유해물질을 금지하는 전기전자장비폐기물(WEEE : Waste Electrical & Ele"
066900,(주)디에이피,비대상,유럽,"역에 대한 공시 당기 (단위 : 천원) 매출액 지역 국내 164,472,384 아시아 150,679,613 유럽 8,150,308 아메리카 6,240,657 지역 합계 329,542,962 전기 (단위 : 천원) 매출액"
066900,(주)디에이피,비대상,유럽,",542,962 전기 (단위 : 천원) 매출액 지역 국내 187,326,281 아시아 140,932,685 유럽 10,876,800 아메리카 7,472,731 지역 합계 346,608,497 주요 고객에 대한 공시 당기"
018500,동원모빌리티(주),2차 후보(확인 필요),유럽,"내매출 131,073,608 116,075,107 해외매출 북미 334,407,594 291,435,594 유럽 139,156,883 130,011,387 중국 375,207 1,756,152 기타 21,222,797 "
018500,동원모빌리티(주),2차 후보(확인 필요),유럽,"인 생산시스템 구축으로 생산성 증가는 물론 품질향상에 더 한층 도약하였으며 국내지역별 사업장 구축과 미국, 유럽, 아시아, 브라질, 멕시코의 해외지역별 사업장 운영과 연구개발에 대한 지속적인 투자와 성과는 시너지효과를 "
018500,동원모빌리티(주),2차 후보(확인 필요),유럽,"내매출 131,073,608 116,075,107 해외매출 북미 334,407,594 291,435,594 유럽 139,156,883 130,011,387 중국 375,207 1,756,152 기타 21,222,797 "
009190,(주)대양금속,1차(2027),유럽,",211,619 아시아 23,494,311 16,169,163 남미 22,547,164 28,793,663 유럽 71,454,316 56,756,965 중동 - 631,929 합 계 223,485,345 215,563,"
009190,(주)대양금속,1차(2027),유럽,",211,619 아시아 23,494,311 16,169,163 남미 22,547,164 28,793,663 유럽 71,454,316 56,756,965 중동 - 631,929 합 계 223,407,048 215,563,"
009190,(주)대양금속,1차(2027),유럽,"/T 결제 등 4) 판매전략 (1) 초박판의 신규시장 개척 (고부가가치 제품 확대)(2) 수출시장의 개척 (유럽시장 및 동남아, 북미 등)(3) 국내외 대형 가전사를 고객으로 확보하여 물량 안정화 (4) 유통물량 축소,"
004440,(주)삼일씨엔에스,비대상,유럽,Round 2의 대형 해상풍력 발전단지의 트랜지션피스 공급계약을 체결하여 현재 제작이 진행 중입니다. 또한 유럽시장의 성장성을 예의주시하고 있으며 진출가능성을 모색하고 있는 실정입니다. 강교는 국가 SOC 사업의 일부로
004440,(주)삼일씨엔에스,비대상,유럽,"rtificate of Conformity of the Factory Production Control)은 유럽연합(EU)에서 요구하는 건설 제품의 품질과 일관성을 보장하기 위한 인증으로, 철강 구조물 제조업체가 제품의"
004440,(주)삼일씨엔에스,비대상,유럽,"구하는 건설 제품의 품질과 일관성을 보장하기 위한 인증으로, 철강 구조물 제조업체가 제품의 성능을 유지하고 유럽시장에 진출할 수 있도록 하는 중요한 인증입니다. 당사는 이를 통해 유럽 표준에 부합하는 고품질의 제품을 공"
005870,(주)휴니드테크놀러지스,비대상,유럽,"3,831,084) (12,032,815) 지역에 대한 공시 당기 (단위 : 천원) 본사 소재지 국가 북미 유럽 지역 합계 수익(매출액) 93,507,788 43,678,114 0 137,185,902 전기 (단위 : "
005870,(주)휴니드테크놀러지스,비대상,유럽,",507,788 43,678,114 0 137,185,902 전기 (단위 : 천원) 본사 소재지 국가 북미 유럽 지역 합계 수익(매출액) 204,984,165 25,811,326 5,097 230,800,588 외부고객"
005870,(주)휴니드테크놀러지스,비대상,유럽," 방산시장은 우크라이나 전쟁 장기화, 중동지역의 긴장고조 등에 따라 구조적인 성장기에 진입하였습니다. 특히 유럽 및 인도-태평양 지역을 중심으로 노후 무기체계의 신속한 교체와 현대화 수요가 급증하며 각국의 방위예산이 대"
016790,현대사료(주),비대상,기어박스,연장 14 액상 온수라인 교체 (노후화로 인한 교체 공사) 20 기존시설의 내용연수의 연장 15 메인 믹서 감속기 스페어 (트러블 발생시 신속한 조치) 25 기존시설 스페어 구입 합계 929 4. 매출 및 수주상황 가. 
121800,(주)비덴트,비대상,유럽," 10,150 100% 제품유형별 특징은 다음과 같습니다. 제품유형 설 명 LVM Series 이 제품군은 유럽방송연합(EBU)의 Grade2 디스플레이에 해당됩니다. 디지털 신호 (SD-SDI, HD-SDI, 3G-S"
121800,(주)비덴트,비대상,유럽,"밝은 주의 환경에서 오는 모니터링의 불편함을 최소화 하도록 설계하고 있습니다. B Series 이 제품군은 유럽방송연합(EBU)의 Grade2 디스플레이에 해당됩니다. 다양한 방송 신호 (SD-SDI, HD-SDI, 3"
121800,(주)비덴트,비대상,유럽,Color관련 기능과 HDR 입력 모드를 지원하는 전문가용 모니터 입니다. SVM Series 이 제품군은 유럽방송연합(EBU)의 Grade2 디스플레이에 해당됩니다. 다양한 방송 신호 (12G-SDI를 포함한 모든 포
073240,금호타이어(주),비대상,유럽,화 - 공시대상기간 중 해당사항 없습니다. 아. 그 밖에 경영활동과 관련된 중요한 사항 - 2021년 3월 유럽 유력 자동차 전문지 아우토 빌트 여름용 타이어 성능 테스트 최우수등급 획득(엑스타 HS51) - 2021년
073240,금호타이어(주),비대상,유럽,"부문 품목 지역 제23기 제22기 제21기 전체연결 타이어 한국 646,950 733,194 767,184 유럽 1,277,600 1,203,914 970,839 북미 1,587,263 1,388,148 1,245,72"
073240,금호타이어(주),비대상,유럽,"개발 활동을 위한 미국 연구소 KATC (KUMHO AMERICA TECHNICAL CENTER)와 독일에 유럽 연구소 KETC (KUMHO EUROPE TECHNICAL CENTER), 중국연구소 KCTC (KUMHO"
053700,삼보모터스(주),2차 후보(확인 필요),기어박스,"230* 홈페이지 : http://www.sambomotors.com라. 주요사업의 내용당사는 자동차의 자동변속기를 구성하는 부품 및 자동차 내부의 air, water, oil 등이 이동하는 통로가 되는 파이프류 제품을 "
053700,삼보모터스(주),2차 후보(확인 필요),기어박스," 아이템인 자동차용 파이프류를 생산 및 판매하고 있습니다. 2. 지배회사의 사업의 개요 당사는 자동차의 자동변속기를 구성하는 부품 및 자동차 내부의 air, water, oil 등이 이동하는 통로가 되는 파이프류 제품을 "
053700,삼보모터스(주),2차 후보(확인 필요),기어박스,"다수의 친환경자동차 아이템을 수주하여 생산을 시작하였습니다. (2) 시장점유율 등자동차용 Pipe 및 오토 트랜스미션용 Plate 사업부문은 동종업계 국내외 최고의 경쟁력을 보유하고 있으며, 당사의 현대/기아차 점유율은 85"
053700,삼보모터스(주),2차 후보(확인 필요),유럽,"장은 지난 20년간 폭발적인 성장을 했습니다. 또 다른 성장을 위하여 각국의 완성차 업체들은 중국, 인도, 유럽, 러시아, 아프리카, 동남아시아 등 세계 곳곳에 완성차 공장과 부품사를 설립하였습니다. 근래에는 전기와 수"
053700,삼보모터스(주),2차 후보(확인 필요),유럽,"성자동차 및 자동차 부품 산업은 소비자의 소득수준과 각국의 시민의식에 영향을 받습니다. 환경문제와 관련하여 유럽에서는 향후 디젤 자동차의 생산과 운행을 엄격하게 규제하려는 움직임이 있으나, 상대적으로 인도나 동남아시아 "
053700,삼보모터스(주),2차 후보(확인 필요),유럽," 영업부문 중요한 조정사항 부문간 제거한 금액 지역 지역 합계 지역 지역 합계 본사 소재지 국가 중국 일본 유럽 미주 인도 본사 소재지 국가 중국 일본 유럽 미주 인도 수익(매출액) 1,288,057,942,591 44"
016740,(주)두올,2차 후보(확인 필요),유럽,"신규 설립되었습니다. 7. 영업부문(1) 연결실체의 보고부문은 제품을 생산하는 지역에 따라 국내, 아시아, 유럽, 아메리카 및 아프리카 지역으로 분류하고 있습니다. (2) 보고기간 중 각 보고부문별 경영성과는 다음과 같"
016740,(주)두올,2차 후보(확인 필요),유럽,"(2) 보고기간 중 각 보고부문별 경영성과는 다음과 같습니다.1) 당기 (단위: 천원) 구 분 국내 아시아 유럽 아메리카 아프리카 내부거래제거 합 계 매출액 293,221,162 160,286,753 447,634,22"
016740,(주)두올,2차 후보(확인 필요),유럽,"7 3,607,259 (295,263) 101,211,708 2) 전기 (단위: 천원) 구 분 국내 아시아 유럽 아메리카 아프리카 내부거래제거 합 계 매출액 316,761,988 142,680,125 437,984,42"
028300,에이치엘비(주),비대상,유럽,"부채로 계상되어 있습니다. (4) 연결실체는 에이치엘비생명과학㈜과 리보세라닙의 한국 내 독점개발, 판매 및 유럽, 일본에 대한 수익 지분 약정을 체결하고 있습니다. (5) 지배기업이 보유한 ㈜오리지널아카이브 보통주 중 "
028300,에이치엘비(주),비대상,유럽,"USD 3.9백만 입니다. 34.7 연결실체는 에이치엘비생명과학㈜과 리보세라닙의 한국내 독점개발, 판매 및 유럽, 일본에 대한 수익 지분 약정을 체결하고 있습니다. 34.8 당기말 현재 특수관계자가 연결실체를 위해 제공"
028300,에이치엘비(주),비대상,유럽,한 글로벌 라이선스 계약 종료 및 EU 마케팅 권리 반납 2024. 07. 표적항암제 Rivoceranib 유럽 EMA 희귀의약품 지정(간암) 2024. 12.. 미국 나스닥 상장사 Relay Therapeutics와 
079980,(주)휴비스,비대상,유럽,"는 SF의 생산, 판매 사업을 영위하고 있습니다. 또한, (주)휴비스는 글로벌 리더쉽 강화를 위해, 미국, 유럽 등 핵심시장 내 현지화를 통한 글로컬라이제이션 전략의 일환으로 2018년 4월30일 해외 합작투자, M&A"
079980,(주)휴비스,비대상,유럽,"성이 뛰어나 다양한 용도 적용(필름, 식품용기 등) (출처: 회사제시자료) ① 주요 목표 시장 당사는 현재 유럽 및 북미시장을 주요 시장으로 하고 있으며, 그 외에도 남미, 아시아, 중국 등 전 세계 시장에서 판매를 하"
079980,(주)휴비스,비대상,유럽,"며, 그 외에도 폴리에스터의 광범위한 사용 용도로 인해 다양한 거래처들을 많이 확보하고 있습니다. 미국이나 유럽 등 품질 및 서비스를 중시하는 선진국 시장의 거래선들은 그 선호도에 따라 지역별 경쟁력 있는 Distrib"
248070,주식회사 솔루엠,비대상,유럽, 2015.09 회사 영업 시작 2015.11 미국 판매법인 설립 (캘리포니아 산호세 소재) 2015.12 유럽 판매법인 설립 (독일 프랑크푸르트 소재) 2015.12 벤처기업 인증 획득 2016.02 베트남 생산법인 
248070,주식회사 솔루엠,비대상,유럽,"법인 인도 삼성전자 인도 미 주 판매법인 미국,캐나다,멕시코 삼성전자 미국, ESL 거래선 유 럽 판매법인 유럽 전지역 ESL 등 거래선 일 본 판매법인 일본 ESL 등 거래선 라틴아메리카판매법인 라틴아메리카 ESL 등"
248070,주식회사 솔루엠,비대상,유럽, 성장을 기록할 것으로 전망됩니다. [ ICT 사업부문 ] (1) 산업의 특성 ESL은 인건비 절감을 위해 유럽 리테일 시장에서부터 빠르게 도입되었습니다. 도입 초창기 ESL은 Pricer(스웨덴)와 VUSION-Gro
002880,(주)디와이에이,2차 후보(확인 필요),휠,주)대유디엠씨에서 (주)대유에이텍으로 변경하였습니다. 한편 당사는 2015년 8월 3일물적분할 방식에 의해 알루미늄휠 제조 및 판매부문을 분할신설회사인 (주)대유합금으로 포괄이전하였습니다. 수차례의 유ㆍ무상증자(감자) 등을 
002880,(주)디와이에이,2차 후보(확인 필요),휠,)대유디엠씨에서 (주)대유에이텍으로 변경하였습니다. 한편 당사는 2015년 8월 3일 물적분할 방식에 의해 알루미늄 휠 제조 및 판매부문을 분할신설회사인 (주)대유합금으로 포괄이전하였습니다. 수차례의 유ㆍ무상증자 등을 통하여 
002880,(주)디와이에이,2차 후보(확인 필요),휠,주)대유디엠씨에서 (주)대유에이텍으로 변경하였습니다. 한편 당사는 2015년 8월 3일물적분할 방식에 의해 알루미늄휠 제조 및 판매부문을 분할신설회사인 (주)대유합금으로 포괄이전하였습니다. 수차례의 유ㆍ무상증자(감자) 등을 
037330,(주)인지디스플레이,비대상,기어박스,"HASSIS류의 제품과 BTM CHASSIS류의 제품으로 구성되어 있습니다.자동차 사업부의 주요제품은 엔진/변속기 알루미늄 다이캐스팅 부품인 CRANK CASE, LF/YG HEV MOTOR & HOUSING 등으로 구성"
037330,(주)인지디스플레이,비대상,기어박스," EV 10,884 8,704 9,552 엔진부품 감마,R-ENG,카파 10,709 10,547 9,257 변속기부품 4속,6속,8속 20,461 20,282 18,644 ※ 제품별 평균가격은 당기 제품군 매출액을 판매수"
037330,(주)인지디스플레이,비대상,기어박스,"부품 D/C설비 3대, 가공 자동화 2개라인, 조립 자동화 2개라인, TCT 가공 5개라인, 조립 5개라인 변속기부품 D/C설비 4대, 가공 자동화 2개라인,조립자동화 2개라인, TCT 가공 2개라인, 조립 1개라인 보고"
037330,(주)인지디스플레이,비대상,유럽,선언하는 국가가 많아지면서 전기차 판매 호조가 이어지고 있습니다. 미국 바이든 정부의 친환경 정책 강화 및 유럽 그린 딜을 추진 등 세계 각국의 환경 규제와 전기차 지원 정책으로 인해 내연기관차에서 전기차로 패러다임이 
037330,(주)인지디스플레이,비대상,유럽,"정도에 대한 기술 연결실체는 국제적으로 영업활동을 영위하고 있기 때문에 환위험, 특히 주로 미국 달러화 및 유럽 유로화와 관련된 환율변동 위험에 노출돼 있습니다. 환위험은 미래예상거래, 인식된 자산과 부채, 해외사업장에"
037330,(주)인지디스플레이,비대상,유럽," 노출정도에 대한 기술 당사는 국제적으로 영업활동을 영위하고 있기 때문에 환위험 특히 주로 미국 달러화 및 유럽 유로화와 관련된 환율변동 위험에 노출돼 있습니다. 환위험은 미래예상거래, 인식된 자산과 부채, 해외사업장에"
236200,(주)슈프리마,비대상,유럽,"78,231 아시아 23,315,273 18,048,185 아메리카 30,439,605 25,276,494 유럽 19,652,069 18,791,469 중동/아프리카 23,307,205 16,553,690 합 계 123"
236200,(주)슈프리마,비대상,유럽,"46,407 아시아 25,439,749 19,746,426 아메리카 33,316,063 27,179,836 유럽 27,962,366 23,673,405 중동/아프리카 24,022,723 16,685,662 합 계 137"
236200,(주)슈프리마,비대상,유럽,"카드 등 제품과 기술의 다변화, 해외현지 법인 설립을 통한 현지 직접 진출 전략 등으로 전략 지역인 북미 및유럽의 매출 증가하고 있으며, 글로벌 엔터프라이즈향 제품공급이 증가하고 있습니다. 국내 시장에서는 공공조달 시장"
123410,코리아에프티(주),2차 후보(확인 필요),기어박스," 소재(주물, 단조, 가공된 소재 등)를 납품하는 업체를 포함합니다. 대규모 부품기업은 자본집약적인 엔진, 변속기, 차축 등 1차 조립품을 대량 생산하고 중규모기업은 기능부품의 중간제품과 정밀기계가공품(주조, 단조, 기계"
123410,코리아에프티(주),2차 후보(확인 필요),기어박스," 산업 중 가장 낮은 진입장벽을 형성하고 있으며, ECU 등 핵심 전장품 및 파워트레인의 핵심부품인 엔진, 변속기, 제동장치, 공해방지장치 등의 제품은 기술력과 자본소요가 모두 높아 진입이 가장 어려운 것으로 평가되고있습"
123410,코리아에프티(주),2차 후보(확인 필요),유럽,장부품의 경우에는 특히 해외시장에서 해외 지역에서 독점 또는 과점형태를 보이고 있습니다. 현대/기아자동차의 유럽 해외공장의 경우에는 지역마다 대부분 한두 개의 의장 부품 회사가 독과점 형태로 진출해 있는 상황입니다. 설
123410,코리아에프티(주),2차 후보(확인 필요),유럽,"급하고 있으며, 7월에는 GM GLOBAL과 카본캐니스터 공급계약을 체결하여 2019년부터 국내, 중국 및 유럽 지역 등에 제품을 공급하고 있습니다. 최근 2017년 9월에는 차화가기차의 카본 캐니스터 공급업체로 선정("
123410,코리아에프티(주),2차 후보(확인 필요),유럽,"월 중국 충칭공장을 설립하였으며 2020년 9월에는 미국에 법인을 설립하였습니다. 이로 인해 당사는 미국, 유럽 및 아시아 지역에 글로벌 생산 기지를 확보하게 되어 글로벌 자동차 부품 업체로 성장할 수 있는 기틀을 마련"
128940,한미약품(주),비대상,유럽, 패스트트랙 지정 2023. 01 로수젯을 이용한 대규모 RACING 연구를 토대로 진행된 하위 분석 결과 유럽심장저널 게재 2022. 12 국내 최초 서방형 PPI 위염치료제 '에소메졸디알 10mg' 출시 2022. 
128940,한미약품(주),비대상,유럽,"7월호 등재 2022. 05 美 FDA, 한미약품 MKI (HM43239) 패스트트랙 지정 2022. 03 유럽 EMA, 한미약품 LAPS-Triple Agonist (HM15211) 희귀의약품 추가 지정 2021. 1"
128940,한미약품(주),비대상,유럽,",미국 FDA 패스트트랙 지정 (2020년), 미국 FDA 특발성 폐섬유증 희귀의약품 지정 (2021년), 유럽 EMA 원발경화성담관염 희귀의약품 지정 (2021년)유럽 EMA 원발담즙성담관염 희귀의약품 지정 (2022"
004540,깨끗한나라(주),비대상,유럽,"60기 제59기 국내 367,430 375,118 375,446 미주 14,201 26,213 17,104 유럽 및 아프리카 7,324 5,851 7,163 아시아 및 오세아니아 112,439 120,988 103,83"
004540,깨끗한나라(주),비대상,유럽,"1,138 222,196 (902,193) 지역에 대한 공시 당기 (단위 : 천원) 본사 소재지 국가 미주 유럽 및 아프리카 아시아 및 오세아니아 중국 지역 합계 수익(매출액) 367,429,545 14,200,976 "
004540,깨끗한나라(주),비대상,유럽,"112,439,680 6,807,377 508,201,415 전기 (단위 : 천원) 본사 소재지 국가 미주 유럽 및 아프리카 아시아 및 오세아니아 중국 지역 합계 수익(매출액) 375,118,026 26,212,893 "
